MasterTrialID,Scene,ComparisonType,RefFilename,RefPath,Vid1_Filename,Vid1_Metric,Vid1_Level,Vid1_Path,Vid2_Filename,Vid2_Metric,Vid2_Level,Vid2_Path
1,attic,INTRA-DISTORTION,attic_reference.mp4,/home/jv495/Datasets/GAIM240/attic_reference.mp4,attic_dlss_rr_level0.mp4,dlss_rr,level0,/home/jv495/Datasets/GAIM240/attic_dlss_rr_level0.mp4,attic_dlss_rr_level1.mp4,dlss_rr,level1,/home/jv495/Datasets/GAIM240/attic_dlss_rr_level1.mp4
2,attic,INTRA-DISTORTION,attic_reference.mp4,/home/jv495/Datasets/GAIM240/attic_reference.mp4,attic_dlss_rr_level0.mp4,dlss_rr,level0,/home/jv495/Datasets/GAIM240/attic_dlss_rr_level0.mp4,attic_dlss_rr_level2.mp4,dlss_rr,level2,/home/jv495/Datasets/GAIM240/attic_dlss_rr_level2.mp4
3,attic,INTER-DISTORTION,attic_reference.mp4,/home/jv495/Datasets/GAIM240/attic_reference.mp4,attic_dlss_rr_level0.mp4,dlss_rr,level0,/home/jv495/Datasets/GAIM240/attic_dlss_rr_level0.mp4,attic_judder_level0.mp4,judder,level0,/home/jv495/Datasets/GAIM240/attic_judder_level0.mp4
4,attic,INTER-DISTORTION,attic_reference.mp4,/home/jv495/Datasets/GAIM240/attic_reference.mp4,attic_dlss_rr_level0.mp4,dlss_rr,level0,/home/jv495/Datasets/GAIM240/attic_dlss_rr_level0.mp4,attic_judder_level1.mp4,judder,level1,/home/jv495/Datasets/GAIM240/attic_judder_level1.mp4
5,attic,INTER-DISTORTION,attic_reference.mp4,/home/jv495/Datasets/GAIM240/attic_reference.mp4,attic_dlss_rr_level0.mp4,dlss_rr,level0,/home/jv495/Datasets/GAIM240/attic_dlss_rr_level0.mp4,attic_judder_level2.mp4,judder,level2,/home/jv495/Datasets/GAIM240/attic_judder_level2.mp4
6,attic,INTER-DISTORTION,attic_reference.mp4,/home/jv495/Datasets/GAIM240/attic_reference.mp4,attic_dlss_rr_level0.mp4,dlss_rr,level0,/home/jv495/Datasets/GAIM240/attic_dlss_rr_level0.mp4,attic_motion_noise_level0.mp4,motion_noise,level0,/home/jv495/Datasets/GAIM240/attic_motion_noise_level0.mp4
7,attic,INTER-DISTORTION,attic_reference.mp4,/home/jv495/Datasets/GAIM240/attic_reference.mp4,attic_dlss_rr_level0.mp4,dlss_rr,level0,/home/jv495/Datasets/GAIM240/attic_dlss_rr_level0.mp4,attic_motion_noise_level1.mp4,motion_noise,level1,/home/jv495/Datasets/GAIM240/attic_motion_noise_level1.mp4
8,attic,INTER-DISTORTION,attic_reference.mp4,/home/jv495/Datasets/GAIM240/attic_reference.mp4,attic_dlss_rr_level0.mp4,dlss_rr,level0,/home/jv495/Datasets/GAIM240/attic_dlss_rr_level0.mp4,attic_motion_noise_level2.mp4,motion_noise,level2,/home/jv495/Datasets/GAIM240/attic_motion_noise_level2.mp4
9,attic,INTER-DISTORTION,attic_reference.mp4,/home/jv495/Datasets/GAIM240/attic_reference.mp4,attic_dlss_rr_level0.mp4,dlss_rr,level0,/home/jv495/Datasets/GAIM240/attic_dlss_rr_level0.mp4,attic_motion_resolution_level0.mp4,motion_resolution,level0,/home/jv495/Datasets/GAIM240/attic_motion_resolution_level0.mp4
10,attic,INTER-DISTORTION,attic_reference.mp4,/home/jv495/Datasets/GAIM240/attic_reference.mp4,attic_dlss_rr_level0.mp4,dlss_rr,level0,/home/jv495/Datasets/GAIM240/attic_dlss_rr_level0.mp4,attic_motion_resolution_level1.mp4,motion_resolution,level1,/home/jv495/Datasets/GAIM240/attic_motion_resolution_level1.mp4
11,attic,INTER-DISTORTION,attic_reference.mp4,/home/jv495/Datasets/GAIM240/attic_reference.mp4,attic_dlss_rr_level0.mp4,dlss_rr,level0,/home/jv495/Datasets/GAIM240/attic_dlss_rr_level0.mp4,attic_motion_resolution_level2.mp4,motion_resolution,level2,/home/jv495/Datasets/GAIM240/attic_motion_resolution_level2.mp4
12,attic,INTER-DISTORTION,attic_reference.mp4,/home/jv495/Datasets/GAIM240/attic_reference.mp4,attic_dlss_rr_level0.mp4,dlss_rr,level0,/home/jv495/Datasets/GAIM240/attic_dlss_rr_level0.mp4,attic_noise_colors_level0.mp4,noise_colors,level0,/home/jv495/Datasets/GAIM240/attic_noise_colors_level0.mp4
13,attic,INTER-DISTORTION,attic_reference.mp4,/home/jv495/Datasets/GAIM240/attic_reference.mp4,attic_dlss_rr_level0.mp4,dlss_rr,level0,/home/jv495/Datasets/GAIM240/attic_dlss_rr_level0.mp4,attic_noise_colors_level1.mp4,noise_colors,level1,/home/jv495/Datasets/GAIM240/attic_noise_colors_level1.mp4
14,attic,INTER-DISTORTION,attic_reference.mp4,/home/jv495/Datasets/GAIM240/attic_reference.mp4,attic_dlss_rr_level0.mp4,dlss_rr,level0,/home/jv495/Datasets/GAIM240/attic_dlss_rr_level0.mp4,attic_noise_colors_level2.mp4,noise_colors,level2,/home/jv495/Datasets/GAIM240/attic_noise_colors_level2.mp4
15,attic,INTER-DISTORTION,attic_reference.mp4,/home/jv495/Datasets/GAIM240/attic_reference.mp4,attic_dlss_rr_level0.mp4,dlss_rr,level0,/home/jv495/Datasets/GAIM240/attic_dlss_rr_level0.mp4,attic_restir_level0.mp4,restir,level0,/home/jv495/Datasets/GAIM240/attic_restir_level0.mp4
16,attic,INTER-DISTORTION,attic_reference.mp4,/home/jv495/Datasets/GAIM240/attic_reference.mp4,attic_dlss_rr_level0.mp4,dlss_rr,level0,/home/jv495/Datasets/GAIM240/attic_dlss_rr_level0.mp4,attic_restir_level1.mp4,restir,level1,/home/jv495/Datasets/GAIM240/attic_restir_level1.mp4
17,attic,INTER-DISTORTION,attic_reference.mp4,/home/jv495/Datasets/GAIM240/attic_reference.mp4,attic_dlss_rr_level0.mp4,dlss_rr,level0,/home/jv495/Datasets/GAIM240/attic_dlss_rr_level0.mp4,attic_restir_level2.mp4,restir,level2,/home/jv495/Datasets/GAIM240/attic_restir_level2.mp4
18,attic,INTER-DISTORTION,attic_reference.mp4,/home/jv495/Datasets/GAIM240/attic_reference.mp4,attic_dlss_rr_level0.mp4,dlss_rr,level0,/home/jv495/Datasets/GAIM240/attic_dlss_rr_level0.mp4,attic_stutter_level0.mp4,stutter,level0,/home/jv495/Datasets/GAIM240/attic_stutter_level0.mp4
19,attic,INTER-DISTORTION,attic_reference.mp4,/home/jv495/Datasets/GAIM240/attic_reference.mp4,attic_dlss_rr_level0.mp4,dlss_rr,level0,/home/jv495/Datasets/GAIM240/attic_dlss_rr_level0.mp4,attic_stutter_level1.mp4,stutter,level1,/home/jv495/Datasets/GAIM240/attic_stutter_level1.mp4
20,attic,INTER-DISTORTION,attic_reference.mp4,/home/jv495/Datasets/GAIM240/attic_reference.mp4,attic_dlss_rr_level0.mp4,dlss_rr,level0,/home/jv495/Datasets/GAIM240/attic_dlss_rr_level0.mp4,attic_stutter_level2.mp4,stutter,level2,/home/jv495/Datasets/GAIM240/attic_stutter_level2.mp4
21,attic,INTER-DISTORTION,attic_reference.mp4,/home/jv495/Datasets/GAIM240/attic_reference.mp4,attic_dlss_rr_level0.mp4,dlss_rr,level0,/home/jv495/Datasets/GAIM240/attic_dlss_rr_level0.mp4,attic_temporal-resolution-multiplexing_level0.mp4,temporal-resolution-multiplexing,level0,/home/jv495/Datasets/GAIM240/attic_temporal-resolution-multiplexing_level0.mp4
22,attic,INTER-DISTORTION,attic_reference.mp4,/home/jv495/Datasets/GAIM240/attic_reference.mp4,attic_dlss_rr_level0.mp4,dlss_rr,level0,/home/jv495/Datasets/GAIM240/attic_dlss_rr_level0.mp4,attic_temporal-resolution-multiplexing_level1.mp4,temporal-resolution-multiplexing,level1,/home/jv495/Datasets/GAIM240/attic_temporal-resolution-multiplexing_level1.mp4
23,attic,INTER-DISTORTION,attic_reference.mp4,/home/jv495/Datasets/GAIM240/attic_reference.mp4,attic_dlss_rr_level0.mp4,dlss_rr,level0,/home/jv495/Datasets/GAIM240/attic_dlss_rr_level0.mp4,attic_temporal-resolution-multiplexing_level2.mp4,temporal-resolution-multiplexing,level2,/home/jv495/Datasets/GAIM240/attic_temporal-resolution-multiplexing_level2.mp4
24,attic,INTRA-DISTORTION,attic_reference.mp4,/home/jv495/Datasets/GAIM240/attic_reference.mp4,attic_dlss_rr_level1.mp4,dlss_rr,level1,/home/jv495/Datasets/GAIM240/attic_dlss_rr_level1.mp4,attic_dlss_rr_level2.mp4,dlss_rr,level2,/home/jv495/Datasets/GAIM240/attic_dlss_rr_level2.mp4
25,attic,INTER-DISTORTION,attic_reference.mp4,/home/jv495/Datasets/GAIM240/attic_reference.mp4,attic_dlss_rr_level1.mp4,dlss_rr,level1,/home/jv495/Datasets/GAIM240/attic_dlss_rr_level1.mp4,attic_judder_level0.mp4,judder,level0,/home/jv495/Datasets/GAIM240/attic_judder_level0.mp4
26,attic,INTER-DISTORTION,attic_reference.mp4,/home/jv495/Datasets/GAIM240/attic_reference.mp4,attic_dlss_rr_level1.mp4,dlss_rr,level1,/home/jv495/Datasets/GAIM240/attic_dlss_rr_level1.mp4,attic_judder_level1.mp4,judder,level1,/home/jv495/Datasets/GAIM240/attic_judder_level1.mp4
27,attic,INTER-DISTORTION,attic_reference.mp4,/home/jv495/Datasets/GAIM240/attic_reference.mp4,attic_dlss_rr_level1.mp4,dlss_rr,level1,/home/jv495/Datasets/GAIM240/attic_dlss_rr_level1.mp4,attic_judder_level2.mp4,judder,level2,/home/jv495/Datasets/GAIM240/attic_judder_level2.mp4
28,attic,INTER-DISTORTION,attic_reference.mp4,/home/jv495/Datasets/GAIM240/attic_reference.mp4,attic_dlss_rr_level1.mp4,dlss_rr,level1,/home/jv495/Datasets/GAIM240/attic_dlss_rr_level1.mp4,attic_motion_noise_level0.mp4,motion_noise,level0,/home/jv495/Datasets/GAIM240/attic_motion_noise_level0.mp4
29,attic,INTER-DISTORTION,attic_reference.mp4,/home/jv495/Datasets/GAIM240/attic_reference.mp4,attic_dlss_rr_level1.mp4,dlss_rr,level1,/home/jv495/Datasets/GAIM240/attic_dlss_rr_level1.mp4,attic_motion_noise_level1.mp4,motion_noise,level1,/home/jv495/Datasets/GAIM240/attic_motion_noise_level1.mp4
30,attic,INTER-DISTORTION,attic_reference.mp4,/home/jv495/Datasets/GAIM240/attic_reference.mp4,attic_dlss_rr_level1.mp4,dlss_rr,level1,/home/jv495/Datasets/GAIM240/attic_dlss_rr_level1.mp4,attic_motion_noise_level2.mp4,motion_noise,level2,/home/jv495/Datasets/GAIM240/attic_motion_noise_level2.mp4
31,attic,INTER-DISTORTION,attic_reference.mp4,/home/jv495/Datasets/GAIM240/attic_reference.mp4,attic_dlss_rr_level1.mp4,dlss_rr,level1,/home/jv495/Datasets/GAIM240/attic_dlss_rr_level1.mp4,attic_motion_resolution_level0.mp4,motion_resolution,level0,/home/jv495/Datasets/GAIM240/attic_motion_resolution_level0.mp4
32,attic,INTER-DISTORTION,attic_reference.mp4,/home/jv495/Datasets/GAIM240/attic_reference.mp4,attic_dlss_rr_level1.mp4,dlss_rr,level1,/home/jv495/Datasets/GAIM240/attic_dlss_rr_level1.mp4,attic_motion_resolution_level1.mp4,motion_resolution,level1,/home/jv495/Datasets/GAIM240/attic_motion_resolution_level1.mp4
33,attic,INTER-DISTORTION,attic_reference.mp4,/home/jv495/Datasets/GAIM240/attic_reference.mp4,attic_dlss_rr_level1.mp4,dlss_rr,level1,/home/jv495/Datasets/GAIM240/attic_dlss_rr_level1.mp4,attic_motion_resolution_level2.mp4,motion_resolution,level2,/home/jv495/Datasets/GAIM240/attic_motion_resolution_level2.mp4
34,attic,INTER-DISTORTION,attic_reference.mp4,/home/jv495/Datasets/GAIM240/attic_reference.mp4,attic_dlss_rr_level1.mp4,dlss_rr,level1,/home/jv495/Datasets/GAIM240/attic_dlss_rr_level1.mp4,attic_noise_colors_level0.mp4,noise_colors,level0,/home/jv495/Datasets/GAIM240/attic_noise_colors_level0.mp4
35,attic,INTER-DISTORTION,attic_reference.mp4,/home/jv495/Datasets/GAIM240/attic_reference.mp4,attic_dlss_rr_level1.mp4,dlss_rr,level1,/home/jv495/Datasets/GAIM240/attic_dlss_rr_level1.mp4,attic_noise_colors_level1.mp4,noise_colors,level1,/home/jv495/Datasets/GAIM240/attic_noise_colors_level1.mp4
36,attic,INTER-DISTORTION,attic_reference.mp4,/home/jv495/Datasets/GAIM240/attic_reference.mp4,attic_dlss_rr_level1.mp4,dlss_rr,level1,/home/jv495/Datasets/GAIM240/attic_dlss_rr_level1.mp4,attic_noise_colors_level2.mp4,noise_colors,level2,/home/jv495/Datasets/GAIM240/attic_noise_colors_level2.mp4
37,attic,INTER-DISTORTION,attic_reference.mp4,/home/jv495/Datasets/GAIM240/attic_reference.mp4,attic_dlss_rr_level1.mp4,dlss_rr,level1,/home/jv495/Datasets/GAIM240/attic_dlss_rr_level1.mp4,attic_restir_level0.mp4,restir,level0,/home/jv495/Datasets/GAIM240/attic_restir_level0.mp4
38,attic,INTER-DISTORTION,attic_reference.mp4,/home/jv495/Datasets/GAIM240/attic_reference.mp4,attic_dlss_rr_level1.mp4,dlss_rr,level1,/home/jv495/Datasets/GAIM240/attic_dlss_rr_level1.mp4,attic_restir_level1.mp4,restir,level1,/home/jv495/Datasets/GAIM240/attic_restir_level1.mp4
39,attic,INTER-DISTORTION,attic_reference.mp4,/home/jv495/Datasets/GAIM240/attic_reference.mp4,attic_dlss_rr_level1.mp4,dlss_rr,level1,/home/jv495/Datasets/GAIM240/attic_dlss_rr_level1.mp4,attic_restir_level2.mp4,restir,level2,/home/jv495/Datasets/GAIM240/attic_restir_level2.mp4
40,attic,INTER-DISTORTION,attic_reference.mp4,/home/jv495/Datasets/GAIM240/attic_reference.mp4,attic_dlss_rr_level1.mp4,dlss_rr,level1,/home/jv495/Datasets/GAIM240/attic_dlss_rr_level1.mp4,attic_stutter_level0.mp4,stutter,level0,/home/jv495/Datasets/GAIM240/attic_stutter_level0.mp4
41,attic,INTER-DISTORTION,attic_reference.mp4,/home/jv495/Datasets/GAIM240/attic_reference.mp4,attic_dlss_rr_level1.mp4,dlss_rr,level1,/home/jv495/Datasets/GAIM240/attic_dlss_rr_level1.mp4,attic_stutter_level1.mp4,stutter,level1,/home/jv495/Datasets/GAIM240/attic_stutter_level1.mp4
42,attic,INTER-DISTORTION,attic_reference.mp4,/home/jv495/Datasets/GAIM240/attic_reference.mp4,attic_dlss_rr_level1.mp4,dlss_rr,level1,/home/jv495/Datasets/GAIM240/attic_dlss_rr_level1.mp4,attic_stutter_level2.mp4,stutter,level2,/home/jv495/Datasets/GAIM240/attic_stutter_level2.mp4
43,attic,INTER-DISTORTION,attic_reference.mp4,/home/jv495/Datasets/GAIM240/attic_reference.mp4,attic_dlss_rr_level1.mp4,dlss_rr,level1,/home/jv495/Datasets/GAIM240/attic_dlss_rr_level1.mp4,attic_temporal-resolution-multiplexing_level0.mp4,temporal-resolution-multiplexing,level0,/home/jv495/Datasets/GAIM240/attic_temporal-resolution-multiplexing_level0.mp4
44,attic,INTER-DISTORTION,attic_reference.mp4,/home/jv495/Datasets/GAIM240/attic_reference.mp4,attic_dlss_rr_level1.mp4,dlss_rr,level1,/home/jv495/Datasets/GAIM240/attic_dlss_rr_level1.mp4,attic_temporal-resolution-multiplexing_level1.mp4,temporal-resolution-multiplexing,level1,/home/jv495/Datasets/GAIM240/attic_temporal-resolution-multiplexing_level1.mp4
45,attic,INTER-DISTORTION,attic_reference.mp4,/home/jv495/Datasets/GAIM240/attic_reference.mp4,attic_dlss_rr_level1.mp4,dlss_rr,level1,/home/jv495/Datasets/GAIM240/attic_dlss_rr_level1.mp4,attic_temporal-resolution-multiplexing_level2.mp4,temporal-resolution-multiplexing,level2,/home/jv495/Datasets/GAIM240/attic_temporal-resolution-multiplexing_level2.mp4
46,attic,INTER-DISTORTION,attic_reference.mp4,/home/jv495/Datasets/GAIM240/attic_reference.mp4,attic_dlss_rr_level2.mp4,dlss_rr,level2,/home/jv495/Datasets/GAIM240/attic_dlss_rr_level2.mp4,attic_judder_level0.mp4,judder,level0,/home/jv495/Datasets/GAIM240/attic_judder_level0.mp4
47,attic,INTER-DISTORTION,attic_reference.mp4,/home/jv495/Datasets/GAIM240/attic_reference.mp4,attic_dlss_rr_level2.mp4,dlss_rr,level2,/home/jv495/Datasets/GAIM240/attic_dlss_rr_level2.mp4,attic_judder_level1.mp4,judder,level1,/home/jv495/Datasets/GAIM240/attic_judder_level1.mp4
48,attic,INTER-DISTORTION,attic_reference.mp4,/home/jv495/Datasets/GAIM240/attic_reference.mp4,attic_dlss_rr_level2.mp4,dlss_rr,level2,/home/jv495/Datasets/GAIM240/attic_dlss_rr_level2.mp4,attic_judder_level2.mp4,judder,level2,/home/jv495/Datasets/GAIM240/attic_judder_level2.mp4
49,attic,INTER-DISTORTION,attic_reference.mp4,/home/jv495/Datasets/GAIM240/attic_reference.mp4,attic_dlss_rr_level2.mp4,dlss_rr,level2,/home/jv495/Datasets/GAIM240/attic_dlss_rr_level2.mp4,attic_motion_noise_level0.mp4,motion_noise,level0,/home/jv495/Datasets/GAIM240/attic_motion_noise_level0.mp4
50,attic,INTER-DISTORTION,attic_reference.mp4,/home/jv495/Datasets/GAIM240/attic_reference.mp4,attic_dlss_rr_level2.mp4,dlss_rr,level2,/home/jv495/Datasets/GAIM240/attic_dlss_rr_level2.mp4,attic_motion_noise_level1.mp4,motion_noise,level1,/home/jv495/Datasets/GAIM240/attic_motion_noise_level1.mp4
51,attic,INTER-DISTORTION,attic_reference.mp4,/home/jv495/Datasets/GAIM240/attic_reference.mp4,attic_dlss_rr_level2.mp4,dlss_rr,level2,/home/jv495/Datasets/GAIM240/attic_dlss_rr_level2.mp4,attic_motion_noise_level2.mp4,motion_noise,level2,/home/jv495/Datasets/GAIM240/attic_motion_noise_level2.mp4
52,attic,INTER-DISTORTION,attic_reference.mp4,/home/jv495/Datasets/GAIM240/attic_reference.mp4,attic_dlss_rr_level2.mp4,dlss_rr,level2,/home/jv495/Datasets/GAIM240/attic_dlss_rr_level2.mp4,attic_motion_resolution_level0.mp4,motion_resolution,level0,/home/jv495/Datasets/GAIM240/attic_motion_resolution_level0.mp4
53,attic,INTER-DISTORTION,attic_reference.mp4,/home/jv495/Datasets/GAIM240/attic_reference.mp4,attic_dlss_rr_level2.mp4,dlss_rr,level2,/home/jv495/Datasets/GAIM240/attic_dlss_rr_level2.mp4,attic_motion_resolution_level1.mp4,motion_resolution,level1,/home/jv495/Datasets/GAIM240/attic_motion_resolution_level1.mp4
54,attic,INTER-DISTORTION,attic_reference.mp4,/home/jv495/Datasets/GAIM240/attic_reference.mp4,attic_dlss_rr_level2.mp4,dlss_rr,level2,/home/jv495/Datasets/GAIM240/attic_dlss_rr_level2.mp4,attic_motion_resolution_level2.mp4,motion_resolution,level2,/home/jv495/Datasets/GAIM240/attic_motion_resolution_level2.mp4
55,attic,INTER-DISTORTION,attic_reference.mp4,/home/jv495/Datasets/GAIM240/attic_reference.mp4,attic_dlss_rr_level2.mp4,dlss_rr,level2,/home/jv495/Datasets/GAIM240/attic_dlss_rr_level2.mp4,attic_noise_colors_level0.mp4,noise_colors,level0,/home/jv495/Datasets/GAIM240/attic_noise_colors_level0.mp4
56,attic,INTER-DISTORTION,attic_reference.mp4,/home/jv495/Datasets/GAIM240/attic_reference.mp4,attic_dlss_rr_level2.mp4,dlss_rr,level2,/home/jv495/Datasets/GAIM240/attic_dlss_rr_level2.mp4,attic_noise_colors_level1.mp4,noise_colors,level1,/home/jv495/Datasets/GAIM240/attic_noise_colors_level1.mp4
57,attic,INTER-DISTORTION,attic_reference.mp4,/home/jv495/Datasets/GAIM240/attic_reference.mp4,attic_dlss_rr_level2.mp4,dlss_rr,level2,/home/jv495/Datasets/GAIM240/attic_dlss_rr_level2.mp4,attic_noise_colors_level2.mp4,noise_colors,level2,/home/jv495/Datasets/GAIM240/attic_noise_colors_level2.mp4
58,attic,INTER-DISTORTION,attic_reference.mp4,/home/jv495/Datasets/GAIM240/attic_reference.mp4,attic_dlss_rr_level2.mp4,dlss_rr,level2,/home/jv495/Datasets/GAIM240/attic_dlss_rr_level2.mp4,attic_restir_level0.mp4,restir,level0,/home/jv495/Datasets/GAIM240/attic_restir_level0.mp4
59,attic,INTER-DISTORTION,attic_reference.mp4,/home/jv495/Datasets/GAIM240/attic_reference.mp4,attic_dlss_rr_level2.mp4,dlss_rr,level2,/home/jv495/Datasets/GAIM240/attic_dlss_rr_level2.mp4,attic_restir_level1.mp4,restir,level1,/home/jv495/Datasets/GAIM240/attic_restir_level1.mp4
60,attic,INTER-DISTORTION,attic_reference.mp4,/home/jv495/Datasets/GAIM240/attic_reference.mp4,attic_dlss_rr_level2.mp4,dlss_rr,level2,/home/jv495/Datasets/GAIM240/attic_dlss_rr_level2.mp4,attic_restir_level2.mp4,restir,level2,/home/jv495/Datasets/GAIM240/attic_restir_level2.mp4
61,attic,INTER-DISTORTION,attic_reference.mp4,/home/jv495/Datasets/GAIM240/attic_reference.mp4,attic_dlss_rr_level2.mp4,dlss_rr,level2,/home/jv495/Datasets/GAIM240/attic_dlss_rr_level2.mp4,attic_stutter_level0.mp4,stutter,level0,/home/jv495/Datasets/GAIM240/attic_stutter_level0.mp4
62,attic,INTER-DISTORTION,attic_reference.mp4,/home/jv495/Datasets/GAIM240/attic_reference.mp4,attic_dlss_rr_level2.mp4,dlss_rr,level2,/home/jv495/Datasets/GAIM240/attic_dlss_rr_level2.mp4,attic_stutter_level1.mp4,stutter,level1,/home/jv495/Datasets/GAIM240/attic_stutter_level1.mp4
63,attic,INTER-DISTORTION,attic_reference.mp4,/home/jv495/Datasets/GAIM240/attic_reference.mp4,attic_dlss_rr_level2.mp4,dlss_rr,level2,/home/jv495/Datasets/GAIM240/attic_dlss_rr_level2.mp4,attic_stutter_level2.mp4,stutter,level2,/home/jv495/Datasets/GAIM240/attic_stutter_level2.mp4
64,attic,INTER-DISTORTION,attic_reference.mp4,/home/jv495/Datasets/GAIM240/attic_reference.mp4,attic_dlss_rr_level2.mp4,dlss_rr,level2,/home/jv495/Datasets/GAIM240/attic_dlss_rr_level2.mp4,attic_temporal-resolution-multiplexing_level0.mp4,temporal-resolution-multiplexing,level0,/home/jv495/Datasets/GAIM240/attic_temporal-resolution-multiplexing_level0.mp4
65,attic,INTER-DISTORTION,attic_reference.mp4,/home/jv495/Datasets/GAIM240/attic_reference.mp4,attic_dlss_rr_level2.mp4,dlss_rr,level2,/home/jv495/Datasets/GAIM240/attic_dlss_rr_level2.mp4,attic_temporal-resolution-multiplexing_level1.mp4,temporal-resolution-multiplexing,level1,/home/jv495/Datasets/GAIM240/attic_temporal-resolution-multiplexing_level1.mp4
66,attic,INTER-DISTORTION,attic_reference.mp4,/home/jv495/Datasets/GAIM240/attic_reference.mp4,attic_dlss_rr_level2.mp4,dlss_rr,level2,/home/jv495/Datasets/GAIM240/attic_dlss_rr_level2.mp4,attic_temporal-resolution-multiplexing_level2.mp4,temporal-resolution-multiplexing,level2,/home/jv495/Datasets/GAIM240/attic_temporal-resolution-multiplexing_level2.mp4
67,attic,INTRA-DISTORTION,attic_reference.mp4,/home/jv495/Datasets/GAIM240/attic_reference.mp4,attic_judder_level0.mp4,judder,level0,/home/jv495/Datasets/GAIM240/attic_judder_level0.mp4,attic_judder_level1.mp4,judder,level1,/home/jv495/Datasets/GAIM240/attic_judder_level1.mp4
68,attic,INTRA-DISTORTION,attic_reference.mp4,/home/jv495/Datasets/GAIM240/attic_reference.mp4,attic_judder_level0.mp4,judder,level0,/home/jv495/Datasets/GAIM240/attic_judder_level0.mp4,attic_judder_level2.mp4,judder,level2,/home/jv495/Datasets/GAIM240/attic_judder_level2.mp4
69,attic,INTER-DISTORTION,attic_reference.mp4,/home/jv495/Datasets/GAIM240/attic_reference.mp4,attic_judder_level0.mp4,judder,level0,/home/jv495/Datasets/GAIM240/attic_judder_level0.mp4,attic_motion_noise_level0.mp4,motion_noise,level0,/home/jv495/Datasets/GAIM240/attic_motion_noise_level0.mp4
70,attic,INTER-DISTORTION,attic_reference.mp4,/home/jv495/Datasets/GAIM240/attic_reference.mp4,attic_judder_level0.mp4,judder,level0,/home/jv495/Datasets/GAIM240/attic_judder_level0.mp4,attic_motion_noise_level1.mp4,motion_noise,level1,/home/jv495/Datasets/GAIM240/attic_motion_noise_level1.mp4
71,attic,INTER-DISTORTION,attic_reference.mp4,/home/jv495/Datasets/GAIM240/attic_reference.mp4,attic_judder_level0.mp4,judder,level0,/home/jv495/Datasets/GAIM240/attic_judder_level0.mp4,attic_motion_noise_level2.mp4,motion_noise,level2,/home/jv495/Datasets/GAIM240/attic_motion_noise_level2.mp4
72,attic,INTER-DISTORTION,attic_reference.mp4,/home/jv495/Datasets/GAIM240/attic_reference.mp4,attic_judder_level0.mp4,judder,level0,/home/jv495/Datasets/GAIM240/attic_judder_level0.mp4,attic_motion_resolution_level0.mp4,motion_resolution,level0,/home/jv495/Datasets/GAIM240/attic_motion_resolution_level0.mp4
73,attic,INTER-DISTORTION,attic_reference.mp4,/home/jv495/Datasets/GAIM240/attic_reference.mp4,attic_judder_level0.mp4,judder,level0,/home/jv495/Datasets/GAIM240/attic_judder_level0.mp4,attic_motion_resolution_level1.mp4,motion_resolution,level1,/home/jv495/Datasets/GAIM240/attic_motion_resolution_level1.mp4
74,attic,INTER-DISTORTION,attic_reference.mp4,/home/jv495/Datasets/GAIM240/attic_reference.mp4,attic_judder_level0.mp4,judder,level0,/home/jv495/Datasets/GAIM240/attic_judder_level0.mp4,attic_motion_resolution_level2.mp4,motion_resolution,level2,/home/jv495/Datasets/GAIM240/attic_motion_resolution_level2.mp4
75,attic,INTER-DISTORTION,attic_reference.mp4,/home/jv495/Datasets/GAIM240/attic_reference.mp4,attic_judder_level0.mp4,judder,level0,/home/jv495/Datasets/GAIM240/attic_judder_level0.mp4,attic_noise_colors_level0.mp4,noise_colors,level0,/home/jv495/Datasets/GAIM240/attic_noise_colors_level0.mp4
76,attic,INTER-DISTORTION,attic_reference.mp4,/home/jv495/Datasets/GAIM240/attic_reference.mp4,attic_judder_level0.mp4,judder,level0,/home/jv495/Datasets/GAIM240/attic_judder_level0.mp4,attic_noise_colors_level1.mp4,noise_colors,level1,/home/jv495/Datasets/GAIM240/attic_noise_colors_level1.mp4
77,attic,INTER-DISTORTION,attic_reference.mp4,/home/jv495/Datasets/GAIM240/attic_reference.mp4,attic_judder_level0.mp4,judder,level0,/home/jv495/Datasets/GAIM240/attic_judder_level0.mp4,attic_noise_colors_level2.mp4,noise_colors,level2,/home/jv495/Datasets/GAIM240/attic_noise_colors_level2.mp4
78,attic,INTER-DISTORTION,attic_reference.mp4,/home/jv495/Datasets/GAIM240/attic_reference.mp4,attic_judder_level0.mp4,judder,level0,/home/jv495/Datasets/GAIM240/attic_judder_level0.mp4,attic_restir_level0.mp4,restir,level0,/home/jv495/Datasets/GAIM240/attic_restir_level0.mp4
79,attic,INTER-DISTORTION,attic_reference.mp4,/home/jv495/Datasets/GAIM240/attic_reference.mp4,attic_judder_level0.mp4,judder,level0,/home/jv495/Datasets/GAIM240/attic_judder_level0.mp4,attic_restir_level1.mp4,restir,level1,/home/jv495/Datasets/GAIM240/attic_restir_level1.mp4
80,attic,INTER-DISTORTION,attic_reference.mp4,/home/jv495/Datasets/GAIM240/attic_reference.mp4,attic_judder_level0.mp4,judder,level0,/home/jv495/Datasets/GAIM240/attic_judder_level0.mp4,attic_restir_level2.mp4,restir,level2,/home/jv495/Datasets/GAIM240/attic_restir_level2.mp4
81,attic,INTER-DISTORTION,attic_reference.mp4,/home/jv495/Datasets/GAIM240/attic_reference.mp4,attic_judder_level0.mp4,judder,level0,/home/jv495/Datasets/GAIM240/attic_judder_level0.mp4,attic_stutter_level0.mp4,stutter,level0,/home/jv495/Datasets/GAIM240/attic_stutter_level0.mp4
82,attic,INTER-DISTORTION,attic_reference.mp4,/home/jv495/Datasets/GAIM240/attic_reference.mp4,attic_judder_level0.mp4,judder,level0,/home/jv495/Datasets/GAIM240/attic_judder_level0.mp4,attic_stutter_level1.mp4,stutter,level1,/home/jv495/Datasets/GAIM240/attic_stutter_level1.mp4
83,attic,INTER-DISTORTION,attic_reference.mp4,/home/jv495/Datasets/GAIM240/attic_reference.mp4,attic_judder_level0.mp4,judder,level0,/home/jv495/Datasets/GAIM240/attic_judder_level0.mp4,attic_stutter_level2.mp4,stutter,level2,/home/jv495/Datasets/GAIM240/attic_stutter_level2.mp4
84,attic,INTER-DISTORTION,attic_reference.mp4,/home/jv495/Datasets/GAIM240/attic_reference.mp4,attic_judder_level0.mp4,judder,level0,/home/jv495/Datasets/GAIM240/attic_judder_level0.mp4,attic_temporal-resolution-multiplexing_level0.mp4,temporal-resolution-multiplexing,level0,/home/jv495/Datasets/GAIM240/attic_temporal-resolution-multiplexing_level0.mp4
85,attic,INTER-DISTORTION,attic_reference.mp4,/home/jv495/Datasets/GAIM240/attic_reference.mp4,attic_judder_level0.mp4,judder,level0,/home/jv495/Datasets/GAIM240/attic_judder_level0.mp4,attic_temporal-resolution-multiplexing_level1.mp4,temporal-resolution-multiplexing,level1,/home/jv495/Datasets/GAIM240/attic_temporal-resolution-multiplexing_level1.mp4
86,attic,INTER-DISTORTION,attic_reference.mp4,/home/jv495/Datasets/GAIM240/attic_reference.mp4,attic_judder_level0.mp4,judder,level0,/home/jv495/Datasets/GAIM240/attic_judder_level0.mp4,attic_temporal-resolution-multiplexing_level2.mp4,temporal-resolution-multiplexing,level2,/home/jv495/Datasets/GAIM240/attic_temporal-resolution-multiplexing_level2.mp4
87,attic,INTRA-DISTORTION,attic_reference.mp4,/home/jv495/Datasets/GAIM240/attic_reference.mp4,attic_judder_level1.mp4,judder,level1,/home/jv495/Datasets/GAIM240/attic_judder_level1.mp4,attic_judder_level2.mp4,judder,level2,/home/jv495/Datasets/GAIM240/attic_judder_level2.mp4
88,attic,INTER-DISTORTION,attic_reference.mp4,/home/jv495/Datasets/GAIM240/attic_reference.mp4,attic_judder_level1.mp4,judder,level1,/home/jv495/Datasets/GAIM240/attic_judder_level1.mp4,attic_motion_noise_level0.mp4,motion_noise,level0,/home/jv495/Datasets/GAIM240/attic_motion_noise_level0.mp4
89,attic,INTER-DISTORTION,attic_reference.mp4,/home/jv495/Datasets/GAIM240/attic_reference.mp4,attic_judder_level1.mp4,judder,level1,/home/jv495/Datasets/GAIM240/attic_judder_level1.mp4,attic_motion_noise_level1.mp4,motion_noise,level1,/home/jv495/Datasets/GAIM240/attic_motion_noise_level1.mp4
90,attic,INTER-DISTORTION,attic_reference.mp4,/home/jv495/Datasets/GAIM240/attic_reference.mp4,attic_judder_level1.mp4,judder,level1,/home/jv495/Datasets/GAIM240/attic_judder_level1.mp4,attic_motion_noise_level2.mp4,motion_noise,level2,/home/jv495/Datasets/GAIM240/attic_motion_noise_level2.mp4
91,attic,INTER-DISTORTION,attic_reference.mp4,/home/jv495/Datasets/GAIM240/attic_reference.mp4,attic_judder_level1.mp4,judder,level1,/home/jv495/Datasets/GAIM240/attic_judder_level1.mp4,attic_motion_resolution_level0.mp4,motion_resolution,level0,/home/jv495/Datasets/GAIM240/attic_motion_resolution_level0.mp4
92,attic,INTER-DISTORTION,attic_reference.mp4,/home/jv495/Datasets/GAIM240/attic_reference.mp4,attic_judder_level1.mp4,judder,level1,/home/jv495/Datasets/GAIM240/attic_judder_level1.mp4,attic_motion_resolution_level1.mp4,motion_resolution,level1,/home/jv495/Datasets/GAIM240/attic_motion_resolution_level1.mp4
93,attic,INTER-DISTORTION,attic_reference.mp4,/home/jv495/Datasets/GAIM240/attic_reference.mp4,attic_judder_level1.mp4,judder,level1,/home/jv495/Datasets/GAIM240/attic_judder_level1.mp4,attic_motion_resolution_level2.mp4,motion_resolution,level2,/home/jv495/Datasets/GAIM240/attic_motion_resolution_level2.mp4
94,attic,INTER-DISTORTION,attic_reference.mp4,/home/jv495/Datasets/GAIM240/attic_reference.mp4,attic_judder_level1.mp4,judder,level1,/home/jv495/Datasets/GAIM240/attic_judder_level1.mp4,attic_noise_colors_level0.mp4,noise_colors,level0,/home/jv495/Datasets/GAIM240/attic_noise_colors_level0.mp4
95,attic,INTER-DISTORTION,attic_reference.mp4,/home/jv495/Datasets/GAIM240/attic_reference.mp4,attic_judder_level1.mp4,judder,level1,/home/jv495/Datasets/GAIM240/attic_judder_level1.mp4,attic_noise_colors_level1.mp4,noise_colors,level1,/home/jv495/Datasets/GAIM240/attic_noise_colors_level1.mp4
96,attic,INTER-DISTORTION,attic_reference.mp4,/home/jv495/Datasets/GAIM240/attic_reference.mp4,attic_judder_level1.mp4,judder,level1,/home/jv495/Datasets/GAIM240/attic_judder_level1.mp4,attic_noise_colors_level2.mp4,noise_colors,level2,/home/jv495/Datasets/GAIM240/attic_noise_colors_level2.mp4
97,attic,INTER-DISTORTION,attic_reference.mp4,/home/jv495/Datasets/GAIM240/attic_reference.mp4,attic_judder_level1.mp4,judder,level1,/home/jv495/Datasets/GAIM240/attic_judder_level1.mp4,attic_restir_level0.mp4,restir,level0,/home/jv495/Datasets/GAIM240/attic_restir_level0.mp4
98,attic,INTER-DISTORTION,attic_reference.mp4,/home/jv495/Datasets/GAIM240/attic_reference.mp4,attic_judder_level1.mp4,judder,level1,/home/jv495/Datasets/GAIM240/attic_judder_level1.mp4,attic_restir_level1.mp4,restir,level1,/home/jv495/Datasets/GAIM240/attic_restir_level1.mp4
99,attic,INTER-DISTORTION,attic_reference.mp4,/home/jv495/Datasets/GAIM240/attic_reference.mp4,attic_judder_level1.mp4,judder,level1,/home/jv495/Datasets/GAIM240/attic_judder_level1.mp4,attic_restir_level2.mp4,restir,level2,/home/jv495/Datasets/GAIM240/attic_restir_level2.mp4
100,attic,INTER-DISTORTION,attic_reference.mp4,/home/jv495/Datasets/GAIM240/attic_reference.mp4,attic_judder_level1.mp4,judder,level1,/home/jv495/Datasets/GAIM240/attic_judder_level1.mp4,attic_stutter_level0.mp4,stutter,level0,/home/jv495/Datasets/GAIM240/attic_stutter_level0.mp4
101,attic,INTER-DISTORTION,attic_reference.mp4,/home/jv495/Datasets/GAIM240/attic_reference.mp4,attic_judder_level1.mp4,judder,level1,/home/jv495/Datasets/GAIM240/attic_judder_level1.mp4,attic_stutter_level1.mp4,stutter,level1,/home/jv495/Datasets/GAIM240/attic_stutter_level1.mp4
102,attic,INTER-DISTORTION,attic_reference.mp4,/home/jv495/Datasets/GAIM240/attic_reference.mp4,attic_judder_level1.mp4,judder,level1,/home/jv495/Datasets/GAIM240/attic_judder_level1.mp4,attic_stutter_level2.mp4,stutter,level2,/home/jv495/Datasets/GAIM240/attic_stutter_level2.mp4
103,attic,INTER-DISTORTION,attic_reference.mp4,/home/jv495/Datasets/GAIM240/attic_reference.mp4,attic_judder_level1.mp4,judder,level1,/home/jv495/Datasets/GAIM240/attic_judder_level1.mp4,attic_temporal-resolution-multiplexing_level0.mp4,temporal-resolution-multiplexing,level0,/home/jv495/Datasets/GAIM240/attic_temporal-resolution-multiplexing_level0.mp4
104,attic,INTER-DISTORTION,attic_reference.mp4,/home/jv495/Datasets/GAIM240/attic_reference.mp4,attic_judder_level1.mp4,judder,level1,/home/jv495/Datasets/GAIM240/attic_judder_level1.mp4,attic_temporal-resolution-multiplexing_level1.mp4,temporal-resolution-multiplexing,level1,/home/jv495/Datasets/GAIM240/attic_temporal-resolution-multiplexing_level1.mp4
105,attic,INTER-DISTORTION,attic_reference.mp4,/home/jv495/Datasets/GAIM240/attic_reference.mp4,attic_judder_level1.mp4,judder,level1,/home/jv495/Datasets/GAIM240/attic_judder_level1.mp4,attic_temporal-resolution-multiplexing_level2.mp4,temporal-resolution-multiplexing,level2,/home/jv495/Datasets/GAIM240/attic_temporal-resolution-multiplexing_level2.mp4
106,attic,INTER-DISTORTION,attic_reference.mp4,/home/jv495/Datasets/GAIM240/attic_reference.mp4,attic_judder_level2.mp4,judder,level2,/home/jv495/Datasets/GAIM240/attic_judder_level2.mp4,attic_motion_noise_level0.mp4,motion_noise,level0,/home/jv495/Datasets/GAIM240/attic_motion_noise_level0.mp4
107,attic,INTER-DISTORTION,attic_reference.mp4,/home/jv495/Datasets/GAIM240/attic_reference.mp4,attic_judder_level2.mp4,judder,level2,/home/jv495/Datasets/GAIM240/attic_judder_level2.mp4,attic_motion_noise_level1.mp4,motion_noise,level1,/home/jv495/Datasets/GAIM240/attic_motion_noise_level1.mp4
108,attic,INTER-DISTORTION,attic_reference.mp4,/home/jv495/Datasets/GAIM240/attic_reference.mp4,attic_judder_level2.mp4,judder,level2,/home/jv495/Datasets/GAIM240/attic_judder_level2.mp4,attic_motion_noise_level2.mp4,motion_noise,level2,/home/jv495/Datasets/GAIM240/attic_motion_noise_level2.mp4
109,attic,INTER-DISTORTION,attic_reference.mp4,/home/jv495/Datasets/GAIM240/attic_reference.mp4,attic_judder_level2.mp4,judder,level2,/home/jv495/Datasets/GAIM240/attic_judder_level2.mp4,attic_motion_resolution_level0.mp4,motion_resolution,level0,/home/jv495/Datasets/GAIM240/attic_motion_resolution_level0.mp4
110,attic,INTER-DISTORTION,attic_reference.mp4,/home/jv495/Datasets/GAIM240/attic_reference.mp4,attic_judder_level2.mp4,judder,level2,/home/jv495/Datasets/GAIM240/attic_judder_level2.mp4,attic_motion_resolution_level1.mp4,motion_resolution,level1,/home/jv495/Datasets/GAIM240/attic_motion_resolution_level1.mp4
111,attic,INTER-DISTORTION,attic_reference.mp4,/home/jv495/Datasets/GAIM240/attic_reference.mp4,attic_judder_level2.mp4,judder,level2,/home/jv495/Datasets/GAIM240/attic_judder_level2.mp4,attic_motion_resolution_level2.mp4,motion_resolution,level2,/home/jv495/Datasets/GAIM240/attic_motion_resolution_level2.mp4
112,attic,INTER-DISTORTION,attic_reference.mp4,/home/jv495/Datasets/GAIM240/attic_reference.mp4,attic_judder_level2.mp4,judder,level2,/home/jv495/Datasets/GAIM240/attic_judder_level2.mp4,attic_noise_colors_level0.mp4,noise_colors,level0,/home/jv495/Datasets/GAIM240/attic_noise_colors_level0.mp4
113,attic,INTER-DISTORTION,attic_reference.mp4,/home/jv495/Datasets/GAIM240/attic_reference.mp4,attic_judder_level2.mp4,judder,level2,/home/jv495/Datasets/GAIM240/attic_judder_level2.mp4,attic_noise_colors_level1.mp4,noise_colors,level1,/home/jv495/Datasets/GAIM240/attic_noise_colors_level1.mp4
114,attic,INTER-DISTORTION,attic_reference.mp4,/home/jv495/Datasets/GAIM240/attic_reference.mp4,attic_judder_level2.mp4,judder,level2,/home/jv495/Datasets/GAIM240/attic_judder_level2.mp4,attic_noise_colors_level2.mp4,noise_colors,level2,/home/jv495/Datasets/GAIM240/attic_noise_colors_level2.mp4
115,attic,INTER-DISTORTION,attic_reference.mp4,/home/jv495/Datasets/GAIM240/attic_reference.mp4,attic_judder_level2.mp4,judder,level2,/home/jv495/Datasets/GAIM240/attic_judder_level2.mp4,attic_restir_level0.mp4,restir,level0,/home/jv495/Datasets/GAIM240/attic_restir_level0.mp4
116,attic,INTER-DISTORTION,attic_reference.mp4,/home/jv495/Datasets/GAIM240/attic_reference.mp4,attic_judder_level2.mp4,judder,level2,/home/jv495/Datasets/GAIM240/attic_judder_level2.mp4,attic_restir_level1.mp4,restir,level1,/home/jv495/Datasets/GAIM240/attic_restir_level1.mp4
117,attic,INTER-DISTORTION,attic_reference.mp4,/home/jv495/Datasets/GAIM240/attic_reference.mp4,attic_judder_level2.mp4,judder,level2,/home/jv495/Datasets/GAIM240/attic_judder_level2.mp4,attic_restir_level2.mp4,restir,level2,/home/jv495/Datasets/GAIM240/attic_restir_level2.mp4
118,attic,INTER-DISTORTION,attic_reference.mp4,/home/jv495/Datasets/GAIM240/attic_reference.mp4,attic_judder_level2.mp4,judder,level2,/home/jv495/Datasets/GAIM240/attic_judder_level2.mp4,attic_stutter_level0.mp4,stutter,level0,/home/jv495/Datasets/GAIM240/attic_stutter_level0.mp4
119,attic,INTER-DISTORTION,attic_reference.mp4,/home/jv495/Datasets/GAIM240/attic_reference.mp4,attic_judder_level2.mp4,judder,level2,/home/jv495/Datasets/GAIM240/attic_judder_level2.mp4,attic_stutter_level1.mp4,stutter,level1,/home/jv495/Datasets/GAIM240/attic_stutter_level1.mp4
120,attic,INTER-DISTORTION,attic_reference.mp4,/home/jv495/Datasets/GAIM240/attic_reference.mp4,attic_judder_level2.mp4,judder,level2,/home/jv495/Datasets/GAIM240/attic_judder_level2.mp4,attic_stutter_level2.mp4,stutter,level2,/home/jv495/Datasets/GAIM240/attic_stutter_level2.mp4
121,attic,INTER-DISTORTION,attic_reference.mp4,/home/jv495/Datasets/GAIM240/attic_reference.mp4,attic_judder_level2.mp4,judder,level2,/home/jv495/Datasets/GAIM240/attic_judder_level2.mp4,attic_temporal-resolution-multiplexing_level0.mp4,temporal-resolution-multiplexing,level0,/home/jv495/Datasets/GAIM240/attic_temporal-resolution-multiplexing_level0.mp4
122,attic,INTER-DISTORTION,attic_reference.mp4,/home/jv495/Datasets/GAIM240/attic_reference.mp4,attic_judder_level2.mp4,judder,level2,/home/jv495/Datasets/GAIM240/attic_judder_level2.mp4,attic_temporal-resolution-multiplexing_level1.mp4,temporal-resolution-multiplexing,level1,/home/jv495/Datasets/GAIM240/attic_temporal-resolution-multiplexing_level1.mp4
123,attic,INTER-DISTORTION,attic_reference.mp4,/home/jv495/Datasets/GAIM240/attic_reference.mp4,attic_judder_level2.mp4,judder,level2,/home/jv495/Datasets/GAIM240/attic_judder_level2.mp4,attic_temporal-resolution-multiplexing_level2.mp4,temporal-resolution-multiplexing,level2,/home/jv495/Datasets/GAIM240/attic_temporal-resolution-multiplexing_level2.mp4
124,attic,INTRA-DISTORTION,attic_reference.mp4,/home/jv495/Datasets/GAIM240/attic_reference.mp4,attic_motion_noise_level0.mp4,motion_noise,level0,/home/jv495/Datasets/GAIM240/attic_motion_noise_level0.mp4,attic_motion_noise_level1.mp4,motion_noise,level1,/home/jv495/Datasets/GAIM240/attic_motion_noise_level1.mp4
125,attic,INTRA-DISTORTION,attic_reference.mp4,/home/jv495/Datasets/GAIM240/attic_reference.mp4,attic_motion_noise_level0.mp4,motion_noise,level0,/home/jv495/Datasets/GAIM240/attic_motion_noise_level0.mp4,attic_motion_noise_level2.mp4,motion_noise,level2,/home/jv495/Datasets/GAIM240/attic_motion_noise_level2.mp4
126,attic,INTER-DISTORTION,attic_reference.mp4,/home/jv495/Datasets/GAIM240/attic_reference.mp4,attic_motion_noise_level0.mp4,motion_noise,level0,/home/jv495/Datasets/GAIM240/attic_motion_noise_level0.mp4,attic_motion_resolution_level0.mp4,motion_resolution,level0,/home/jv495/Datasets/GAIM240/attic_motion_resolution_level0.mp4
127,attic,INTER-DISTORTION,attic_reference.mp4,/home/jv495/Datasets/GAIM240/attic_reference.mp4,attic_motion_noise_level0.mp4,motion_noise,level0,/home/jv495/Datasets/GAIM240/attic_motion_noise_level0.mp4,attic_motion_resolution_level1.mp4,motion_resolution,level1,/home/jv495/Datasets/GAIM240/attic_motion_resolution_level1.mp4
128,attic,INTER-DISTORTION,attic_reference.mp4,/home/jv495/Datasets/GAIM240/attic_reference.mp4,attic_motion_noise_level0.mp4,motion_noise,level0,/home/jv495/Datasets/GAIM240/attic_motion_noise_level0.mp4,attic_motion_resolution_level2.mp4,motion_resolution,level2,/home/jv495/Datasets/GAIM240/attic_motion_resolution_level2.mp4
129,attic,INTER-DISTORTION,attic_reference.mp4,/home/jv495/Datasets/GAIM240/attic_reference.mp4,attic_motion_noise_level0.mp4,motion_noise,level0,/home/jv495/Datasets/GAIM240/attic_motion_noise_level0.mp4,attic_noise_colors_level0.mp4,noise_colors,level0,/home/jv495/Datasets/GAIM240/attic_noise_colors_level0.mp4
130,attic,INTER-DISTORTION,attic_reference.mp4,/home/jv495/Datasets/GAIM240/attic_reference.mp4,attic_motion_noise_level0.mp4,motion_noise,level0,/home/jv495/Datasets/GAIM240/attic_motion_noise_level0.mp4,attic_noise_colors_level1.mp4,noise_colors,level1,/home/jv495/Datasets/GAIM240/attic_noise_colors_level1.mp4
131,attic,INTER-DISTORTION,attic_reference.mp4,/home/jv495/Datasets/GAIM240/attic_reference.mp4,attic_motion_noise_level0.mp4,motion_noise,level0,/home/jv495/Datasets/GAIM240/attic_motion_noise_level0.mp4,attic_noise_colors_level2.mp4,noise_colors,level2,/home/jv495/Datasets/GAIM240/attic_noise_colors_level2.mp4
132,attic,INTER-DISTORTION,attic_reference.mp4,/home/jv495/Datasets/GAIM240/attic_reference.mp4,attic_motion_noise_level0.mp4,motion_noise,level0,/home/jv495/Datasets/GAIM240/attic_motion_noise_level0.mp4,attic_restir_level0.mp4,restir,level0,/home/jv495/Datasets/GAIM240/attic_restir_level0.mp4
133,attic,INTER-DISTORTION,attic_reference.mp4,/home/jv495/Datasets/GAIM240/attic_reference.mp4,attic_motion_noise_level0.mp4,motion_noise,level0,/home/jv495/Datasets/GAIM240/attic_motion_noise_level0.mp4,attic_restir_level1.mp4,restir,level1,/home/jv495/Datasets/GAIM240/attic_restir_level1.mp4
134,attic,INTER-DISTORTION,attic_reference.mp4,/home/jv495/Datasets/GAIM240/attic_reference.mp4,attic_motion_noise_level0.mp4,motion_noise,level0,/home/jv495/Datasets/GAIM240/attic_motion_noise_level0.mp4,attic_restir_level2.mp4,restir,level2,/home/jv495/Datasets/GAIM240/attic_restir_level2.mp4
135,attic,INTER-DISTORTION,attic_reference.mp4,/home/jv495/Datasets/GAIM240/attic_reference.mp4,attic_motion_noise_level0.mp4,motion_noise,level0,/home/jv495/Datasets/GAIM240/attic_motion_noise_level0.mp4,attic_stutter_level0.mp4,stutter,level0,/home/jv495/Datasets/GAIM240/attic_stutter_level0.mp4
136,attic,INTER-DISTORTION,attic_reference.mp4,/home/jv495/Datasets/GAIM240/attic_reference.mp4,attic_motion_noise_level0.mp4,motion_noise,level0,/home/jv495/Datasets/GAIM240/attic_motion_noise_level0.mp4,attic_stutter_level1.mp4,stutter,level1,/home/jv495/Datasets/GAIM240/attic_stutter_level1.mp4
137,attic,INTER-DISTORTION,attic_reference.mp4,/home/jv495/Datasets/GAIM240/attic_reference.mp4,attic_motion_noise_level0.mp4,motion_noise,level0,/home/jv495/Datasets/GAIM240/attic_motion_noise_level0.mp4,attic_stutter_level2.mp4,stutter,level2,/home/jv495/Datasets/GAIM240/attic_stutter_level2.mp4
138,attic,INTER-DISTORTION,attic_reference.mp4,/home/jv495/Datasets/GAIM240/attic_reference.mp4,attic_motion_noise_level0.mp4,motion_noise,level0,/home/jv495/Datasets/GAIM240/attic_motion_noise_level0.mp4,attic_temporal-resolution-multiplexing_level0.mp4,temporal-resolution-multiplexing,level0,/home/jv495/Datasets/GAIM240/attic_temporal-resolution-multiplexing_level0.mp4
139,attic,INTER-DISTORTION,attic_reference.mp4,/home/jv495/Datasets/GAIM240/attic_reference.mp4,attic_motion_noise_level0.mp4,motion_noise,level0,/home/jv495/Datasets/GAIM240/attic_motion_noise_level0.mp4,attic_temporal-resolution-multiplexing_level1.mp4,temporal-resolution-multiplexing,level1,/home/jv495/Datasets/GAIM240/attic_temporal-resolution-multiplexing_level1.mp4
140,attic,INTER-DISTORTION,attic_reference.mp4,/home/jv495/Datasets/GAIM240/attic_reference.mp4,attic_motion_noise_level0.mp4,motion_noise,level0,/home/jv495/Datasets/GAIM240/attic_motion_noise_level0.mp4,attic_temporal-resolution-multiplexing_level2.mp4,temporal-resolution-multiplexing,level2,/home/jv495/Datasets/GAIM240/attic_temporal-resolution-multiplexing_level2.mp4
141,attic,INTRA-DISTORTION,attic_reference.mp4,/home/jv495/Datasets/GAIM240/attic_reference.mp4,attic_motion_noise_level1.mp4,motion_noise,level1,/home/jv495/Datasets/GAIM240/attic_motion_noise_level1.mp4,attic_motion_noise_level2.mp4,motion_noise,level2,/home/jv495/Datasets/GAIM240/attic_motion_noise_level2.mp4
142,attic,INTER-DISTORTION,attic_reference.mp4,/home/jv495/Datasets/GAIM240/attic_reference.mp4,attic_motion_noise_level1.mp4,motion_noise,level1,/home/jv495/Datasets/GAIM240/attic_motion_noise_level1.mp4,attic_motion_resolution_level0.mp4,motion_resolution,level0,/home/jv495/Datasets/GAIM240/attic_motion_resolution_level0.mp4
143,attic,INTER-DISTORTION,attic_reference.mp4,/home/jv495/Datasets/GAIM240/attic_reference.mp4,attic_motion_noise_level1.mp4,motion_noise,level1,/home/jv495/Datasets/GAIM240/attic_motion_noise_level1.mp4,attic_motion_resolution_level1.mp4,motion_resolution,level1,/home/jv495/Datasets/GAIM240/attic_motion_resolution_level1.mp4
144,attic,INTER-DISTORTION,attic_reference.mp4,/home/jv495/Datasets/GAIM240/attic_reference.mp4,attic_motion_noise_level1.mp4,motion_noise,level1,/home/jv495/Datasets/GAIM240/attic_motion_noise_level1.mp4,attic_motion_resolution_level2.mp4,motion_resolution,level2,/home/jv495/Datasets/GAIM240/attic_motion_resolution_level2.mp4
145,attic,INTER-DISTORTION,attic_reference.mp4,/home/jv495/Datasets/GAIM240/attic_reference.mp4,attic_motion_noise_level1.mp4,motion_noise,level1,/home/jv495/Datasets/GAIM240/attic_motion_noise_level1.mp4,attic_noise_colors_level0.mp4,noise_colors,level0,/home/jv495/Datasets/GAIM240/attic_noise_colors_level0.mp4
146,attic,INTER-DISTORTION,attic_reference.mp4,/home/jv495/Datasets/GAIM240/attic_reference.mp4,attic_motion_noise_level1.mp4,motion_noise,level1,/home/jv495/Datasets/GAIM240/attic_motion_noise_level1.mp4,attic_noise_colors_level1.mp4,noise_colors,level1,/home/jv495/Datasets/GAIM240/attic_noise_colors_level1.mp4
147,attic,INTER-DISTORTION,attic_reference.mp4,/home/jv495/Datasets/GAIM240/attic_reference.mp4,attic_motion_noise_level1.mp4,motion_noise,level1,/home/jv495/Datasets/GAIM240/attic_motion_noise_level1.mp4,attic_noise_colors_level2.mp4,noise_colors,level2,/home/jv495/Datasets/GAIM240/attic_noise_colors_level2.mp4
148,attic,INTER-DISTORTION,attic_reference.mp4,/home/jv495/Datasets/GAIM240/attic_reference.mp4,attic_motion_noise_level1.mp4,motion_noise,level1,/home/jv495/Datasets/GAIM240/attic_motion_noise_level1.mp4,attic_restir_level0.mp4,restir,level0,/home/jv495/Datasets/GAIM240/attic_restir_level0.mp4
149,attic,INTER-DISTORTION,attic_reference.mp4,/home/jv495/Datasets/GAIM240/attic_reference.mp4,attic_motion_noise_level1.mp4,motion_noise,level1,/home/jv495/Datasets/GAIM240/attic_motion_noise_level1.mp4,attic_restir_level1.mp4,restir,level1,/home/jv495/Datasets/GAIM240/attic_restir_level1.mp4
150,attic,INTER-DISTORTION,attic_reference.mp4,/home/jv495/Datasets/GAIM240/attic_reference.mp4,attic_motion_noise_level1.mp4,motion_noise,level1,/home/jv495/Datasets/GAIM240/attic_motion_noise_level1.mp4,attic_restir_level2.mp4,restir,level2,/home/jv495/Datasets/GAIM240/attic_restir_level2.mp4
151,attic,INTER-DISTORTION,attic_reference.mp4,/home/jv495/Datasets/GAIM240/attic_reference.mp4,attic_motion_noise_level1.mp4,motion_noise,level1,/home/jv495/Datasets/GAIM240/attic_motion_noise_level1.mp4,attic_stutter_level0.mp4,stutter,level0,/home/jv495/Datasets/GAIM240/attic_stutter_level0.mp4
152,attic,INTER-DISTORTION,attic_reference.mp4,/home/jv495/Datasets/GAIM240/attic_reference.mp4,attic_motion_noise_level1.mp4,motion_noise,level1,/home/jv495/Datasets/GAIM240/attic_motion_noise_level1.mp4,attic_stutter_level1.mp4,stutter,level1,/home/jv495/Datasets/GAIM240/attic_stutter_level1.mp4
153,attic,INTER-DISTORTION,attic_reference.mp4,/home/jv495/Datasets/GAIM240/attic_reference.mp4,attic_motion_noise_level1.mp4,motion_noise,level1,/home/jv495/Datasets/GAIM240/attic_motion_noise_level1.mp4,attic_stutter_level2.mp4,stutter,level2,/home/jv495/Datasets/GAIM240/attic_stutter_level2.mp4
154,attic,INTER-DISTORTION,attic_reference.mp4,/home/jv495/Datasets/GAIM240/attic_reference.mp4,attic_motion_noise_level1.mp4,motion_noise,level1,/home/jv495/Datasets/GAIM240/attic_motion_noise_level1.mp4,attic_temporal-resolution-multiplexing_level0.mp4,temporal-resolution-multiplexing,level0,/home/jv495/Datasets/GAIM240/attic_temporal-resolution-multiplexing_level0.mp4
155,attic,INTER-DISTORTION,attic_reference.mp4,/home/jv495/Datasets/GAIM240/attic_reference.mp4,attic_motion_noise_level1.mp4,motion_noise,level1,/home/jv495/Datasets/GAIM240/attic_motion_noise_level1.mp4,attic_temporal-resolution-multiplexing_level1.mp4,temporal-resolution-multiplexing,level1,/home/jv495/Datasets/GAIM240/attic_temporal-resolution-multiplexing_level1.mp4
156,attic,INTER-DISTORTION,attic_reference.mp4,/home/jv495/Datasets/GAIM240/attic_reference.mp4,attic_motion_noise_level1.mp4,motion_noise,level1,/home/jv495/Datasets/GAIM240/attic_motion_noise_level1.mp4,attic_temporal-resolution-multiplexing_level2.mp4,temporal-resolution-multiplexing,level2,/home/jv495/Datasets/GAIM240/attic_temporal-resolution-multiplexing_level2.mp4
157,attic,INTER-DISTORTION,attic_reference.mp4,/home/jv495/Datasets/GAIM240/attic_reference.mp4,attic_motion_noise_level2.mp4,motion_noise,level2,/home/jv495/Datasets/GAIM240/attic_motion_noise_level2.mp4,attic_motion_resolution_level0.mp4,motion_resolution,level0,/home/jv495/Datasets/GAIM240/attic_motion_resolution_level0.mp4
158,attic,INTER-DISTORTION,attic_reference.mp4,/home/jv495/Datasets/GAIM240/attic_reference.mp4,attic_motion_noise_level2.mp4,motion_noise,level2,/home/jv495/Datasets/GAIM240/attic_motion_noise_level2.mp4,attic_motion_resolution_level1.mp4,motion_resolution,level1,/home/jv495/Datasets/GAIM240/attic_motion_resolution_level1.mp4
159,attic,INTER-DISTORTION,attic_reference.mp4,/home/jv495/Datasets/GAIM240/attic_reference.mp4,attic_motion_noise_level2.mp4,motion_noise,level2,/home/jv495/Datasets/GAIM240/attic_motion_noise_level2.mp4,attic_motion_resolution_level2.mp4,motion_resolution,level2,/home/jv495/Datasets/GAIM240/attic_motion_resolution_level2.mp4
160,attic,INTER-DISTORTION,attic_reference.mp4,/home/jv495/Datasets/GAIM240/attic_reference.mp4,attic_motion_noise_level2.mp4,motion_noise,level2,/home/jv495/Datasets/GAIM240/attic_motion_noise_level2.mp4,attic_noise_colors_level0.mp4,noise_colors,level0,/home/jv495/Datasets/GAIM240/attic_noise_colors_level0.mp4
161,attic,INTER-DISTORTION,attic_reference.mp4,/home/jv495/Datasets/GAIM240/attic_reference.mp4,attic_motion_noise_level2.mp4,motion_noise,level2,/home/jv495/Datasets/GAIM240/attic_motion_noise_level2.mp4,attic_noise_colors_level1.mp4,noise_colors,level1,/home/jv495/Datasets/GAIM240/attic_noise_colors_level1.mp4
162,attic,INTER-DISTORTION,attic_reference.mp4,/home/jv495/Datasets/GAIM240/attic_reference.mp4,attic_motion_noise_level2.mp4,motion_noise,level2,/home/jv495/Datasets/GAIM240/attic_motion_noise_level2.mp4,attic_noise_colors_level2.mp4,noise_colors,level2,/home/jv495/Datasets/GAIM240/attic_noise_colors_level2.mp4
163,attic,INTER-DISTORTION,attic_reference.mp4,/home/jv495/Datasets/GAIM240/attic_reference.mp4,attic_motion_noise_level2.mp4,motion_noise,level2,/home/jv495/Datasets/GAIM240/attic_motion_noise_level2.mp4,attic_restir_level0.mp4,restir,level0,/home/jv495/Datasets/GAIM240/attic_restir_level0.mp4
164,attic,INTER-DISTORTION,attic_reference.mp4,/home/jv495/Datasets/GAIM240/attic_reference.mp4,attic_motion_noise_level2.mp4,motion_noise,level2,/home/jv495/Datasets/GAIM240/attic_motion_noise_level2.mp4,attic_restir_level1.mp4,restir,level1,/home/jv495/Datasets/GAIM240/attic_restir_level1.mp4
165,attic,INTER-DISTORTION,attic_reference.mp4,/home/jv495/Datasets/GAIM240/attic_reference.mp4,attic_motion_noise_level2.mp4,motion_noise,level2,/home/jv495/Datasets/GAIM240/attic_motion_noise_level2.mp4,attic_restir_level2.mp4,restir,level2,/home/jv495/Datasets/GAIM240/attic_restir_level2.mp4
166,attic,INTER-DISTORTION,attic_reference.mp4,/home/jv495/Datasets/GAIM240/attic_reference.mp4,attic_motion_noise_level2.mp4,motion_noise,level2,/home/jv495/Datasets/GAIM240/attic_motion_noise_level2.mp4,attic_stutter_level0.mp4,stutter,level0,/home/jv495/Datasets/GAIM240/attic_stutter_level0.mp4
167,attic,INTER-DISTORTION,attic_reference.mp4,/home/jv495/Datasets/GAIM240/attic_reference.mp4,attic_motion_noise_level2.mp4,motion_noise,level2,/home/jv495/Datasets/GAIM240/attic_motion_noise_level2.mp4,attic_stutter_level1.mp4,stutter,level1,/home/jv495/Datasets/GAIM240/attic_stutter_level1.mp4
168,attic,INTER-DISTORTION,attic_reference.mp4,/home/jv495/Datasets/GAIM240/attic_reference.mp4,attic_motion_noise_level2.mp4,motion_noise,level2,/home/jv495/Datasets/GAIM240/attic_motion_noise_level2.mp4,attic_stutter_level2.mp4,stutter,level2,/home/jv495/Datasets/GAIM240/attic_stutter_level2.mp4
169,attic,INTER-DISTORTION,attic_reference.mp4,/home/jv495/Datasets/GAIM240/attic_reference.mp4,attic_motion_noise_level2.mp4,motion_noise,level2,/home/jv495/Datasets/GAIM240/attic_motion_noise_level2.mp4,attic_temporal-resolution-multiplexing_level0.mp4,temporal-resolution-multiplexing,level0,/home/jv495/Datasets/GAIM240/attic_temporal-resolution-multiplexing_level0.mp4
170,attic,INTER-DISTORTION,attic_reference.mp4,/home/jv495/Datasets/GAIM240/attic_reference.mp4,attic_motion_noise_level2.mp4,motion_noise,level2,/home/jv495/Datasets/GAIM240/attic_motion_noise_level2.mp4,attic_temporal-resolution-multiplexing_level1.mp4,temporal-resolution-multiplexing,level1,/home/jv495/Datasets/GAIM240/attic_temporal-resolution-multiplexing_level1.mp4
171,attic,INTER-DISTORTION,attic_reference.mp4,/home/jv495/Datasets/GAIM240/attic_reference.mp4,attic_motion_noise_level2.mp4,motion_noise,level2,/home/jv495/Datasets/GAIM240/attic_motion_noise_level2.mp4,attic_temporal-resolution-multiplexing_level2.mp4,temporal-resolution-multiplexing,level2,/home/jv495/Datasets/GAIM240/attic_temporal-resolution-multiplexing_level2.mp4
172,attic,INTRA-DISTORTION,attic_reference.mp4,/home/jv495/Datasets/GAIM240/attic_reference.mp4,attic_motion_resolution_level0.mp4,motion_resolution,level0,/home/jv495/Datasets/GAIM240/attic_motion_resolution_level0.mp4,attic_motion_resolution_level1.mp4,motion_resolution,level1,/home/jv495/Datasets/GAIM240/attic_motion_resolution_level1.mp4
173,attic,INTRA-DISTORTION,attic_reference.mp4,/home/jv495/Datasets/GAIM240/attic_reference.mp4,attic_motion_resolution_level0.mp4,motion_resolution,level0,/home/jv495/Datasets/GAIM240/attic_motion_resolution_level0.mp4,attic_motion_resolution_level2.mp4,motion_resolution,level2,/home/jv495/Datasets/GAIM240/attic_motion_resolution_level2.mp4
174,attic,INTER-DISTORTION,attic_reference.mp4,/home/jv495/Datasets/GAIM240/attic_reference.mp4,attic_motion_resolution_level0.mp4,motion_resolution,level0,/home/jv495/Datasets/GAIM240/attic_motion_resolution_level0.mp4,attic_noise_colors_level0.mp4,noise_colors,level0,/home/jv495/Datasets/GAIM240/attic_noise_colors_level0.mp4
175,attic,INTER-DISTORTION,attic_reference.mp4,/home/jv495/Datasets/GAIM240/attic_reference.mp4,attic_motion_resolution_level0.mp4,motion_resolution,level0,/home/jv495/Datasets/GAIM240/attic_motion_resolution_level0.mp4,attic_noise_colors_level1.mp4,noise_colors,level1,/home/jv495/Datasets/GAIM240/attic_noise_colors_level1.mp4
176,attic,INTER-DISTORTION,attic_reference.mp4,/home/jv495/Datasets/GAIM240/attic_reference.mp4,attic_motion_resolution_level0.mp4,motion_resolution,level0,/home/jv495/Datasets/GAIM240/attic_motion_resolution_level0.mp4,attic_noise_colors_level2.mp4,noise_colors,level2,/home/jv495/Datasets/GAIM240/attic_noise_colors_level2.mp4
177,attic,INTER-DISTORTION,attic_reference.mp4,/home/jv495/Datasets/GAIM240/attic_reference.mp4,attic_motion_resolution_level0.mp4,motion_resolution,level0,/home/jv495/Datasets/GAIM240/attic_motion_resolution_level0.mp4,attic_restir_level0.mp4,restir,level0,/home/jv495/Datasets/GAIM240/attic_restir_level0.mp4
178,attic,INTER-DISTORTION,attic_reference.mp4,/home/jv495/Datasets/GAIM240/attic_reference.mp4,attic_motion_resolution_level0.mp4,motion_resolution,level0,/home/jv495/Datasets/GAIM240/attic_motion_resolution_level0.mp4,attic_restir_level1.mp4,restir,level1,/home/jv495/Datasets/GAIM240/attic_restir_level1.mp4
179,attic,INTER-DISTORTION,attic_reference.mp4,/home/jv495/Datasets/GAIM240/attic_reference.mp4,attic_motion_resolution_level0.mp4,motion_resolution,level0,/home/jv495/Datasets/GAIM240/attic_motion_resolution_level0.mp4,attic_restir_level2.mp4,restir,level2,/home/jv495/Datasets/GAIM240/attic_restir_level2.mp4
180,attic,INTER-DISTORTION,attic_reference.mp4,/home/jv495/Datasets/GAIM240/attic_reference.mp4,attic_motion_resolution_level0.mp4,motion_resolution,level0,/home/jv495/Datasets/GAIM240/attic_motion_resolution_level0.mp4,attic_stutter_level0.mp4,stutter,level0,/home/jv495/Datasets/GAIM240/attic_stutter_level0.mp4
181,attic,INTER-DISTORTION,attic_reference.mp4,/home/jv495/Datasets/GAIM240/attic_reference.mp4,attic_motion_resolution_level0.mp4,motion_resolution,level0,/home/jv495/Datasets/GAIM240/attic_motion_resolution_level0.mp4,attic_stutter_level1.mp4,stutter,level1,/home/jv495/Datasets/GAIM240/attic_stutter_level1.mp4
182,attic,INTER-DISTORTION,attic_reference.mp4,/home/jv495/Datasets/GAIM240/attic_reference.mp4,attic_motion_resolution_level0.mp4,motion_resolution,level0,/home/jv495/Datasets/GAIM240/attic_motion_resolution_level0.mp4,attic_stutter_level2.mp4,stutter,level2,/home/jv495/Datasets/GAIM240/attic_stutter_level2.mp4
183,attic,INTER-DISTORTION,attic_reference.mp4,/home/jv495/Datasets/GAIM240/attic_reference.mp4,attic_motion_resolution_level0.mp4,motion_resolution,level0,/home/jv495/Datasets/GAIM240/attic_motion_resolution_level0.mp4,attic_temporal-resolution-multiplexing_level0.mp4,temporal-resolution-multiplexing,level0,/home/jv495/Datasets/GAIM240/attic_temporal-resolution-multiplexing_level0.mp4
184,attic,INTER-DISTORTION,attic_reference.mp4,/home/jv495/Datasets/GAIM240/attic_reference.mp4,attic_motion_resolution_level0.mp4,motion_resolution,level0,/home/jv495/Datasets/GAIM240/attic_motion_resolution_level0.mp4,attic_temporal-resolution-multiplexing_level1.mp4,temporal-resolution-multiplexing,level1,/home/jv495/Datasets/GAIM240/attic_temporal-resolution-multiplexing_level1.mp4
185,attic,INTER-DISTORTION,attic_reference.mp4,/home/jv495/Datasets/GAIM240/attic_reference.mp4,attic_motion_resolution_level0.mp4,motion_resolution,level0,/home/jv495/Datasets/GAIM240/attic_motion_resolution_level0.mp4,attic_temporal-resolution-multiplexing_level2.mp4,temporal-resolution-multiplexing,level2,/home/jv495/Datasets/GAIM240/attic_temporal-resolution-multiplexing_level2.mp4
186,attic,INTRA-DISTORTION,attic_reference.mp4,/home/jv495/Datasets/GAIM240/attic_reference.mp4,attic_motion_resolution_level1.mp4,motion_resolution,level1,/home/jv495/Datasets/GAIM240/attic_motion_resolution_level1.mp4,attic_motion_resolution_level2.mp4,motion_resolution,level2,/home/jv495/Datasets/GAIM240/attic_motion_resolution_level2.mp4
187,attic,INTER-DISTORTION,attic_reference.mp4,/home/jv495/Datasets/GAIM240/attic_reference.mp4,attic_motion_resolution_level1.mp4,motion_resolution,level1,/home/jv495/Datasets/GAIM240/attic_motion_resolution_level1.mp4,attic_noise_colors_level0.mp4,noise_colors,level0,/home/jv495/Datasets/GAIM240/attic_noise_colors_level0.mp4
188,attic,INTER-DISTORTION,attic_reference.mp4,/home/jv495/Datasets/GAIM240/attic_reference.mp4,attic_motion_resolution_level1.mp4,motion_resolution,level1,/home/jv495/Datasets/GAIM240/attic_motion_resolution_level1.mp4,attic_noise_colors_level1.mp4,noise_colors,level1,/home/jv495/Datasets/GAIM240/attic_noise_colors_level1.mp4
189,attic,INTER-DISTORTION,attic_reference.mp4,/home/jv495/Datasets/GAIM240/attic_reference.mp4,attic_motion_resolution_level1.mp4,motion_resolution,level1,/home/jv495/Datasets/GAIM240/attic_motion_resolution_level1.mp4,attic_noise_colors_level2.mp4,noise_colors,level2,/home/jv495/Datasets/GAIM240/attic_noise_colors_level2.mp4
190,attic,INTER-DISTORTION,attic_reference.mp4,/home/jv495/Datasets/GAIM240/attic_reference.mp4,attic_motion_resolution_level1.mp4,motion_resolution,level1,/home/jv495/Datasets/GAIM240/attic_motion_resolution_level1.mp4,attic_restir_level0.mp4,restir,level0,/home/jv495/Datasets/GAIM240/attic_restir_level0.mp4
191,attic,INTER-DISTORTION,attic_reference.mp4,/home/jv495/Datasets/GAIM240/attic_reference.mp4,attic_motion_resolution_level1.mp4,motion_resolution,level1,/home/jv495/Datasets/GAIM240/attic_motion_resolution_level1.mp4,attic_restir_level1.mp4,restir,level1,/home/jv495/Datasets/GAIM240/attic_restir_level1.mp4
192,attic,INTER-DISTORTION,attic_reference.mp4,/home/jv495/Datasets/GAIM240/attic_reference.mp4,attic_motion_resolution_level1.mp4,motion_resolution,level1,/home/jv495/Datasets/GAIM240/attic_motion_resolution_level1.mp4,attic_restir_level2.mp4,restir,level2,/home/jv495/Datasets/GAIM240/attic_restir_level2.mp4
193,attic,INTER-DISTORTION,attic_reference.mp4,/home/jv495/Datasets/GAIM240/attic_reference.mp4,attic_motion_resolution_level1.mp4,motion_resolution,level1,/home/jv495/Datasets/GAIM240/attic_motion_resolution_level1.mp4,attic_stutter_level0.mp4,stutter,level0,/home/jv495/Datasets/GAIM240/attic_stutter_level0.mp4
194,attic,INTER-DISTORTION,attic_reference.mp4,/home/jv495/Datasets/GAIM240/attic_reference.mp4,attic_motion_resolution_level1.mp4,motion_resolution,level1,/home/jv495/Datasets/GAIM240/attic_motion_resolution_level1.mp4,attic_stutter_level1.mp4,stutter,level1,/home/jv495/Datasets/GAIM240/attic_stutter_level1.mp4
195,attic,INTER-DISTORTION,attic_reference.mp4,/home/jv495/Datasets/GAIM240/attic_reference.mp4,attic_motion_resolution_level1.mp4,motion_resolution,level1,/home/jv495/Datasets/GAIM240/attic_motion_resolution_level1.mp4,attic_stutter_level2.mp4,stutter,level2,/home/jv495/Datasets/GAIM240/attic_stutter_level2.mp4
196,attic,INTER-DISTORTION,attic_reference.mp4,/home/jv495/Datasets/GAIM240/attic_reference.mp4,attic_motion_resolution_level1.mp4,motion_resolution,level1,/home/jv495/Datasets/GAIM240/attic_motion_resolution_level1.mp4,attic_temporal-resolution-multiplexing_level0.mp4,temporal-resolution-multiplexing,level0,/home/jv495/Datasets/GAIM240/attic_temporal-resolution-multiplexing_level0.mp4
197,attic,INTER-DISTORTION,attic_reference.mp4,/home/jv495/Datasets/GAIM240/attic_reference.mp4,attic_motion_resolution_level1.mp4,motion_resolution,level1,/home/jv495/Datasets/GAIM240/attic_motion_resolution_level1.mp4,attic_temporal-resolution-multiplexing_level1.mp4,temporal-resolution-multiplexing,level1,/home/jv495/Datasets/GAIM240/attic_temporal-resolution-multiplexing_level1.mp4
198,attic,INTER-DISTORTION,attic_reference.mp4,/home/jv495/Datasets/GAIM240/attic_reference.mp4,attic_motion_resolution_level1.mp4,motion_resolution,level1,/home/jv495/Datasets/GAIM240/attic_motion_resolution_level1.mp4,attic_temporal-resolution-multiplexing_level2.mp4,temporal-resolution-multiplexing,level2,/home/jv495/Datasets/GAIM240/attic_temporal-resolution-multiplexing_level2.mp4
199,attic,INTER-DISTORTION,attic_reference.mp4,/home/jv495/Datasets/GAIM240/attic_reference.mp4,attic_motion_resolution_level2.mp4,motion_resolution,level2,/home/jv495/Datasets/GAIM240/attic_motion_resolution_level2.mp4,attic_noise_colors_level0.mp4,noise_colors,level0,/home/jv495/Datasets/GAIM240/attic_noise_colors_level0.mp4
200,attic,INTER-DISTORTION,attic_reference.mp4,/home/jv495/Datasets/GAIM240/attic_reference.mp4,attic_motion_resolution_level2.mp4,motion_resolution,level2,/home/jv495/Datasets/GAIM240/attic_motion_resolution_level2.mp4,attic_noise_colors_level1.mp4,noise_colors,level1,/home/jv495/Datasets/GAIM240/attic_noise_colors_level1.mp4
201,attic,INTER-DISTORTION,attic_reference.mp4,/home/jv495/Datasets/GAIM240/attic_reference.mp4,attic_motion_resolution_level2.mp4,motion_resolution,level2,/home/jv495/Datasets/GAIM240/attic_motion_resolution_level2.mp4,attic_noise_colors_level2.mp4,noise_colors,level2,/home/jv495/Datasets/GAIM240/attic_noise_colors_level2.mp4
202,attic,INTER-DISTORTION,attic_reference.mp4,/home/jv495/Datasets/GAIM240/attic_reference.mp4,attic_motion_resolution_level2.mp4,motion_resolution,level2,/home/jv495/Datasets/GAIM240/attic_motion_resolution_level2.mp4,attic_restir_level0.mp4,restir,level0,/home/jv495/Datasets/GAIM240/attic_restir_level0.mp4
203,attic,INTER-DISTORTION,attic_reference.mp4,/home/jv495/Datasets/GAIM240/attic_reference.mp4,attic_motion_resolution_level2.mp4,motion_resolution,level2,/home/jv495/Datasets/GAIM240/attic_motion_resolution_level2.mp4,attic_restir_level1.mp4,restir,level1,/home/jv495/Datasets/GAIM240/attic_restir_level1.mp4
204,attic,INTER-DISTORTION,attic_reference.mp4,/home/jv495/Datasets/GAIM240/attic_reference.mp4,attic_motion_resolution_level2.mp4,motion_resolution,level2,/home/jv495/Datasets/GAIM240/attic_motion_resolution_level2.mp4,attic_restir_level2.mp4,restir,level2,/home/jv495/Datasets/GAIM240/attic_restir_level2.mp4
205,attic,INTER-DISTORTION,attic_reference.mp4,/home/jv495/Datasets/GAIM240/attic_reference.mp4,attic_motion_resolution_level2.mp4,motion_resolution,level2,/home/jv495/Datasets/GAIM240/attic_motion_resolution_level2.mp4,attic_stutter_level0.mp4,stutter,level0,/home/jv495/Datasets/GAIM240/attic_stutter_level0.mp4
206,attic,INTER-DISTORTION,attic_reference.mp4,/home/jv495/Datasets/GAIM240/attic_reference.mp4,attic_motion_resolution_level2.mp4,motion_resolution,level2,/home/jv495/Datasets/GAIM240/attic_motion_resolution_level2.mp4,attic_stutter_level1.mp4,stutter,level1,/home/jv495/Datasets/GAIM240/attic_stutter_level1.mp4
207,attic,INTER-DISTORTION,attic_reference.mp4,/home/jv495/Datasets/GAIM240/attic_reference.mp4,attic_motion_resolution_level2.mp4,motion_resolution,level2,/home/jv495/Datasets/GAIM240/attic_motion_resolution_level2.mp4,attic_stutter_level2.mp4,stutter,level2,/home/jv495/Datasets/GAIM240/attic_stutter_level2.mp4
208,attic,INTER-DISTORTION,attic_reference.mp4,/home/jv495/Datasets/GAIM240/attic_reference.mp4,attic_motion_resolution_level2.mp4,motion_resolution,level2,/home/jv495/Datasets/GAIM240/attic_motion_resolution_level2.mp4,attic_temporal-resolution-multiplexing_level0.mp4,temporal-resolution-multiplexing,level0,/home/jv495/Datasets/GAIM240/attic_temporal-resolution-multiplexing_level0.mp4
209,attic,INTER-DISTORTION,attic_reference.mp4,/home/jv495/Datasets/GAIM240/attic_reference.mp4,attic_motion_resolution_level2.mp4,motion_resolution,level2,/home/jv495/Datasets/GAIM240/attic_motion_resolution_level2.mp4,attic_temporal-resolution-multiplexing_level1.mp4,temporal-resolution-multiplexing,level1,/home/jv495/Datasets/GAIM240/attic_temporal-resolution-multiplexing_level1.mp4
210,attic,INTER-DISTORTION,attic_reference.mp4,/home/jv495/Datasets/GAIM240/attic_reference.mp4,attic_motion_resolution_level2.mp4,motion_resolution,level2,/home/jv495/Datasets/GAIM240/attic_motion_resolution_level2.mp4,attic_temporal-resolution-multiplexing_level2.mp4,temporal-resolution-multiplexing,level2,/home/jv495/Datasets/GAIM240/attic_temporal-resolution-multiplexing_level2.mp4
211,attic,INTRA-DISTORTION,attic_reference.mp4,/home/jv495/Datasets/GAIM240/attic_reference.mp4,attic_noise_colors_level0.mp4,noise_colors,level0,/home/jv495/Datasets/GAIM240/attic_noise_colors_level0.mp4,attic_noise_colors_level1.mp4,noise_colors,level1,/home/jv495/Datasets/GAIM240/attic_noise_colors_level1.mp4
212,attic,INTRA-DISTORTION,attic_reference.mp4,/home/jv495/Datasets/GAIM240/attic_reference.mp4,attic_noise_colors_level0.mp4,noise_colors,level0,/home/jv495/Datasets/GAIM240/attic_noise_colors_level0.mp4,attic_noise_colors_level2.mp4,noise_colors,level2,/home/jv495/Datasets/GAIM240/attic_noise_colors_level2.mp4
213,attic,INTER-DISTORTION,attic_reference.mp4,/home/jv495/Datasets/GAIM240/attic_reference.mp4,attic_noise_colors_level0.mp4,noise_colors,level0,/home/jv495/Datasets/GAIM240/attic_noise_colors_level0.mp4,attic_restir_level0.mp4,restir,level0,/home/jv495/Datasets/GAIM240/attic_restir_level0.mp4
214,attic,INTER-DISTORTION,attic_reference.mp4,/home/jv495/Datasets/GAIM240/attic_reference.mp4,attic_noise_colors_level0.mp4,noise_colors,level0,/home/jv495/Datasets/GAIM240/attic_noise_colors_level0.mp4,attic_restir_level1.mp4,restir,level1,/home/jv495/Datasets/GAIM240/attic_restir_level1.mp4
215,attic,INTER-DISTORTION,attic_reference.mp4,/home/jv495/Datasets/GAIM240/attic_reference.mp4,attic_noise_colors_level0.mp4,noise_colors,level0,/home/jv495/Datasets/GAIM240/attic_noise_colors_level0.mp4,attic_restir_level2.mp4,restir,level2,/home/jv495/Datasets/GAIM240/attic_restir_level2.mp4
216,attic,INTER-DISTORTION,attic_reference.mp4,/home/jv495/Datasets/GAIM240/attic_reference.mp4,attic_noise_colors_level0.mp4,noise_colors,level0,/home/jv495/Datasets/GAIM240/attic_noise_colors_level0.mp4,attic_stutter_level0.mp4,stutter,level0,/home/jv495/Datasets/GAIM240/attic_stutter_level0.mp4
217,attic,INTER-DISTORTION,attic_reference.mp4,/home/jv495/Datasets/GAIM240/attic_reference.mp4,attic_noise_colors_level0.mp4,noise_colors,level0,/home/jv495/Datasets/GAIM240/attic_noise_colors_level0.mp4,attic_stutter_level1.mp4,stutter,level1,/home/jv495/Datasets/GAIM240/attic_stutter_level1.mp4
218,attic,INTER-DISTORTION,attic_reference.mp4,/home/jv495/Datasets/GAIM240/attic_reference.mp4,attic_noise_colors_level0.mp4,noise_colors,level0,/home/jv495/Datasets/GAIM240/attic_noise_colors_level0.mp4,attic_stutter_level2.mp4,stutter,level2,/home/jv495/Datasets/GAIM240/attic_stutter_level2.mp4
219,attic,INTER-DISTORTION,attic_reference.mp4,/home/jv495/Datasets/GAIM240/attic_reference.mp4,attic_noise_colors_level0.mp4,noise_colors,level0,/home/jv495/Datasets/GAIM240/attic_noise_colors_level0.mp4,attic_temporal-resolution-multiplexing_level0.mp4,temporal-resolution-multiplexing,level0,/home/jv495/Datasets/GAIM240/attic_temporal-resolution-multiplexing_level0.mp4
220,attic,INTER-DISTORTION,attic_reference.mp4,/home/jv495/Datasets/GAIM240/attic_reference.mp4,attic_noise_colors_level0.mp4,noise_colors,level0,/home/jv495/Datasets/GAIM240/attic_noise_colors_level0.mp4,attic_temporal-resolution-multiplexing_level1.mp4,temporal-resolution-multiplexing,level1,/home/jv495/Datasets/GAIM240/attic_temporal-resolution-multiplexing_level1.mp4
221,attic,INTER-DISTORTION,attic_reference.mp4,/home/jv495/Datasets/GAIM240/attic_reference.mp4,attic_noise_colors_level0.mp4,noise_colors,level0,/home/jv495/Datasets/GAIM240/attic_noise_colors_level0.mp4,attic_temporal-resolution-multiplexing_level2.mp4,temporal-resolution-multiplexing,level2,/home/jv495/Datasets/GAIM240/attic_temporal-resolution-multiplexing_level2.mp4
222,attic,INTRA-DISTORTION,attic_reference.mp4,/home/jv495/Datasets/GAIM240/attic_reference.mp4,attic_noise_colors_level1.mp4,noise_colors,level1,/home/jv495/Datasets/GAIM240/attic_noise_colors_level1.mp4,attic_noise_colors_level2.mp4,noise_colors,level2,/home/jv495/Datasets/GAIM240/attic_noise_colors_level2.mp4
223,attic,INTER-DISTORTION,attic_reference.mp4,/home/jv495/Datasets/GAIM240/attic_reference.mp4,attic_noise_colors_level1.mp4,noise_colors,level1,/home/jv495/Datasets/GAIM240/attic_noise_colors_level1.mp4,attic_restir_level0.mp4,restir,level0,/home/jv495/Datasets/GAIM240/attic_restir_level0.mp4
224,attic,INTER-DISTORTION,attic_reference.mp4,/home/jv495/Datasets/GAIM240/attic_reference.mp4,attic_noise_colors_level1.mp4,noise_colors,level1,/home/jv495/Datasets/GAIM240/attic_noise_colors_level1.mp4,attic_restir_level1.mp4,restir,level1,/home/jv495/Datasets/GAIM240/attic_restir_level1.mp4
225,attic,INTER-DISTORTION,attic_reference.mp4,/home/jv495/Datasets/GAIM240/attic_reference.mp4,attic_noise_colors_level1.mp4,noise_colors,level1,/home/jv495/Datasets/GAIM240/attic_noise_colors_level1.mp4,attic_restir_level2.mp4,restir,level2,/home/jv495/Datasets/GAIM240/attic_restir_level2.mp4
226,attic,INTER-DISTORTION,attic_reference.mp4,/home/jv495/Datasets/GAIM240/attic_reference.mp4,attic_noise_colors_level1.mp4,noise_colors,level1,/home/jv495/Datasets/GAIM240/attic_noise_colors_level1.mp4,attic_stutter_level0.mp4,stutter,level0,/home/jv495/Datasets/GAIM240/attic_stutter_level0.mp4
227,attic,INTER-DISTORTION,attic_reference.mp4,/home/jv495/Datasets/GAIM240/attic_reference.mp4,attic_noise_colors_level1.mp4,noise_colors,level1,/home/jv495/Datasets/GAIM240/attic_noise_colors_level1.mp4,attic_stutter_level1.mp4,stutter,level1,/home/jv495/Datasets/GAIM240/attic_stutter_level1.mp4
228,attic,INTER-DISTORTION,attic_reference.mp4,/home/jv495/Datasets/GAIM240/attic_reference.mp4,attic_noise_colors_level1.mp4,noise_colors,level1,/home/jv495/Datasets/GAIM240/attic_noise_colors_level1.mp4,attic_stutter_level2.mp4,stutter,level2,/home/jv495/Datasets/GAIM240/attic_stutter_level2.mp4
229,attic,INTER-DISTORTION,attic_reference.mp4,/home/jv495/Datasets/GAIM240/attic_reference.mp4,attic_noise_colors_level1.mp4,noise_colors,level1,/home/jv495/Datasets/GAIM240/attic_noise_colors_level1.mp4,attic_temporal-resolution-multiplexing_level0.mp4,temporal-resolution-multiplexing,level0,/home/jv495/Datasets/GAIM240/attic_temporal-resolution-multiplexing_level0.mp4
230,attic,INTER-DISTORTION,attic_reference.mp4,/home/jv495/Datasets/GAIM240/attic_reference.mp4,attic_noise_colors_level1.mp4,noise_colors,level1,/home/jv495/Datasets/GAIM240/attic_noise_colors_level1.mp4,attic_temporal-resolution-multiplexing_level1.mp4,temporal-resolution-multiplexing,level1,/home/jv495/Datasets/GAIM240/attic_temporal-resolution-multiplexing_level1.mp4
231,attic,INTER-DISTORTION,attic_reference.mp4,/home/jv495/Datasets/GAIM240/attic_reference.mp4,attic_noise_colors_level1.mp4,noise_colors,level1,/home/jv495/Datasets/GAIM240/attic_noise_colors_level1.mp4,attic_temporal-resolution-multiplexing_level2.mp4,temporal-resolution-multiplexing,level2,/home/jv495/Datasets/GAIM240/attic_temporal-resolution-multiplexing_level2.mp4
232,attic,INTER-DISTORTION,attic_reference.mp4,/home/jv495/Datasets/GAIM240/attic_reference.mp4,attic_noise_colors_level2.mp4,noise_colors,level2,/home/jv495/Datasets/GAIM240/attic_noise_colors_level2.mp4,attic_restir_level0.mp4,restir,level0,/home/jv495/Datasets/GAIM240/attic_restir_level0.mp4
233,attic,INTER-DISTORTION,attic_reference.mp4,/home/jv495/Datasets/GAIM240/attic_reference.mp4,attic_noise_colors_level2.mp4,noise_colors,level2,/home/jv495/Datasets/GAIM240/attic_noise_colors_level2.mp4,attic_restir_level1.mp4,restir,level1,/home/jv495/Datasets/GAIM240/attic_restir_level1.mp4
234,attic,INTER-DISTORTION,attic_reference.mp4,/home/jv495/Datasets/GAIM240/attic_reference.mp4,attic_noise_colors_level2.mp4,noise_colors,level2,/home/jv495/Datasets/GAIM240/attic_noise_colors_level2.mp4,attic_restir_level2.mp4,restir,level2,/home/jv495/Datasets/GAIM240/attic_restir_level2.mp4
235,attic,INTER-DISTORTION,attic_reference.mp4,/home/jv495/Datasets/GAIM240/attic_reference.mp4,attic_noise_colors_level2.mp4,noise_colors,level2,/home/jv495/Datasets/GAIM240/attic_noise_colors_level2.mp4,attic_stutter_level0.mp4,stutter,level0,/home/jv495/Datasets/GAIM240/attic_stutter_level0.mp4
236,attic,INTER-DISTORTION,attic_reference.mp4,/home/jv495/Datasets/GAIM240/attic_reference.mp4,attic_noise_colors_level2.mp4,noise_colors,level2,/home/jv495/Datasets/GAIM240/attic_noise_colors_level2.mp4,attic_stutter_level1.mp4,stutter,level1,/home/jv495/Datasets/GAIM240/attic_stutter_level1.mp4
237,attic,INTER-DISTORTION,attic_reference.mp4,/home/jv495/Datasets/GAIM240/attic_reference.mp4,attic_noise_colors_level2.mp4,noise_colors,level2,/home/jv495/Datasets/GAIM240/attic_noise_colors_level2.mp4,attic_stutter_level2.mp4,stutter,level2,/home/jv495/Datasets/GAIM240/attic_stutter_level2.mp4
238,attic,INTER-DISTORTION,attic_reference.mp4,/home/jv495/Datasets/GAIM240/attic_reference.mp4,attic_noise_colors_level2.mp4,noise_colors,level2,/home/jv495/Datasets/GAIM240/attic_noise_colors_level2.mp4,attic_temporal-resolution-multiplexing_level0.mp4,temporal-resolution-multiplexing,level0,/home/jv495/Datasets/GAIM240/attic_temporal-resolution-multiplexing_level0.mp4
239,attic,INTER-DISTORTION,attic_reference.mp4,/home/jv495/Datasets/GAIM240/attic_reference.mp4,attic_noise_colors_level2.mp4,noise_colors,level2,/home/jv495/Datasets/GAIM240/attic_noise_colors_level2.mp4,attic_temporal-resolution-multiplexing_level1.mp4,temporal-resolution-multiplexing,level1,/home/jv495/Datasets/GAIM240/attic_temporal-resolution-multiplexing_level1.mp4
240,attic,INTER-DISTORTION,attic_reference.mp4,/home/jv495/Datasets/GAIM240/attic_reference.mp4,attic_noise_colors_level2.mp4,noise_colors,level2,/home/jv495/Datasets/GAIM240/attic_noise_colors_level2.mp4,attic_temporal-resolution-multiplexing_level2.mp4,temporal-resolution-multiplexing,level2,/home/jv495/Datasets/GAIM240/attic_temporal-resolution-multiplexing_level2.mp4
241,attic,INTRA-DISTORTION,attic_reference.mp4,/home/jv495/Datasets/GAIM240/attic_reference.mp4,attic_restir_level0.mp4,restir,level0,/home/jv495/Datasets/GAIM240/attic_restir_level0.mp4,attic_restir_level1.mp4,restir,level1,/home/jv495/Datasets/GAIM240/attic_restir_level1.mp4
242,attic,INTRA-DISTORTION,attic_reference.mp4,/home/jv495/Datasets/GAIM240/attic_reference.mp4,attic_restir_level0.mp4,restir,level0,/home/jv495/Datasets/GAIM240/attic_restir_level0.mp4,attic_restir_level2.mp4,restir,level2,/home/jv495/Datasets/GAIM240/attic_restir_level2.mp4
243,attic,INTER-DISTORTION,attic_reference.mp4,/home/jv495/Datasets/GAIM240/attic_reference.mp4,attic_restir_level0.mp4,restir,level0,/home/jv495/Datasets/GAIM240/attic_restir_level0.mp4,attic_stutter_level0.mp4,stutter,level0,/home/jv495/Datasets/GAIM240/attic_stutter_level0.mp4
244,attic,INTER-DISTORTION,attic_reference.mp4,/home/jv495/Datasets/GAIM240/attic_reference.mp4,attic_restir_level0.mp4,restir,level0,/home/jv495/Datasets/GAIM240/attic_restir_level0.mp4,attic_stutter_level1.mp4,stutter,level1,/home/jv495/Datasets/GAIM240/attic_stutter_level1.mp4
245,attic,INTER-DISTORTION,attic_reference.mp4,/home/jv495/Datasets/GAIM240/attic_reference.mp4,attic_restir_level0.mp4,restir,level0,/home/jv495/Datasets/GAIM240/attic_restir_level0.mp4,attic_stutter_level2.mp4,stutter,level2,/home/jv495/Datasets/GAIM240/attic_stutter_level2.mp4
246,attic,INTER-DISTORTION,attic_reference.mp4,/home/jv495/Datasets/GAIM240/attic_reference.mp4,attic_restir_level0.mp4,restir,level0,/home/jv495/Datasets/GAIM240/attic_restir_level0.mp4,attic_temporal-resolution-multiplexing_level0.mp4,temporal-resolution-multiplexing,level0,/home/jv495/Datasets/GAIM240/attic_temporal-resolution-multiplexing_level0.mp4
247,attic,INTER-DISTORTION,attic_reference.mp4,/home/jv495/Datasets/GAIM240/attic_reference.mp4,attic_restir_level0.mp4,restir,level0,/home/jv495/Datasets/GAIM240/attic_restir_level0.mp4,attic_temporal-resolution-multiplexing_level1.mp4,temporal-resolution-multiplexing,level1,/home/jv495/Datasets/GAIM240/attic_temporal-resolution-multiplexing_level1.mp4
248,attic,INTER-DISTORTION,attic_reference.mp4,/home/jv495/Datasets/GAIM240/attic_reference.mp4,attic_restir_level0.mp4,restir,level0,/home/jv495/Datasets/GAIM240/attic_restir_level0.mp4,attic_temporal-resolution-multiplexing_level2.mp4,temporal-resolution-multiplexing,level2,/home/jv495/Datasets/GAIM240/attic_temporal-resolution-multiplexing_level2.mp4
249,attic,INTRA-DISTORTION,attic_reference.mp4,/home/jv495/Datasets/GAIM240/attic_reference.mp4,attic_restir_level1.mp4,restir,level1,/home/jv495/Datasets/GAIM240/attic_restir_level1.mp4,attic_restir_level2.mp4,restir,level2,/home/jv495/Datasets/GAIM240/attic_restir_level2.mp4
250,attic,INTER-DISTORTION,attic_reference.mp4,/home/jv495/Datasets/GAIM240/attic_reference.mp4,attic_restir_level1.mp4,restir,level1,/home/jv495/Datasets/GAIM240/attic_restir_level1.mp4,attic_stutter_level0.mp4,stutter,level0,/home/jv495/Datasets/GAIM240/attic_stutter_level0.mp4
251,attic,INTER-DISTORTION,attic_reference.mp4,/home/jv495/Datasets/GAIM240/attic_reference.mp4,attic_restir_level1.mp4,restir,level1,/home/jv495/Datasets/GAIM240/attic_restir_level1.mp4,attic_stutter_level1.mp4,stutter,level1,/home/jv495/Datasets/GAIM240/attic_stutter_level1.mp4
252,attic,INTER-DISTORTION,attic_reference.mp4,/home/jv495/Datasets/GAIM240/attic_reference.mp4,attic_restir_level1.mp4,restir,level1,/home/jv495/Datasets/GAIM240/attic_restir_level1.mp4,attic_stutter_level2.mp4,stutter,level2,/home/jv495/Datasets/GAIM240/attic_stutter_level2.mp4
253,attic,INTER-DISTORTION,attic_reference.mp4,/home/jv495/Datasets/GAIM240/attic_reference.mp4,attic_restir_level1.mp4,restir,level1,/home/jv495/Datasets/GAIM240/attic_restir_level1.mp4,attic_temporal-resolution-multiplexing_level0.mp4,temporal-resolution-multiplexing,level0,/home/jv495/Datasets/GAIM240/attic_temporal-resolution-multiplexing_level0.mp4
254,attic,INTER-DISTORTION,attic_reference.mp4,/home/jv495/Datasets/GAIM240/attic_reference.mp4,attic_restir_level1.mp4,restir,level1,/home/jv495/Datasets/GAIM240/attic_restir_level1.mp4,attic_temporal-resolution-multiplexing_level1.mp4,temporal-resolution-multiplexing,level1,/home/jv495/Datasets/GAIM240/attic_temporal-resolution-multiplexing_level1.mp4
255,attic,INTER-DISTORTION,attic_reference.mp4,/home/jv495/Datasets/GAIM240/attic_reference.mp4,attic_restir_level1.mp4,restir,level1,/home/jv495/Datasets/GAIM240/attic_restir_level1.mp4,attic_temporal-resolution-multiplexing_level2.mp4,temporal-resolution-multiplexing,level2,/home/jv495/Datasets/GAIM240/attic_temporal-resolution-multiplexing_level2.mp4
256,attic,INTER-DISTORTION,attic_reference.mp4,/home/jv495/Datasets/GAIM240/attic_reference.mp4,attic_restir_level2.mp4,restir,level2,/home/jv495/Datasets/GAIM240/attic_restir_level2.mp4,attic_stutter_level0.mp4,stutter,level0,/home/jv495/Datasets/GAIM240/attic_stutter_level0.mp4
257,attic,INTER-DISTORTION,attic_reference.mp4,/home/jv495/Datasets/GAIM240/attic_reference.mp4,attic_restir_level2.mp4,restir,level2,/home/jv495/Datasets/GAIM240/attic_restir_level2.mp4,attic_stutter_level1.mp4,stutter,level1,/home/jv495/Datasets/GAIM240/attic_stutter_level1.mp4
258,attic,INTER-DISTORTION,attic_reference.mp4,/home/jv495/Datasets/GAIM240/attic_reference.mp4,attic_restir_level2.mp4,restir,level2,/home/jv495/Datasets/GAIM240/attic_restir_level2.mp4,attic_stutter_level2.mp4,stutter,level2,/home/jv495/Datasets/GAIM240/attic_stutter_level2.mp4
259,attic,INTER-DISTORTION,attic_reference.mp4,/home/jv495/Datasets/GAIM240/attic_reference.mp4,attic_restir_level2.mp4,restir,level2,/home/jv495/Datasets/GAIM240/attic_restir_level2.mp4,attic_temporal-resolution-multiplexing_level0.mp4,temporal-resolution-multiplexing,level0,/home/jv495/Datasets/GAIM240/attic_temporal-resolution-multiplexing_level0.mp4
260,attic,INTER-DISTORTION,attic_reference.mp4,/home/jv495/Datasets/GAIM240/attic_reference.mp4,attic_restir_level2.mp4,restir,level2,/home/jv495/Datasets/GAIM240/attic_restir_level2.mp4,attic_temporal-resolution-multiplexing_level1.mp4,temporal-resolution-multiplexing,level1,/home/jv495/Datasets/GAIM240/attic_temporal-resolution-multiplexing_level1.mp4
261,attic,INTER-DISTORTION,attic_reference.mp4,/home/jv495/Datasets/GAIM240/attic_reference.mp4,attic_restir_level2.mp4,restir,level2,/home/jv495/Datasets/GAIM240/attic_restir_level2.mp4,attic_temporal-resolution-multiplexing_level2.mp4,temporal-resolution-multiplexing,level2,/home/jv495/Datasets/GAIM240/attic_temporal-resolution-multiplexing_level2.mp4
262,attic,INTRA-DISTORTION,attic_reference.mp4,/home/jv495/Datasets/GAIM240/attic_reference.mp4,attic_stutter_level0.mp4,stutter,level0,/home/jv495/Datasets/GAIM240/attic_stutter_level0.mp4,attic_stutter_level1.mp4,stutter,level1,/home/jv495/Datasets/GAIM240/attic_stutter_level1.mp4
263,attic,INTRA-DISTORTION,attic_reference.mp4,/home/jv495/Datasets/GAIM240/attic_reference.mp4,attic_stutter_level0.mp4,stutter,level0,/home/jv495/Datasets/GAIM240/attic_stutter_level0.mp4,attic_stutter_level2.mp4,stutter,level2,/home/jv495/Datasets/GAIM240/attic_stutter_level2.mp4
264,attic,INTER-DISTORTION,attic_reference.mp4,/home/jv495/Datasets/GAIM240/attic_reference.mp4,attic_stutter_level0.mp4,stutter,level0,/home/jv495/Datasets/GAIM240/attic_stutter_level0.mp4,attic_temporal-resolution-multiplexing_level0.mp4,temporal-resolution-multiplexing,level0,/home/jv495/Datasets/GAIM240/attic_temporal-resolution-multiplexing_level0.mp4
265,attic,INTER-DISTORTION,attic_reference.mp4,/home/jv495/Datasets/GAIM240/attic_reference.mp4,attic_stutter_level0.mp4,stutter,level0,/home/jv495/Datasets/GAIM240/attic_stutter_level0.mp4,attic_temporal-resolution-multiplexing_level1.mp4,temporal-resolution-multiplexing,level1,/home/jv495/Datasets/GAIM240/attic_temporal-resolution-multiplexing_level1.mp4
266,attic,INTER-DISTORTION,attic_reference.mp4,/home/jv495/Datasets/GAIM240/attic_reference.mp4,attic_stutter_level0.mp4,stutter,level0,/home/jv495/Datasets/GAIM240/attic_stutter_level0.mp4,attic_temporal-resolution-multiplexing_level2.mp4,temporal-resolution-multiplexing,level2,/home/jv495/Datasets/GAIM240/attic_temporal-resolution-multiplexing_level2.mp4
267,attic,INTRA-DISTORTION,attic_reference.mp4,/home/jv495/Datasets/GAIM240/attic_reference.mp4,attic_stutter_level1.mp4,stutter,level1,/home/jv495/Datasets/GAIM240/attic_stutter_level1.mp4,attic_stutter_level2.mp4,stutter,level2,/home/jv495/Datasets/GAIM240/attic_stutter_level2.mp4
268,attic,INTER-DISTORTION,attic_reference.mp4,/home/jv495/Datasets/GAIM240/attic_reference.mp4,attic_stutter_level1.mp4,stutter,level1,/home/jv495/Datasets/GAIM240/attic_stutter_level1.mp4,attic_temporal-resolution-multiplexing_level0.mp4,temporal-resolution-multiplexing,level0,/home/jv495/Datasets/GAIM240/attic_temporal-resolution-multiplexing_level0.mp4
269,attic,INTER-DISTORTION,attic_reference.mp4,/home/jv495/Datasets/GAIM240/attic_reference.mp4,attic_stutter_level1.mp4,stutter,level1,/home/jv495/Datasets/GAIM240/attic_stutter_level1.mp4,attic_temporal-resolution-multiplexing_level1.mp4,temporal-resolution-multiplexing,level1,/home/jv495/Datasets/GAIM240/attic_temporal-resolution-multiplexing_level1.mp4
270,attic,INTER-DISTORTION,attic_reference.mp4,/home/jv495/Datasets/GAIM240/attic_reference.mp4,attic_stutter_level1.mp4,stutter,level1,/home/jv495/Datasets/GAIM240/attic_stutter_level1.mp4,attic_temporal-resolution-multiplexing_level2.mp4,temporal-resolution-multiplexing,level2,/home/jv495/Datasets/GAIM240/attic_temporal-resolution-multiplexing_level2.mp4
271,attic,INTER-DISTORTION,attic_reference.mp4,/home/jv495/Datasets/GAIM240/attic_reference.mp4,attic_stutter_level2.mp4,stutter,level2,/home/jv495/Datasets/GAIM240/attic_stutter_level2.mp4,attic_temporal-resolution-multiplexing_level0.mp4,temporal-resolution-multiplexing,level0,/home/jv495/Datasets/GAIM240/attic_temporal-resolution-multiplexing_level0.mp4
272,attic,INTER-DISTORTION,attic_reference.mp4,/home/jv495/Datasets/GAIM240/attic_reference.mp4,attic_stutter_level2.mp4,stutter,level2,/home/jv495/Datasets/GAIM240/attic_stutter_level2.mp4,attic_temporal-resolution-multiplexing_level1.mp4,temporal-resolution-multiplexing,level1,/home/jv495/Datasets/GAIM240/attic_temporal-resolution-multiplexing_level1.mp4
273,attic,INTER-DISTORTION,attic_reference.mp4,/home/jv495/Datasets/GAIM240/attic_reference.mp4,attic_stutter_level2.mp4,stutter,level2,/home/jv495/Datasets/GAIM240/attic_stutter_level2.mp4,attic_temporal-resolution-multiplexing_level2.mp4,temporal-resolution-multiplexing,level2,/home/jv495/Datasets/GAIM240/attic_temporal-resolution-multiplexing_level2.mp4
274,attic,INTRA-DISTORTION,attic_reference.mp4,/home/jv495/Datasets/GAIM240/attic_reference.mp4,attic_temporal-resolution-multiplexing_level0.mp4,temporal-resolution-multiplexing,level0,/home/jv495/Datasets/GAIM240/attic_temporal-resolution-multiplexing_level0.mp4,attic_temporal-resolution-multiplexing_level1.mp4,temporal-resolution-multiplexing,level1,/home/jv495/Datasets/GAIM240/attic_temporal-resolution-multiplexing_level1.mp4
275,attic,INTRA-DISTORTION,attic_reference.mp4,/home/jv495/Datasets/GAIM240/attic_reference.mp4,attic_temporal-resolution-multiplexing_level0.mp4,temporal-resolution-multiplexing,level0,/home/jv495/Datasets/GAIM240/attic_temporal-resolution-multiplexing_level0.mp4,attic_temporal-resolution-multiplexing_level2.mp4,temporal-resolution-multiplexing,level2,/home/jv495/Datasets/GAIM240/attic_temporal-resolution-multiplexing_level2.mp4
276,attic,INTRA-DISTORTION,attic_reference.mp4,/home/jv495/Datasets/GAIM240/attic_reference.mp4,attic_temporal-resolution-multiplexing_level1.mp4,temporal-resolution-multiplexing,level1,/home/jv495/Datasets/GAIM240/attic_temporal-resolution-multiplexing_level1.mp4,attic_temporal-resolution-multiplexing_level2.mp4,temporal-resolution-multiplexing,level2,/home/jv495/Datasets/GAIM240/attic_temporal-resolution-multiplexing_level2.mp4
277,bistro_exterior,INTRA-DISTORTION,bistro_exterior_reference.mp4,/home/jv495/Datasets/GAIM240/bistro_exterior_reference.mp4,bistro_exterior_dlss_rr_level0.mp4,dlss_rr,level0,/home/jv495/Datasets/GAIM240/bistro_exterior_dlss_rr_level0.mp4,bistro_exterior_dlss_rr_level1.mp4,dlss_rr,level1,/home/jv495/Datasets/GAIM240/bistro_exterior_dlss_rr_level1.mp4
278,bistro_exterior,INTRA-DISTORTION,bistro_exterior_reference.mp4,/home/jv495/Datasets/GAIM240/bistro_exterior_reference.mp4,bistro_exterior_dlss_rr_level0.mp4,dlss_rr,level0,/home/jv495/Datasets/GAIM240/bistro_exterior_dlss_rr_level0.mp4,bistro_exterior_dlss_rr_level2.mp4,dlss_rr,level2,/home/jv495/Datasets/GAIM240/bistro_exterior_dlss_rr_level2.mp4
279,bistro_exterior,INTER-DISTORTION,bistro_exterior_reference.mp4,/home/jv495/Datasets/GAIM240/bistro_exterior_reference.mp4,bistro_exterior_dlss_rr_level0.mp4,dlss_rr,level0,/home/jv495/Datasets/GAIM240/bistro_exterior_dlss_rr_level0.mp4,bistro_exterior_judder_level0.mp4,judder,level0,/home/jv495/Datasets/GAIM240/bistro_exterior_judder_level0.mp4
280,bistro_exterior,INTER-DISTORTION,bistro_exterior_reference.mp4,/home/jv495/Datasets/GAIM240/bistro_exterior_reference.mp4,bistro_exterior_dlss_rr_level0.mp4,dlss_rr,level0,/home/jv495/Datasets/GAIM240/bistro_exterior_dlss_rr_level0.mp4,bistro_exterior_judder_level1.mp4,judder,level1,/home/jv495/Datasets/GAIM240/bistro_exterior_judder_level1.mp4
281,bistro_exterior,INTER-DISTORTION,bistro_exterior_reference.mp4,/home/jv495/Datasets/GAIM240/bistro_exterior_reference.mp4,bistro_exterior_dlss_rr_level0.mp4,dlss_rr,level0,/home/jv495/Datasets/GAIM240/bistro_exterior_dlss_rr_level0.mp4,bistro_exterior_judder_level2.mp4,judder,level2,/home/jv495/Datasets/GAIM240/bistro_exterior_judder_level2.mp4
282,bistro_exterior,INTER-DISTORTION,bistro_exterior_reference.mp4,/home/jv495/Datasets/GAIM240/bistro_exterior_reference.mp4,bistro_exterior_dlss_rr_level0.mp4,dlss_rr,level0,/home/jv495/Datasets/GAIM240/bistro_exterior_dlss_rr_level0.mp4,bistro_exterior_motion_noise_level0.mp4,motion_noise,level0,/home/jv495/Datasets/GAIM240/bistro_exterior_motion_noise_level0.mp4
283,bistro_exterior,INTER-DISTORTION,bistro_exterior_reference.mp4,/home/jv495/Datasets/GAIM240/bistro_exterior_reference.mp4,bistro_exterior_dlss_rr_level0.mp4,dlss_rr,level0,/home/jv495/Datasets/GAIM240/bistro_exterior_dlss_rr_level0.mp4,bistro_exterior_motion_noise_level1.mp4,motion_noise,level1,/home/jv495/Datasets/GAIM240/bistro_exterior_motion_noise_level1.mp4
284,bistro_exterior,INTER-DISTORTION,bistro_exterior_reference.mp4,/home/jv495/Datasets/GAIM240/bistro_exterior_reference.mp4,bistro_exterior_dlss_rr_level0.mp4,dlss_rr,level0,/home/jv495/Datasets/GAIM240/bistro_exterior_dlss_rr_level0.mp4,bistro_exterior_motion_noise_level2.mp4,motion_noise,level2,/home/jv495/Datasets/GAIM240/bistro_exterior_motion_noise_level2.mp4
285,bistro_exterior,INTER-DISTORTION,bistro_exterior_reference.mp4,/home/jv495/Datasets/GAIM240/bistro_exterior_reference.mp4,bistro_exterior_dlss_rr_level0.mp4,dlss_rr,level0,/home/jv495/Datasets/GAIM240/bistro_exterior_dlss_rr_level0.mp4,bistro_exterior_motion_resolution_level0.mp4,motion_resolution,level0,/home/jv495/Datasets/GAIM240/bistro_exterior_motion_resolution_level0.mp4
286,bistro_exterior,INTER-DISTORTION,bistro_exterior_reference.mp4,/home/jv495/Datasets/GAIM240/bistro_exterior_reference.mp4,bistro_exterior_dlss_rr_level0.mp4,dlss_rr,level0,/home/jv495/Datasets/GAIM240/bistro_exterior_dlss_rr_level0.mp4,bistro_exterior_motion_resolution_level1.mp4,motion_resolution,level1,/home/jv495/Datasets/GAIM240/bistro_exterior_motion_resolution_level1.mp4
287,bistro_exterior,INTER-DISTORTION,bistro_exterior_reference.mp4,/home/jv495/Datasets/GAIM240/bistro_exterior_reference.mp4,bistro_exterior_dlss_rr_level0.mp4,dlss_rr,level0,/home/jv495/Datasets/GAIM240/bistro_exterior_dlss_rr_level0.mp4,bistro_exterior_motion_resolution_level2.mp4,motion_resolution,level2,/home/jv495/Datasets/GAIM240/bistro_exterior_motion_resolution_level2.mp4
288,bistro_exterior,INTER-DISTORTION,bistro_exterior_reference.mp4,/home/jv495/Datasets/GAIM240/bistro_exterior_reference.mp4,bistro_exterior_dlss_rr_level0.mp4,dlss_rr,level0,/home/jv495/Datasets/GAIM240/bistro_exterior_dlss_rr_level0.mp4,bistro_exterior_noise_colors_level0.mp4,noise_colors,level0,/home/jv495/Datasets/GAIM240/bistro_exterior_noise_colors_level0.mp4
289,bistro_exterior,INTER-DISTORTION,bistro_exterior_reference.mp4,/home/jv495/Datasets/GAIM240/bistro_exterior_reference.mp4,bistro_exterior_dlss_rr_level0.mp4,dlss_rr,level0,/home/jv495/Datasets/GAIM240/bistro_exterior_dlss_rr_level0.mp4,bistro_exterior_noise_colors_level1.mp4,noise_colors,level1,/home/jv495/Datasets/GAIM240/bistro_exterior_noise_colors_level1.mp4
290,bistro_exterior,INTER-DISTORTION,bistro_exterior_reference.mp4,/home/jv495/Datasets/GAIM240/bistro_exterior_reference.mp4,bistro_exterior_dlss_rr_level0.mp4,dlss_rr,level0,/home/jv495/Datasets/GAIM240/bistro_exterior_dlss_rr_level0.mp4,bistro_exterior_noise_colors_level2.mp4,noise_colors,level2,/home/jv495/Datasets/GAIM240/bistro_exterior_noise_colors_level2.mp4
291,bistro_exterior,INTER-DISTORTION,bistro_exterior_reference.mp4,/home/jv495/Datasets/GAIM240/bistro_exterior_reference.mp4,bistro_exterior_dlss_rr_level0.mp4,dlss_rr,level0,/home/jv495/Datasets/GAIM240/bistro_exterior_dlss_rr_level0.mp4,bistro_exterior_restir_level0.mp4,restir,level0,/home/jv495/Datasets/GAIM240/bistro_exterior_restir_level0.mp4
292,bistro_exterior,INTER-DISTORTION,bistro_exterior_reference.mp4,/home/jv495/Datasets/GAIM240/bistro_exterior_reference.mp4,bistro_exterior_dlss_rr_level0.mp4,dlss_rr,level0,/home/jv495/Datasets/GAIM240/bistro_exterior_dlss_rr_level0.mp4,bistro_exterior_restir_level1.mp4,restir,level1,/home/jv495/Datasets/GAIM240/bistro_exterior_restir_level1.mp4
293,bistro_exterior,INTER-DISTORTION,bistro_exterior_reference.mp4,/home/jv495/Datasets/GAIM240/bistro_exterior_reference.mp4,bistro_exterior_dlss_rr_level0.mp4,dlss_rr,level0,/home/jv495/Datasets/GAIM240/bistro_exterior_dlss_rr_level0.mp4,bistro_exterior_restir_level2.mp4,restir,level2,/home/jv495/Datasets/GAIM240/bistro_exterior_restir_level2.mp4
294,bistro_exterior,INTER-DISTORTION,bistro_exterior_reference.mp4,/home/jv495/Datasets/GAIM240/bistro_exterior_reference.mp4,bistro_exterior_dlss_rr_level0.mp4,dlss_rr,level0,/home/jv495/Datasets/GAIM240/bistro_exterior_dlss_rr_level0.mp4,bistro_exterior_stutter_level0.mp4,stutter,level0,/home/jv495/Datasets/GAIM240/bistro_exterior_stutter_level0.mp4
295,bistro_exterior,INTER-DISTORTION,bistro_exterior_reference.mp4,/home/jv495/Datasets/GAIM240/bistro_exterior_reference.mp4,bistro_exterior_dlss_rr_level0.mp4,dlss_rr,level0,/home/jv495/Datasets/GAIM240/bistro_exterior_dlss_rr_level0.mp4,bistro_exterior_stutter_level1.mp4,stutter,level1,/home/jv495/Datasets/GAIM240/bistro_exterior_stutter_level1.mp4
296,bistro_exterior,INTER-DISTORTION,bistro_exterior_reference.mp4,/home/jv495/Datasets/GAIM240/bistro_exterior_reference.mp4,bistro_exterior_dlss_rr_level0.mp4,dlss_rr,level0,/home/jv495/Datasets/GAIM240/bistro_exterior_dlss_rr_level0.mp4,bistro_exterior_stutter_level2.mp4,stutter,level2,/home/jv495/Datasets/GAIM240/bistro_exterior_stutter_level2.mp4
297,bistro_exterior,INTER-DISTORTION,bistro_exterior_reference.mp4,/home/jv495/Datasets/GAIM240/bistro_exterior_reference.mp4,bistro_exterior_dlss_rr_level0.mp4,dlss_rr,level0,/home/jv495/Datasets/GAIM240/bistro_exterior_dlss_rr_level0.mp4,bistro_exterior_temporal-resolution-multiplexing_level0.mp4,temporal-resolution-multiplexing,level0,/home/jv495/Datasets/GAIM240/bistro_exterior_temporal-resolution-multiplexing_level0.mp4
298,bistro_exterior,INTER-DISTORTION,bistro_exterior_reference.mp4,/home/jv495/Datasets/GAIM240/bistro_exterior_reference.mp4,bistro_exterior_dlss_rr_level0.mp4,dlss_rr,level0,/home/jv495/Datasets/GAIM240/bistro_exterior_dlss_rr_level0.mp4,bistro_exterior_temporal-resolution-multiplexing_level1.mp4,temporal-resolution-multiplexing,level1,/home/jv495/Datasets/GAIM240/bistro_exterior_temporal-resolution-multiplexing_level1.mp4
299,bistro_exterior,INTER-DISTORTION,bistro_exterior_reference.mp4,/home/jv495/Datasets/GAIM240/bistro_exterior_reference.mp4,bistro_exterior_dlss_rr_level0.mp4,dlss_rr,level0,/home/jv495/Datasets/GAIM240/bistro_exterior_dlss_rr_level0.mp4,bistro_exterior_temporal-resolution-multiplexing_level2.mp4,temporal-resolution-multiplexing,level2,/home/jv495/Datasets/GAIM240/bistro_exterior_temporal-resolution-multiplexing_level2.mp4
300,bistro_exterior,INTRA-DISTORTION,bistro_exterior_reference.mp4,/home/jv495/Datasets/GAIM240/bistro_exterior_reference.mp4,bistro_exterior_dlss_rr_level1.mp4,dlss_rr,level1,/home/jv495/Datasets/GAIM240/bistro_exterior_dlss_rr_level1.mp4,bistro_exterior_dlss_rr_level2.mp4,dlss_rr,level2,/home/jv495/Datasets/GAIM240/bistro_exterior_dlss_rr_level2.mp4
301,bistro_exterior,INTER-DISTORTION,bistro_exterior_reference.mp4,/home/jv495/Datasets/GAIM240/bistro_exterior_reference.mp4,bistro_exterior_dlss_rr_level1.mp4,dlss_rr,level1,/home/jv495/Datasets/GAIM240/bistro_exterior_dlss_rr_level1.mp4,bistro_exterior_judder_level0.mp4,judder,level0,/home/jv495/Datasets/GAIM240/bistro_exterior_judder_level0.mp4
302,bistro_exterior,INTER-DISTORTION,bistro_exterior_reference.mp4,/home/jv495/Datasets/GAIM240/bistro_exterior_reference.mp4,bistro_exterior_dlss_rr_level1.mp4,dlss_rr,level1,/home/jv495/Datasets/GAIM240/bistro_exterior_dlss_rr_level1.mp4,bistro_exterior_judder_level1.mp4,judder,level1,/home/jv495/Datasets/GAIM240/bistro_exterior_judder_level1.mp4
303,bistro_exterior,INTER-DISTORTION,bistro_exterior_reference.mp4,/home/jv495/Datasets/GAIM240/bistro_exterior_reference.mp4,bistro_exterior_dlss_rr_level1.mp4,dlss_rr,level1,/home/jv495/Datasets/GAIM240/bistro_exterior_dlss_rr_level1.mp4,bistro_exterior_judder_level2.mp4,judder,level2,/home/jv495/Datasets/GAIM240/bistro_exterior_judder_level2.mp4
304,bistro_exterior,INTER-DISTORTION,bistro_exterior_reference.mp4,/home/jv495/Datasets/GAIM240/bistro_exterior_reference.mp4,bistro_exterior_dlss_rr_level1.mp4,dlss_rr,level1,/home/jv495/Datasets/GAIM240/bistro_exterior_dlss_rr_level1.mp4,bistro_exterior_motion_noise_level0.mp4,motion_noise,level0,/home/jv495/Datasets/GAIM240/bistro_exterior_motion_noise_level0.mp4
305,bistro_exterior,INTER-DISTORTION,bistro_exterior_reference.mp4,/home/jv495/Datasets/GAIM240/bistro_exterior_reference.mp4,bistro_exterior_dlss_rr_level1.mp4,dlss_rr,level1,/home/jv495/Datasets/GAIM240/bistro_exterior_dlss_rr_level1.mp4,bistro_exterior_motion_noise_level1.mp4,motion_noise,level1,/home/jv495/Datasets/GAIM240/bistro_exterior_motion_noise_level1.mp4
306,bistro_exterior,INTER-DISTORTION,bistro_exterior_reference.mp4,/home/jv495/Datasets/GAIM240/bistro_exterior_reference.mp4,bistro_exterior_dlss_rr_level1.mp4,dlss_rr,level1,/home/jv495/Datasets/GAIM240/bistro_exterior_dlss_rr_level1.mp4,bistro_exterior_motion_noise_level2.mp4,motion_noise,level2,/home/jv495/Datasets/GAIM240/bistro_exterior_motion_noise_level2.mp4
307,bistro_exterior,INTER-DISTORTION,bistro_exterior_reference.mp4,/home/jv495/Datasets/GAIM240/bistro_exterior_reference.mp4,bistro_exterior_dlss_rr_level1.mp4,dlss_rr,level1,/home/jv495/Datasets/GAIM240/bistro_exterior_dlss_rr_level1.mp4,bistro_exterior_motion_resolution_level0.mp4,motion_resolution,level0,/home/jv495/Datasets/GAIM240/bistro_exterior_motion_resolution_level0.mp4
308,bistro_exterior,INTER-DISTORTION,bistro_exterior_reference.mp4,/home/jv495/Datasets/GAIM240/bistro_exterior_reference.mp4,bistro_exterior_dlss_rr_level1.mp4,dlss_rr,level1,/home/jv495/Datasets/GAIM240/bistro_exterior_dlss_rr_level1.mp4,bistro_exterior_motion_resolution_level1.mp4,motion_resolution,level1,/home/jv495/Datasets/GAIM240/bistro_exterior_motion_resolution_level1.mp4
309,bistro_exterior,INTER-DISTORTION,bistro_exterior_reference.mp4,/home/jv495/Datasets/GAIM240/bistro_exterior_reference.mp4,bistro_exterior_dlss_rr_level1.mp4,dlss_rr,level1,/home/jv495/Datasets/GAIM240/bistro_exterior_dlss_rr_level1.mp4,bistro_exterior_motion_resolution_level2.mp4,motion_resolution,level2,/home/jv495/Datasets/GAIM240/bistro_exterior_motion_resolution_level2.mp4
310,bistro_exterior,INTER-DISTORTION,bistro_exterior_reference.mp4,/home/jv495/Datasets/GAIM240/bistro_exterior_reference.mp4,bistro_exterior_dlss_rr_level1.mp4,dlss_rr,level1,/home/jv495/Datasets/GAIM240/bistro_exterior_dlss_rr_level1.mp4,bistro_exterior_noise_colors_level0.mp4,noise_colors,level0,/home/jv495/Datasets/GAIM240/bistro_exterior_noise_colors_level0.mp4
311,bistro_exterior,INTER-DISTORTION,bistro_exterior_reference.mp4,/home/jv495/Datasets/GAIM240/bistro_exterior_reference.mp4,bistro_exterior_dlss_rr_level1.mp4,dlss_rr,level1,/home/jv495/Datasets/GAIM240/bistro_exterior_dlss_rr_level1.mp4,bistro_exterior_noise_colors_level1.mp4,noise_colors,level1,/home/jv495/Datasets/GAIM240/bistro_exterior_noise_colors_level1.mp4
312,bistro_exterior,INTER-DISTORTION,bistro_exterior_reference.mp4,/home/jv495/Datasets/GAIM240/bistro_exterior_reference.mp4,bistro_exterior_dlss_rr_level1.mp4,dlss_rr,level1,/home/jv495/Datasets/GAIM240/bistro_exterior_dlss_rr_level1.mp4,bistro_exterior_noise_colors_level2.mp4,noise_colors,level2,/home/jv495/Datasets/GAIM240/bistro_exterior_noise_colors_level2.mp4
313,bistro_exterior,INTER-DISTORTION,bistro_exterior_reference.mp4,/home/jv495/Datasets/GAIM240/bistro_exterior_reference.mp4,bistro_exterior_dlss_rr_level1.mp4,dlss_rr,level1,/home/jv495/Datasets/GAIM240/bistro_exterior_dlss_rr_level1.mp4,bistro_exterior_restir_level0.mp4,restir,level0,/home/jv495/Datasets/GAIM240/bistro_exterior_restir_level0.mp4
314,bistro_exterior,INTER-DISTORTION,bistro_exterior_reference.mp4,/home/jv495/Datasets/GAIM240/bistro_exterior_reference.mp4,bistro_exterior_dlss_rr_level1.mp4,dlss_rr,level1,/home/jv495/Datasets/GAIM240/bistro_exterior_dlss_rr_level1.mp4,bistro_exterior_restir_level1.mp4,restir,level1,/home/jv495/Datasets/GAIM240/bistro_exterior_restir_level1.mp4
315,bistro_exterior,INTER-DISTORTION,bistro_exterior_reference.mp4,/home/jv495/Datasets/GAIM240/bistro_exterior_reference.mp4,bistro_exterior_dlss_rr_level1.mp4,dlss_rr,level1,/home/jv495/Datasets/GAIM240/bistro_exterior_dlss_rr_level1.mp4,bistro_exterior_restir_level2.mp4,restir,level2,/home/jv495/Datasets/GAIM240/bistro_exterior_restir_level2.mp4
316,bistro_exterior,INTER-DISTORTION,bistro_exterior_reference.mp4,/home/jv495/Datasets/GAIM240/bistro_exterior_reference.mp4,bistro_exterior_dlss_rr_level1.mp4,dlss_rr,level1,/home/jv495/Datasets/GAIM240/bistro_exterior_dlss_rr_level1.mp4,bistro_exterior_stutter_level0.mp4,stutter,level0,/home/jv495/Datasets/GAIM240/bistro_exterior_stutter_level0.mp4
317,bistro_exterior,INTER-DISTORTION,bistro_exterior_reference.mp4,/home/jv495/Datasets/GAIM240/bistro_exterior_reference.mp4,bistro_exterior_dlss_rr_level1.mp4,dlss_rr,level1,/home/jv495/Datasets/GAIM240/bistro_exterior_dlss_rr_level1.mp4,bistro_exterior_stutter_level1.mp4,stutter,level1,/home/jv495/Datasets/GAIM240/bistro_exterior_stutter_level1.mp4
318,bistro_exterior,INTER-DISTORTION,bistro_exterior_reference.mp4,/home/jv495/Datasets/GAIM240/bistro_exterior_reference.mp4,bistro_exterior_dlss_rr_level1.mp4,dlss_rr,level1,/home/jv495/Datasets/GAIM240/bistro_exterior_dlss_rr_level1.mp4,bistro_exterior_stutter_level2.mp4,stutter,level2,/home/jv495/Datasets/GAIM240/bistro_exterior_stutter_level2.mp4
319,bistro_exterior,INTER-DISTORTION,bistro_exterior_reference.mp4,/home/jv495/Datasets/GAIM240/bistro_exterior_reference.mp4,bistro_exterior_dlss_rr_level1.mp4,dlss_rr,level1,/home/jv495/Datasets/GAIM240/bistro_exterior_dlss_rr_level1.mp4,bistro_exterior_temporal-resolution-multiplexing_level0.mp4,temporal-resolution-multiplexing,level0,/home/jv495/Datasets/GAIM240/bistro_exterior_temporal-resolution-multiplexing_level0.mp4
320,bistro_exterior,INTER-DISTORTION,bistro_exterior_reference.mp4,/home/jv495/Datasets/GAIM240/bistro_exterior_reference.mp4,bistro_exterior_dlss_rr_level1.mp4,dlss_rr,level1,/home/jv495/Datasets/GAIM240/bistro_exterior_dlss_rr_level1.mp4,bistro_exterior_temporal-resolution-multiplexing_level1.mp4,temporal-resolution-multiplexing,level1,/home/jv495/Datasets/GAIM240/bistro_exterior_temporal-resolution-multiplexing_level1.mp4
321,bistro_exterior,INTER-DISTORTION,bistro_exterior_reference.mp4,/home/jv495/Datasets/GAIM240/bistro_exterior_reference.mp4,bistro_exterior_dlss_rr_level1.mp4,dlss_rr,level1,/home/jv495/Datasets/GAIM240/bistro_exterior_dlss_rr_level1.mp4,bistro_exterior_temporal-resolution-multiplexing_level2.mp4,temporal-resolution-multiplexing,level2,/home/jv495/Datasets/GAIM240/bistro_exterior_temporal-resolution-multiplexing_level2.mp4
322,bistro_exterior,INTER-DISTORTION,bistro_exterior_reference.mp4,/home/jv495/Datasets/GAIM240/bistro_exterior_reference.mp4,bistro_exterior_dlss_rr_level2.mp4,dlss_rr,level2,/home/jv495/Datasets/GAIM240/bistro_exterior_dlss_rr_level2.mp4,bistro_exterior_judder_level0.mp4,judder,level0,/home/jv495/Datasets/GAIM240/bistro_exterior_judder_level0.mp4
323,bistro_exterior,INTER-DISTORTION,bistro_exterior_reference.mp4,/home/jv495/Datasets/GAIM240/bistro_exterior_reference.mp4,bistro_exterior_dlss_rr_level2.mp4,dlss_rr,level2,/home/jv495/Datasets/GAIM240/bistro_exterior_dlss_rr_level2.mp4,bistro_exterior_judder_level1.mp4,judder,level1,/home/jv495/Datasets/GAIM240/bistro_exterior_judder_level1.mp4
324,bistro_exterior,INTER-DISTORTION,bistro_exterior_reference.mp4,/home/jv495/Datasets/GAIM240/bistro_exterior_reference.mp4,bistro_exterior_dlss_rr_level2.mp4,dlss_rr,level2,/home/jv495/Datasets/GAIM240/bistro_exterior_dlss_rr_level2.mp4,bistro_exterior_judder_level2.mp4,judder,level2,/home/jv495/Datasets/GAIM240/bistro_exterior_judder_level2.mp4
325,bistro_exterior,INTER-DISTORTION,bistro_exterior_reference.mp4,/home/jv495/Datasets/GAIM240/bistro_exterior_reference.mp4,bistro_exterior_dlss_rr_level2.mp4,dlss_rr,level2,/home/jv495/Datasets/GAIM240/bistro_exterior_dlss_rr_level2.mp4,bistro_exterior_motion_noise_level0.mp4,motion_noise,level0,/home/jv495/Datasets/GAIM240/bistro_exterior_motion_noise_level0.mp4
326,bistro_exterior,INTER-DISTORTION,bistro_exterior_reference.mp4,/home/jv495/Datasets/GAIM240/bistro_exterior_reference.mp4,bistro_exterior_dlss_rr_level2.mp4,dlss_rr,level2,/home/jv495/Datasets/GAIM240/bistro_exterior_dlss_rr_level2.mp4,bistro_exterior_motion_noise_level1.mp4,motion_noise,level1,/home/jv495/Datasets/GAIM240/bistro_exterior_motion_noise_level1.mp4
327,bistro_exterior,INTER-DISTORTION,bistro_exterior_reference.mp4,/home/jv495/Datasets/GAIM240/bistro_exterior_reference.mp4,bistro_exterior_dlss_rr_level2.mp4,dlss_rr,level2,/home/jv495/Datasets/GAIM240/bistro_exterior_dlss_rr_level2.mp4,bistro_exterior_motion_noise_level2.mp4,motion_noise,level2,/home/jv495/Datasets/GAIM240/bistro_exterior_motion_noise_level2.mp4
328,bistro_exterior,INTER-DISTORTION,bistro_exterior_reference.mp4,/home/jv495/Datasets/GAIM240/bistro_exterior_reference.mp4,bistro_exterior_dlss_rr_level2.mp4,dlss_rr,level2,/home/jv495/Datasets/GAIM240/bistro_exterior_dlss_rr_level2.mp4,bistro_exterior_motion_resolution_level0.mp4,motion_resolution,level0,/home/jv495/Datasets/GAIM240/bistro_exterior_motion_resolution_level0.mp4
329,bistro_exterior,INTER-DISTORTION,bistro_exterior_reference.mp4,/home/jv495/Datasets/GAIM240/bistro_exterior_reference.mp4,bistro_exterior_dlss_rr_level2.mp4,dlss_rr,level2,/home/jv495/Datasets/GAIM240/bistro_exterior_dlss_rr_level2.mp4,bistro_exterior_motion_resolution_level1.mp4,motion_resolution,level1,/home/jv495/Datasets/GAIM240/bistro_exterior_motion_resolution_level1.mp4
330,bistro_exterior,INTER-DISTORTION,bistro_exterior_reference.mp4,/home/jv495/Datasets/GAIM240/bistro_exterior_reference.mp4,bistro_exterior_dlss_rr_level2.mp4,dlss_rr,level2,/home/jv495/Datasets/GAIM240/bistro_exterior_dlss_rr_level2.mp4,bistro_exterior_motion_resolution_level2.mp4,motion_resolution,level2,/home/jv495/Datasets/GAIM240/bistro_exterior_motion_resolution_level2.mp4
331,bistro_exterior,INTER-DISTORTION,bistro_exterior_reference.mp4,/home/jv495/Datasets/GAIM240/bistro_exterior_reference.mp4,bistro_exterior_dlss_rr_level2.mp4,dlss_rr,level2,/home/jv495/Datasets/GAIM240/bistro_exterior_dlss_rr_level2.mp4,bistro_exterior_noise_colors_level0.mp4,noise_colors,level0,/home/jv495/Datasets/GAIM240/bistro_exterior_noise_colors_level0.mp4
332,bistro_exterior,INTER-DISTORTION,bistro_exterior_reference.mp4,/home/jv495/Datasets/GAIM240/bistro_exterior_reference.mp4,bistro_exterior_dlss_rr_level2.mp4,dlss_rr,level2,/home/jv495/Datasets/GAIM240/bistro_exterior_dlss_rr_level2.mp4,bistro_exterior_noise_colors_level1.mp4,noise_colors,level1,/home/jv495/Datasets/GAIM240/bistro_exterior_noise_colors_level1.mp4
333,bistro_exterior,INTER-DISTORTION,bistro_exterior_reference.mp4,/home/jv495/Datasets/GAIM240/bistro_exterior_reference.mp4,bistro_exterior_dlss_rr_level2.mp4,dlss_rr,level2,/home/jv495/Datasets/GAIM240/bistro_exterior_dlss_rr_level2.mp4,bistro_exterior_noise_colors_level2.mp4,noise_colors,level2,/home/jv495/Datasets/GAIM240/bistro_exterior_noise_colors_level2.mp4
334,bistro_exterior,INTER-DISTORTION,bistro_exterior_reference.mp4,/home/jv495/Datasets/GAIM240/bistro_exterior_reference.mp4,bistro_exterior_dlss_rr_level2.mp4,dlss_rr,level2,/home/jv495/Datasets/GAIM240/bistro_exterior_dlss_rr_level2.mp4,bistro_exterior_restir_level0.mp4,restir,level0,/home/jv495/Datasets/GAIM240/bistro_exterior_restir_level0.mp4
335,bistro_exterior,INTER-DISTORTION,bistro_exterior_reference.mp4,/home/jv495/Datasets/GAIM240/bistro_exterior_reference.mp4,bistro_exterior_dlss_rr_level2.mp4,dlss_rr,level2,/home/jv495/Datasets/GAIM240/bistro_exterior_dlss_rr_level2.mp4,bistro_exterior_restir_level1.mp4,restir,level1,/home/jv495/Datasets/GAIM240/bistro_exterior_restir_level1.mp4
336,bistro_exterior,INTER-DISTORTION,bistro_exterior_reference.mp4,/home/jv495/Datasets/GAIM240/bistro_exterior_reference.mp4,bistro_exterior_dlss_rr_level2.mp4,dlss_rr,level2,/home/jv495/Datasets/GAIM240/bistro_exterior_dlss_rr_level2.mp4,bistro_exterior_restir_level2.mp4,restir,level2,/home/jv495/Datasets/GAIM240/bistro_exterior_restir_level2.mp4
337,bistro_exterior,INTER-DISTORTION,bistro_exterior_reference.mp4,/home/jv495/Datasets/GAIM240/bistro_exterior_reference.mp4,bistro_exterior_dlss_rr_level2.mp4,dlss_rr,level2,/home/jv495/Datasets/GAIM240/bistro_exterior_dlss_rr_level2.mp4,bistro_exterior_stutter_level0.mp4,stutter,level0,/home/jv495/Datasets/GAIM240/bistro_exterior_stutter_level0.mp4
338,bistro_exterior,INTER-DISTORTION,bistro_exterior_reference.mp4,/home/jv495/Datasets/GAIM240/bistro_exterior_reference.mp4,bistro_exterior_dlss_rr_level2.mp4,dlss_rr,level2,/home/jv495/Datasets/GAIM240/bistro_exterior_dlss_rr_level2.mp4,bistro_exterior_stutter_level1.mp4,stutter,level1,/home/jv495/Datasets/GAIM240/bistro_exterior_stutter_level1.mp4
339,bistro_exterior,INTER-DISTORTION,bistro_exterior_reference.mp4,/home/jv495/Datasets/GAIM240/bistro_exterior_reference.mp4,bistro_exterior_dlss_rr_level2.mp4,dlss_rr,level2,/home/jv495/Datasets/GAIM240/bistro_exterior_dlss_rr_level2.mp4,bistro_exterior_stutter_level2.mp4,stutter,level2,/home/jv495/Datasets/GAIM240/bistro_exterior_stutter_level2.mp4
340,bistro_exterior,INTER-DISTORTION,bistro_exterior_reference.mp4,/home/jv495/Datasets/GAIM240/bistro_exterior_reference.mp4,bistro_exterior_dlss_rr_level2.mp4,dlss_rr,level2,/home/jv495/Datasets/GAIM240/bistro_exterior_dlss_rr_level2.mp4,bistro_exterior_temporal-resolution-multiplexing_level0.mp4,temporal-resolution-multiplexing,level0,/home/jv495/Datasets/GAIM240/bistro_exterior_temporal-resolution-multiplexing_level0.mp4
341,bistro_exterior,INTER-DISTORTION,bistro_exterior_reference.mp4,/home/jv495/Datasets/GAIM240/bistro_exterior_reference.mp4,bistro_exterior_dlss_rr_level2.mp4,dlss_rr,level2,/home/jv495/Datasets/GAIM240/bistro_exterior_dlss_rr_level2.mp4,bistro_exterior_temporal-resolution-multiplexing_level1.mp4,temporal-resolution-multiplexing,level1,/home/jv495/Datasets/GAIM240/bistro_exterior_temporal-resolution-multiplexing_level1.mp4
342,bistro_exterior,INTER-DISTORTION,bistro_exterior_reference.mp4,/home/jv495/Datasets/GAIM240/bistro_exterior_reference.mp4,bistro_exterior_dlss_rr_level2.mp4,dlss_rr,level2,/home/jv495/Datasets/GAIM240/bistro_exterior_dlss_rr_level2.mp4,bistro_exterior_temporal-resolution-multiplexing_level2.mp4,temporal-resolution-multiplexing,level2,/home/jv495/Datasets/GAIM240/bistro_exterior_temporal-resolution-multiplexing_level2.mp4
343,bistro_exterior,INTRA-DISTORTION,bistro_exterior_reference.mp4,/home/jv495/Datasets/GAIM240/bistro_exterior_reference.mp4,bistro_exterior_judder_level0.mp4,judder,level0,/home/jv495/Datasets/GAIM240/bistro_exterior_judder_level0.mp4,bistro_exterior_judder_level1.mp4,judder,level1,/home/jv495/Datasets/GAIM240/bistro_exterior_judder_level1.mp4
344,bistro_exterior,INTRA-DISTORTION,bistro_exterior_reference.mp4,/home/jv495/Datasets/GAIM240/bistro_exterior_reference.mp4,bistro_exterior_judder_level0.mp4,judder,level0,/home/jv495/Datasets/GAIM240/bistro_exterior_judder_level0.mp4,bistro_exterior_judder_level2.mp4,judder,level2,/home/jv495/Datasets/GAIM240/bistro_exterior_judder_level2.mp4
345,bistro_exterior,INTER-DISTORTION,bistro_exterior_reference.mp4,/home/jv495/Datasets/GAIM240/bistro_exterior_reference.mp4,bistro_exterior_judder_level0.mp4,judder,level0,/home/jv495/Datasets/GAIM240/bistro_exterior_judder_level0.mp4,bistro_exterior_motion_noise_level0.mp4,motion_noise,level0,/home/jv495/Datasets/GAIM240/bistro_exterior_motion_noise_level0.mp4
346,bistro_exterior,INTER-DISTORTION,bistro_exterior_reference.mp4,/home/jv495/Datasets/GAIM240/bistro_exterior_reference.mp4,bistro_exterior_judder_level0.mp4,judder,level0,/home/jv495/Datasets/GAIM240/bistro_exterior_judder_level0.mp4,bistro_exterior_motion_noise_level1.mp4,motion_noise,level1,/home/jv495/Datasets/GAIM240/bistro_exterior_motion_noise_level1.mp4
347,bistro_exterior,INTER-DISTORTION,bistro_exterior_reference.mp4,/home/jv495/Datasets/GAIM240/bistro_exterior_reference.mp4,bistro_exterior_judder_level0.mp4,judder,level0,/home/jv495/Datasets/GAIM240/bistro_exterior_judder_level0.mp4,bistro_exterior_motion_noise_level2.mp4,motion_noise,level2,/home/jv495/Datasets/GAIM240/bistro_exterior_motion_noise_level2.mp4
348,bistro_exterior,INTER-DISTORTION,bistro_exterior_reference.mp4,/home/jv495/Datasets/GAIM240/bistro_exterior_reference.mp4,bistro_exterior_judder_level0.mp4,judder,level0,/home/jv495/Datasets/GAIM240/bistro_exterior_judder_level0.mp4,bistro_exterior_motion_resolution_level0.mp4,motion_resolution,level0,/home/jv495/Datasets/GAIM240/bistro_exterior_motion_resolution_level0.mp4
349,bistro_exterior,INTER-DISTORTION,bistro_exterior_reference.mp4,/home/jv495/Datasets/GAIM240/bistro_exterior_reference.mp4,bistro_exterior_judder_level0.mp4,judder,level0,/home/jv495/Datasets/GAIM240/bistro_exterior_judder_level0.mp4,bistro_exterior_motion_resolution_level1.mp4,motion_resolution,level1,/home/jv495/Datasets/GAIM240/bistro_exterior_motion_resolution_level1.mp4
350,bistro_exterior,INTER-DISTORTION,bistro_exterior_reference.mp4,/home/jv495/Datasets/GAIM240/bistro_exterior_reference.mp4,bistro_exterior_judder_level0.mp4,judder,level0,/home/jv495/Datasets/GAIM240/bistro_exterior_judder_level0.mp4,bistro_exterior_motion_resolution_level2.mp4,motion_resolution,level2,/home/jv495/Datasets/GAIM240/bistro_exterior_motion_resolution_level2.mp4
351,bistro_exterior,INTER-DISTORTION,bistro_exterior_reference.mp4,/home/jv495/Datasets/GAIM240/bistro_exterior_reference.mp4,bistro_exterior_judder_level0.mp4,judder,level0,/home/jv495/Datasets/GAIM240/bistro_exterior_judder_level0.mp4,bistro_exterior_noise_colors_level0.mp4,noise_colors,level0,/home/jv495/Datasets/GAIM240/bistro_exterior_noise_colors_level0.mp4
352,bistro_exterior,INTER-DISTORTION,bistro_exterior_reference.mp4,/home/jv495/Datasets/GAIM240/bistro_exterior_reference.mp4,bistro_exterior_judder_level0.mp4,judder,level0,/home/jv495/Datasets/GAIM240/bistro_exterior_judder_level0.mp4,bistro_exterior_noise_colors_level1.mp4,noise_colors,level1,/home/jv495/Datasets/GAIM240/bistro_exterior_noise_colors_level1.mp4
353,bistro_exterior,INTER-DISTORTION,bistro_exterior_reference.mp4,/home/jv495/Datasets/GAIM240/bistro_exterior_reference.mp4,bistro_exterior_judder_level0.mp4,judder,level0,/home/jv495/Datasets/GAIM240/bistro_exterior_judder_level0.mp4,bistro_exterior_noise_colors_level2.mp4,noise_colors,level2,/home/jv495/Datasets/GAIM240/bistro_exterior_noise_colors_level2.mp4
354,bistro_exterior,INTER-DISTORTION,bistro_exterior_reference.mp4,/home/jv495/Datasets/GAIM240/bistro_exterior_reference.mp4,bistro_exterior_judder_level0.mp4,judder,level0,/home/jv495/Datasets/GAIM240/bistro_exterior_judder_level0.mp4,bistro_exterior_restir_level0.mp4,restir,level0,/home/jv495/Datasets/GAIM240/bistro_exterior_restir_level0.mp4
355,bistro_exterior,INTER-DISTORTION,bistro_exterior_reference.mp4,/home/jv495/Datasets/GAIM240/bistro_exterior_reference.mp4,bistro_exterior_judder_level0.mp4,judder,level0,/home/jv495/Datasets/GAIM240/bistro_exterior_judder_level0.mp4,bistro_exterior_restir_level1.mp4,restir,level1,/home/jv495/Datasets/GAIM240/bistro_exterior_restir_level1.mp4
356,bistro_exterior,INTER-DISTORTION,bistro_exterior_reference.mp4,/home/jv495/Datasets/GAIM240/bistro_exterior_reference.mp4,bistro_exterior_judder_level0.mp4,judder,level0,/home/jv495/Datasets/GAIM240/bistro_exterior_judder_level0.mp4,bistro_exterior_restir_level2.mp4,restir,level2,/home/jv495/Datasets/GAIM240/bistro_exterior_restir_level2.mp4
357,bistro_exterior,INTER-DISTORTION,bistro_exterior_reference.mp4,/home/jv495/Datasets/GAIM240/bistro_exterior_reference.mp4,bistro_exterior_judder_level0.mp4,judder,level0,/home/jv495/Datasets/GAIM240/bistro_exterior_judder_level0.mp4,bistro_exterior_stutter_level0.mp4,stutter,level0,/home/jv495/Datasets/GAIM240/bistro_exterior_stutter_level0.mp4
358,bistro_exterior,INTER-DISTORTION,bistro_exterior_reference.mp4,/home/jv495/Datasets/GAIM240/bistro_exterior_reference.mp4,bistro_exterior_judder_level0.mp4,judder,level0,/home/jv495/Datasets/GAIM240/bistro_exterior_judder_level0.mp4,bistro_exterior_stutter_level1.mp4,stutter,level1,/home/jv495/Datasets/GAIM240/bistro_exterior_stutter_level1.mp4
359,bistro_exterior,INTER-DISTORTION,bistro_exterior_reference.mp4,/home/jv495/Datasets/GAIM240/bistro_exterior_reference.mp4,bistro_exterior_judder_level0.mp4,judder,level0,/home/jv495/Datasets/GAIM240/bistro_exterior_judder_level0.mp4,bistro_exterior_stutter_level2.mp4,stutter,level2,/home/jv495/Datasets/GAIM240/bistro_exterior_stutter_level2.mp4
360,bistro_exterior,INTER-DISTORTION,bistro_exterior_reference.mp4,/home/jv495/Datasets/GAIM240/bistro_exterior_reference.mp4,bistro_exterior_judder_level0.mp4,judder,level0,/home/jv495/Datasets/GAIM240/bistro_exterior_judder_level0.mp4,bistro_exterior_temporal-resolution-multiplexing_level0.mp4,temporal-resolution-multiplexing,level0,/home/jv495/Datasets/GAIM240/bistro_exterior_temporal-resolution-multiplexing_level0.mp4
361,bistro_exterior,INTER-DISTORTION,bistro_exterior_reference.mp4,/home/jv495/Datasets/GAIM240/bistro_exterior_reference.mp4,bistro_exterior_judder_level0.mp4,judder,level0,/home/jv495/Datasets/GAIM240/bistro_exterior_judder_level0.mp4,bistro_exterior_temporal-resolution-multiplexing_level1.mp4,temporal-resolution-multiplexing,level1,/home/jv495/Datasets/GAIM240/bistro_exterior_temporal-resolution-multiplexing_level1.mp4
362,bistro_exterior,INTER-DISTORTION,bistro_exterior_reference.mp4,/home/jv495/Datasets/GAIM240/bistro_exterior_reference.mp4,bistro_exterior_judder_level0.mp4,judder,level0,/home/jv495/Datasets/GAIM240/bistro_exterior_judder_level0.mp4,bistro_exterior_temporal-resolution-multiplexing_level2.mp4,temporal-resolution-multiplexing,level2,/home/jv495/Datasets/GAIM240/bistro_exterior_temporal-resolution-multiplexing_level2.mp4
363,bistro_exterior,INTRA-DISTORTION,bistro_exterior_reference.mp4,/home/jv495/Datasets/GAIM240/bistro_exterior_reference.mp4,bistro_exterior_judder_level1.mp4,judder,level1,/home/jv495/Datasets/GAIM240/bistro_exterior_judder_level1.mp4,bistro_exterior_judder_level2.mp4,judder,level2,/home/jv495/Datasets/GAIM240/bistro_exterior_judder_level2.mp4
364,bistro_exterior,INTER-DISTORTION,bistro_exterior_reference.mp4,/home/jv495/Datasets/GAIM240/bistro_exterior_reference.mp4,bistro_exterior_judder_level1.mp4,judder,level1,/home/jv495/Datasets/GAIM240/bistro_exterior_judder_level1.mp4,bistro_exterior_motion_noise_level0.mp4,motion_noise,level0,/home/jv495/Datasets/GAIM240/bistro_exterior_motion_noise_level0.mp4
365,bistro_exterior,INTER-DISTORTION,bistro_exterior_reference.mp4,/home/jv495/Datasets/GAIM240/bistro_exterior_reference.mp4,bistro_exterior_judder_level1.mp4,judder,level1,/home/jv495/Datasets/GAIM240/bistro_exterior_judder_level1.mp4,bistro_exterior_motion_noise_level1.mp4,motion_noise,level1,/home/jv495/Datasets/GAIM240/bistro_exterior_motion_noise_level1.mp4
366,bistro_exterior,INTER-DISTORTION,bistro_exterior_reference.mp4,/home/jv495/Datasets/GAIM240/bistro_exterior_reference.mp4,bistro_exterior_judder_level1.mp4,judder,level1,/home/jv495/Datasets/GAIM240/bistro_exterior_judder_level1.mp4,bistro_exterior_motion_noise_level2.mp4,motion_noise,level2,/home/jv495/Datasets/GAIM240/bistro_exterior_motion_noise_level2.mp4
367,bistro_exterior,INTER-DISTORTION,bistro_exterior_reference.mp4,/home/jv495/Datasets/GAIM240/bistro_exterior_reference.mp4,bistro_exterior_judder_level1.mp4,judder,level1,/home/jv495/Datasets/GAIM240/bistro_exterior_judder_level1.mp4,bistro_exterior_motion_resolution_level0.mp4,motion_resolution,level0,/home/jv495/Datasets/GAIM240/bistro_exterior_motion_resolution_level0.mp4
368,bistro_exterior,INTER-DISTORTION,bistro_exterior_reference.mp4,/home/jv495/Datasets/GAIM240/bistro_exterior_reference.mp4,bistro_exterior_judder_level1.mp4,judder,level1,/home/jv495/Datasets/GAIM240/bistro_exterior_judder_level1.mp4,bistro_exterior_motion_resolution_level1.mp4,motion_resolution,level1,/home/jv495/Datasets/GAIM240/bistro_exterior_motion_resolution_level1.mp4
369,bistro_exterior,INTER-DISTORTION,bistro_exterior_reference.mp4,/home/jv495/Datasets/GAIM240/bistro_exterior_reference.mp4,bistro_exterior_judder_level1.mp4,judder,level1,/home/jv495/Datasets/GAIM240/bistro_exterior_judder_level1.mp4,bistro_exterior_motion_resolution_level2.mp4,motion_resolution,level2,/home/jv495/Datasets/GAIM240/bistro_exterior_motion_resolution_level2.mp4
370,bistro_exterior,INTER-DISTORTION,bistro_exterior_reference.mp4,/home/jv495/Datasets/GAIM240/bistro_exterior_reference.mp4,bistro_exterior_judder_level1.mp4,judder,level1,/home/jv495/Datasets/GAIM240/bistro_exterior_judder_level1.mp4,bistro_exterior_noise_colors_level0.mp4,noise_colors,level0,/home/jv495/Datasets/GAIM240/bistro_exterior_noise_colors_level0.mp4
371,bistro_exterior,INTER-DISTORTION,bistro_exterior_reference.mp4,/home/jv495/Datasets/GAIM240/bistro_exterior_reference.mp4,bistro_exterior_judder_level1.mp4,judder,level1,/home/jv495/Datasets/GAIM240/bistro_exterior_judder_level1.mp4,bistro_exterior_noise_colors_level1.mp4,noise_colors,level1,/home/jv495/Datasets/GAIM240/bistro_exterior_noise_colors_level1.mp4
372,bistro_exterior,INTER-DISTORTION,bistro_exterior_reference.mp4,/home/jv495/Datasets/GAIM240/bistro_exterior_reference.mp4,bistro_exterior_judder_level1.mp4,judder,level1,/home/jv495/Datasets/GAIM240/bistro_exterior_judder_level1.mp4,bistro_exterior_noise_colors_level2.mp4,noise_colors,level2,/home/jv495/Datasets/GAIM240/bistro_exterior_noise_colors_level2.mp4
373,bistro_exterior,INTER-DISTORTION,bistro_exterior_reference.mp4,/home/jv495/Datasets/GAIM240/bistro_exterior_reference.mp4,bistro_exterior_judder_level1.mp4,judder,level1,/home/jv495/Datasets/GAIM240/bistro_exterior_judder_level1.mp4,bistro_exterior_restir_level0.mp4,restir,level0,/home/jv495/Datasets/GAIM240/bistro_exterior_restir_level0.mp4
374,bistro_exterior,INTER-DISTORTION,bistro_exterior_reference.mp4,/home/jv495/Datasets/GAIM240/bistro_exterior_reference.mp4,bistro_exterior_judder_level1.mp4,judder,level1,/home/jv495/Datasets/GAIM240/bistro_exterior_judder_level1.mp4,bistro_exterior_restir_level1.mp4,restir,level1,/home/jv495/Datasets/GAIM240/bistro_exterior_restir_level1.mp4
375,bistro_exterior,INTER-DISTORTION,bistro_exterior_reference.mp4,/home/jv495/Datasets/GAIM240/bistro_exterior_reference.mp4,bistro_exterior_judder_level1.mp4,judder,level1,/home/jv495/Datasets/GAIM240/bistro_exterior_judder_level1.mp4,bistro_exterior_restir_level2.mp4,restir,level2,/home/jv495/Datasets/GAIM240/bistro_exterior_restir_level2.mp4
376,bistro_exterior,INTER-DISTORTION,bistro_exterior_reference.mp4,/home/jv495/Datasets/GAIM240/bistro_exterior_reference.mp4,bistro_exterior_judder_level1.mp4,judder,level1,/home/jv495/Datasets/GAIM240/bistro_exterior_judder_level1.mp4,bistro_exterior_stutter_level0.mp4,stutter,level0,/home/jv495/Datasets/GAIM240/bistro_exterior_stutter_level0.mp4
377,bistro_exterior,INTER-DISTORTION,bistro_exterior_reference.mp4,/home/jv495/Datasets/GAIM240/bistro_exterior_reference.mp4,bistro_exterior_judder_level1.mp4,judder,level1,/home/jv495/Datasets/GAIM240/bistro_exterior_judder_level1.mp4,bistro_exterior_stutter_level1.mp4,stutter,level1,/home/jv495/Datasets/GAIM240/bistro_exterior_stutter_level1.mp4
378,bistro_exterior,INTER-DISTORTION,bistro_exterior_reference.mp4,/home/jv495/Datasets/GAIM240/bistro_exterior_reference.mp4,bistro_exterior_judder_level1.mp4,judder,level1,/home/jv495/Datasets/GAIM240/bistro_exterior_judder_level1.mp4,bistro_exterior_stutter_level2.mp4,stutter,level2,/home/jv495/Datasets/GAIM240/bistro_exterior_stutter_level2.mp4
379,bistro_exterior,INTER-DISTORTION,bistro_exterior_reference.mp4,/home/jv495/Datasets/GAIM240/bistro_exterior_reference.mp4,bistro_exterior_judder_level1.mp4,judder,level1,/home/jv495/Datasets/GAIM240/bistro_exterior_judder_level1.mp4,bistro_exterior_temporal-resolution-multiplexing_level0.mp4,temporal-resolution-multiplexing,level0,/home/jv495/Datasets/GAIM240/bistro_exterior_temporal-resolution-multiplexing_level0.mp4
380,bistro_exterior,INTER-DISTORTION,bistro_exterior_reference.mp4,/home/jv495/Datasets/GAIM240/bistro_exterior_reference.mp4,bistro_exterior_judder_level1.mp4,judder,level1,/home/jv495/Datasets/GAIM240/bistro_exterior_judder_level1.mp4,bistro_exterior_temporal-resolution-multiplexing_level1.mp4,temporal-resolution-multiplexing,level1,/home/jv495/Datasets/GAIM240/bistro_exterior_temporal-resolution-multiplexing_level1.mp4
381,bistro_exterior,INTER-DISTORTION,bistro_exterior_reference.mp4,/home/jv495/Datasets/GAIM240/bistro_exterior_reference.mp4,bistro_exterior_judder_level1.mp4,judder,level1,/home/jv495/Datasets/GAIM240/bistro_exterior_judder_level1.mp4,bistro_exterior_temporal-resolution-multiplexing_level2.mp4,temporal-resolution-multiplexing,level2,/home/jv495/Datasets/GAIM240/bistro_exterior_temporal-resolution-multiplexing_level2.mp4
382,bistro_exterior,INTER-DISTORTION,bistro_exterior_reference.mp4,/home/jv495/Datasets/GAIM240/bistro_exterior_reference.mp4,bistro_exterior_judder_level2.mp4,judder,level2,/home/jv495/Datasets/GAIM240/bistro_exterior_judder_level2.mp4,bistro_exterior_motion_noise_level0.mp4,motion_noise,level0,/home/jv495/Datasets/GAIM240/bistro_exterior_motion_noise_level0.mp4
383,bistro_exterior,INTER-DISTORTION,bistro_exterior_reference.mp4,/home/jv495/Datasets/GAIM240/bistro_exterior_reference.mp4,bistro_exterior_judder_level2.mp4,judder,level2,/home/jv495/Datasets/GAIM240/bistro_exterior_judder_level2.mp4,bistro_exterior_motion_noise_level1.mp4,motion_noise,level1,/home/jv495/Datasets/GAIM240/bistro_exterior_motion_noise_level1.mp4
384,bistro_exterior,INTER-DISTORTION,bistro_exterior_reference.mp4,/home/jv495/Datasets/GAIM240/bistro_exterior_reference.mp4,bistro_exterior_judder_level2.mp4,judder,level2,/home/jv495/Datasets/GAIM240/bistro_exterior_judder_level2.mp4,bistro_exterior_motion_noise_level2.mp4,motion_noise,level2,/home/jv495/Datasets/GAIM240/bistro_exterior_motion_noise_level2.mp4
385,bistro_exterior,INTER-DISTORTION,bistro_exterior_reference.mp4,/home/jv495/Datasets/GAIM240/bistro_exterior_reference.mp4,bistro_exterior_judder_level2.mp4,judder,level2,/home/jv495/Datasets/GAIM240/bistro_exterior_judder_level2.mp4,bistro_exterior_motion_resolution_level0.mp4,motion_resolution,level0,/home/jv495/Datasets/GAIM240/bistro_exterior_motion_resolution_level0.mp4
386,bistro_exterior,INTER-DISTORTION,bistro_exterior_reference.mp4,/home/jv495/Datasets/GAIM240/bistro_exterior_reference.mp4,bistro_exterior_judder_level2.mp4,judder,level2,/home/jv495/Datasets/GAIM240/bistro_exterior_judder_level2.mp4,bistro_exterior_motion_resolution_level1.mp4,motion_resolution,level1,/home/jv495/Datasets/GAIM240/bistro_exterior_motion_resolution_level1.mp4
387,bistro_exterior,INTER-DISTORTION,bistro_exterior_reference.mp4,/home/jv495/Datasets/GAIM240/bistro_exterior_reference.mp4,bistro_exterior_judder_level2.mp4,judder,level2,/home/jv495/Datasets/GAIM240/bistro_exterior_judder_level2.mp4,bistro_exterior_motion_resolution_level2.mp4,motion_resolution,level2,/home/jv495/Datasets/GAIM240/bistro_exterior_motion_resolution_level2.mp4
388,bistro_exterior,INTER-DISTORTION,bistro_exterior_reference.mp4,/home/jv495/Datasets/GAIM240/bistro_exterior_reference.mp4,bistro_exterior_judder_level2.mp4,judder,level2,/home/jv495/Datasets/GAIM240/bistro_exterior_judder_level2.mp4,bistro_exterior_noise_colors_level0.mp4,noise_colors,level0,/home/jv495/Datasets/GAIM240/bistro_exterior_noise_colors_level0.mp4
389,bistro_exterior,INTER-DISTORTION,bistro_exterior_reference.mp4,/home/jv495/Datasets/GAIM240/bistro_exterior_reference.mp4,bistro_exterior_judder_level2.mp4,judder,level2,/home/jv495/Datasets/GAIM240/bistro_exterior_judder_level2.mp4,bistro_exterior_noise_colors_level1.mp4,noise_colors,level1,/home/jv495/Datasets/GAIM240/bistro_exterior_noise_colors_level1.mp4
390,bistro_exterior,INTER-DISTORTION,bistro_exterior_reference.mp4,/home/jv495/Datasets/GAIM240/bistro_exterior_reference.mp4,bistro_exterior_judder_level2.mp4,judder,level2,/home/jv495/Datasets/GAIM240/bistro_exterior_judder_level2.mp4,bistro_exterior_noise_colors_level2.mp4,noise_colors,level2,/home/jv495/Datasets/GAIM240/bistro_exterior_noise_colors_level2.mp4
391,bistro_exterior,INTER-DISTORTION,bistro_exterior_reference.mp4,/home/jv495/Datasets/GAIM240/bistro_exterior_reference.mp4,bistro_exterior_judder_level2.mp4,judder,level2,/home/jv495/Datasets/GAIM240/bistro_exterior_judder_level2.mp4,bistro_exterior_restir_level0.mp4,restir,level0,/home/jv495/Datasets/GAIM240/bistro_exterior_restir_level0.mp4
392,bistro_exterior,INTER-DISTORTION,bistro_exterior_reference.mp4,/home/jv495/Datasets/GAIM240/bistro_exterior_reference.mp4,bistro_exterior_judder_level2.mp4,judder,level2,/home/jv495/Datasets/GAIM240/bistro_exterior_judder_level2.mp4,bistro_exterior_restir_level1.mp4,restir,level1,/home/jv495/Datasets/GAIM240/bistro_exterior_restir_level1.mp4
393,bistro_exterior,INTER-DISTORTION,bistro_exterior_reference.mp4,/home/jv495/Datasets/GAIM240/bistro_exterior_reference.mp4,bistro_exterior_judder_level2.mp4,judder,level2,/home/jv495/Datasets/GAIM240/bistro_exterior_judder_level2.mp4,bistro_exterior_restir_level2.mp4,restir,level2,/home/jv495/Datasets/GAIM240/bistro_exterior_restir_level2.mp4
394,bistro_exterior,INTER-DISTORTION,bistro_exterior_reference.mp4,/home/jv495/Datasets/GAIM240/bistro_exterior_reference.mp4,bistro_exterior_judder_level2.mp4,judder,level2,/home/jv495/Datasets/GAIM240/bistro_exterior_judder_level2.mp4,bistro_exterior_stutter_level0.mp4,stutter,level0,/home/jv495/Datasets/GAIM240/bistro_exterior_stutter_level0.mp4
395,bistro_exterior,INTER-DISTORTION,bistro_exterior_reference.mp4,/home/jv495/Datasets/GAIM240/bistro_exterior_reference.mp4,bistro_exterior_judder_level2.mp4,judder,level2,/home/jv495/Datasets/GAIM240/bistro_exterior_judder_level2.mp4,bistro_exterior_stutter_level1.mp4,stutter,level1,/home/jv495/Datasets/GAIM240/bistro_exterior_stutter_level1.mp4
396,bistro_exterior,INTER-DISTORTION,bistro_exterior_reference.mp4,/home/jv495/Datasets/GAIM240/bistro_exterior_reference.mp4,bistro_exterior_judder_level2.mp4,judder,level2,/home/jv495/Datasets/GAIM240/bistro_exterior_judder_level2.mp4,bistro_exterior_stutter_level2.mp4,stutter,level2,/home/jv495/Datasets/GAIM240/bistro_exterior_stutter_level2.mp4
397,bistro_exterior,INTER-DISTORTION,bistro_exterior_reference.mp4,/home/jv495/Datasets/GAIM240/bistro_exterior_reference.mp4,bistro_exterior_judder_level2.mp4,judder,level2,/home/jv495/Datasets/GAIM240/bistro_exterior_judder_level2.mp4,bistro_exterior_temporal-resolution-multiplexing_level0.mp4,temporal-resolution-multiplexing,level0,/home/jv495/Datasets/GAIM240/bistro_exterior_temporal-resolution-multiplexing_level0.mp4
398,bistro_exterior,INTER-DISTORTION,bistro_exterior_reference.mp4,/home/jv495/Datasets/GAIM240/bistro_exterior_reference.mp4,bistro_exterior_judder_level2.mp4,judder,level2,/home/jv495/Datasets/GAIM240/bistro_exterior_judder_level2.mp4,bistro_exterior_temporal-resolution-multiplexing_level1.mp4,temporal-resolution-multiplexing,level1,/home/jv495/Datasets/GAIM240/bistro_exterior_temporal-resolution-multiplexing_level1.mp4
399,bistro_exterior,INTER-DISTORTION,bistro_exterior_reference.mp4,/home/jv495/Datasets/GAIM240/bistro_exterior_reference.mp4,bistro_exterior_judder_level2.mp4,judder,level2,/home/jv495/Datasets/GAIM240/bistro_exterior_judder_level2.mp4,bistro_exterior_temporal-resolution-multiplexing_level2.mp4,temporal-resolution-multiplexing,level2,/home/jv495/Datasets/GAIM240/bistro_exterior_temporal-resolution-multiplexing_level2.mp4
400,bistro_exterior,INTRA-DISTORTION,bistro_exterior_reference.mp4,/home/jv495/Datasets/GAIM240/bistro_exterior_reference.mp4,bistro_exterior_motion_noise_level0.mp4,motion_noise,level0,/home/jv495/Datasets/GAIM240/bistro_exterior_motion_noise_level0.mp4,bistro_exterior_motion_noise_level1.mp4,motion_noise,level1,/home/jv495/Datasets/GAIM240/bistro_exterior_motion_noise_level1.mp4
401,bistro_exterior,INTRA-DISTORTION,bistro_exterior_reference.mp4,/home/jv495/Datasets/GAIM240/bistro_exterior_reference.mp4,bistro_exterior_motion_noise_level0.mp4,motion_noise,level0,/home/jv495/Datasets/GAIM240/bistro_exterior_motion_noise_level0.mp4,bistro_exterior_motion_noise_level2.mp4,motion_noise,level2,/home/jv495/Datasets/GAIM240/bistro_exterior_motion_noise_level2.mp4
402,bistro_exterior,INTER-DISTORTION,bistro_exterior_reference.mp4,/home/jv495/Datasets/GAIM240/bistro_exterior_reference.mp4,bistro_exterior_motion_noise_level0.mp4,motion_noise,level0,/home/jv495/Datasets/GAIM240/bistro_exterior_motion_noise_level0.mp4,bistro_exterior_motion_resolution_level0.mp4,motion_resolution,level0,/home/jv495/Datasets/GAIM240/bistro_exterior_motion_resolution_level0.mp4
403,bistro_exterior,INTER-DISTORTION,bistro_exterior_reference.mp4,/home/jv495/Datasets/GAIM240/bistro_exterior_reference.mp4,bistro_exterior_motion_noise_level0.mp4,motion_noise,level0,/home/jv495/Datasets/GAIM240/bistro_exterior_motion_noise_level0.mp4,bistro_exterior_motion_resolution_level1.mp4,motion_resolution,level1,/home/jv495/Datasets/GAIM240/bistro_exterior_motion_resolution_level1.mp4
404,bistro_exterior,INTER-DISTORTION,bistro_exterior_reference.mp4,/home/jv495/Datasets/GAIM240/bistro_exterior_reference.mp4,bistro_exterior_motion_noise_level0.mp4,motion_noise,level0,/home/jv495/Datasets/GAIM240/bistro_exterior_motion_noise_level0.mp4,bistro_exterior_motion_resolution_level2.mp4,motion_resolution,level2,/home/jv495/Datasets/GAIM240/bistro_exterior_motion_resolution_level2.mp4
405,bistro_exterior,INTER-DISTORTION,bistro_exterior_reference.mp4,/home/jv495/Datasets/GAIM240/bistro_exterior_reference.mp4,bistro_exterior_motion_noise_level0.mp4,motion_noise,level0,/home/jv495/Datasets/GAIM240/bistro_exterior_motion_noise_level0.mp4,bistro_exterior_noise_colors_level0.mp4,noise_colors,level0,/home/jv495/Datasets/GAIM240/bistro_exterior_noise_colors_level0.mp4
406,bistro_exterior,INTER-DISTORTION,bistro_exterior_reference.mp4,/home/jv495/Datasets/GAIM240/bistro_exterior_reference.mp4,bistro_exterior_motion_noise_level0.mp4,motion_noise,level0,/home/jv495/Datasets/GAIM240/bistro_exterior_motion_noise_level0.mp4,bistro_exterior_noise_colors_level1.mp4,noise_colors,level1,/home/jv495/Datasets/GAIM240/bistro_exterior_noise_colors_level1.mp4
407,bistro_exterior,INTER-DISTORTION,bistro_exterior_reference.mp4,/home/jv495/Datasets/GAIM240/bistro_exterior_reference.mp4,bistro_exterior_motion_noise_level0.mp4,motion_noise,level0,/home/jv495/Datasets/GAIM240/bistro_exterior_motion_noise_level0.mp4,bistro_exterior_noise_colors_level2.mp4,noise_colors,level2,/home/jv495/Datasets/GAIM240/bistro_exterior_noise_colors_level2.mp4
408,bistro_exterior,INTER-DISTORTION,bistro_exterior_reference.mp4,/home/jv495/Datasets/GAIM240/bistro_exterior_reference.mp4,bistro_exterior_motion_noise_level0.mp4,motion_noise,level0,/home/jv495/Datasets/GAIM240/bistro_exterior_motion_noise_level0.mp4,bistro_exterior_restir_level0.mp4,restir,level0,/home/jv495/Datasets/GAIM240/bistro_exterior_restir_level0.mp4
409,bistro_exterior,INTER-DISTORTION,bistro_exterior_reference.mp4,/home/jv495/Datasets/GAIM240/bistro_exterior_reference.mp4,bistro_exterior_motion_noise_level0.mp4,motion_noise,level0,/home/jv495/Datasets/GAIM240/bistro_exterior_motion_noise_level0.mp4,bistro_exterior_restir_level1.mp4,restir,level1,/home/jv495/Datasets/GAIM240/bistro_exterior_restir_level1.mp4
410,bistro_exterior,INTER-DISTORTION,bistro_exterior_reference.mp4,/home/jv495/Datasets/GAIM240/bistro_exterior_reference.mp4,bistro_exterior_motion_noise_level0.mp4,motion_noise,level0,/home/jv495/Datasets/GAIM240/bistro_exterior_motion_noise_level0.mp4,bistro_exterior_restir_level2.mp4,restir,level2,/home/jv495/Datasets/GAIM240/bistro_exterior_restir_level2.mp4
411,bistro_exterior,INTER-DISTORTION,bistro_exterior_reference.mp4,/home/jv495/Datasets/GAIM240/bistro_exterior_reference.mp4,bistro_exterior_motion_noise_level0.mp4,motion_noise,level0,/home/jv495/Datasets/GAIM240/bistro_exterior_motion_noise_level0.mp4,bistro_exterior_stutter_level0.mp4,stutter,level0,/home/jv495/Datasets/GAIM240/bistro_exterior_stutter_level0.mp4
412,bistro_exterior,INTER-DISTORTION,bistro_exterior_reference.mp4,/home/jv495/Datasets/GAIM240/bistro_exterior_reference.mp4,bistro_exterior_motion_noise_level0.mp4,motion_noise,level0,/home/jv495/Datasets/GAIM240/bistro_exterior_motion_noise_level0.mp4,bistro_exterior_stutter_level1.mp4,stutter,level1,/home/jv495/Datasets/GAIM240/bistro_exterior_stutter_level1.mp4
413,bistro_exterior,INTER-DISTORTION,bistro_exterior_reference.mp4,/home/jv495/Datasets/GAIM240/bistro_exterior_reference.mp4,bistro_exterior_motion_noise_level0.mp4,motion_noise,level0,/home/jv495/Datasets/GAIM240/bistro_exterior_motion_noise_level0.mp4,bistro_exterior_stutter_level2.mp4,stutter,level2,/home/jv495/Datasets/GAIM240/bistro_exterior_stutter_level2.mp4
414,bistro_exterior,INTER-DISTORTION,bistro_exterior_reference.mp4,/home/jv495/Datasets/GAIM240/bistro_exterior_reference.mp4,bistro_exterior_motion_noise_level0.mp4,motion_noise,level0,/home/jv495/Datasets/GAIM240/bistro_exterior_motion_noise_level0.mp4,bistro_exterior_temporal-resolution-multiplexing_level0.mp4,temporal-resolution-multiplexing,level0,/home/jv495/Datasets/GAIM240/bistro_exterior_temporal-resolution-multiplexing_level0.mp4
415,bistro_exterior,INTER-DISTORTION,bistro_exterior_reference.mp4,/home/jv495/Datasets/GAIM240/bistro_exterior_reference.mp4,bistro_exterior_motion_noise_level0.mp4,motion_noise,level0,/home/jv495/Datasets/GAIM240/bistro_exterior_motion_noise_level0.mp4,bistro_exterior_temporal-resolution-multiplexing_level1.mp4,temporal-resolution-multiplexing,level1,/home/jv495/Datasets/GAIM240/bistro_exterior_temporal-resolution-multiplexing_level1.mp4
416,bistro_exterior,INTER-DISTORTION,bistro_exterior_reference.mp4,/home/jv495/Datasets/GAIM240/bistro_exterior_reference.mp4,bistro_exterior_motion_noise_level0.mp4,motion_noise,level0,/home/jv495/Datasets/GAIM240/bistro_exterior_motion_noise_level0.mp4,bistro_exterior_temporal-resolution-multiplexing_level2.mp4,temporal-resolution-multiplexing,level2,/home/jv495/Datasets/GAIM240/bistro_exterior_temporal-resolution-multiplexing_level2.mp4
417,bistro_exterior,INTRA-DISTORTION,bistro_exterior_reference.mp4,/home/jv495/Datasets/GAIM240/bistro_exterior_reference.mp4,bistro_exterior_motion_noise_level1.mp4,motion_noise,level1,/home/jv495/Datasets/GAIM240/bistro_exterior_motion_noise_level1.mp4,bistro_exterior_motion_noise_level2.mp4,motion_noise,level2,/home/jv495/Datasets/GAIM240/bistro_exterior_motion_noise_level2.mp4
418,bistro_exterior,INTER-DISTORTION,bistro_exterior_reference.mp4,/home/jv495/Datasets/GAIM240/bistro_exterior_reference.mp4,bistro_exterior_motion_noise_level1.mp4,motion_noise,level1,/home/jv495/Datasets/GAIM240/bistro_exterior_motion_noise_level1.mp4,bistro_exterior_motion_resolution_level0.mp4,motion_resolution,level0,/home/jv495/Datasets/GAIM240/bistro_exterior_motion_resolution_level0.mp4
419,bistro_exterior,INTER-DISTORTION,bistro_exterior_reference.mp4,/home/jv495/Datasets/GAIM240/bistro_exterior_reference.mp4,bistro_exterior_motion_noise_level1.mp4,motion_noise,level1,/home/jv495/Datasets/GAIM240/bistro_exterior_motion_noise_level1.mp4,bistro_exterior_motion_resolution_level1.mp4,motion_resolution,level1,/home/jv495/Datasets/GAIM240/bistro_exterior_motion_resolution_level1.mp4
420,bistro_exterior,INTER-DISTORTION,bistro_exterior_reference.mp4,/home/jv495/Datasets/GAIM240/bistro_exterior_reference.mp4,bistro_exterior_motion_noise_level1.mp4,motion_noise,level1,/home/jv495/Datasets/GAIM240/bistro_exterior_motion_noise_level1.mp4,bistro_exterior_motion_resolution_level2.mp4,motion_resolution,level2,/home/jv495/Datasets/GAIM240/bistro_exterior_motion_resolution_level2.mp4
421,bistro_exterior,INTER-DISTORTION,bistro_exterior_reference.mp4,/home/jv495/Datasets/GAIM240/bistro_exterior_reference.mp4,bistro_exterior_motion_noise_level1.mp4,motion_noise,level1,/home/jv495/Datasets/GAIM240/bistro_exterior_motion_noise_level1.mp4,bistro_exterior_noise_colors_level0.mp4,noise_colors,level0,/home/jv495/Datasets/GAIM240/bistro_exterior_noise_colors_level0.mp4
422,bistro_exterior,INTER-DISTORTION,bistro_exterior_reference.mp4,/home/jv495/Datasets/GAIM240/bistro_exterior_reference.mp4,bistro_exterior_motion_noise_level1.mp4,motion_noise,level1,/home/jv495/Datasets/GAIM240/bistro_exterior_motion_noise_level1.mp4,bistro_exterior_noise_colors_level1.mp4,noise_colors,level1,/home/jv495/Datasets/GAIM240/bistro_exterior_noise_colors_level1.mp4
423,bistro_exterior,INTER-DISTORTION,bistro_exterior_reference.mp4,/home/jv495/Datasets/GAIM240/bistro_exterior_reference.mp4,bistro_exterior_motion_noise_level1.mp4,motion_noise,level1,/home/jv495/Datasets/GAIM240/bistro_exterior_motion_noise_level1.mp4,bistro_exterior_noise_colors_level2.mp4,noise_colors,level2,/home/jv495/Datasets/GAIM240/bistro_exterior_noise_colors_level2.mp4
424,bistro_exterior,INTER-DISTORTION,bistro_exterior_reference.mp4,/home/jv495/Datasets/GAIM240/bistro_exterior_reference.mp4,bistro_exterior_motion_noise_level1.mp4,motion_noise,level1,/home/jv495/Datasets/GAIM240/bistro_exterior_motion_noise_level1.mp4,bistro_exterior_restir_level0.mp4,restir,level0,/home/jv495/Datasets/GAIM240/bistro_exterior_restir_level0.mp4
425,bistro_exterior,INTER-DISTORTION,bistro_exterior_reference.mp4,/home/jv495/Datasets/GAIM240/bistro_exterior_reference.mp4,bistro_exterior_motion_noise_level1.mp4,motion_noise,level1,/home/jv495/Datasets/GAIM240/bistro_exterior_motion_noise_level1.mp4,bistro_exterior_restir_level1.mp4,restir,level1,/home/jv495/Datasets/GAIM240/bistro_exterior_restir_level1.mp4
426,bistro_exterior,INTER-DISTORTION,bistro_exterior_reference.mp4,/home/jv495/Datasets/GAIM240/bistro_exterior_reference.mp4,bistro_exterior_motion_noise_level1.mp4,motion_noise,level1,/home/jv495/Datasets/GAIM240/bistro_exterior_motion_noise_level1.mp4,bistro_exterior_restir_level2.mp4,restir,level2,/home/jv495/Datasets/GAIM240/bistro_exterior_restir_level2.mp4
427,bistro_exterior,INTER-DISTORTION,bistro_exterior_reference.mp4,/home/jv495/Datasets/GAIM240/bistro_exterior_reference.mp4,bistro_exterior_motion_noise_level1.mp4,motion_noise,level1,/home/jv495/Datasets/GAIM240/bistro_exterior_motion_noise_level1.mp4,bistro_exterior_stutter_level0.mp4,stutter,level0,/home/jv495/Datasets/GAIM240/bistro_exterior_stutter_level0.mp4
428,bistro_exterior,INTER-DISTORTION,bistro_exterior_reference.mp4,/home/jv495/Datasets/GAIM240/bistro_exterior_reference.mp4,bistro_exterior_motion_noise_level1.mp4,motion_noise,level1,/home/jv495/Datasets/GAIM240/bistro_exterior_motion_noise_level1.mp4,bistro_exterior_stutter_level1.mp4,stutter,level1,/home/jv495/Datasets/GAIM240/bistro_exterior_stutter_level1.mp4
429,bistro_exterior,INTER-DISTORTION,bistro_exterior_reference.mp4,/home/jv495/Datasets/GAIM240/bistro_exterior_reference.mp4,bistro_exterior_motion_noise_level1.mp4,motion_noise,level1,/home/jv495/Datasets/GAIM240/bistro_exterior_motion_noise_level1.mp4,bistro_exterior_stutter_level2.mp4,stutter,level2,/home/jv495/Datasets/GAIM240/bistro_exterior_stutter_level2.mp4
430,bistro_exterior,INTER-DISTORTION,bistro_exterior_reference.mp4,/home/jv495/Datasets/GAIM240/bistro_exterior_reference.mp4,bistro_exterior_motion_noise_level1.mp4,motion_noise,level1,/home/jv495/Datasets/GAIM240/bistro_exterior_motion_noise_level1.mp4,bistro_exterior_temporal-resolution-multiplexing_level0.mp4,temporal-resolution-multiplexing,level0,/home/jv495/Datasets/GAIM240/bistro_exterior_temporal-resolution-multiplexing_level0.mp4
431,bistro_exterior,INTER-DISTORTION,bistro_exterior_reference.mp4,/home/jv495/Datasets/GAIM240/bistro_exterior_reference.mp4,bistro_exterior_motion_noise_level1.mp4,motion_noise,level1,/home/jv495/Datasets/GAIM240/bistro_exterior_motion_noise_level1.mp4,bistro_exterior_temporal-resolution-multiplexing_level1.mp4,temporal-resolution-multiplexing,level1,/home/jv495/Datasets/GAIM240/bistro_exterior_temporal-resolution-multiplexing_level1.mp4
432,bistro_exterior,INTER-DISTORTION,bistro_exterior_reference.mp4,/home/jv495/Datasets/GAIM240/bistro_exterior_reference.mp4,bistro_exterior_motion_noise_level1.mp4,motion_noise,level1,/home/jv495/Datasets/GAIM240/bistro_exterior_motion_noise_level1.mp4,bistro_exterior_temporal-resolution-multiplexing_level2.mp4,temporal-resolution-multiplexing,level2,/home/jv495/Datasets/GAIM240/bistro_exterior_temporal-resolution-multiplexing_level2.mp4
433,bistro_exterior,INTER-DISTORTION,bistro_exterior_reference.mp4,/home/jv495/Datasets/GAIM240/bistro_exterior_reference.mp4,bistro_exterior_motion_noise_level2.mp4,motion_noise,level2,/home/jv495/Datasets/GAIM240/bistro_exterior_motion_noise_level2.mp4,bistro_exterior_motion_resolution_level0.mp4,motion_resolution,level0,/home/jv495/Datasets/GAIM240/bistro_exterior_motion_resolution_level0.mp4
434,bistro_exterior,INTER-DISTORTION,bistro_exterior_reference.mp4,/home/jv495/Datasets/GAIM240/bistro_exterior_reference.mp4,bistro_exterior_motion_noise_level2.mp4,motion_noise,level2,/home/jv495/Datasets/GAIM240/bistro_exterior_motion_noise_level2.mp4,bistro_exterior_motion_resolution_level1.mp4,motion_resolution,level1,/home/jv495/Datasets/GAIM240/bistro_exterior_motion_resolution_level1.mp4
435,bistro_exterior,INTER-DISTORTION,bistro_exterior_reference.mp4,/home/jv495/Datasets/GAIM240/bistro_exterior_reference.mp4,bistro_exterior_motion_noise_level2.mp4,motion_noise,level2,/home/jv495/Datasets/GAIM240/bistro_exterior_motion_noise_level2.mp4,bistro_exterior_motion_resolution_level2.mp4,motion_resolution,level2,/home/jv495/Datasets/GAIM240/bistro_exterior_motion_resolution_level2.mp4
436,bistro_exterior,INTER-DISTORTION,bistro_exterior_reference.mp4,/home/jv495/Datasets/GAIM240/bistro_exterior_reference.mp4,bistro_exterior_motion_noise_level2.mp4,motion_noise,level2,/home/jv495/Datasets/GAIM240/bistro_exterior_motion_noise_level2.mp4,bistro_exterior_noise_colors_level0.mp4,noise_colors,level0,/home/jv495/Datasets/GAIM240/bistro_exterior_noise_colors_level0.mp4
437,bistro_exterior,INTER-DISTORTION,bistro_exterior_reference.mp4,/home/jv495/Datasets/GAIM240/bistro_exterior_reference.mp4,bistro_exterior_motion_noise_level2.mp4,motion_noise,level2,/home/jv495/Datasets/GAIM240/bistro_exterior_motion_noise_level2.mp4,bistro_exterior_noise_colors_level1.mp4,noise_colors,level1,/home/jv495/Datasets/GAIM240/bistro_exterior_noise_colors_level1.mp4
438,bistro_exterior,INTER-DISTORTION,bistro_exterior_reference.mp4,/home/jv495/Datasets/GAIM240/bistro_exterior_reference.mp4,bistro_exterior_motion_noise_level2.mp4,motion_noise,level2,/home/jv495/Datasets/GAIM240/bistro_exterior_motion_noise_level2.mp4,bistro_exterior_noise_colors_level2.mp4,noise_colors,level2,/home/jv495/Datasets/GAIM240/bistro_exterior_noise_colors_level2.mp4
439,bistro_exterior,INTER-DISTORTION,bistro_exterior_reference.mp4,/home/jv495/Datasets/GAIM240/bistro_exterior_reference.mp4,bistro_exterior_motion_noise_level2.mp4,motion_noise,level2,/home/jv495/Datasets/GAIM240/bistro_exterior_motion_noise_level2.mp4,bistro_exterior_restir_level0.mp4,restir,level0,/home/jv495/Datasets/GAIM240/bistro_exterior_restir_level0.mp4
440,bistro_exterior,INTER-DISTORTION,bistro_exterior_reference.mp4,/home/jv495/Datasets/GAIM240/bistro_exterior_reference.mp4,bistro_exterior_motion_noise_level2.mp4,motion_noise,level2,/home/jv495/Datasets/GAIM240/bistro_exterior_motion_noise_level2.mp4,bistro_exterior_restir_level1.mp4,restir,level1,/home/jv495/Datasets/GAIM240/bistro_exterior_restir_level1.mp4
441,bistro_exterior,INTER-DISTORTION,bistro_exterior_reference.mp4,/home/jv495/Datasets/GAIM240/bistro_exterior_reference.mp4,bistro_exterior_motion_noise_level2.mp4,motion_noise,level2,/home/jv495/Datasets/GAIM240/bistro_exterior_motion_noise_level2.mp4,bistro_exterior_restir_level2.mp4,restir,level2,/home/jv495/Datasets/GAIM240/bistro_exterior_restir_level2.mp4
442,bistro_exterior,INTER-DISTORTION,bistro_exterior_reference.mp4,/home/jv495/Datasets/GAIM240/bistro_exterior_reference.mp4,bistro_exterior_motion_noise_level2.mp4,motion_noise,level2,/home/jv495/Datasets/GAIM240/bistro_exterior_motion_noise_level2.mp4,bistro_exterior_stutter_level0.mp4,stutter,level0,/home/jv495/Datasets/GAIM240/bistro_exterior_stutter_level0.mp4
443,bistro_exterior,INTER-DISTORTION,bistro_exterior_reference.mp4,/home/jv495/Datasets/GAIM240/bistro_exterior_reference.mp4,bistro_exterior_motion_noise_level2.mp4,motion_noise,level2,/home/jv495/Datasets/GAIM240/bistro_exterior_motion_noise_level2.mp4,bistro_exterior_stutter_level1.mp4,stutter,level1,/home/jv495/Datasets/GAIM240/bistro_exterior_stutter_level1.mp4
444,bistro_exterior,INTER-DISTORTION,bistro_exterior_reference.mp4,/home/jv495/Datasets/GAIM240/bistro_exterior_reference.mp4,bistro_exterior_motion_noise_level2.mp4,motion_noise,level2,/home/jv495/Datasets/GAIM240/bistro_exterior_motion_noise_level2.mp4,bistro_exterior_stutter_level2.mp4,stutter,level2,/home/jv495/Datasets/GAIM240/bistro_exterior_stutter_level2.mp4
445,bistro_exterior,INTER-DISTORTION,bistro_exterior_reference.mp4,/home/jv495/Datasets/GAIM240/bistro_exterior_reference.mp4,bistro_exterior_motion_noise_level2.mp4,motion_noise,level2,/home/jv495/Datasets/GAIM240/bistro_exterior_motion_noise_level2.mp4,bistro_exterior_temporal-resolution-multiplexing_level0.mp4,temporal-resolution-multiplexing,level0,/home/jv495/Datasets/GAIM240/bistro_exterior_temporal-resolution-multiplexing_level0.mp4
446,bistro_exterior,INTER-DISTORTION,bistro_exterior_reference.mp4,/home/jv495/Datasets/GAIM240/bistro_exterior_reference.mp4,bistro_exterior_motion_noise_level2.mp4,motion_noise,level2,/home/jv495/Datasets/GAIM240/bistro_exterior_motion_noise_level2.mp4,bistro_exterior_temporal-resolution-multiplexing_level1.mp4,temporal-resolution-multiplexing,level1,/home/jv495/Datasets/GAIM240/bistro_exterior_temporal-resolution-multiplexing_level1.mp4
447,bistro_exterior,INTER-DISTORTION,bistro_exterior_reference.mp4,/home/jv495/Datasets/GAIM240/bistro_exterior_reference.mp4,bistro_exterior_motion_noise_level2.mp4,motion_noise,level2,/home/jv495/Datasets/GAIM240/bistro_exterior_motion_noise_level2.mp4,bistro_exterior_temporal-resolution-multiplexing_level2.mp4,temporal-resolution-multiplexing,level2,/home/jv495/Datasets/GAIM240/bistro_exterior_temporal-resolution-multiplexing_level2.mp4
448,bistro_exterior,INTRA-DISTORTION,bistro_exterior_reference.mp4,/home/jv495/Datasets/GAIM240/bistro_exterior_reference.mp4,bistro_exterior_motion_resolution_level0.mp4,motion_resolution,level0,/home/jv495/Datasets/GAIM240/bistro_exterior_motion_resolution_level0.mp4,bistro_exterior_motion_resolution_level1.mp4,motion_resolution,level1,/home/jv495/Datasets/GAIM240/bistro_exterior_motion_resolution_level1.mp4
449,bistro_exterior,INTRA-DISTORTION,bistro_exterior_reference.mp4,/home/jv495/Datasets/GAIM240/bistro_exterior_reference.mp4,bistro_exterior_motion_resolution_level0.mp4,motion_resolution,level0,/home/jv495/Datasets/GAIM240/bistro_exterior_motion_resolution_level0.mp4,bistro_exterior_motion_resolution_level2.mp4,motion_resolution,level2,/home/jv495/Datasets/GAIM240/bistro_exterior_motion_resolution_level2.mp4
450,bistro_exterior,INTER-DISTORTION,bistro_exterior_reference.mp4,/home/jv495/Datasets/GAIM240/bistro_exterior_reference.mp4,bistro_exterior_motion_resolution_level0.mp4,motion_resolution,level0,/home/jv495/Datasets/GAIM240/bistro_exterior_motion_resolution_level0.mp4,bistro_exterior_noise_colors_level0.mp4,noise_colors,level0,/home/jv495/Datasets/GAIM240/bistro_exterior_noise_colors_level0.mp4
451,bistro_exterior,INTER-DISTORTION,bistro_exterior_reference.mp4,/home/jv495/Datasets/GAIM240/bistro_exterior_reference.mp4,bistro_exterior_motion_resolution_level0.mp4,motion_resolution,level0,/home/jv495/Datasets/GAIM240/bistro_exterior_motion_resolution_level0.mp4,bistro_exterior_noise_colors_level1.mp4,noise_colors,level1,/home/jv495/Datasets/GAIM240/bistro_exterior_noise_colors_level1.mp4
452,bistro_exterior,INTER-DISTORTION,bistro_exterior_reference.mp4,/home/jv495/Datasets/GAIM240/bistro_exterior_reference.mp4,bistro_exterior_motion_resolution_level0.mp4,motion_resolution,level0,/home/jv495/Datasets/GAIM240/bistro_exterior_motion_resolution_level0.mp4,bistro_exterior_noise_colors_level2.mp4,noise_colors,level2,/home/jv495/Datasets/GAIM240/bistro_exterior_noise_colors_level2.mp4
453,bistro_exterior,INTER-DISTORTION,bistro_exterior_reference.mp4,/home/jv495/Datasets/GAIM240/bistro_exterior_reference.mp4,bistro_exterior_motion_resolution_level0.mp4,motion_resolution,level0,/home/jv495/Datasets/GAIM240/bistro_exterior_motion_resolution_level0.mp4,bistro_exterior_restir_level0.mp4,restir,level0,/home/jv495/Datasets/GAIM240/bistro_exterior_restir_level0.mp4
454,bistro_exterior,INTER-DISTORTION,bistro_exterior_reference.mp4,/home/jv495/Datasets/GAIM240/bistro_exterior_reference.mp4,bistro_exterior_motion_resolution_level0.mp4,motion_resolution,level0,/home/jv495/Datasets/GAIM240/bistro_exterior_motion_resolution_level0.mp4,bistro_exterior_restir_level1.mp4,restir,level1,/home/jv495/Datasets/GAIM240/bistro_exterior_restir_level1.mp4
455,bistro_exterior,INTER-DISTORTION,bistro_exterior_reference.mp4,/home/jv495/Datasets/GAIM240/bistro_exterior_reference.mp4,bistro_exterior_motion_resolution_level0.mp4,motion_resolution,level0,/home/jv495/Datasets/GAIM240/bistro_exterior_motion_resolution_level0.mp4,bistro_exterior_restir_level2.mp4,restir,level2,/home/jv495/Datasets/GAIM240/bistro_exterior_restir_level2.mp4
456,bistro_exterior,INTER-DISTORTION,bistro_exterior_reference.mp4,/home/jv495/Datasets/GAIM240/bistro_exterior_reference.mp4,bistro_exterior_motion_resolution_level0.mp4,motion_resolution,level0,/home/jv495/Datasets/GAIM240/bistro_exterior_motion_resolution_level0.mp4,bistro_exterior_stutter_level0.mp4,stutter,level0,/home/jv495/Datasets/GAIM240/bistro_exterior_stutter_level0.mp4
457,bistro_exterior,INTER-DISTORTION,bistro_exterior_reference.mp4,/home/jv495/Datasets/GAIM240/bistro_exterior_reference.mp4,bistro_exterior_motion_resolution_level0.mp4,motion_resolution,level0,/home/jv495/Datasets/GAIM240/bistro_exterior_motion_resolution_level0.mp4,bistro_exterior_stutter_level1.mp4,stutter,level1,/home/jv495/Datasets/GAIM240/bistro_exterior_stutter_level1.mp4
458,bistro_exterior,INTER-DISTORTION,bistro_exterior_reference.mp4,/home/jv495/Datasets/GAIM240/bistro_exterior_reference.mp4,bistro_exterior_motion_resolution_level0.mp4,motion_resolution,level0,/home/jv495/Datasets/GAIM240/bistro_exterior_motion_resolution_level0.mp4,bistro_exterior_stutter_level2.mp4,stutter,level2,/home/jv495/Datasets/GAIM240/bistro_exterior_stutter_level2.mp4
459,bistro_exterior,INTER-DISTORTION,bistro_exterior_reference.mp4,/home/jv495/Datasets/GAIM240/bistro_exterior_reference.mp4,bistro_exterior_motion_resolution_level0.mp4,motion_resolution,level0,/home/jv495/Datasets/GAIM240/bistro_exterior_motion_resolution_level0.mp4,bistro_exterior_temporal-resolution-multiplexing_level0.mp4,temporal-resolution-multiplexing,level0,/home/jv495/Datasets/GAIM240/bistro_exterior_temporal-resolution-multiplexing_level0.mp4
460,bistro_exterior,INTER-DISTORTION,bistro_exterior_reference.mp4,/home/jv495/Datasets/GAIM240/bistro_exterior_reference.mp4,bistro_exterior_motion_resolution_level0.mp4,motion_resolution,level0,/home/jv495/Datasets/GAIM240/bistro_exterior_motion_resolution_level0.mp4,bistro_exterior_temporal-resolution-multiplexing_level1.mp4,temporal-resolution-multiplexing,level1,/home/jv495/Datasets/GAIM240/bistro_exterior_temporal-resolution-multiplexing_level1.mp4
461,bistro_exterior,INTER-DISTORTION,bistro_exterior_reference.mp4,/home/jv495/Datasets/GAIM240/bistro_exterior_reference.mp4,bistro_exterior_motion_resolution_level0.mp4,motion_resolution,level0,/home/jv495/Datasets/GAIM240/bistro_exterior_motion_resolution_level0.mp4,bistro_exterior_temporal-resolution-multiplexing_level2.mp4,temporal-resolution-multiplexing,level2,/home/jv495/Datasets/GAIM240/bistro_exterior_temporal-resolution-multiplexing_level2.mp4
462,bistro_exterior,INTRA-DISTORTION,bistro_exterior_reference.mp4,/home/jv495/Datasets/GAIM240/bistro_exterior_reference.mp4,bistro_exterior_motion_resolution_level1.mp4,motion_resolution,level1,/home/jv495/Datasets/GAIM240/bistro_exterior_motion_resolution_level1.mp4,bistro_exterior_motion_resolution_level2.mp4,motion_resolution,level2,/home/jv495/Datasets/GAIM240/bistro_exterior_motion_resolution_level2.mp4
463,bistro_exterior,INTER-DISTORTION,bistro_exterior_reference.mp4,/home/jv495/Datasets/GAIM240/bistro_exterior_reference.mp4,bistro_exterior_motion_resolution_level1.mp4,motion_resolution,level1,/home/jv495/Datasets/GAIM240/bistro_exterior_motion_resolution_level1.mp4,bistro_exterior_noise_colors_level0.mp4,noise_colors,level0,/home/jv495/Datasets/GAIM240/bistro_exterior_noise_colors_level0.mp4
464,bistro_exterior,INTER-DISTORTION,bistro_exterior_reference.mp4,/home/jv495/Datasets/GAIM240/bistro_exterior_reference.mp4,bistro_exterior_motion_resolution_level1.mp4,motion_resolution,level1,/home/jv495/Datasets/GAIM240/bistro_exterior_motion_resolution_level1.mp4,bistro_exterior_noise_colors_level1.mp4,noise_colors,level1,/home/jv495/Datasets/GAIM240/bistro_exterior_noise_colors_level1.mp4
465,bistro_exterior,INTER-DISTORTION,bistro_exterior_reference.mp4,/home/jv495/Datasets/GAIM240/bistro_exterior_reference.mp4,bistro_exterior_motion_resolution_level1.mp4,motion_resolution,level1,/home/jv495/Datasets/GAIM240/bistro_exterior_motion_resolution_level1.mp4,bistro_exterior_noise_colors_level2.mp4,noise_colors,level2,/home/jv495/Datasets/GAIM240/bistro_exterior_noise_colors_level2.mp4
466,bistro_exterior,INTER-DISTORTION,bistro_exterior_reference.mp4,/home/jv495/Datasets/GAIM240/bistro_exterior_reference.mp4,bistro_exterior_motion_resolution_level1.mp4,motion_resolution,level1,/home/jv495/Datasets/GAIM240/bistro_exterior_motion_resolution_level1.mp4,bistro_exterior_restir_level0.mp4,restir,level0,/home/jv495/Datasets/GAIM240/bistro_exterior_restir_level0.mp4
467,bistro_exterior,INTER-DISTORTION,bistro_exterior_reference.mp4,/home/jv495/Datasets/GAIM240/bistro_exterior_reference.mp4,bistro_exterior_motion_resolution_level1.mp4,motion_resolution,level1,/home/jv495/Datasets/GAIM240/bistro_exterior_motion_resolution_level1.mp4,bistro_exterior_restir_level1.mp4,restir,level1,/home/jv495/Datasets/GAIM240/bistro_exterior_restir_level1.mp4
468,bistro_exterior,INTER-DISTORTION,bistro_exterior_reference.mp4,/home/jv495/Datasets/GAIM240/bistro_exterior_reference.mp4,bistro_exterior_motion_resolution_level1.mp4,motion_resolution,level1,/home/jv495/Datasets/GAIM240/bistro_exterior_motion_resolution_level1.mp4,bistro_exterior_restir_level2.mp4,restir,level2,/home/jv495/Datasets/GAIM240/bistro_exterior_restir_level2.mp4
469,bistro_exterior,INTER-DISTORTION,bistro_exterior_reference.mp4,/home/jv495/Datasets/GAIM240/bistro_exterior_reference.mp4,bistro_exterior_motion_resolution_level1.mp4,motion_resolution,level1,/home/jv495/Datasets/GAIM240/bistro_exterior_motion_resolution_level1.mp4,bistro_exterior_stutter_level0.mp4,stutter,level0,/home/jv495/Datasets/GAIM240/bistro_exterior_stutter_level0.mp4
470,bistro_exterior,INTER-DISTORTION,bistro_exterior_reference.mp4,/home/jv495/Datasets/GAIM240/bistro_exterior_reference.mp4,bistro_exterior_motion_resolution_level1.mp4,motion_resolution,level1,/home/jv495/Datasets/GAIM240/bistro_exterior_motion_resolution_level1.mp4,bistro_exterior_stutter_level1.mp4,stutter,level1,/home/jv495/Datasets/GAIM240/bistro_exterior_stutter_level1.mp4
471,bistro_exterior,INTER-DISTORTION,bistro_exterior_reference.mp4,/home/jv495/Datasets/GAIM240/bistro_exterior_reference.mp4,bistro_exterior_motion_resolution_level1.mp4,motion_resolution,level1,/home/jv495/Datasets/GAIM240/bistro_exterior_motion_resolution_level1.mp4,bistro_exterior_stutter_level2.mp4,stutter,level2,/home/jv495/Datasets/GAIM240/bistro_exterior_stutter_level2.mp4
472,bistro_exterior,INTER-DISTORTION,bistro_exterior_reference.mp4,/home/jv495/Datasets/GAIM240/bistro_exterior_reference.mp4,bistro_exterior_motion_resolution_level1.mp4,motion_resolution,level1,/home/jv495/Datasets/GAIM240/bistro_exterior_motion_resolution_level1.mp4,bistro_exterior_temporal-resolution-multiplexing_level0.mp4,temporal-resolution-multiplexing,level0,/home/jv495/Datasets/GAIM240/bistro_exterior_temporal-resolution-multiplexing_level0.mp4
473,bistro_exterior,INTER-DISTORTION,bistro_exterior_reference.mp4,/home/jv495/Datasets/GAIM240/bistro_exterior_reference.mp4,bistro_exterior_motion_resolution_level1.mp4,motion_resolution,level1,/home/jv495/Datasets/GAIM240/bistro_exterior_motion_resolution_level1.mp4,bistro_exterior_temporal-resolution-multiplexing_level1.mp4,temporal-resolution-multiplexing,level1,/home/jv495/Datasets/GAIM240/bistro_exterior_temporal-resolution-multiplexing_level1.mp4
474,bistro_exterior,INTER-DISTORTION,bistro_exterior_reference.mp4,/home/jv495/Datasets/GAIM240/bistro_exterior_reference.mp4,bistro_exterior_motion_resolution_level1.mp4,motion_resolution,level1,/home/jv495/Datasets/GAIM240/bistro_exterior_motion_resolution_level1.mp4,bistro_exterior_temporal-resolution-multiplexing_level2.mp4,temporal-resolution-multiplexing,level2,/home/jv495/Datasets/GAIM240/bistro_exterior_temporal-resolution-multiplexing_level2.mp4
475,bistro_exterior,INTER-DISTORTION,bistro_exterior_reference.mp4,/home/jv495/Datasets/GAIM240/bistro_exterior_reference.mp4,bistro_exterior_motion_resolution_level2.mp4,motion_resolution,level2,/home/jv495/Datasets/GAIM240/bistro_exterior_motion_resolution_level2.mp4,bistro_exterior_noise_colors_level0.mp4,noise_colors,level0,/home/jv495/Datasets/GAIM240/bistro_exterior_noise_colors_level0.mp4
476,bistro_exterior,INTER-DISTORTION,bistro_exterior_reference.mp4,/home/jv495/Datasets/GAIM240/bistro_exterior_reference.mp4,bistro_exterior_motion_resolution_level2.mp4,motion_resolution,level2,/home/jv495/Datasets/GAIM240/bistro_exterior_motion_resolution_level2.mp4,bistro_exterior_noise_colors_level1.mp4,noise_colors,level1,/home/jv495/Datasets/GAIM240/bistro_exterior_noise_colors_level1.mp4
477,bistro_exterior,INTER-DISTORTION,bistro_exterior_reference.mp4,/home/jv495/Datasets/GAIM240/bistro_exterior_reference.mp4,bistro_exterior_motion_resolution_level2.mp4,motion_resolution,level2,/home/jv495/Datasets/GAIM240/bistro_exterior_motion_resolution_level2.mp4,bistro_exterior_noise_colors_level2.mp4,noise_colors,level2,/home/jv495/Datasets/GAIM240/bistro_exterior_noise_colors_level2.mp4
478,bistro_exterior,INTER-DISTORTION,bistro_exterior_reference.mp4,/home/jv495/Datasets/GAIM240/bistro_exterior_reference.mp4,bistro_exterior_motion_resolution_level2.mp4,motion_resolution,level2,/home/jv495/Datasets/GAIM240/bistro_exterior_motion_resolution_level2.mp4,bistro_exterior_restir_level0.mp4,restir,level0,/home/jv495/Datasets/GAIM240/bistro_exterior_restir_level0.mp4
479,bistro_exterior,INTER-DISTORTION,bistro_exterior_reference.mp4,/home/jv495/Datasets/GAIM240/bistro_exterior_reference.mp4,bistro_exterior_motion_resolution_level2.mp4,motion_resolution,level2,/home/jv495/Datasets/GAIM240/bistro_exterior_motion_resolution_level2.mp4,bistro_exterior_restir_level1.mp4,restir,level1,/home/jv495/Datasets/GAIM240/bistro_exterior_restir_level1.mp4
480,bistro_exterior,INTER-DISTORTION,bistro_exterior_reference.mp4,/home/jv495/Datasets/GAIM240/bistro_exterior_reference.mp4,bistro_exterior_motion_resolution_level2.mp4,motion_resolution,level2,/home/jv495/Datasets/GAIM240/bistro_exterior_motion_resolution_level2.mp4,bistro_exterior_restir_level2.mp4,restir,level2,/home/jv495/Datasets/GAIM240/bistro_exterior_restir_level2.mp4
481,bistro_exterior,INTER-DISTORTION,bistro_exterior_reference.mp4,/home/jv495/Datasets/GAIM240/bistro_exterior_reference.mp4,bistro_exterior_motion_resolution_level2.mp4,motion_resolution,level2,/home/jv495/Datasets/GAIM240/bistro_exterior_motion_resolution_level2.mp4,bistro_exterior_stutter_level0.mp4,stutter,level0,/home/jv495/Datasets/GAIM240/bistro_exterior_stutter_level0.mp4
482,bistro_exterior,INTER-DISTORTION,bistro_exterior_reference.mp4,/home/jv495/Datasets/GAIM240/bistro_exterior_reference.mp4,bistro_exterior_motion_resolution_level2.mp4,motion_resolution,level2,/home/jv495/Datasets/GAIM240/bistro_exterior_motion_resolution_level2.mp4,bistro_exterior_stutter_level1.mp4,stutter,level1,/home/jv495/Datasets/GAIM240/bistro_exterior_stutter_level1.mp4
483,bistro_exterior,INTER-DISTORTION,bistro_exterior_reference.mp4,/home/jv495/Datasets/GAIM240/bistro_exterior_reference.mp4,bistro_exterior_motion_resolution_level2.mp4,motion_resolution,level2,/home/jv495/Datasets/GAIM240/bistro_exterior_motion_resolution_level2.mp4,bistro_exterior_stutter_level2.mp4,stutter,level2,/home/jv495/Datasets/GAIM240/bistro_exterior_stutter_level2.mp4
484,bistro_exterior,INTER-DISTORTION,bistro_exterior_reference.mp4,/home/jv495/Datasets/GAIM240/bistro_exterior_reference.mp4,bistro_exterior_motion_resolution_level2.mp4,motion_resolution,level2,/home/jv495/Datasets/GAIM240/bistro_exterior_motion_resolution_level2.mp4,bistro_exterior_temporal-resolution-multiplexing_level0.mp4,temporal-resolution-multiplexing,level0,/home/jv495/Datasets/GAIM240/bistro_exterior_temporal-resolution-multiplexing_level0.mp4
485,bistro_exterior,INTER-DISTORTION,bistro_exterior_reference.mp4,/home/jv495/Datasets/GAIM240/bistro_exterior_reference.mp4,bistro_exterior_motion_resolution_level2.mp4,motion_resolution,level2,/home/jv495/Datasets/GAIM240/bistro_exterior_motion_resolution_level2.mp4,bistro_exterior_temporal-resolution-multiplexing_level1.mp4,temporal-resolution-multiplexing,level1,/home/jv495/Datasets/GAIM240/bistro_exterior_temporal-resolution-multiplexing_level1.mp4
486,bistro_exterior,INTER-DISTORTION,bistro_exterior_reference.mp4,/home/jv495/Datasets/GAIM240/bistro_exterior_reference.mp4,bistro_exterior_motion_resolution_level2.mp4,motion_resolution,level2,/home/jv495/Datasets/GAIM240/bistro_exterior_motion_resolution_level2.mp4,bistro_exterior_temporal-resolution-multiplexing_level2.mp4,temporal-resolution-multiplexing,level2,/home/jv495/Datasets/GAIM240/bistro_exterior_temporal-resolution-multiplexing_level2.mp4
487,bistro_exterior,INTRA-DISTORTION,bistro_exterior_reference.mp4,/home/jv495/Datasets/GAIM240/bistro_exterior_reference.mp4,bistro_exterior_noise_colors_level0.mp4,noise_colors,level0,/home/jv495/Datasets/GAIM240/bistro_exterior_noise_colors_level0.mp4,bistro_exterior_noise_colors_level1.mp4,noise_colors,level1,/home/jv495/Datasets/GAIM240/bistro_exterior_noise_colors_level1.mp4
488,bistro_exterior,INTRA-DISTORTION,bistro_exterior_reference.mp4,/home/jv495/Datasets/GAIM240/bistro_exterior_reference.mp4,bistro_exterior_noise_colors_level0.mp4,noise_colors,level0,/home/jv495/Datasets/GAIM240/bistro_exterior_noise_colors_level0.mp4,bistro_exterior_noise_colors_level2.mp4,noise_colors,level2,/home/jv495/Datasets/GAIM240/bistro_exterior_noise_colors_level2.mp4
489,bistro_exterior,INTER-DISTORTION,bistro_exterior_reference.mp4,/home/jv495/Datasets/GAIM240/bistro_exterior_reference.mp4,bistro_exterior_noise_colors_level0.mp4,noise_colors,level0,/home/jv495/Datasets/GAIM240/bistro_exterior_noise_colors_level0.mp4,bistro_exterior_restir_level0.mp4,restir,level0,/home/jv495/Datasets/GAIM240/bistro_exterior_restir_level0.mp4
490,bistro_exterior,INTER-DISTORTION,bistro_exterior_reference.mp4,/home/jv495/Datasets/GAIM240/bistro_exterior_reference.mp4,bistro_exterior_noise_colors_level0.mp4,noise_colors,level0,/home/jv495/Datasets/GAIM240/bistro_exterior_noise_colors_level0.mp4,bistro_exterior_restir_level1.mp4,restir,level1,/home/jv495/Datasets/GAIM240/bistro_exterior_restir_level1.mp4
491,bistro_exterior,INTER-DISTORTION,bistro_exterior_reference.mp4,/home/jv495/Datasets/GAIM240/bistro_exterior_reference.mp4,bistro_exterior_noise_colors_level0.mp4,noise_colors,level0,/home/jv495/Datasets/GAIM240/bistro_exterior_noise_colors_level0.mp4,bistro_exterior_restir_level2.mp4,restir,level2,/home/jv495/Datasets/GAIM240/bistro_exterior_restir_level2.mp4
492,bistro_exterior,INTER-DISTORTION,bistro_exterior_reference.mp4,/home/jv495/Datasets/GAIM240/bistro_exterior_reference.mp4,bistro_exterior_noise_colors_level0.mp4,noise_colors,level0,/home/jv495/Datasets/GAIM240/bistro_exterior_noise_colors_level0.mp4,bistro_exterior_stutter_level0.mp4,stutter,level0,/home/jv495/Datasets/GAIM240/bistro_exterior_stutter_level0.mp4
493,bistro_exterior,INTER-DISTORTION,bistro_exterior_reference.mp4,/home/jv495/Datasets/GAIM240/bistro_exterior_reference.mp4,bistro_exterior_noise_colors_level0.mp4,noise_colors,level0,/home/jv495/Datasets/GAIM240/bistro_exterior_noise_colors_level0.mp4,bistro_exterior_stutter_level1.mp4,stutter,level1,/home/jv495/Datasets/GAIM240/bistro_exterior_stutter_level1.mp4
494,bistro_exterior,INTER-DISTORTION,bistro_exterior_reference.mp4,/home/jv495/Datasets/GAIM240/bistro_exterior_reference.mp4,bistro_exterior_noise_colors_level0.mp4,noise_colors,level0,/home/jv495/Datasets/GAIM240/bistro_exterior_noise_colors_level0.mp4,bistro_exterior_stutter_level2.mp4,stutter,level2,/home/jv495/Datasets/GAIM240/bistro_exterior_stutter_level2.mp4
495,bistro_exterior,INTER-DISTORTION,bistro_exterior_reference.mp4,/home/jv495/Datasets/GAIM240/bistro_exterior_reference.mp4,bistro_exterior_noise_colors_level0.mp4,noise_colors,level0,/home/jv495/Datasets/GAIM240/bistro_exterior_noise_colors_level0.mp4,bistro_exterior_temporal-resolution-multiplexing_level0.mp4,temporal-resolution-multiplexing,level0,/home/jv495/Datasets/GAIM240/bistro_exterior_temporal-resolution-multiplexing_level0.mp4
496,bistro_exterior,INTER-DISTORTION,bistro_exterior_reference.mp4,/home/jv495/Datasets/GAIM240/bistro_exterior_reference.mp4,bistro_exterior_noise_colors_level0.mp4,noise_colors,level0,/home/jv495/Datasets/GAIM240/bistro_exterior_noise_colors_level0.mp4,bistro_exterior_temporal-resolution-multiplexing_level1.mp4,temporal-resolution-multiplexing,level1,/home/jv495/Datasets/GAIM240/bistro_exterior_temporal-resolution-multiplexing_level1.mp4
497,bistro_exterior,INTER-DISTORTION,bistro_exterior_reference.mp4,/home/jv495/Datasets/GAIM240/bistro_exterior_reference.mp4,bistro_exterior_noise_colors_level0.mp4,noise_colors,level0,/home/jv495/Datasets/GAIM240/bistro_exterior_noise_colors_level0.mp4,bistro_exterior_temporal-resolution-multiplexing_level2.mp4,temporal-resolution-multiplexing,level2,/home/jv495/Datasets/GAIM240/bistro_exterior_temporal-resolution-multiplexing_level2.mp4
498,bistro_exterior,INTRA-DISTORTION,bistro_exterior_reference.mp4,/home/jv495/Datasets/GAIM240/bistro_exterior_reference.mp4,bistro_exterior_noise_colors_level1.mp4,noise_colors,level1,/home/jv495/Datasets/GAIM240/bistro_exterior_noise_colors_level1.mp4,bistro_exterior_noise_colors_level2.mp4,noise_colors,level2,/home/jv495/Datasets/GAIM240/bistro_exterior_noise_colors_level2.mp4
499,bistro_exterior,INTER-DISTORTION,bistro_exterior_reference.mp4,/home/jv495/Datasets/GAIM240/bistro_exterior_reference.mp4,bistro_exterior_noise_colors_level1.mp4,noise_colors,level1,/home/jv495/Datasets/GAIM240/bistro_exterior_noise_colors_level1.mp4,bistro_exterior_restir_level0.mp4,restir,level0,/home/jv495/Datasets/GAIM240/bistro_exterior_restir_level0.mp4
500,bistro_exterior,INTER-DISTORTION,bistro_exterior_reference.mp4,/home/jv495/Datasets/GAIM240/bistro_exterior_reference.mp4,bistro_exterior_noise_colors_level1.mp4,noise_colors,level1,/home/jv495/Datasets/GAIM240/bistro_exterior_noise_colors_level1.mp4,bistro_exterior_restir_level1.mp4,restir,level1,/home/jv495/Datasets/GAIM240/bistro_exterior_restir_level1.mp4
501,bistro_exterior,INTER-DISTORTION,bistro_exterior_reference.mp4,/home/jv495/Datasets/GAIM240/bistro_exterior_reference.mp4,bistro_exterior_noise_colors_level1.mp4,noise_colors,level1,/home/jv495/Datasets/GAIM240/bistro_exterior_noise_colors_level1.mp4,bistro_exterior_restir_level2.mp4,restir,level2,/home/jv495/Datasets/GAIM240/bistro_exterior_restir_level2.mp4
502,bistro_exterior,INTER-DISTORTION,bistro_exterior_reference.mp4,/home/jv495/Datasets/GAIM240/bistro_exterior_reference.mp4,bistro_exterior_noise_colors_level1.mp4,noise_colors,level1,/home/jv495/Datasets/GAIM240/bistro_exterior_noise_colors_level1.mp4,bistro_exterior_stutter_level0.mp4,stutter,level0,/home/jv495/Datasets/GAIM240/bistro_exterior_stutter_level0.mp4
503,bistro_exterior,INTER-DISTORTION,bistro_exterior_reference.mp4,/home/jv495/Datasets/GAIM240/bistro_exterior_reference.mp4,bistro_exterior_noise_colors_level1.mp4,noise_colors,level1,/home/jv495/Datasets/GAIM240/bistro_exterior_noise_colors_level1.mp4,bistro_exterior_stutter_level1.mp4,stutter,level1,/home/jv495/Datasets/GAIM240/bistro_exterior_stutter_level1.mp4
504,bistro_exterior,INTER-DISTORTION,bistro_exterior_reference.mp4,/home/jv495/Datasets/GAIM240/bistro_exterior_reference.mp4,bistro_exterior_noise_colors_level1.mp4,noise_colors,level1,/home/jv495/Datasets/GAIM240/bistro_exterior_noise_colors_level1.mp4,bistro_exterior_stutter_level2.mp4,stutter,level2,/home/jv495/Datasets/GAIM240/bistro_exterior_stutter_level2.mp4
505,bistro_exterior,INTER-DISTORTION,bistro_exterior_reference.mp4,/home/jv495/Datasets/GAIM240/bistro_exterior_reference.mp4,bistro_exterior_noise_colors_level1.mp4,noise_colors,level1,/home/jv495/Datasets/GAIM240/bistro_exterior_noise_colors_level1.mp4,bistro_exterior_temporal-resolution-multiplexing_level0.mp4,temporal-resolution-multiplexing,level0,/home/jv495/Datasets/GAIM240/bistro_exterior_temporal-resolution-multiplexing_level0.mp4
506,bistro_exterior,INTER-DISTORTION,bistro_exterior_reference.mp4,/home/jv495/Datasets/GAIM240/bistro_exterior_reference.mp4,bistro_exterior_noise_colors_level1.mp4,noise_colors,level1,/home/jv495/Datasets/GAIM240/bistro_exterior_noise_colors_level1.mp4,bistro_exterior_temporal-resolution-multiplexing_level1.mp4,temporal-resolution-multiplexing,level1,/home/jv495/Datasets/GAIM240/bistro_exterior_temporal-resolution-multiplexing_level1.mp4
507,bistro_exterior,INTER-DISTORTION,bistro_exterior_reference.mp4,/home/jv495/Datasets/GAIM240/bistro_exterior_reference.mp4,bistro_exterior_noise_colors_level1.mp4,noise_colors,level1,/home/jv495/Datasets/GAIM240/bistro_exterior_noise_colors_level1.mp4,bistro_exterior_temporal-resolution-multiplexing_level2.mp4,temporal-resolution-multiplexing,level2,/home/jv495/Datasets/GAIM240/bistro_exterior_temporal-resolution-multiplexing_level2.mp4
508,bistro_exterior,INTER-DISTORTION,bistro_exterior_reference.mp4,/home/jv495/Datasets/GAIM240/bistro_exterior_reference.mp4,bistro_exterior_noise_colors_level2.mp4,noise_colors,level2,/home/jv495/Datasets/GAIM240/bistro_exterior_noise_colors_level2.mp4,bistro_exterior_restir_level0.mp4,restir,level0,/home/jv495/Datasets/GAIM240/bistro_exterior_restir_level0.mp4
509,bistro_exterior,INTER-DISTORTION,bistro_exterior_reference.mp4,/home/jv495/Datasets/GAIM240/bistro_exterior_reference.mp4,bistro_exterior_noise_colors_level2.mp4,noise_colors,level2,/home/jv495/Datasets/GAIM240/bistro_exterior_noise_colors_level2.mp4,bistro_exterior_restir_level1.mp4,restir,level1,/home/jv495/Datasets/GAIM240/bistro_exterior_restir_level1.mp4
510,bistro_exterior,INTER-DISTORTION,bistro_exterior_reference.mp4,/home/jv495/Datasets/GAIM240/bistro_exterior_reference.mp4,bistro_exterior_noise_colors_level2.mp4,noise_colors,level2,/home/jv495/Datasets/GAIM240/bistro_exterior_noise_colors_level2.mp4,bistro_exterior_restir_level2.mp4,restir,level2,/home/jv495/Datasets/GAIM240/bistro_exterior_restir_level2.mp4
511,bistro_exterior,INTER-DISTORTION,bistro_exterior_reference.mp4,/home/jv495/Datasets/GAIM240/bistro_exterior_reference.mp4,bistro_exterior_noise_colors_level2.mp4,noise_colors,level2,/home/jv495/Datasets/GAIM240/bistro_exterior_noise_colors_level2.mp4,bistro_exterior_stutter_level0.mp4,stutter,level0,/home/jv495/Datasets/GAIM240/bistro_exterior_stutter_level0.mp4
512,bistro_exterior,INTER-DISTORTION,bistro_exterior_reference.mp4,/home/jv495/Datasets/GAIM240/bistro_exterior_reference.mp4,bistro_exterior_noise_colors_level2.mp4,noise_colors,level2,/home/jv495/Datasets/GAIM240/bistro_exterior_noise_colors_level2.mp4,bistro_exterior_stutter_level1.mp4,stutter,level1,/home/jv495/Datasets/GAIM240/bistro_exterior_stutter_level1.mp4
513,bistro_exterior,INTER-DISTORTION,bistro_exterior_reference.mp4,/home/jv495/Datasets/GAIM240/bistro_exterior_reference.mp4,bistro_exterior_noise_colors_level2.mp4,noise_colors,level2,/home/jv495/Datasets/GAIM240/bistro_exterior_noise_colors_level2.mp4,bistro_exterior_stutter_level2.mp4,stutter,level2,/home/jv495/Datasets/GAIM240/bistro_exterior_stutter_level2.mp4
514,bistro_exterior,INTER-DISTORTION,bistro_exterior_reference.mp4,/home/jv495/Datasets/GAIM240/bistro_exterior_reference.mp4,bistro_exterior_noise_colors_level2.mp4,noise_colors,level2,/home/jv495/Datasets/GAIM240/bistro_exterior_noise_colors_level2.mp4,bistro_exterior_temporal-resolution-multiplexing_level0.mp4,temporal-resolution-multiplexing,level0,/home/jv495/Datasets/GAIM240/bistro_exterior_temporal-resolution-multiplexing_level0.mp4
515,bistro_exterior,INTER-DISTORTION,bistro_exterior_reference.mp4,/home/jv495/Datasets/GAIM240/bistro_exterior_reference.mp4,bistro_exterior_noise_colors_level2.mp4,noise_colors,level2,/home/jv495/Datasets/GAIM240/bistro_exterior_noise_colors_level2.mp4,bistro_exterior_temporal-resolution-multiplexing_level1.mp4,temporal-resolution-multiplexing,level1,/home/jv495/Datasets/GAIM240/bistro_exterior_temporal-resolution-multiplexing_level1.mp4
516,bistro_exterior,INTER-DISTORTION,bistro_exterior_reference.mp4,/home/jv495/Datasets/GAIM240/bistro_exterior_reference.mp4,bistro_exterior_noise_colors_level2.mp4,noise_colors,level2,/home/jv495/Datasets/GAIM240/bistro_exterior_noise_colors_level2.mp4,bistro_exterior_temporal-resolution-multiplexing_level2.mp4,temporal-resolution-multiplexing,level2,/home/jv495/Datasets/GAIM240/bistro_exterior_temporal-resolution-multiplexing_level2.mp4
517,bistro_exterior,INTRA-DISTORTION,bistro_exterior_reference.mp4,/home/jv495/Datasets/GAIM240/bistro_exterior_reference.mp4,bistro_exterior_restir_level0.mp4,restir,level0,/home/jv495/Datasets/GAIM240/bistro_exterior_restir_level0.mp4,bistro_exterior_restir_level1.mp4,restir,level1,/home/jv495/Datasets/GAIM240/bistro_exterior_restir_level1.mp4
518,bistro_exterior,INTRA-DISTORTION,bistro_exterior_reference.mp4,/home/jv495/Datasets/GAIM240/bistro_exterior_reference.mp4,bistro_exterior_restir_level0.mp4,restir,level0,/home/jv495/Datasets/GAIM240/bistro_exterior_restir_level0.mp4,bistro_exterior_restir_level2.mp4,restir,level2,/home/jv495/Datasets/GAIM240/bistro_exterior_restir_level2.mp4
519,bistro_exterior,INTER-DISTORTION,bistro_exterior_reference.mp4,/home/jv495/Datasets/GAIM240/bistro_exterior_reference.mp4,bistro_exterior_restir_level0.mp4,restir,level0,/home/jv495/Datasets/GAIM240/bistro_exterior_restir_level0.mp4,bistro_exterior_stutter_level0.mp4,stutter,level0,/home/jv495/Datasets/GAIM240/bistro_exterior_stutter_level0.mp4
520,bistro_exterior,INTER-DISTORTION,bistro_exterior_reference.mp4,/home/jv495/Datasets/GAIM240/bistro_exterior_reference.mp4,bistro_exterior_restir_level0.mp4,restir,level0,/home/jv495/Datasets/GAIM240/bistro_exterior_restir_level0.mp4,bistro_exterior_stutter_level1.mp4,stutter,level1,/home/jv495/Datasets/GAIM240/bistro_exterior_stutter_level1.mp4
521,bistro_exterior,INTER-DISTORTION,bistro_exterior_reference.mp4,/home/jv495/Datasets/GAIM240/bistro_exterior_reference.mp4,bistro_exterior_restir_level0.mp4,restir,level0,/home/jv495/Datasets/GAIM240/bistro_exterior_restir_level0.mp4,bistro_exterior_stutter_level2.mp4,stutter,level2,/home/jv495/Datasets/GAIM240/bistro_exterior_stutter_level2.mp4
522,bistro_exterior,INTER-DISTORTION,bistro_exterior_reference.mp4,/home/jv495/Datasets/GAIM240/bistro_exterior_reference.mp4,bistro_exterior_restir_level0.mp4,restir,level0,/home/jv495/Datasets/GAIM240/bistro_exterior_restir_level0.mp4,bistro_exterior_temporal-resolution-multiplexing_level0.mp4,temporal-resolution-multiplexing,level0,/home/jv495/Datasets/GAIM240/bistro_exterior_temporal-resolution-multiplexing_level0.mp4
523,bistro_exterior,INTER-DISTORTION,bistro_exterior_reference.mp4,/home/jv495/Datasets/GAIM240/bistro_exterior_reference.mp4,bistro_exterior_restir_level0.mp4,restir,level0,/home/jv495/Datasets/GAIM240/bistro_exterior_restir_level0.mp4,bistro_exterior_temporal-resolution-multiplexing_level1.mp4,temporal-resolution-multiplexing,level1,/home/jv495/Datasets/GAIM240/bistro_exterior_temporal-resolution-multiplexing_level1.mp4
524,bistro_exterior,INTER-DISTORTION,bistro_exterior_reference.mp4,/home/jv495/Datasets/GAIM240/bistro_exterior_reference.mp4,bistro_exterior_restir_level0.mp4,restir,level0,/home/jv495/Datasets/GAIM240/bistro_exterior_restir_level0.mp4,bistro_exterior_temporal-resolution-multiplexing_level2.mp4,temporal-resolution-multiplexing,level2,/home/jv495/Datasets/GAIM240/bistro_exterior_temporal-resolution-multiplexing_level2.mp4
525,bistro_exterior,INTRA-DISTORTION,bistro_exterior_reference.mp4,/home/jv495/Datasets/GAIM240/bistro_exterior_reference.mp4,bistro_exterior_restir_level1.mp4,restir,level1,/home/jv495/Datasets/GAIM240/bistro_exterior_restir_level1.mp4,bistro_exterior_restir_level2.mp4,restir,level2,/home/jv495/Datasets/GAIM240/bistro_exterior_restir_level2.mp4
526,bistro_exterior,INTER-DISTORTION,bistro_exterior_reference.mp4,/home/jv495/Datasets/GAIM240/bistro_exterior_reference.mp4,bistro_exterior_restir_level1.mp4,restir,level1,/home/jv495/Datasets/GAIM240/bistro_exterior_restir_level1.mp4,bistro_exterior_stutter_level0.mp4,stutter,level0,/home/jv495/Datasets/GAIM240/bistro_exterior_stutter_level0.mp4
527,bistro_exterior,INTER-DISTORTION,bistro_exterior_reference.mp4,/home/jv495/Datasets/GAIM240/bistro_exterior_reference.mp4,bistro_exterior_restir_level1.mp4,restir,level1,/home/jv495/Datasets/GAIM240/bistro_exterior_restir_level1.mp4,bistro_exterior_stutter_level1.mp4,stutter,level1,/home/jv495/Datasets/GAIM240/bistro_exterior_stutter_level1.mp4
528,bistro_exterior,INTER-DISTORTION,bistro_exterior_reference.mp4,/home/jv495/Datasets/GAIM240/bistro_exterior_reference.mp4,bistro_exterior_restir_level1.mp4,restir,level1,/home/jv495/Datasets/GAIM240/bistro_exterior_restir_level1.mp4,bistro_exterior_stutter_level2.mp4,stutter,level2,/home/jv495/Datasets/GAIM240/bistro_exterior_stutter_level2.mp4
529,bistro_exterior,INTER-DISTORTION,bistro_exterior_reference.mp4,/home/jv495/Datasets/GAIM240/bistro_exterior_reference.mp4,bistro_exterior_restir_level1.mp4,restir,level1,/home/jv495/Datasets/GAIM240/bistro_exterior_restir_level1.mp4,bistro_exterior_temporal-resolution-multiplexing_level0.mp4,temporal-resolution-multiplexing,level0,/home/jv495/Datasets/GAIM240/bistro_exterior_temporal-resolution-multiplexing_level0.mp4
530,bistro_exterior,INTER-DISTORTION,bistro_exterior_reference.mp4,/home/jv495/Datasets/GAIM240/bistro_exterior_reference.mp4,bistro_exterior_restir_level1.mp4,restir,level1,/home/jv495/Datasets/GAIM240/bistro_exterior_restir_level1.mp4,bistro_exterior_temporal-resolution-multiplexing_level1.mp4,temporal-resolution-multiplexing,level1,/home/jv495/Datasets/GAIM240/bistro_exterior_temporal-resolution-multiplexing_level1.mp4
531,bistro_exterior,INTER-DISTORTION,bistro_exterior_reference.mp4,/home/jv495/Datasets/GAIM240/bistro_exterior_reference.mp4,bistro_exterior_restir_level1.mp4,restir,level1,/home/jv495/Datasets/GAIM240/bistro_exterior_restir_level1.mp4,bistro_exterior_temporal-resolution-multiplexing_level2.mp4,temporal-resolution-multiplexing,level2,/home/jv495/Datasets/GAIM240/bistro_exterior_temporal-resolution-multiplexing_level2.mp4
532,bistro_exterior,INTER-DISTORTION,bistro_exterior_reference.mp4,/home/jv495/Datasets/GAIM240/bistro_exterior_reference.mp4,bistro_exterior_restir_level2.mp4,restir,level2,/home/jv495/Datasets/GAIM240/bistro_exterior_restir_level2.mp4,bistro_exterior_stutter_level0.mp4,stutter,level0,/home/jv495/Datasets/GAIM240/bistro_exterior_stutter_level0.mp4
533,bistro_exterior,INTER-DISTORTION,bistro_exterior_reference.mp4,/home/jv495/Datasets/GAIM240/bistro_exterior_reference.mp4,bistro_exterior_restir_level2.mp4,restir,level2,/home/jv495/Datasets/GAIM240/bistro_exterior_restir_level2.mp4,bistro_exterior_stutter_level1.mp4,stutter,level1,/home/jv495/Datasets/GAIM240/bistro_exterior_stutter_level1.mp4
534,bistro_exterior,INTER-DISTORTION,bistro_exterior_reference.mp4,/home/jv495/Datasets/GAIM240/bistro_exterior_reference.mp4,bistro_exterior_restir_level2.mp4,restir,level2,/home/jv495/Datasets/GAIM240/bistro_exterior_restir_level2.mp4,bistro_exterior_stutter_level2.mp4,stutter,level2,/home/jv495/Datasets/GAIM240/bistro_exterior_stutter_level2.mp4
535,bistro_exterior,INTER-DISTORTION,bistro_exterior_reference.mp4,/home/jv495/Datasets/GAIM240/bistro_exterior_reference.mp4,bistro_exterior_restir_level2.mp4,restir,level2,/home/jv495/Datasets/GAIM240/bistro_exterior_restir_level2.mp4,bistro_exterior_temporal-resolution-multiplexing_level0.mp4,temporal-resolution-multiplexing,level0,/home/jv495/Datasets/GAIM240/bistro_exterior_temporal-resolution-multiplexing_level0.mp4
536,bistro_exterior,INTER-DISTORTION,bistro_exterior_reference.mp4,/home/jv495/Datasets/GAIM240/bistro_exterior_reference.mp4,bistro_exterior_restir_level2.mp4,restir,level2,/home/jv495/Datasets/GAIM240/bistro_exterior_restir_level2.mp4,bistro_exterior_temporal-resolution-multiplexing_level1.mp4,temporal-resolution-multiplexing,level1,/home/jv495/Datasets/GAIM240/bistro_exterior_temporal-resolution-multiplexing_level1.mp4
537,bistro_exterior,INTER-DISTORTION,bistro_exterior_reference.mp4,/home/jv495/Datasets/GAIM240/bistro_exterior_reference.mp4,bistro_exterior_restir_level2.mp4,restir,level2,/home/jv495/Datasets/GAIM240/bistro_exterior_restir_level2.mp4,bistro_exterior_temporal-resolution-multiplexing_level2.mp4,temporal-resolution-multiplexing,level2,/home/jv495/Datasets/GAIM240/bistro_exterior_temporal-resolution-multiplexing_level2.mp4
538,bistro_exterior,INTRA-DISTORTION,bistro_exterior_reference.mp4,/home/jv495/Datasets/GAIM240/bistro_exterior_reference.mp4,bistro_exterior_stutter_level0.mp4,stutter,level0,/home/jv495/Datasets/GAIM240/bistro_exterior_stutter_level0.mp4,bistro_exterior_stutter_level1.mp4,stutter,level1,/home/jv495/Datasets/GAIM240/bistro_exterior_stutter_level1.mp4
539,bistro_exterior,INTRA-DISTORTION,bistro_exterior_reference.mp4,/home/jv495/Datasets/GAIM240/bistro_exterior_reference.mp4,bistro_exterior_stutter_level0.mp4,stutter,level0,/home/jv495/Datasets/GAIM240/bistro_exterior_stutter_level0.mp4,bistro_exterior_stutter_level2.mp4,stutter,level2,/home/jv495/Datasets/GAIM240/bistro_exterior_stutter_level2.mp4
540,bistro_exterior,INTER-DISTORTION,bistro_exterior_reference.mp4,/home/jv495/Datasets/GAIM240/bistro_exterior_reference.mp4,bistro_exterior_stutter_level0.mp4,stutter,level0,/home/jv495/Datasets/GAIM240/bistro_exterior_stutter_level0.mp4,bistro_exterior_temporal-resolution-multiplexing_level0.mp4,temporal-resolution-multiplexing,level0,/home/jv495/Datasets/GAIM240/bistro_exterior_temporal-resolution-multiplexing_level0.mp4
541,bistro_exterior,INTER-DISTORTION,bistro_exterior_reference.mp4,/home/jv495/Datasets/GAIM240/bistro_exterior_reference.mp4,bistro_exterior_stutter_level0.mp4,stutter,level0,/home/jv495/Datasets/GAIM240/bistro_exterior_stutter_level0.mp4,bistro_exterior_temporal-resolution-multiplexing_level1.mp4,temporal-resolution-multiplexing,level1,/home/jv495/Datasets/GAIM240/bistro_exterior_temporal-resolution-multiplexing_level1.mp4
542,bistro_exterior,INTER-DISTORTION,bistro_exterior_reference.mp4,/home/jv495/Datasets/GAIM240/bistro_exterior_reference.mp4,bistro_exterior_stutter_level0.mp4,stutter,level0,/home/jv495/Datasets/GAIM240/bistro_exterior_stutter_level0.mp4,bistro_exterior_temporal-resolution-multiplexing_level2.mp4,temporal-resolution-multiplexing,level2,/home/jv495/Datasets/GAIM240/bistro_exterior_temporal-resolution-multiplexing_level2.mp4
543,bistro_exterior,INTRA-DISTORTION,bistro_exterior_reference.mp4,/home/jv495/Datasets/GAIM240/bistro_exterior_reference.mp4,bistro_exterior_stutter_level1.mp4,stutter,level1,/home/jv495/Datasets/GAIM240/bistro_exterior_stutter_level1.mp4,bistro_exterior_stutter_level2.mp4,stutter,level2,/home/jv495/Datasets/GAIM240/bistro_exterior_stutter_level2.mp4
544,bistro_exterior,INTER-DISTORTION,bistro_exterior_reference.mp4,/home/jv495/Datasets/GAIM240/bistro_exterior_reference.mp4,bistro_exterior_stutter_level1.mp4,stutter,level1,/home/jv495/Datasets/GAIM240/bistro_exterior_stutter_level1.mp4,bistro_exterior_temporal-resolution-multiplexing_level0.mp4,temporal-resolution-multiplexing,level0,/home/jv495/Datasets/GAIM240/bistro_exterior_temporal-resolution-multiplexing_level0.mp4
545,bistro_exterior,INTER-DISTORTION,bistro_exterior_reference.mp4,/home/jv495/Datasets/GAIM240/bistro_exterior_reference.mp4,bistro_exterior_stutter_level1.mp4,stutter,level1,/home/jv495/Datasets/GAIM240/bistro_exterior_stutter_level1.mp4,bistro_exterior_temporal-resolution-multiplexing_level1.mp4,temporal-resolution-multiplexing,level1,/home/jv495/Datasets/GAIM240/bistro_exterior_temporal-resolution-multiplexing_level1.mp4
546,bistro_exterior,INTER-DISTORTION,bistro_exterior_reference.mp4,/home/jv495/Datasets/GAIM240/bistro_exterior_reference.mp4,bistro_exterior_stutter_level1.mp4,stutter,level1,/home/jv495/Datasets/GAIM240/bistro_exterior_stutter_level1.mp4,bistro_exterior_temporal-resolution-multiplexing_level2.mp4,temporal-resolution-multiplexing,level2,/home/jv495/Datasets/GAIM240/bistro_exterior_temporal-resolution-multiplexing_level2.mp4
547,bistro_exterior,INTER-DISTORTION,bistro_exterior_reference.mp4,/home/jv495/Datasets/GAIM240/bistro_exterior_reference.mp4,bistro_exterior_stutter_level2.mp4,stutter,level2,/home/jv495/Datasets/GAIM240/bistro_exterior_stutter_level2.mp4,bistro_exterior_temporal-resolution-multiplexing_level0.mp4,temporal-resolution-multiplexing,level0,/home/jv495/Datasets/GAIM240/bistro_exterior_temporal-resolution-multiplexing_level0.mp4
548,bistro_exterior,INTER-DISTORTION,bistro_exterior_reference.mp4,/home/jv495/Datasets/GAIM240/bistro_exterior_reference.mp4,bistro_exterior_stutter_level2.mp4,stutter,level2,/home/jv495/Datasets/GAIM240/bistro_exterior_stutter_level2.mp4,bistro_exterior_temporal-resolution-multiplexing_level1.mp4,temporal-resolution-multiplexing,level1,/home/jv495/Datasets/GAIM240/bistro_exterior_temporal-resolution-multiplexing_level1.mp4
549,bistro_exterior,INTER-DISTORTION,bistro_exterior_reference.mp4,/home/jv495/Datasets/GAIM240/bistro_exterior_reference.mp4,bistro_exterior_stutter_level2.mp4,stutter,level2,/home/jv495/Datasets/GAIM240/bistro_exterior_stutter_level2.mp4,bistro_exterior_temporal-resolution-multiplexing_level2.mp4,temporal-resolution-multiplexing,level2,/home/jv495/Datasets/GAIM240/bistro_exterior_temporal-resolution-multiplexing_level2.mp4
550,bistro_exterior,INTRA-DISTORTION,bistro_exterior_reference.mp4,/home/jv495/Datasets/GAIM240/bistro_exterior_reference.mp4,bistro_exterior_temporal-resolution-multiplexing_level0.mp4,temporal-resolution-multiplexing,level0,/home/jv495/Datasets/GAIM240/bistro_exterior_temporal-resolution-multiplexing_level0.mp4,bistro_exterior_temporal-resolution-multiplexing_level1.mp4,temporal-resolution-multiplexing,level1,/home/jv495/Datasets/GAIM240/bistro_exterior_temporal-resolution-multiplexing_level1.mp4
551,bistro_exterior,INTRA-DISTORTION,bistro_exterior_reference.mp4,/home/jv495/Datasets/GAIM240/bistro_exterior_reference.mp4,bistro_exterior_temporal-resolution-multiplexing_level0.mp4,temporal-resolution-multiplexing,level0,/home/jv495/Datasets/GAIM240/bistro_exterior_temporal-resolution-multiplexing_level0.mp4,bistro_exterior_temporal-resolution-multiplexing_level2.mp4,temporal-resolution-multiplexing,level2,/home/jv495/Datasets/GAIM240/bistro_exterior_temporal-resolution-multiplexing_level2.mp4
552,bistro_exterior,INTRA-DISTORTION,bistro_exterior_reference.mp4,/home/jv495/Datasets/GAIM240/bistro_exterior_reference.mp4,bistro_exterior_temporal-resolution-multiplexing_level1.mp4,temporal-resolution-multiplexing,level1,/home/jv495/Datasets/GAIM240/bistro_exterior_temporal-resolution-multiplexing_level1.mp4,bistro_exterior_temporal-resolution-multiplexing_level2.mp4,temporal-resolution-multiplexing,level2,/home/jv495/Datasets/GAIM240/bistro_exterior_temporal-resolution-multiplexing_level2.mp4
553,bistro_interior,INTRA-DISTORTION,bistro_interior_reference.mp4,/home/jv495/Datasets/GAIM240/bistro_interior_reference.mp4,bistro_interior_dlss_rr_level0.mp4,dlss_rr,level0,/home/jv495/Datasets/GAIM240/bistro_interior_dlss_rr_level0.mp4,bistro_interior_dlss_rr_level1.mp4,dlss_rr,level1,/home/jv495/Datasets/GAIM240/bistro_interior_dlss_rr_level1.mp4
554,bistro_interior,INTRA-DISTORTION,bistro_interior_reference.mp4,/home/jv495/Datasets/GAIM240/bistro_interior_reference.mp4,bistro_interior_dlss_rr_level0.mp4,dlss_rr,level0,/home/jv495/Datasets/GAIM240/bistro_interior_dlss_rr_level0.mp4,bistro_interior_dlss_rr_level2.mp4,dlss_rr,level2,/home/jv495/Datasets/GAIM240/bistro_interior_dlss_rr_level2.mp4
555,bistro_interior,INTER-DISTORTION,bistro_interior_reference.mp4,/home/jv495/Datasets/GAIM240/bistro_interior_reference.mp4,bistro_interior_dlss_rr_level0.mp4,dlss_rr,level0,/home/jv495/Datasets/GAIM240/bistro_interior_dlss_rr_level0.mp4,bistro_interior_judder_level0.mp4,judder,level0,/home/jv495/Datasets/GAIM240/bistro_interior_judder_level0.mp4
556,bistro_interior,INTER-DISTORTION,bistro_interior_reference.mp4,/home/jv495/Datasets/GAIM240/bistro_interior_reference.mp4,bistro_interior_dlss_rr_level0.mp4,dlss_rr,level0,/home/jv495/Datasets/GAIM240/bistro_interior_dlss_rr_level0.mp4,bistro_interior_judder_level1.mp4,judder,level1,/home/jv495/Datasets/GAIM240/bistro_interior_judder_level1.mp4
557,bistro_interior,INTER-DISTORTION,bistro_interior_reference.mp4,/home/jv495/Datasets/GAIM240/bistro_interior_reference.mp4,bistro_interior_dlss_rr_level0.mp4,dlss_rr,level0,/home/jv495/Datasets/GAIM240/bistro_interior_dlss_rr_level0.mp4,bistro_interior_judder_level2.mp4,judder,level2,/home/jv495/Datasets/GAIM240/bistro_interior_judder_level2.mp4
558,bistro_interior,INTER-DISTORTION,bistro_interior_reference.mp4,/home/jv495/Datasets/GAIM240/bistro_interior_reference.mp4,bistro_interior_dlss_rr_level0.mp4,dlss_rr,level0,/home/jv495/Datasets/GAIM240/bistro_interior_dlss_rr_level0.mp4,bistro_interior_motion_noise_level0.mp4,motion_noise,level0,/home/jv495/Datasets/GAIM240/bistro_interior_motion_noise_level0.mp4
559,bistro_interior,INTER-DISTORTION,bistro_interior_reference.mp4,/home/jv495/Datasets/GAIM240/bistro_interior_reference.mp4,bistro_interior_dlss_rr_level0.mp4,dlss_rr,level0,/home/jv495/Datasets/GAIM240/bistro_interior_dlss_rr_level0.mp4,bistro_interior_motion_noise_level1.mp4,motion_noise,level1,/home/jv495/Datasets/GAIM240/bistro_interior_motion_noise_level1.mp4
560,bistro_interior,INTER-DISTORTION,bistro_interior_reference.mp4,/home/jv495/Datasets/GAIM240/bistro_interior_reference.mp4,bistro_interior_dlss_rr_level0.mp4,dlss_rr,level0,/home/jv495/Datasets/GAIM240/bistro_interior_dlss_rr_level0.mp4,bistro_interior_motion_noise_level2.mp4,motion_noise,level2,/home/jv495/Datasets/GAIM240/bistro_interior_motion_noise_level2.mp4
561,bistro_interior,INTER-DISTORTION,bistro_interior_reference.mp4,/home/jv495/Datasets/GAIM240/bistro_interior_reference.mp4,bistro_interior_dlss_rr_level0.mp4,dlss_rr,level0,/home/jv495/Datasets/GAIM240/bistro_interior_dlss_rr_level0.mp4,bistro_interior_motion_resolution_level0.mp4,motion_resolution,level0,/home/jv495/Datasets/GAIM240/bistro_interior_motion_resolution_level0.mp4
562,bistro_interior,INTER-DISTORTION,bistro_interior_reference.mp4,/home/jv495/Datasets/GAIM240/bistro_interior_reference.mp4,bistro_interior_dlss_rr_level0.mp4,dlss_rr,level0,/home/jv495/Datasets/GAIM240/bistro_interior_dlss_rr_level0.mp4,bistro_interior_motion_resolution_level1.mp4,motion_resolution,level1,/home/jv495/Datasets/GAIM240/bistro_interior_motion_resolution_level1.mp4
563,bistro_interior,INTER-DISTORTION,bistro_interior_reference.mp4,/home/jv495/Datasets/GAIM240/bistro_interior_reference.mp4,bistro_interior_dlss_rr_level0.mp4,dlss_rr,level0,/home/jv495/Datasets/GAIM240/bistro_interior_dlss_rr_level0.mp4,bistro_interior_motion_resolution_level2.mp4,motion_resolution,level2,/home/jv495/Datasets/GAIM240/bistro_interior_motion_resolution_level2.mp4
564,bistro_interior,INTER-DISTORTION,bistro_interior_reference.mp4,/home/jv495/Datasets/GAIM240/bistro_interior_reference.mp4,bistro_interior_dlss_rr_level0.mp4,dlss_rr,level0,/home/jv495/Datasets/GAIM240/bistro_interior_dlss_rr_level0.mp4,bistro_interior_noise_colors_level0.mp4,noise_colors,level0,/home/jv495/Datasets/GAIM240/bistro_interior_noise_colors_level0.mp4
565,bistro_interior,INTER-DISTORTION,bistro_interior_reference.mp4,/home/jv495/Datasets/GAIM240/bistro_interior_reference.mp4,bistro_interior_dlss_rr_level0.mp4,dlss_rr,level0,/home/jv495/Datasets/GAIM240/bistro_interior_dlss_rr_level0.mp4,bistro_interior_noise_colors_level1.mp4,noise_colors,level1,/home/jv495/Datasets/GAIM240/bistro_interior_noise_colors_level1.mp4
566,bistro_interior,INTER-DISTORTION,bistro_interior_reference.mp4,/home/jv495/Datasets/GAIM240/bistro_interior_reference.mp4,bistro_interior_dlss_rr_level0.mp4,dlss_rr,level0,/home/jv495/Datasets/GAIM240/bistro_interior_dlss_rr_level0.mp4,bistro_interior_noise_colors_level2.mp4,noise_colors,level2,/home/jv495/Datasets/GAIM240/bistro_interior_noise_colors_level2.mp4
567,bistro_interior,INTER-DISTORTION,bistro_interior_reference.mp4,/home/jv495/Datasets/GAIM240/bistro_interior_reference.mp4,bistro_interior_dlss_rr_level0.mp4,dlss_rr,level0,/home/jv495/Datasets/GAIM240/bistro_interior_dlss_rr_level0.mp4,bistro_interior_restir_level0.mp4,restir,level0,/home/jv495/Datasets/GAIM240/bistro_interior_restir_level0.mp4
568,bistro_interior,INTER-DISTORTION,bistro_interior_reference.mp4,/home/jv495/Datasets/GAIM240/bistro_interior_reference.mp4,bistro_interior_dlss_rr_level0.mp4,dlss_rr,level0,/home/jv495/Datasets/GAIM240/bistro_interior_dlss_rr_level0.mp4,bistro_interior_restir_level1.mp4,restir,level1,/home/jv495/Datasets/GAIM240/bistro_interior_restir_level1.mp4
569,bistro_interior,INTER-DISTORTION,bistro_interior_reference.mp4,/home/jv495/Datasets/GAIM240/bistro_interior_reference.mp4,bistro_interior_dlss_rr_level0.mp4,dlss_rr,level0,/home/jv495/Datasets/GAIM240/bistro_interior_dlss_rr_level0.mp4,bistro_interior_restir_level2.mp4,restir,level2,/home/jv495/Datasets/GAIM240/bistro_interior_restir_level2.mp4
570,bistro_interior,INTER-DISTORTION,bistro_interior_reference.mp4,/home/jv495/Datasets/GAIM240/bistro_interior_reference.mp4,bistro_interior_dlss_rr_level0.mp4,dlss_rr,level0,/home/jv495/Datasets/GAIM240/bistro_interior_dlss_rr_level0.mp4,bistro_interior_stutter_level0.mp4,stutter,level0,/home/jv495/Datasets/GAIM240/bistro_interior_stutter_level0.mp4
571,bistro_interior,INTER-DISTORTION,bistro_interior_reference.mp4,/home/jv495/Datasets/GAIM240/bistro_interior_reference.mp4,bistro_interior_dlss_rr_level0.mp4,dlss_rr,level0,/home/jv495/Datasets/GAIM240/bistro_interior_dlss_rr_level0.mp4,bistro_interior_stutter_level1.mp4,stutter,level1,/home/jv495/Datasets/GAIM240/bistro_interior_stutter_level1.mp4
572,bistro_interior,INTER-DISTORTION,bistro_interior_reference.mp4,/home/jv495/Datasets/GAIM240/bistro_interior_reference.mp4,bistro_interior_dlss_rr_level0.mp4,dlss_rr,level0,/home/jv495/Datasets/GAIM240/bistro_interior_dlss_rr_level0.mp4,bistro_interior_stutter_level2.mp4,stutter,level2,/home/jv495/Datasets/GAIM240/bistro_interior_stutter_level2.mp4
573,bistro_interior,INTER-DISTORTION,bistro_interior_reference.mp4,/home/jv495/Datasets/GAIM240/bistro_interior_reference.mp4,bistro_interior_dlss_rr_level0.mp4,dlss_rr,level0,/home/jv495/Datasets/GAIM240/bistro_interior_dlss_rr_level0.mp4,bistro_interior_temporal-resolution-multiplexing_level0.mp4,temporal-resolution-multiplexing,level0,/home/jv495/Datasets/GAIM240/bistro_interior_temporal-resolution-multiplexing_level0.mp4
574,bistro_interior,INTER-DISTORTION,bistro_interior_reference.mp4,/home/jv495/Datasets/GAIM240/bistro_interior_reference.mp4,bistro_interior_dlss_rr_level0.mp4,dlss_rr,level0,/home/jv495/Datasets/GAIM240/bistro_interior_dlss_rr_level0.mp4,bistro_interior_temporal-resolution-multiplexing_level1.mp4,temporal-resolution-multiplexing,level1,/home/jv495/Datasets/GAIM240/bistro_interior_temporal-resolution-multiplexing_level1.mp4
575,bistro_interior,INTER-DISTORTION,bistro_interior_reference.mp4,/home/jv495/Datasets/GAIM240/bistro_interior_reference.mp4,bistro_interior_dlss_rr_level0.mp4,dlss_rr,level0,/home/jv495/Datasets/GAIM240/bistro_interior_dlss_rr_level0.mp4,bistro_interior_temporal-resolution-multiplexing_level2.mp4,temporal-resolution-multiplexing,level2,/home/jv495/Datasets/GAIM240/bistro_interior_temporal-resolution-multiplexing_level2.mp4
576,bistro_interior,INTRA-DISTORTION,bistro_interior_reference.mp4,/home/jv495/Datasets/GAIM240/bistro_interior_reference.mp4,bistro_interior_dlss_rr_level1.mp4,dlss_rr,level1,/home/jv495/Datasets/GAIM240/bistro_interior_dlss_rr_level1.mp4,bistro_interior_dlss_rr_level2.mp4,dlss_rr,level2,/home/jv495/Datasets/GAIM240/bistro_interior_dlss_rr_level2.mp4
577,bistro_interior,INTER-DISTORTION,bistro_interior_reference.mp4,/home/jv495/Datasets/GAIM240/bistro_interior_reference.mp4,bistro_interior_dlss_rr_level1.mp4,dlss_rr,level1,/home/jv495/Datasets/GAIM240/bistro_interior_dlss_rr_level1.mp4,bistro_interior_judder_level0.mp4,judder,level0,/home/jv495/Datasets/GAIM240/bistro_interior_judder_level0.mp4
578,bistro_interior,INTER-DISTORTION,bistro_interior_reference.mp4,/home/jv495/Datasets/GAIM240/bistro_interior_reference.mp4,bistro_interior_dlss_rr_level1.mp4,dlss_rr,level1,/home/jv495/Datasets/GAIM240/bistro_interior_dlss_rr_level1.mp4,bistro_interior_judder_level1.mp4,judder,level1,/home/jv495/Datasets/GAIM240/bistro_interior_judder_level1.mp4
579,bistro_interior,INTER-DISTORTION,bistro_interior_reference.mp4,/home/jv495/Datasets/GAIM240/bistro_interior_reference.mp4,bistro_interior_dlss_rr_level1.mp4,dlss_rr,level1,/home/jv495/Datasets/GAIM240/bistro_interior_dlss_rr_level1.mp4,bistro_interior_judder_level2.mp4,judder,level2,/home/jv495/Datasets/GAIM240/bistro_interior_judder_level2.mp4
580,bistro_interior,INTER-DISTORTION,bistro_interior_reference.mp4,/home/jv495/Datasets/GAIM240/bistro_interior_reference.mp4,bistro_interior_dlss_rr_level1.mp4,dlss_rr,level1,/home/jv495/Datasets/GAIM240/bistro_interior_dlss_rr_level1.mp4,bistro_interior_motion_noise_level0.mp4,motion_noise,level0,/home/jv495/Datasets/GAIM240/bistro_interior_motion_noise_level0.mp4
581,bistro_interior,INTER-DISTORTION,bistro_interior_reference.mp4,/home/jv495/Datasets/GAIM240/bistro_interior_reference.mp4,bistro_interior_dlss_rr_level1.mp4,dlss_rr,level1,/home/jv495/Datasets/GAIM240/bistro_interior_dlss_rr_level1.mp4,bistro_interior_motion_noise_level1.mp4,motion_noise,level1,/home/jv495/Datasets/GAIM240/bistro_interior_motion_noise_level1.mp4
582,bistro_interior,INTER-DISTORTION,bistro_interior_reference.mp4,/home/jv495/Datasets/GAIM240/bistro_interior_reference.mp4,bistro_interior_dlss_rr_level1.mp4,dlss_rr,level1,/home/jv495/Datasets/GAIM240/bistro_interior_dlss_rr_level1.mp4,bistro_interior_motion_noise_level2.mp4,motion_noise,level2,/home/jv495/Datasets/GAIM240/bistro_interior_motion_noise_level2.mp4
583,bistro_interior,INTER-DISTORTION,bistro_interior_reference.mp4,/home/jv495/Datasets/GAIM240/bistro_interior_reference.mp4,bistro_interior_dlss_rr_level1.mp4,dlss_rr,level1,/home/jv495/Datasets/GAIM240/bistro_interior_dlss_rr_level1.mp4,bistro_interior_motion_resolution_level0.mp4,motion_resolution,level0,/home/jv495/Datasets/GAIM240/bistro_interior_motion_resolution_level0.mp4
584,bistro_interior,INTER-DISTORTION,bistro_interior_reference.mp4,/home/jv495/Datasets/GAIM240/bistro_interior_reference.mp4,bistro_interior_dlss_rr_level1.mp4,dlss_rr,level1,/home/jv495/Datasets/GAIM240/bistro_interior_dlss_rr_level1.mp4,bistro_interior_motion_resolution_level1.mp4,motion_resolution,level1,/home/jv495/Datasets/GAIM240/bistro_interior_motion_resolution_level1.mp4
585,bistro_interior,INTER-DISTORTION,bistro_interior_reference.mp4,/home/jv495/Datasets/GAIM240/bistro_interior_reference.mp4,bistro_interior_dlss_rr_level1.mp4,dlss_rr,level1,/home/jv495/Datasets/GAIM240/bistro_interior_dlss_rr_level1.mp4,bistro_interior_motion_resolution_level2.mp4,motion_resolution,level2,/home/jv495/Datasets/GAIM240/bistro_interior_motion_resolution_level2.mp4
586,bistro_interior,INTER-DISTORTION,bistro_interior_reference.mp4,/home/jv495/Datasets/GAIM240/bistro_interior_reference.mp4,bistro_interior_dlss_rr_level1.mp4,dlss_rr,level1,/home/jv495/Datasets/GAIM240/bistro_interior_dlss_rr_level1.mp4,bistro_interior_noise_colors_level0.mp4,noise_colors,level0,/home/jv495/Datasets/GAIM240/bistro_interior_noise_colors_level0.mp4
587,bistro_interior,INTER-DISTORTION,bistro_interior_reference.mp4,/home/jv495/Datasets/GAIM240/bistro_interior_reference.mp4,bistro_interior_dlss_rr_level1.mp4,dlss_rr,level1,/home/jv495/Datasets/GAIM240/bistro_interior_dlss_rr_level1.mp4,bistro_interior_noise_colors_level1.mp4,noise_colors,level1,/home/jv495/Datasets/GAIM240/bistro_interior_noise_colors_level1.mp4
588,bistro_interior,INTER-DISTORTION,bistro_interior_reference.mp4,/home/jv495/Datasets/GAIM240/bistro_interior_reference.mp4,bistro_interior_dlss_rr_level1.mp4,dlss_rr,level1,/home/jv495/Datasets/GAIM240/bistro_interior_dlss_rr_level1.mp4,bistro_interior_noise_colors_level2.mp4,noise_colors,level2,/home/jv495/Datasets/GAIM240/bistro_interior_noise_colors_level2.mp4
589,bistro_interior,INTER-DISTORTION,bistro_interior_reference.mp4,/home/jv495/Datasets/GAIM240/bistro_interior_reference.mp4,bistro_interior_dlss_rr_level1.mp4,dlss_rr,level1,/home/jv495/Datasets/GAIM240/bistro_interior_dlss_rr_level1.mp4,bistro_interior_restir_level0.mp4,restir,level0,/home/jv495/Datasets/GAIM240/bistro_interior_restir_level0.mp4
590,bistro_interior,INTER-DISTORTION,bistro_interior_reference.mp4,/home/jv495/Datasets/GAIM240/bistro_interior_reference.mp4,bistro_interior_dlss_rr_level1.mp4,dlss_rr,level1,/home/jv495/Datasets/GAIM240/bistro_interior_dlss_rr_level1.mp4,bistro_interior_restir_level1.mp4,restir,level1,/home/jv495/Datasets/GAIM240/bistro_interior_restir_level1.mp4
591,bistro_interior,INTER-DISTORTION,bistro_interior_reference.mp4,/home/jv495/Datasets/GAIM240/bistro_interior_reference.mp4,bistro_interior_dlss_rr_level1.mp4,dlss_rr,level1,/home/jv495/Datasets/GAIM240/bistro_interior_dlss_rr_level1.mp4,bistro_interior_restir_level2.mp4,restir,level2,/home/jv495/Datasets/GAIM240/bistro_interior_restir_level2.mp4
592,bistro_interior,INTER-DISTORTION,bistro_interior_reference.mp4,/home/jv495/Datasets/GAIM240/bistro_interior_reference.mp4,bistro_interior_dlss_rr_level1.mp4,dlss_rr,level1,/home/jv495/Datasets/GAIM240/bistro_interior_dlss_rr_level1.mp4,bistro_interior_stutter_level0.mp4,stutter,level0,/home/jv495/Datasets/GAIM240/bistro_interior_stutter_level0.mp4
593,bistro_interior,INTER-DISTORTION,bistro_interior_reference.mp4,/home/jv495/Datasets/GAIM240/bistro_interior_reference.mp4,bistro_interior_dlss_rr_level1.mp4,dlss_rr,level1,/home/jv495/Datasets/GAIM240/bistro_interior_dlss_rr_level1.mp4,bistro_interior_stutter_level1.mp4,stutter,level1,/home/jv495/Datasets/GAIM240/bistro_interior_stutter_level1.mp4
594,bistro_interior,INTER-DISTORTION,bistro_interior_reference.mp4,/home/jv495/Datasets/GAIM240/bistro_interior_reference.mp4,bistro_interior_dlss_rr_level1.mp4,dlss_rr,level1,/home/jv495/Datasets/GAIM240/bistro_interior_dlss_rr_level1.mp4,bistro_interior_stutter_level2.mp4,stutter,level2,/home/jv495/Datasets/GAIM240/bistro_interior_stutter_level2.mp4
595,bistro_interior,INTER-DISTORTION,bistro_interior_reference.mp4,/home/jv495/Datasets/GAIM240/bistro_interior_reference.mp4,bistro_interior_dlss_rr_level1.mp4,dlss_rr,level1,/home/jv495/Datasets/GAIM240/bistro_interior_dlss_rr_level1.mp4,bistro_interior_temporal-resolution-multiplexing_level0.mp4,temporal-resolution-multiplexing,level0,/home/jv495/Datasets/GAIM240/bistro_interior_temporal-resolution-multiplexing_level0.mp4
596,bistro_interior,INTER-DISTORTION,bistro_interior_reference.mp4,/home/jv495/Datasets/GAIM240/bistro_interior_reference.mp4,bistro_interior_dlss_rr_level1.mp4,dlss_rr,level1,/home/jv495/Datasets/GAIM240/bistro_interior_dlss_rr_level1.mp4,bistro_interior_temporal-resolution-multiplexing_level1.mp4,temporal-resolution-multiplexing,level1,/home/jv495/Datasets/GAIM240/bistro_interior_temporal-resolution-multiplexing_level1.mp4
597,bistro_interior,INTER-DISTORTION,bistro_interior_reference.mp4,/home/jv495/Datasets/GAIM240/bistro_interior_reference.mp4,bistro_interior_dlss_rr_level1.mp4,dlss_rr,level1,/home/jv495/Datasets/GAIM240/bistro_interior_dlss_rr_level1.mp4,bistro_interior_temporal-resolution-multiplexing_level2.mp4,temporal-resolution-multiplexing,level2,/home/jv495/Datasets/GAIM240/bistro_interior_temporal-resolution-multiplexing_level2.mp4
598,bistro_interior,INTER-DISTORTION,bistro_interior_reference.mp4,/home/jv495/Datasets/GAIM240/bistro_interior_reference.mp4,bistro_interior_dlss_rr_level2.mp4,dlss_rr,level2,/home/jv495/Datasets/GAIM240/bistro_interior_dlss_rr_level2.mp4,bistro_interior_judder_level0.mp4,judder,level0,/home/jv495/Datasets/GAIM240/bistro_interior_judder_level0.mp4
599,bistro_interior,INTER-DISTORTION,bistro_interior_reference.mp4,/home/jv495/Datasets/GAIM240/bistro_interior_reference.mp4,bistro_interior_dlss_rr_level2.mp4,dlss_rr,level2,/home/jv495/Datasets/GAIM240/bistro_interior_dlss_rr_level2.mp4,bistro_interior_judder_level1.mp4,judder,level1,/home/jv495/Datasets/GAIM240/bistro_interior_judder_level1.mp4
600,bistro_interior,INTER-DISTORTION,bistro_interior_reference.mp4,/home/jv495/Datasets/GAIM240/bistro_interior_reference.mp4,bistro_interior_dlss_rr_level2.mp4,dlss_rr,level2,/home/jv495/Datasets/GAIM240/bistro_interior_dlss_rr_level2.mp4,bistro_interior_judder_level2.mp4,judder,level2,/home/jv495/Datasets/GAIM240/bistro_interior_judder_level2.mp4
601,bistro_interior,INTER-DISTORTION,bistro_interior_reference.mp4,/home/jv495/Datasets/GAIM240/bistro_interior_reference.mp4,bistro_interior_dlss_rr_level2.mp4,dlss_rr,level2,/home/jv495/Datasets/GAIM240/bistro_interior_dlss_rr_level2.mp4,bistro_interior_motion_noise_level0.mp4,motion_noise,level0,/home/jv495/Datasets/GAIM240/bistro_interior_motion_noise_level0.mp4
602,bistro_interior,INTER-DISTORTION,bistro_interior_reference.mp4,/home/jv495/Datasets/GAIM240/bistro_interior_reference.mp4,bistro_interior_dlss_rr_level2.mp4,dlss_rr,level2,/home/jv495/Datasets/GAIM240/bistro_interior_dlss_rr_level2.mp4,bistro_interior_motion_noise_level1.mp4,motion_noise,level1,/home/jv495/Datasets/GAIM240/bistro_interior_motion_noise_level1.mp4
603,bistro_interior,INTER-DISTORTION,bistro_interior_reference.mp4,/home/jv495/Datasets/GAIM240/bistro_interior_reference.mp4,bistro_interior_dlss_rr_level2.mp4,dlss_rr,level2,/home/jv495/Datasets/GAIM240/bistro_interior_dlss_rr_level2.mp4,bistro_interior_motion_noise_level2.mp4,motion_noise,level2,/home/jv495/Datasets/GAIM240/bistro_interior_motion_noise_level2.mp4
604,bistro_interior,INTER-DISTORTION,bistro_interior_reference.mp4,/home/jv495/Datasets/GAIM240/bistro_interior_reference.mp4,bistro_interior_dlss_rr_level2.mp4,dlss_rr,level2,/home/jv495/Datasets/GAIM240/bistro_interior_dlss_rr_level2.mp4,bistro_interior_motion_resolution_level0.mp4,motion_resolution,level0,/home/jv495/Datasets/GAIM240/bistro_interior_motion_resolution_level0.mp4
605,bistro_interior,INTER-DISTORTION,bistro_interior_reference.mp4,/home/jv495/Datasets/GAIM240/bistro_interior_reference.mp4,bistro_interior_dlss_rr_level2.mp4,dlss_rr,level2,/home/jv495/Datasets/GAIM240/bistro_interior_dlss_rr_level2.mp4,bistro_interior_motion_resolution_level1.mp4,motion_resolution,level1,/home/jv495/Datasets/GAIM240/bistro_interior_motion_resolution_level1.mp4
606,bistro_interior,INTER-DISTORTION,bistro_interior_reference.mp4,/home/jv495/Datasets/GAIM240/bistro_interior_reference.mp4,bistro_interior_dlss_rr_level2.mp4,dlss_rr,level2,/home/jv495/Datasets/GAIM240/bistro_interior_dlss_rr_level2.mp4,bistro_interior_motion_resolution_level2.mp4,motion_resolution,level2,/home/jv495/Datasets/GAIM240/bistro_interior_motion_resolution_level2.mp4
607,bistro_interior,INTER-DISTORTION,bistro_interior_reference.mp4,/home/jv495/Datasets/GAIM240/bistro_interior_reference.mp4,bistro_interior_dlss_rr_level2.mp4,dlss_rr,level2,/home/jv495/Datasets/GAIM240/bistro_interior_dlss_rr_level2.mp4,bistro_interior_noise_colors_level0.mp4,noise_colors,level0,/home/jv495/Datasets/GAIM240/bistro_interior_noise_colors_level0.mp4
608,bistro_interior,INTER-DISTORTION,bistro_interior_reference.mp4,/home/jv495/Datasets/GAIM240/bistro_interior_reference.mp4,bistro_interior_dlss_rr_level2.mp4,dlss_rr,level2,/home/jv495/Datasets/GAIM240/bistro_interior_dlss_rr_level2.mp4,bistro_interior_noise_colors_level1.mp4,noise_colors,level1,/home/jv495/Datasets/GAIM240/bistro_interior_noise_colors_level1.mp4
609,bistro_interior,INTER-DISTORTION,bistro_interior_reference.mp4,/home/jv495/Datasets/GAIM240/bistro_interior_reference.mp4,bistro_interior_dlss_rr_level2.mp4,dlss_rr,level2,/home/jv495/Datasets/GAIM240/bistro_interior_dlss_rr_level2.mp4,bistro_interior_noise_colors_level2.mp4,noise_colors,level2,/home/jv495/Datasets/GAIM240/bistro_interior_noise_colors_level2.mp4
610,bistro_interior,INTER-DISTORTION,bistro_interior_reference.mp4,/home/jv495/Datasets/GAIM240/bistro_interior_reference.mp4,bistro_interior_dlss_rr_level2.mp4,dlss_rr,level2,/home/jv495/Datasets/GAIM240/bistro_interior_dlss_rr_level2.mp4,bistro_interior_restir_level0.mp4,restir,level0,/home/jv495/Datasets/GAIM240/bistro_interior_restir_level0.mp4
611,bistro_interior,INTER-DISTORTION,bistro_interior_reference.mp4,/home/jv495/Datasets/GAIM240/bistro_interior_reference.mp4,bistro_interior_dlss_rr_level2.mp4,dlss_rr,level2,/home/jv495/Datasets/GAIM240/bistro_interior_dlss_rr_level2.mp4,bistro_interior_restir_level1.mp4,restir,level1,/home/jv495/Datasets/GAIM240/bistro_interior_restir_level1.mp4
612,bistro_interior,INTER-DISTORTION,bistro_interior_reference.mp4,/home/jv495/Datasets/GAIM240/bistro_interior_reference.mp4,bistro_interior_dlss_rr_level2.mp4,dlss_rr,level2,/home/jv495/Datasets/GAIM240/bistro_interior_dlss_rr_level2.mp4,bistro_interior_restir_level2.mp4,restir,level2,/home/jv495/Datasets/GAIM240/bistro_interior_restir_level2.mp4
613,bistro_interior,INTER-DISTORTION,bistro_interior_reference.mp4,/home/jv495/Datasets/GAIM240/bistro_interior_reference.mp4,bistro_interior_dlss_rr_level2.mp4,dlss_rr,level2,/home/jv495/Datasets/GAIM240/bistro_interior_dlss_rr_level2.mp4,bistro_interior_stutter_level0.mp4,stutter,level0,/home/jv495/Datasets/GAIM240/bistro_interior_stutter_level0.mp4
614,bistro_interior,INTER-DISTORTION,bistro_interior_reference.mp4,/home/jv495/Datasets/GAIM240/bistro_interior_reference.mp4,bistro_interior_dlss_rr_level2.mp4,dlss_rr,level2,/home/jv495/Datasets/GAIM240/bistro_interior_dlss_rr_level2.mp4,bistro_interior_stutter_level1.mp4,stutter,level1,/home/jv495/Datasets/GAIM240/bistro_interior_stutter_level1.mp4
615,bistro_interior,INTER-DISTORTION,bistro_interior_reference.mp4,/home/jv495/Datasets/GAIM240/bistro_interior_reference.mp4,bistro_interior_dlss_rr_level2.mp4,dlss_rr,level2,/home/jv495/Datasets/GAIM240/bistro_interior_dlss_rr_level2.mp4,bistro_interior_stutter_level2.mp4,stutter,level2,/home/jv495/Datasets/GAIM240/bistro_interior_stutter_level2.mp4
616,bistro_interior,INTER-DISTORTION,bistro_interior_reference.mp4,/home/jv495/Datasets/GAIM240/bistro_interior_reference.mp4,bistro_interior_dlss_rr_level2.mp4,dlss_rr,level2,/home/jv495/Datasets/GAIM240/bistro_interior_dlss_rr_level2.mp4,bistro_interior_temporal-resolution-multiplexing_level0.mp4,temporal-resolution-multiplexing,level0,/home/jv495/Datasets/GAIM240/bistro_interior_temporal-resolution-multiplexing_level0.mp4
617,bistro_interior,INTER-DISTORTION,bistro_interior_reference.mp4,/home/jv495/Datasets/GAIM240/bistro_interior_reference.mp4,bistro_interior_dlss_rr_level2.mp4,dlss_rr,level2,/home/jv495/Datasets/GAIM240/bistro_interior_dlss_rr_level2.mp4,bistro_interior_temporal-resolution-multiplexing_level1.mp4,temporal-resolution-multiplexing,level1,/home/jv495/Datasets/GAIM240/bistro_interior_temporal-resolution-multiplexing_level1.mp4
618,bistro_interior,INTER-DISTORTION,bistro_interior_reference.mp4,/home/jv495/Datasets/GAIM240/bistro_interior_reference.mp4,bistro_interior_dlss_rr_level2.mp4,dlss_rr,level2,/home/jv495/Datasets/GAIM240/bistro_interior_dlss_rr_level2.mp4,bistro_interior_temporal-resolution-multiplexing_level2.mp4,temporal-resolution-multiplexing,level2,/home/jv495/Datasets/GAIM240/bistro_interior_temporal-resolution-multiplexing_level2.mp4
619,bistro_interior,INTRA-DISTORTION,bistro_interior_reference.mp4,/home/jv495/Datasets/GAIM240/bistro_interior_reference.mp4,bistro_interior_judder_level0.mp4,judder,level0,/home/jv495/Datasets/GAIM240/bistro_interior_judder_level0.mp4,bistro_interior_judder_level1.mp4,judder,level1,/home/jv495/Datasets/GAIM240/bistro_interior_judder_level1.mp4
620,bistro_interior,INTRA-DISTORTION,bistro_interior_reference.mp4,/home/jv495/Datasets/GAIM240/bistro_interior_reference.mp4,bistro_interior_judder_level0.mp4,judder,level0,/home/jv495/Datasets/GAIM240/bistro_interior_judder_level0.mp4,bistro_interior_judder_level2.mp4,judder,level2,/home/jv495/Datasets/GAIM240/bistro_interior_judder_level2.mp4
621,bistro_interior,INTER-DISTORTION,bistro_interior_reference.mp4,/home/jv495/Datasets/GAIM240/bistro_interior_reference.mp4,bistro_interior_judder_level0.mp4,judder,level0,/home/jv495/Datasets/GAIM240/bistro_interior_judder_level0.mp4,bistro_interior_motion_noise_level0.mp4,motion_noise,level0,/home/jv495/Datasets/GAIM240/bistro_interior_motion_noise_level0.mp4
622,bistro_interior,INTER-DISTORTION,bistro_interior_reference.mp4,/home/jv495/Datasets/GAIM240/bistro_interior_reference.mp4,bistro_interior_judder_level0.mp4,judder,level0,/home/jv495/Datasets/GAIM240/bistro_interior_judder_level0.mp4,bistro_interior_motion_noise_level1.mp4,motion_noise,level1,/home/jv495/Datasets/GAIM240/bistro_interior_motion_noise_level1.mp4
623,bistro_interior,INTER-DISTORTION,bistro_interior_reference.mp4,/home/jv495/Datasets/GAIM240/bistro_interior_reference.mp4,bistro_interior_judder_level0.mp4,judder,level0,/home/jv495/Datasets/GAIM240/bistro_interior_judder_level0.mp4,bistro_interior_motion_noise_level2.mp4,motion_noise,level2,/home/jv495/Datasets/GAIM240/bistro_interior_motion_noise_level2.mp4
624,bistro_interior,INTER-DISTORTION,bistro_interior_reference.mp4,/home/jv495/Datasets/GAIM240/bistro_interior_reference.mp4,bistro_interior_judder_level0.mp4,judder,level0,/home/jv495/Datasets/GAIM240/bistro_interior_judder_level0.mp4,bistro_interior_motion_resolution_level0.mp4,motion_resolution,level0,/home/jv495/Datasets/GAIM240/bistro_interior_motion_resolution_level0.mp4
625,bistro_interior,INTER-DISTORTION,bistro_interior_reference.mp4,/home/jv495/Datasets/GAIM240/bistro_interior_reference.mp4,bistro_interior_judder_level0.mp4,judder,level0,/home/jv495/Datasets/GAIM240/bistro_interior_judder_level0.mp4,bistro_interior_motion_resolution_level1.mp4,motion_resolution,level1,/home/jv495/Datasets/GAIM240/bistro_interior_motion_resolution_level1.mp4
626,bistro_interior,INTER-DISTORTION,bistro_interior_reference.mp4,/home/jv495/Datasets/GAIM240/bistro_interior_reference.mp4,bistro_interior_judder_level0.mp4,judder,level0,/home/jv495/Datasets/GAIM240/bistro_interior_judder_level0.mp4,bistro_interior_motion_resolution_level2.mp4,motion_resolution,level2,/home/jv495/Datasets/GAIM240/bistro_interior_motion_resolution_level2.mp4
627,bistro_interior,INTER-DISTORTION,bistro_interior_reference.mp4,/home/jv495/Datasets/GAIM240/bistro_interior_reference.mp4,bistro_interior_judder_level0.mp4,judder,level0,/home/jv495/Datasets/GAIM240/bistro_interior_judder_level0.mp4,bistro_interior_noise_colors_level0.mp4,noise_colors,level0,/home/jv495/Datasets/GAIM240/bistro_interior_noise_colors_level0.mp4
628,bistro_interior,INTER-DISTORTION,bistro_interior_reference.mp4,/home/jv495/Datasets/GAIM240/bistro_interior_reference.mp4,bistro_interior_judder_level0.mp4,judder,level0,/home/jv495/Datasets/GAIM240/bistro_interior_judder_level0.mp4,bistro_interior_noise_colors_level1.mp4,noise_colors,level1,/home/jv495/Datasets/GAIM240/bistro_interior_noise_colors_level1.mp4
629,bistro_interior,INTER-DISTORTION,bistro_interior_reference.mp4,/home/jv495/Datasets/GAIM240/bistro_interior_reference.mp4,bistro_interior_judder_level0.mp4,judder,level0,/home/jv495/Datasets/GAIM240/bistro_interior_judder_level0.mp4,bistro_interior_noise_colors_level2.mp4,noise_colors,level2,/home/jv495/Datasets/GAIM240/bistro_interior_noise_colors_level2.mp4
630,bistro_interior,INTER-DISTORTION,bistro_interior_reference.mp4,/home/jv495/Datasets/GAIM240/bistro_interior_reference.mp4,bistro_interior_judder_level0.mp4,judder,level0,/home/jv495/Datasets/GAIM240/bistro_interior_judder_level0.mp4,bistro_interior_restir_level0.mp4,restir,level0,/home/jv495/Datasets/GAIM240/bistro_interior_restir_level0.mp4
631,bistro_interior,INTER-DISTORTION,bistro_interior_reference.mp4,/home/jv495/Datasets/GAIM240/bistro_interior_reference.mp4,bistro_interior_judder_level0.mp4,judder,level0,/home/jv495/Datasets/GAIM240/bistro_interior_judder_level0.mp4,bistro_interior_restir_level1.mp4,restir,level1,/home/jv495/Datasets/GAIM240/bistro_interior_restir_level1.mp4
632,bistro_interior,INTER-DISTORTION,bistro_interior_reference.mp4,/home/jv495/Datasets/GAIM240/bistro_interior_reference.mp4,bistro_interior_judder_level0.mp4,judder,level0,/home/jv495/Datasets/GAIM240/bistro_interior_judder_level0.mp4,bistro_interior_restir_level2.mp4,restir,level2,/home/jv495/Datasets/GAIM240/bistro_interior_restir_level2.mp4
633,bistro_interior,INTER-DISTORTION,bistro_interior_reference.mp4,/home/jv495/Datasets/GAIM240/bistro_interior_reference.mp4,bistro_interior_judder_level0.mp4,judder,level0,/home/jv495/Datasets/GAIM240/bistro_interior_judder_level0.mp4,bistro_interior_stutter_level0.mp4,stutter,level0,/home/jv495/Datasets/GAIM240/bistro_interior_stutter_level0.mp4
634,bistro_interior,INTER-DISTORTION,bistro_interior_reference.mp4,/home/jv495/Datasets/GAIM240/bistro_interior_reference.mp4,bistro_interior_judder_level0.mp4,judder,level0,/home/jv495/Datasets/GAIM240/bistro_interior_judder_level0.mp4,bistro_interior_stutter_level1.mp4,stutter,level1,/home/jv495/Datasets/GAIM240/bistro_interior_stutter_level1.mp4
635,bistro_interior,INTER-DISTORTION,bistro_interior_reference.mp4,/home/jv495/Datasets/GAIM240/bistro_interior_reference.mp4,bistro_interior_judder_level0.mp4,judder,level0,/home/jv495/Datasets/GAIM240/bistro_interior_judder_level0.mp4,bistro_interior_stutter_level2.mp4,stutter,level2,/home/jv495/Datasets/GAIM240/bistro_interior_stutter_level2.mp4
636,bistro_interior,INTER-DISTORTION,bistro_interior_reference.mp4,/home/jv495/Datasets/GAIM240/bistro_interior_reference.mp4,bistro_interior_judder_level0.mp4,judder,level0,/home/jv495/Datasets/GAIM240/bistro_interior_judder_level0.mp4,bistro_interior_temporal-resolution-multiplexing_level0.mp4,temporal-resolution-multiplexing,level0,/home/jv495/Datasets/GAIM240/bistro_interior_temporal-resolution-multiplexing_level0.mp4
637,bistro_interior,INTER-DISTORTION,bistro_interior_reference.mp4,/home/jv495/Datasets/GAIM240/bistro_interior_reference.mp4,bistro_interior_judder_level0.mp4,judder,level0,/home/jv495/Datasets/GAIM240/bistro_interior_judder_level0.mp4,bistro_interior_temporal-resolution-multiplexing_level1.mp4,temporal-resolution-multiplexing,level1,/home/jv495/Datasets/GAIM240/bistro_interior_temporal-resolution-multiplexing_level1.mp4
638,bistro_interior,INTER-DISTORTION,bistro_interior_reference.mp4,/home/jv495/Datasets/GAIM240/bistro_interior_reference.mp4,bistro_interior_judder_level0.mp4,judder,level0,/home/jv495/Datasets/GAIM240/bistro_interior_judder_level0.mp4,bistro_interior_temporal-resolution-multiplexing_level2.mp4,temporal-resolution-multiplexing,level2,/home/jv495/Datasets/GAIM240/bistro_interior_temporal-resolution-multiplexing_level2.mp4
639,bistro_interior,INTRA-DISTORTION,bistro_interior_reference.mp4,/home/jv495/Datasets/GAIM240/bistro_interior_reference.mp4,bistro_interior_judder_level1.mp4,judder,level1,/home/jv495/Datasets/GAIM240/bistro_interior_judder_level1.mp4,bistro_interior_judder_level2.mp4,judder,level2,/home/jv495/Datasets/GAIM240/bistro_interior_judder_level2.mp4
640,bistro_interior,INTER-DISTORTION,bistro_interior_reference.mp4,/home/jv495/Datasets/GAIM240/bistro_interior_reference.mp4,bistro_interior_judder_level1.mp4,judder,level1,/home/jv495/Datasets/GAIM240/bistro_interior_judder_level1.mp4,bistro_interior_motion_noise_level0.mp4,motion_noise,level0,/home/jv495/Datasets/GAIM240/bistro_interior_motion_noise_level0.mp4
641,bistro_interior,INTER-DISTORTION,bistro_interior_reference.mp4,/home/jv495/Datasets/GAIM240/bistro_interior_reference.mp4,bistro_interior_judder_level1.mp4,judder,level1,/home/jv495/Datasets/GAIM240/bistro_interior_judder_level1.mp4,bistro_interior_motion_noise_level1.mp4,motion_noise,level1,/home/jv495/Datasets/GAIM240/bistro_interior_motion_noise_level1.mp4
642,bistro_interior,INTER-DISTORTION,bistro_interior_reference.mp4,/home/jv495/Datasets/GAIM240/bistro_interior_reference.mp4,bistro_interior_judder_level1.mp4,judder,level1,/home/jv495/Datasets/GAIM240/bistro_interior_judder_level1.mp4,bistro_interior_motion_noise_level2.mp4,motion_noise,level2,/home/jv495/Datasets/GAIM240/bistro_interior_motion_noise_level2.mp4
643,bistro_interior,INTER-DISTORTION,bistro_interior_reference.mp4,/home/jv495/Datasets/GAIM240/bistro_interior_reference.mp4,bistro_interior_judder_level1.mp4,judder,level1,/home/jv495/Datasets/GAIM240/bistro_interior_judder_level1.mp4,bistro_interior_motion_resolution_level0.mp4,motion_resolution,level0,/home/jv495/Datasets/GAIM240/bistro_interior_motion_resolution_level0.mp4
644,bistro_interior,INTER-DISTORTION,bistro_interior_reference.mp4,/home/jv495/Datasets/GAIM240/bistro_interior_reference.mp4,bistro_interior_judder_level1.mp4,judder,level1,/home/jv495/Datasets/GAIM240/bistro_interior_judder_level1.mp4,bistro_interior_motion_resolution_level1.mp4,motion_resolution,level1,/home/jv495/Datasets/GAIM240/bistro_interior_motion_resolution_level1.mp4
645,bistro_interior,INTER-DISTORTION,bistro_interior_reference.mp4,/home/jv495/Datasets/GAIM240/bistro_interior_reference.mp4,bistro_interior_judder_level1.mp4,judder,level1,/home/jv495/Datasets/GAIM240/bistro_interior_judder_level1.mp4,bistro_interior_motion_resolution_level2.mp4,motion_resolution,level2,/home/jv495/Datasets/GAIM240/bistro_interior_motion_resolution_level2.mp4
646,bistro_interior,INTER-DISTORTION,bistro_interior_reference.mp4,/home/jv495/Datasets/GAIM240/bistro_interior_reference.mp4,bistro_interior_judder_level1.mp4,judder,level1,/home/jv495/Datasets/GAIM240/bistro_interior_judder_level1.mp4,bistro_interior_noise_colors_level0.mp4,noise_colors,level0,/home/jv495/Datasets/GAIM240/bistro_interior_noise_colors_level0.mp4
647,bistro_interior,INTER-DISTORTION,bistro_interior_reference.mp4,/home/jv495/Datasets/GAIM240/bistro_interior_reference.mp4,bistro_interior_judder_level1.mp4,judder,level1,/home/jv495/Datasets/GAIM240/bistro_interior_judder_level1.mp4,bistro_interior_noise_colors_level1.mp4,noise_colors,level1,/home/jv495/Datasets/GAIM240/bistro_interior_noise_colors_level1.mp4
648,bistro_interior,INTER-DISTORTION,bistro_interior_reference.mp4,/home/jv495/Datasets/GAIM240/bistro_interior_reference.mp4,bistro_interior_judder_level1.mp4,judder,level1,/home/jv495/Datasets/GAIM240/bistro_interior_judder_level1.mp4,bistro_interior_noise_colors_level2.mp4,noise_colors,level2,/home/jv495/Datasets/GAIM240/bistro_interior_noise_colors_level2.mp4
649,bistro_interior,INTER-DISTORTION,bistro_interior_reference.mp4,/home/jv495/Datasets/GAIM240/bistro_interior_reference.mp4,bistro_interior_judder_level1.mp4,judder,level1,/home/jv495/Datasets/GAIM240/bistro_interior_judder_level1.mp4,bistro_interior_restir_level0.mp4,restir,level0,/home/jv495/Datasets/GAIM240/bistro_interior_restir_level0.mp4
650,bistro_interior,INTER-DISTORTION,bistro_interior_reference.mp4,/home/jv495/Datasets/GAIM240/bistro_interior_reference.mp4,bistro_interior_judder_level1.mp4,judder,level1,/home/jv495/Datasets/GAIM240/bistro_interior_judder_level1.mp4,bistro_interior_restir_level1.mp4,restir,level1,/home/jv495/Datasets/GAIM240/bistro_interior_restir_level1.mp4
651,bistro_interior,INTER-DISTORTION,bistro_interior_reference.mp4,/home/jv495/Datasets/GAIM240/bistro_interior_reference.mp4,bistro_interior_judder_level1.mp4,judder,level1,/home/jv495/Datasets/GAIM240/bistro_interior_judder_level1.mp4,bistro_interior_restir_level2.mp4,restir,level2,/home/jv495/Datasets/GAIM240/bistro_interior_restir_level2.mp4
652,bistro_interior,INTER-DISTORTION,bistro_interior_reference.mp4,/home/jv495/Datasets/GAIM240/bistro_interior_reference.mp4,bistro_interior_judder_level1.mp4,judder,level1,/home/jv495/Datasets/GAIM240/bistro_interior_judder_level1.mp4,bistro_interior_stutter_level0.mp4,stutter,level0,/home/jv495/Datasets/GAIM240/bistro_interior_stutter_level0.mp4
653,bistro_interior,INTER-DISTORTION,bistro_interior_reference.mp4,/home/jv495/Datasets/GAIM240/bistro_interior_reference.mp4,bistro_interior_judder_level1.mp4,judder,level1,/home/jv495/Datasets/GAIM240/bistro_interior_judder_level1.mp4,bistro_interior_stutter_level1.mp4,stutter,level1,/home/jv495/Datasets/GAIM240/bistro_interior_stutter_level1.mp4
654,bistro_interior,INTER-DISTORTION,bistro_interior_reference.mp4,/home/jv495/Datasets/GAIM240/bistro_interior_reference.mp4,bistro_interior_judder_level1.mp4,judder,level1,/home/jv495/Datasets/GAIM240/bistro_interior_judder_level1.mp4,bistro_interior_stutter_level2.mp4,stutter,level2,/home/jv495/Datasets/GAIM240/bistro_interior_stutter_level2.mp4
655,bistro_interior,INTER-DISTORTION,bistro_interior_reference.mp4,/home/jv495/Datasets/GAIM240/bistro_interior_reference.mp4,bistro_interior_judder_level1.mp4,judder,level1,/home/jv495/Datasets/GAIM240/bistro_interior_judder_level1.mp4,bistro_interior_temporal-resolution-multiplexing_level0.mp4,temporal-resolution-multiplexing,level0,/home/jv495/Datasets/GAIM240/bistro_interior_temporal-resolution-multiplexing_level0.mp4
656,bistro_interior,INTER-DISTORTION,bistro_interior_reference.mp4,/home/jv495/Datasets/GAIM240/bistro_interior_reference.mp4,bistro_interior_judder_level1.mp4,judder,level1,/home/jv495/Datasets/GAIM240/bistro_interior_judder_level1.mp4,bistro_interior_temporal-resolution-multiplexing_level1.mp4,temporal-resolution-multiplexing,level1,/home/jv495/Datasets/GAIM240/bistro_interior_temporal-resolution-multiplexing_level1.mp4
657,bistro_interior,INTER-DISTORTION,bistro_interior_reference.mp4,/home/jv495/Datasets/GAIM240/bistro_interior_reference.mp4,bistro_interior_judder_level1.mp4,judder,level1,/home/jv495/Datasets/GAIM240/bistro_interior_judder_level1.mp4,bistro_interior_temporal-resolution-multiplexing_level2.mp4,temporal-resolution-multiplexing,level2,/home/jv495/Datasets/GAIM240/bistro_interior_temporal-resolution-multiplexing_level2.mp4
658,bistro_interior,INTER-DISTORTION,bistro_interior_reference.mp4,/home/jv495/Datasets/GAIM240/bistro_interior_reference.mp4,bistro_interior_judder_level2.mp4,judder,level2,/home/jv495/Datasets/GAIM240/bistro_interior_judder_level2.mp4,bistro_interior_motion_noise_level0.mp4,motion_noise,level0,/home/jv495/Datasets/GAIM240/bistro_interior_motion_noise_level0.mp4
659,bistro_interior,INTER-DISTORTION,bistro_interior_reference.mp4,/home/jv495/Datasets/GAIM240/bistro_interior_reference.mp4,bistro_interior_judder_level2.mp4,judder,level2,/home/jv495/Datasets/GAIM240/bistro_interior_judder_level2.mp4,bistro_interior_motion_noise_level1.mp4,motion_noise,level1,/home/jv495/Datasets/GAIM240/bistro_interior_motion_noise_level1.mp4
660,bistro_interior,INTER-DISTORTION,bistro_interior_reference.mp4,/home/jv495/Datasets/GAIM240/bistro_interior_reference.mp4,bistro_interior_judder_level2.mp4,judder,level2,/home/jv495/Datasets/GAIM240/bistro_interior_judder_level2.mp4,bistro_interior_motion_noise_level2.mp4,motion_noise,level2,/home/jv495/Datasets/GAIM240/bistro_interior_motion_noise_level2.mp4
661,bistro_interior,INTER-DISTORTION,bistro_interior_reference.mp4,/home/jv495/Datasets/GAIM240/bistro_interior_reference.mp4,bistro_interior_judder_level2.mp4,judder,level2,/home/jv495/Datasets/GAIM240/bistro_interior_judder_level2.mp4,bistro_interior_motion_resolution_level0.mp4,motion_resolution,level0,/home/jv495/Datasets/GAIM240/bistro_interior_motion_resolution_level0.mp4
662,bistro_interior,INTER-DISTORTION,bistro_interior_reference.mp4,/home/jv495/Datasets/GAIM240/bistro_interior_reference.mp4,bistro_interior_judder_level2.mp4,judder,level2,/home/jv495/Datasets/GAIM240/bistro_interior_judder_level2.mp4,bistro_interior_motion_resolution_level1.mp4,motion_resolution,level1,/home/jv495/Datasets/GAIM240/bistro_interior_motion_resolution_level1.mp4
663,bistro_interior,INTER-DISTORTION,bistro_interior_reference.mp4,/home/jv495/Datasets/GAIM240/bistro_interior_reference.mp4,bistro_interior_judder_level2.mp4,judder,level2,/home/jv495/Datasets/GAIM240/bistro_interior_judder_level2.mp4,bistro_interior_motion_resolution_level2.mp4,motion_resolution,level2,/home/jv495/Datasets/GAIM240/bistro_interior_motion_resolution_level2.mp4
664,bistro_interior,INTER-DISTORTION,bistro_interior_reference.mp4,/home/jv495/Datasets/GAIM240/bistro_interior_reference.mp4,bistro_interior_judder_level2.mp4,judder,level2,/home/jv495/Datasets/GAIM240/bistro_interior_judder_level2.mp4,bistro_interior_noise_colors_level0.mp4,noise_colors,level0,/home/jv495/Datasets/GAIM240/bistro_interior_noise_colors_level0.mp4
665,bistro_interior,INTER-DISTORTION,bistro_interior_reference.mp4,/home/jv495/Datasets/GAIM240/bistro_interior_reference.mp4,bistro_interior_judder_level2.mp4,judder,level2,/home/jv495/Datasets/GAIM240/bistro_interior_judder_level2.mp4,bistro_interior_noise_colors_level1.mp4,noise_colors,level1,/home/jv495/Datasets/GAIM240/bistro_interior_noise_colors_level1.mp4
666,bistro_interior,INTER-DISTORTION,bistro_interior_reference.mp4,/home/jv495/Datasets/GAIM240/bistro_interior_reference.mp4,bistro_interior_judder_level2.mp4,judder,level2,/home/jv495/Datasets/GAIM240/bistro_interior_judder_level2.mp4,bistro_interior_noise_colors_level2.mp4,noise_colors,level2,/home/jv495/Datasets/GAIM240/bistro_interior_noise_colors_level2.mp4
667,bistro_interior,INTER-DISTORTION,bistro_interior_reference.mp4,/home/jv495/Datasets/GAIM240/bistro_interior_reference.mp4,bistro_interior_judder_level2.mp4,judder,level2,/home/jv495/Datasets/GAIM240/bistro_interior_judder_level2.mp4,bistro_interior_restir_level0.mp4,restir,level0,/home/jv495/Datasets/GAIM240/bistro_interior_restir_level0.mp4
668,bistro_interior,INTER-DISTORTION,bistro_interior_reference.mp4,/home/jv495/Datasets/GAIM240/bistro_interior_reference.mp4,bistro_interior_judder_level2.mp4,judder,level2,/home/jv495/Datasets/GAIM240/bistro_interior_judder_level2.mp4,bistro_interior_restir_level1.mp4,restir,level1,/home/jv495/Datasets/GAIM240/bistro_interior_restir_level1.mp4
669,bistro_interior,INTER-DISTORTION,bistro_interior_reference.mp4,/home/jv495/Datasets/GAIM240/bistro_interior_reference.mp4,bistro_interior_judder_level2.mp4,judder,level2,/home/jv495/Datasets/GAIM240/bistro_interior_judder_level2.mp4,bistro_interior_restir_level2.mp4,restir,level2,/home/jv495/Datasets/GAIM240/bistro_interior_restir_level2.mp4
670,bistro_interior,INTER-DISTORTION,bistro_interior_reference.mp4,/home/jv495/Datasets/GAIM240/bistro_interior_reference.mp4,bistro_interior_judder_level2.mp4,judder,level2,/home/jv495/Datasets/GAIM240/bistro_interior_judder_level2.mp4,bistro_interior_stutter_level0.mp4,stutter,level0,/home/jv495/Datasets/GAIM240/bistro_interior_stutter_level0.mp4
671,bistro_interior,INTER-DISTORTION,bistro_interior_reference.mp4,/home/jv495/Datasets/GAIM240/bistro_interior_reference.mp4,bistro_interior_judder_level2.mp4,judder,level2,/home/jv495/Datasets/GAIM240/bistro_interior_judder_level2.mp4,bistro_interior_stutter_level1.mp4,stutter,level1,/home/jv495/Datasets/GAIM240/bistro_interior_stutter_level1.mp4
672,bistro_interior,INTER-DISTORTION,bistro_interior_reference.mp4,/home/jv495/Datasets/GAIM240/bistro_interior_reference.mp4,bistro_interior_judder_level2.mp4,judder,level2,/home/jv495/Datasets/GAIM240/bistro_interior_judder_level2.mp4,bistro_interior_stutter_level2.mp4,stutter,level2,/home/jv495/Datasets/GAIM240/bistro_interior_stutter_level2.mp4
673,bistro_interior,INTER-DISTORTION,bistro_interior_reference.mp4,/home/jv495/Datasets/GAIM240/bistro_interior_reference.mp4,bistro_interior_judder_level2.mp4,judder,level2,/home/jv495/Datasets/GAIM240/bistro_interior_judder_level2.mp4,bistro_interior_temporal-resolution-multiplexing_level0.mp4,temporal-resolution-multiplexing,level0,/home/jv495/Datasets/GAIM240/bistro_interior_temporal-resolution-multiplexing_level0.mp4
674,bistro_interior,INTER-DISTORTION,bistro_interior_reference.mp4,/home/jv495/Datasets/GAIM240/bistro_interior_reference.mp4,bistro_interior_judder_level2.mp4,judder,level2,/home/jv495/Datasets/GAIM240/bistro_interior_judder_level2.mp4,bistro_interior_temporal-resolution-multiplexing_level1.mp4,temporal-resolution-multiplexing,level1,/home/jv495/Datasets/GAIM240/bistro_interior_temporal-resolution-multiplexing_level1.mp4
675,bistro_interior,INTER-DISTORTION,bistro_interior_reference.mp4,/home/jv495/Datasets/GAIM240/bistro_interior_reference.mp4,bistro_interior_judder_level2.mp4,judder,level2,/home/jv495/Datasets/GAIM240/bistro_interior_judder_level2.mp4,bistro_interior_temporal-resolution-multiplexing_level2.mp4,temporal-resolution-multiplexing,level2,/home/jv495/Datasets/GAIM240/bistro_interior_temporal-resolution-multiplexing_level2.mp4
676,bistro_interior,INTRA-DISTORTION,bistro_interior_reference.mp4,/home/jv495/Datasets/GAIM240/bistro_interior_reference.mp4,bistro_interior_motion_noise_level0.mp4,motion_noise,level0,/home/jv495/Datasets/GAIM240/bistro_interior_motion_noise_level0.mp4,bistro_interior_motion_noise_level1.mp4,motion_noise,level1,/home/jv495/Datasets/GAIM240/bistro_interior_motion_noise_level1.mp4
677,bistro_interior,INTRA-DISTORTION,bistro_interior_reference.mp4,/home/jv495/Datasets/GAIM240/bistro_interior_reference.mp4,bistro_interior_motion_noise_level0.mp4,motion_noise,level0,/home/jv495/Datasets/GAIM240/bistro_interior_motion_noise_level0.mp4,bistro_interior_motion_noise_level2.mp4,motion_noise,level2,/home/jv495/Datasets/GAIM240/bistro_interior_motion_noise_level2.mp4
678,bistro_interior,INTER-DISTORTION,bistro_interior_reference.mp4,/home/jv495/Datasets/GAIM240/bistro_interior_reference.mp4,bistro_interior_motion_noise_level0.mp4,motion_noise,level0,/home/jv495/Datasets/GAIM240/bistro_interior_motion_noise_level0.mp4,bistro_interior_motion_resolution_level0.mp4,motion_resolution,level0,/home/jv495/Datasets/GAIM240/bistro_interior_motion_resolution_level0.mp4
679,bistro_interior,INTER-DISTORTION,bistro_interior_reference.mp4,/home/jv495/Datasets/GAIM240/bistro_interior_reference.mp4,bistro_interior_motion_noise_level0.mp4,motion_noise,level0,/home/jv495/Datasets/GAIM240/bistro_interior_motion_noise_level0.mp4,bistro_interior_motion_resolution_level1.mp4,motion_resolution,level1,/home/jv495/Datasets/GAIM240/bistro_interior_motion_resolution_level1.mp4
680,bistro_interior,INTER-DISTORTION,bistro_interior_reference.mp4,/home/jv495/Datasets/GAIM240/bistro_interior_reference.mp4,bistro_interior_motion_noise_level0.mp4,motion_noise,level0,/home/jv495/Datasets/GAIM240/bistro_interior_motion_noise_level0.mp4,bistro_interior_motion_resolution_level2.mp4,motion_resolution,level2,/home/jv495/Datasets/GAIM240/bistro_interior_motion_resolution_level2.mp4
681,bistro_interior,INTER-DISTORTION,bistro_interior_reference.mp4,/home/jv495/Datasets/GAIM240/bistro_interior_reference.mp4,bistro_interior_motion_noise_level0.mp4,motion_noise,level0,/home/jv495/Datasets/GAIM240/bistro_interior_motion_noise_level0.mp4,bistro_interior_noise_colors_level0.mp4,noise_colors,level0,/home/jv495/Datasets/GAIM240/bistro_interior_noise_colors_level0.mp4
682,bistro_interior,INTER-DISTORTION,bistro_interior_reference.mp4,/home/jv495/Datasets/GAIM240/bistro_interior_reference.mp4,bistro_interior_motion_noise_level0.mp4,motion_noise,level0,/home/jv495/Datasets/GAIM240/bistro_interior_motion_noise_level0.mp4,bistro_interior_noise_colors_level1.mp4,noise_colors,level1,/home/jv495/Datasets/GAIM240/bistro_interior_noise_colors_level1.mp4
683,bistro_interior,INTER-DISTORTION,bistro_interior_reference.mp4,/home/jv495/Datasets/GAIM240/bistro_interior_reference.mp4,bistro_interior_motion_noise_level0.mp4,motion_noise,level0,/home/jv495/Datasets/GAIM240/bistro_interior_motion_noise_level0.mp4,bistro_interior_noise_colors_level2.mp4,noise_colors,level2,/home/jv495/Datasets/GAIM240/bistro_interior_noise_colors_level2.mp4
684,bistro_interior,INTER-DISTORTION,bistro_interior_reference.mp4,/home/jv495/Datasets/GAIM240/bistro_interior_reference.mp4,bistro_interior_motion_noise_level0.mp4,motion_noise,level0,/home/jv495/Datasets/GAIM240/bistro_interior_motion_noise_level0.mp4,bistro_interior_restir_level0.mp4,restir,level0,/home/jv495/Datasets/GAIM240/bistro_interior_restir_level0.mp4
685,bistro_interior,INTER-DISTORTION,bistro_interior_reference.mp4,/home/jv495/Datasets/GAIM240/bistro_interior_reference.mp4,bistro_interior_motion_noise_level0.mp4,motion_noise,level0,/home/jv495/Datasets/GAIM240/bistro_interior_motion_noise_level0.mp4,bistro_interior_restir_level1.mp4,restir,level1,/home/jv495/Datasets/GAIM240/bistro_interior_restir_level1.mp4
686,bistro_interior,INTER-DISTORTION,bistro_interior_reference.mp4,/home/jv495/Datasets/GAIM240/bistro_interior_reference.mp4,bistro_interior_motion_noise_level0.mp4,motion_noise,level0,/home/jv495/Datasets/GAIM240/bistro_interior_motion_noise_level0.mp4,bistro_interior_restir_level2.mp4,restir,level2,/home/jv495/Datasets/GAIM240/bistro_interior_restir_level2.mp4
687,bistro_interior,INTER-DISTORTION,bistro_interior_reference.mp4,/home/jv495/Datasets/GAIM240/bistro_interior_reference.mp4,bistro_interior_motion_noise_level0.mp4,motion_noise,level0,/home/jv495/Datasets/GAIM240/bistro_interior_motion_noise_level0.mp4,bistro_interior_stutter_level0.mp4,stutter,level0,/home/jv495/Datasets/GAIM240/bistro_interior_stutter_level0.mp4
688,bistro_interior,INTER-DISTORTION,bistro_interior_reference.mp4,/home/jv495/Datasets/GAIM240/bistro_interior_reference.mp4,bistro_interior_motion_noise_level0.mp4,motion_noise,level0,/home/jv495/Datasets/GAIM240/bistro_interior_motion_noise_level0.mp4,bistro_interior_stutter_level1.mp4,stutter,level1,/home/jv495/Datasets/GAIM240/bistro_interior_stutter_level1.mp4
689,bistro_interior,INTER-DISTORTION,bistro_interior_reference.mp4,/home/jv495/Datasets/GAIM240/bistro_interior_reference.mp4,bistro_interior_motion_noise_level0.mp4,motion_noise,level0,/home/jv495/Datasets/GAIM240/bistro_interior_motion_noise_level0.mp4,bistro_interior_stutter_level2.mp4,stutter,level2,/home/jv495/Datasets/GAIM240/bistro_interior_stutter_level2.mp4
690,bistro_interior,INTER-DISTORTION,bistro_interior_reference.mp4,/home/jv495/Datasets/GAIM240/bistro_interior_reference.mp4,bistro_interior_motion_noise_level0.mp4,motion_noise,level0,/home/jv495/Datasets/GAIM240/bistro_interior_motion_noise_level0.mp4,bistro_interior_temporal-resolution-multiplexing_level0.mp4,temporal-resolution-multiplexing,level0,/home/jv495/Datasets/GAIM240/bistro_interior_temporal-resolution-multiplexing_level0.mp4
691,bistro_interior,INTER-DISTORTION,bistro_interior_reference.mp4,/home/jv495/Datasets/GAIM240/bistro_interior_reference.mp4,bistro_interior_motion_noise_level0.mp4,motion_noise,level0,/home/jv495/Datasets/GAIM240/bistro_interior_motion_noise_level0.mp4,bistro_interior_temporal-resolution-multiplexing_level1.mp4,temporal-resolution-multiplexing,level1,/home/jv495/Datasets/GAIM240/bistro_interior_temporal-resolution-multiplexing_level1.mp4
692,bistro_interior,INTER-DISTORTION,bistro_interior_reference.mp4,/home/jv495/Datasets/GAIM240/bistro_interior_reference.mp4,bistro_interior_motion_noise_level0.mp4,motion_noise,level0,/home/jv495/Datasets/GAIM240/bistro_interior_motion_noise_level0.mp4,bistro_interior_temporal-resolution-multiplexing_level2.mp4,temporal-resolution-multiplexing,level2,/home/jv495/Datasets/GAIM240/bistro_interior_temporal-resolution-multiplexing_level2.mp4
693,bistro_interior,INTRA-DISTORTION,bistro_interior_reference.mp4,/home/jv495/Datasets/GAIM240/bistro_interior_reference.mp4,bistro_interior_motion_noise_level1.mp4,motion_noise,level1,/home/jv495/Datasets/GAIM240/bistro_interior_motion_noise_level1.mp4,bistro_interior_motion_noise_level2.mp4,motion_noise,level2,/home/jv495/Datasets/GAIM240/bistro_interior_motion_noise_level2.mp4
694,bistro_interior,INTER-DISTORTION,bistro_interior_reference.mp4,/home/jv495/Datasets/GAIM240/bistro_interior_reference.mp4,bistro_interior_motion_noise_level1.mp4,motion_noise,level1,/home/jv495/Datasets/GAIM240/bistro_interior_motion_noise_level1.mp4,bistro_interior_motion_resolution_level0.mp4,motion_resolution,level0,/home/jv495/Datasets/GAIM240/bistro_interior_motion_resolution_level0.mp4
695,bistro_interior,INTER-DISTORTION,bistro_interior_reference.mp4,/home/jv495/Datasets/GAIM240/bistro_interior_reference.mp4,bistro_interior_motion_noise_level1.mp4,motion_noise,level1,/home/jv495/Datasets/GAIM240/bistro_interior_motion_noise_level1.mp4,bistro_interior_motion_resolution_level1.mp4,motion_resolution,level1,/home/jv495/Datasets/GAIM240/bistro_interior_motion_resolution_level1.mp4
696,bistro_interior,INTER-DISTORTION,bistro_interior_reference.mp4,/home/jv495/Datasets/GAIM240/bistro_interior_reference.mp4,bistro_interior_motion_noise_level1.mp4,motion_noise,level1,/home/jv495/Datasets/GAIM240/bistro_interior_motion_noise_level1.mp4,bistro_interior_motion_resolution_level2.mp4,motion_resolution,level2,/home/jv495/Datasets/GAIM240/bistro_interior_motion_resolution_level2.mp4
697,bistro_interior,INTER-DISTORTION,bistro_interior_reference.mp4,/home/jv495/Datasets/GAIM240/bistro_interior_reference.mp4,bistro_interior_motion_noise_level1.mp4,motion_noise,level1,/home/jv495/Datasets/GAIM240/bistro_interior_motion_noise_level1.mp4,bistro_interior_noise_colors_level0.mp4,noise_colors,level0,/home/jv495/Datasets/GAIM240/bistro_interior_noise_colors_level0.mp4
698,bistro_interior,INTER-DISTORTION,bistro_interior_reference.mp4,/home/jv495/Datasets/GAIM240/bistro_interior_reference.mp4,bistro_interior_motion_noise_level1.mp4,motion_noise,level1,/home/jv495/Datasets/GAIM240/bistro_interior_motion_noise_level1.mp4,bistro_interior_noise_colors_level1.mp4,noise_colors,level1,/home/jv495/Datasets/GAIM240/bistro_interior_noise_colors_level1.mp4
699,bistro_interior,INTER-DISTORTION,bistro_interior_reference.mp4,/home/jv495/Datasets/GAIM240/bistro_interior_reference.mp4,bistro_interior_motion_noise_level1.mp4,motion_noise,level1,/home/jv495/Datasets/GAIM240/bistro_interior_motion_noise_level1.mp4,bistro_interior_noise_colors_level2.mp4,noise_colors,level2,/home/jv495/Datasets/GAIM240/bistro_interior_noise_colors_level2.mp4
700,bistro_interior,INTER-DISTORTION,bistro_interior_reference.mp4,/home/jv495/Datasets/GAIM240/bistro_interior_reference.mp4,bistro_interior_motion_noise_level1.mp4,motion_noise,level1,/home/jv495/Datasets/GAIM240/bistro_interior_motion_noise_level1.mp4,bistro_interior_restir_level0.mp4,restir,level0,/home/jv495/Datasets/GAIM240/bistro_interior_restir_level0.mp4
701,bistro_interior,INTER-DISTORTION,bistro_interior_reference.mp4,/home/jv495/Datasets/GAIM240/bistro_interior_reference.mp4,bistro_interior_motion_noise_level1.mp4,motion_noise,level1,/home/jv495/Datasets/GAIM240/bistro_interior_motion_noise_level1.mp4,bistro_interior_restir_level1.mp4,restir,level1,/home/jv495/Datasets/GAIM240/bistro_interior_restir_level1.mp4
702,bistro_interior,INTER-DISTORTION,bistro_interior_reference.mp4,/home/jv495/Datasets/GAIM240/bistro_interior_reference.mp4,bistro_interior_motion_noise_level1.mp4,motion_noise,level1,/home/jv495/Datasets/GAIM240/bistro_interior_motion_noise_level1.mp4,bistro_interior_restir_level2.mp4,restir,level2,/home/jv495/Datasets/GAIM240/bistro_interior_restir_level2.mp4
703,bistro_interior,INTER-DISTORTION,bistro_interior_reference.mp4,/home/jv495/Datasets/GAIM240/bistro_interior_reference.mp4,bistro_interior_motion_noise_level1.mp4,motion_noise,level1,/home/jv495/Datasets/GAIM240/bistro_interior_motion_noise_level1.mp4,bistro_interior_stutter_level0.mp4,stutter,level0,/home/jv495/Datasets/GAIM240/bistro_interior_stutter_level0.mp4
704,bistro_interior,INTER-DISTORTION,bistro_interior_reference.mp4,/home/jv495/Datasets/GAIM240/bistro_interior_reference.mp4,bistro_interior_motion_noise_level1.mp4,motion_noise,level1,/home/jv495/Datasets/GAIM240/bistro_interior_motion_noise_level1.mp4,bistro_interior_stutter_level1.mp4,stutter,level1,/home/jv495/Datasets/GAIM240/bistro_interior_stutter_level1.mp4
705,bistro_interior,INTER-DISTORTION,bistro_interior_reference.mp4,/home/jv495/Datasets/GAIM240/bistro_interior_reference.mp4,bistro_interior_motion_noise_level1.mp4,motion_noise,level1,/home/jv495/Datasets/GAIM240/bistro_interior_motion_noise_level1.mp4,bistro_interior_stutter_level2.mp4,stutter,level2,/home/jv495/Datasets/GAIM240/bistro_interior_stutter_level2.mp4
706,bistro_interior,INTER-DISTORTION,bistro_interior_reference.mp4,/home/jv495/Datasets/GAIM240/bistro_interior_reference.mp4,bistro_interior_motion_noise_level1.mp4,motion_noise,level1,/home/jv495/Datasets/GAIM240/bistro_interior_motion_noise_level1.mp4,bistro_interior_temporal-resolution-multiplexing_level0.mp4,temporal-resolution-multiplexing,level0,/home/jv495/Datasets/GAIM240/bistro_interior_temporal-resolution-multiplexing_level0.mp4
707,bistro_interior,INTER-DISTORTION,bistro_interior_reference.mp4,/home/jv495/Datasets/GAIM240/bistro_interior_reference.mp4,bistro_interior_motion_noise_level1.mp4,motion_noise,level1,/home/jv495/Datasets/GAIM240/bistro_interior_motion_noise_level1.mp4,bistro_interior_temporal-resolution-multiplexing_level1.mp4,temporal-resolution-multiplexing,level1,/home/jv495/Datasets/GAIM240/bistro_interior_temporal-resolution-multiplexing_level1.mp4
708,bistro_interior,INTER-DISTORTION,bistro_interior_reference.mp4,/home/jv495/Datasets/GAIM240/bistro_interior_reference.mp4,bistro_interior_motion_noise_level1.mp4,motion_noise,level1,/home/jv495/Datasets/GAIM240/bistro_interior_motion_noise_level1.mp4,bistro_interior_temporal-resolution-multiplexing_level2.mp4,temporal-resolution-multiplexing,level2,/home/jv495/Datasets/GAIM240/bistro_interior_temporal-resolution-multiplexing_level2.mp4
709,bistro_interior,INTER-DISTORTION,bistro_interior_reference.mp4,/home/jv495/Datasets/GAIM240/bistro_interior_reference.mp4,bistro_interior_motion_noise_level2.mp4,motion_noise,level2,/home/jv495/Datasets/GAIM240/bistro_interior_motion_noise_level2.mp4,bistro_interior_motion_resolution_level0.mp4,motion_resolution,level0,/home/jv495/Datasets/GAIM240/bistro_interior_motion_resolution_level0.mp4
710,bistro_interior,INTER-DISTORTION,bistro_interior_reference.mp4,/home/jv495/Datasets/GAIM240/bistro_interior_reference.mp4,bistro_interior_motion_noise_level2.mp4,motion_noise,level2,/home/jv495/Datasets/GAIM240/bistro_interior_motion_noise_level2.mp4,bistro_interior_motion_resolution_level1.mp4,motion_resolution,level1,/home/jv495/Datasets/GAIM240/bistro_interior_motion_resolution_level1.mp4
711,bistro_interior,INTER-DISTORTION,bistro_interior_reference.mp4,/home/jv495/Datasets/GAIM240/bistro_interior_reference.mp4,bistro_interior_motion_noise_level2.mp4,motion_noise,level2,/home/jv495/Datasets/GAIM240/bistro_interior_motion_noise_level2.mp4,bistro_interior_motion_resolution_level2.mp4,motion_resolution,level2,/home/jv495/Datasets/GAIM240/bistro_interior_motion_resolution_level2.mp4
712,bistro_interior,INTER-DISTORTION,bistro_interior_reference.mp4,/home/jv495/Datasets/GAIM240/bistro_interior_reference.mp4,bistro_interior_motion_noise_level2.mp4,motion_noise,level2,/home/jv495/Datasets/GAIM240/bistro_interior_motion_noise_level2.mp4,bistro_interior_noise_colors_level0.mp4,noise_colors,level0,/home/jv495/Datasets/GAIM240/bistro_interior_noise_colors_level0.mp4
713,bistro_interior,INTER-DISTORTION,bistro_interior_reference.mp4,/home/jv495/Datasets/GAIM240/bistro_interior_reference.mp4,bistro_interior_motion_noise_level2.mp4,motion_noise,level2,/home/jv495/Datasets/GAIM240/bistro_interior_motion_noise_level2.mp4,bistro_interior_noise_colors_level1.mp4,noise_colors,level1,/home/jv495/Datasets/GAIM240/bistro_interior_noise_colors_level1.mp4
714,bistro_interior,INTER-DISTORTION,bistro_interior_reference.mp4,/home/jv495/Datasets/GAIM240/bistro_interior_reference.mp4,bistro_interior_motion_noise_level2.mp4,motion_noise,level2,/home/jv495/Datasets/GAIM240/bistro_interior_motion_noise_level2.mp4,bistro_interior_noise_colors_level2.mp4,noise_colors,level2,/home/jv495/Datasets/GAIM240/bistro_interior_noise_colors_level2.mp4
715,bistro_interior,INTER-DISTORTION,bistro_interior_reference.mp4,/home/jv495/Datasets/GAIM240/bistro_interior_reference.mp4,bistro_interior_motion_noise_level2.mp4,motion_noise,level2,/home/jv495/Datasets/GAIM240/bistro_interior_motion_noise_level2.mp4,bistro_interior_restir_level0.mp4,restir,level0,/home/jv495/Datasets/GAIM240/bistro_interior_restir_level0.mp4
716,bistro_interior,INTER-DISTORTION,bistro_interior_reference.mp4,/home/jv495/Datasets/GAIM240/bistro_interior_reference.mp4,bistro_interior_motion_noise_level2.mp4,motion_noise,level2,/home/jv495/Datasets/GAIM240/bistro_interior_motion_noise_level2.mp4,bistro_interior_restir_level1.mp4,restir,level1,/home/jv495/Datasets/GAIM240/bistro_interior_restir_level1.mp4
717,bistro_interior,INTER-DISTORTION,bistro_interior_reference.mp4,/home/jv495/Datasets/GAIM240/bistro_interior_reference.mp4,bistro_interior_motion_noise_level2.mp4,motion_noise,level2,/home/jv495/Datasets/GAIM240/bistro_interior_motion_noise_level2.mp4,bistro_interior_restir_level2.mp4,restir,level2,/home/jv495/Datasets/GAIM240/bistro_interior_restir_level2.mp4
718,bistro_interior,INTER-DISTORTION,bistro_interior_reference.mp4,/home/jv495/Datasets/GAIM240/bistro_interior_reference.mp4,bistro_interior_motion_noise_level2.mp4,motion_noise,level2,/home/jv495/Datasets/GAIM240/bistro_interior_motion_noise_level2.mp4,bistro_interior_stutter_level0.mp4,stutter,level0,/home/jv495/Datasets/GAIM240/bistro_interior_stutter_level0.mp4
719,bistro_interior,INTER-DISTORTION,bistro_interior_reference.mp4,/home/jv495/Datasets/GAIM240/bistro_interior_reference.mp4,bistro_interior_motion_noise_level2.mp4,motion_noise,level2,/home/jv495/Datasets/GAIM240/bistro_interior_motion_noise_level2.mp4,bistro_interior_stutter_level1.mp4,stutter,level1,/home/jv495/Datasets/GAIM240/bistro_interior_stutter_level1.mp4
720,bistro_interior,INTER-DISTORTION,bistro_interior_reference.mp4,/home/jv495/Datasets/GAIM240/bistro_interior_reference.mp4,bistro_interior_motion_noise_level2.mp4,motion_noise,level2,/home/jv495/Datasets/GAIM240/bistro_interior_motion_noise_level2.mp4,bistro_interior_stutter_level2.mp4,stutter,level2,/home/jv495/Datasets/GAIM240/bistro_interior_stutter_level2.mp4
721,bistro_interior,INTER-DISTORTION,bistro_interior_reference.mp4,/home/jv495/Datasets/GAIM240/bistro_interior_reference.mp4,bistro_interior_motion_noise_level2.mp4,motion_noise,level2,/home/jv495/Datasets/GAIM240/bistro_interior_motion_noise_level2.mp4,bistro_interior_temporal-resolution-multiplexing_level0.mp4,temporal-resolution-multiplexing,level0,/home/jv495/Datasets/GAIM240/bistro_interior_temporal-resolution-multiplexing_level0.mp4
722,bistro_interior,INTER-DISTORTION,bistro_interior_reference.mp4,/home/jv495/Datasets/GAIM240/bistro_interior_reference.mp4,bistro_interior_motion_noise_level2.mp4,motion_noise,level2,/home/jv495/Datasets/GAIM240/bistro_interior_motion_noise_level2.mp4,bistro_interior_temporal-resolution-multiplexing_level1.mp4,temporal-resolution-multiplexing,level1,/home/jv495/Datasets/GAIM240/bistro_interior_temporal-resolution-multiplexing_level1.mp4
723,bistro_interior,INTER-DISTORTION,bistro_interior_reference.mp4,/home/jv495/Datasets/GAIM240/bistro_interior_reference.mp4,bistro_interior_motion_noise_level2.mp4,motion_noise,level2,/home/jv495/Datasets/GAIM240/bistro_interior_motion_noise_level2.mp4,bistro_interior_temporal-resolution-multiplexing_level2.mp4,temporal-resolution-multiplexing,level2,/home/jv495/Datasets/GAIM240/bistro_interior_temporal-resolution-multiplexing_level2.mp4
724,bistro_interior,INTRA-DISTORTION,bistro_interior_reference.mp4,/home/jv495/Datasets/GAIM240/bistro_interior_reference.mp4,bistro_interior_motion_resolution_level0.mp4,motion_resolution,level0,/home/jv495/Datasets/GAIM240/bistro_interior_motion_resolution_level0.mp4,bistro_interior_motion_resolution_level1.mp4,motion_resolution,level1,/home/jv495/Datasets/GAIM240/bistro_interior_motion_resolution_level1.mp4
725,bistro_interior,INTRA-DISTORTION,bistro_interior_reference.mp4,/home/jv495/Datasets/GAIM240/bistro_interior_reference.mp4,bistro_interior_motion_resolution_level0.mp4,motion_resolution,level0,/home/jv495/Datasets/GAIM240/bistro_interior_motion_resolution_level0.mp4,bistro_interior_motion_resolution_level2.mp4,motion_resolution,level2,/home/jv495/Datasets/GAIM240/bistro_interior_motion_resolution_level2.mp4
726,bistro_interior,INTER-DISTORTION,bistro_interior_reference.mp4,/home/jv495/Datasets/GAIM240/bistro_interior_reference.mp4,bistro_interior_motion_resolution_level0.mp4,motion_resolution,level0,/home/jv495/Datasets/GAIM240/bistro_interior_motion_resolution_level0.mp4,bistro_interior_noise_colors_level0.mp4,noise_colors,level0,/home/jv495/Datasets/GAIM240/bistro_interior_noise_colors_level0.mp4
727,bistro_interior,INTER-DISTORTION,bistro_interior_reference.mp4,/home/jv495/Datasets/GAIM240/bistro_interior_reference.mp4,bistro_interior_motion_resolution_level0.mp4,motion_resolution,level0,/home/jv495/Datasets/GAIM240/bistro_interior_motion_resolution_level0.mp4,bistro_interior_noise_colors_level1.mp4,noise_colors,level1,/home/jv495/Datasets/GAIM240/bistro_interior_noise_colors_level1.mp4
728,bistro_interior,INTER-DISTORTION,bistro_interior_reference.mp4,/home/jv495/Datasets/GAIM240/bistro_interior_reference.mp4,bistro_interior_motion_resolution_level0.mp4,motion_resolution,level0,/home/jv495/Datasets/GAIM240/bistro_interior_motion_resolution_level0.mp4,bistro_interior_noise_colors_level2.mp4,noise_colors,level2,/home/jv495/Datasets/GAIM240/bistro_interior_noise_colors_level2.mp4
729,bistro_interior,INTER-DISTORTION,bistro_interior_reference.mp4,/home/jv495/Datasets/GAIM240/bistro_interior_reference.mp4,bistro_interior_motion_resolution_level0.mp4,motion_resolution,level0,/home/jv495/Datasets/GAIM240/bistro_interior_motion_resolution_level0.mp4,bistro_interior_restir_level0.mp4,restir,level0,/home/jv495/Datasets/GAIM240/bistro_interior_restir_level0.mp4
730,bistro_interior,INTER-DISTORTION,bistro_interior_reference.mp4,/home/jv495/Datasets/GAIM240/bistro_interior_reference.mp4,bistro_interior_motion_resolution_level0.mp4,motion_resolution,level0,/home/jv495/Datasets/GAIM240/bistro_interior_motion_resolution_level0.mp4,bistro_interior_restir_level1.mp4,restir,level1,/home/jv495/Datasets/GAIM240/bistro_interior_restir_level1.mp4
731,bistro_interior,INTER-DISTORTION,bistro_interior_reference.mp4,/home/jv495/Datasets/GAIM240/bistro_interior_reference.mp4,bistro_interior_motion_resolution_level0.mp4,motion_resolution,level0,/home/jv495/Datasets/GAIM240/bistro_interior_motion_resolution_level0.mp4,bistro_interior_restir_level2.mp4,restir,level2,/home/jv495/Datasets/GAIM240/bistro_interior_restir_level2.mp4
732,bistro_interior,INTER-DISTORTION,bistro_interior_reference.mp4,/home/jv495/Datasets/GAIM240/bistro_interior_reference.mp4,bistro_interior_motion_resolution_level0.mp4,motion_resolution,level0,/home/jv495/Datasets/GAIM240/bistro_interior_motion_resolution_level0.mp4,bistro_interior_stutter_level0.mp4,stutter,level0,/home/jv495/Datasets/GAIM240/bistro_interior_stutter_level0.mp4
733,bistro_interior,INTER-DISTORTION,bistro_interior_reference.mp4,/home/jv495/Datasets/GAIM240/bistro_interior_reference.mp4,bistro_interior_motion_resolution_level0.mp4,motion_resolution,level0,/home/jv495/Datasets/GAIM240/bistro_interior_motion_resolution_level0.mp4,bistro_interior_stutter_level1.mp4,stutter,level1,/home/jv495/Datasets/GAIM240/bistro_interior_stutter_level1.mp4
734,bistro_interior,INTER-DISTORTION,bistro_interior_reference.mp4,/home/jv495/Datasets/GAIM240/bistro_interior_reference.mp4,bistro_interior_motion_resolution_level0.mp4,motion_resolution,level0,/home/jv495/Datasets/GAIM240/bistro_interior_motion_resolution_level0.mp4,bistro_interior_stutter_level2.mp4,stutter,level2,/home/jv495/Datasets/GAIM240/bistro_interior_stutter_level2.mp4
735,bistro_interior,INTER-DISTORTION,bistro_interior_reference.mp4,/home/jv495/Datasets/GAIM240/bistro_interior_reference.mp4,bistro_interior_motion_resolution_level0.mp4,motion_resolution,level0,/home/jv495/Datasets/GAIM240/bistro_interior_motion_resolution_level0.mp4,bistro_interior_temporal-resolution-multiplexing_level0.mp4,temporal-resolution-multiplexing,level0,/home/jv495/Datasets/GAIM240/bistro_interior_temporal-resolution-multiplexing_level0.mp4
736,bistro_interior,INTER-DISTORTION,bistro_interior_reference.mp4,/home/jv495/Datasets/GAIM240/bistro_interior_reference.mp4,bistro_interior_motion_resolution_level0.mp4,motion_resolution,level0,/home/jv495/Datasets/GAIM240/bistro_interior_motion_resolution_level0.mp4,bistro_interior_temporal-resolution-multiplexing_level1.mp4,temporal-resolution-multiplexing,level1,/home/jv495/Datasets/GAIM240/bistro_interior_temporal-resolution-multiplexing_level1.mp4
737,bistro_interior,INTER-DISTORTION,bistro_interior_reference.mp4,/home/jv495/Datasets/GAIM240/bistro_interior_reference.mp4,bistro_interior_motion_resolution_level0.mp4,motion_resolution,level0,/home/jv495/Datasets/GAIM240/bistro_interior_motion_resolution_level0.mp4,bistro_interior_temporal-resolution-multiplexing_level2.mp4,temporal-resolution-multiplexing,level2,/home/jv495/Datasets/GAIM240/bistro_interior_temporal-resolution-multiplexing_level2.mp4
738,bistro_interior,INTRA-DISTORTION,bistro_interior_reference.mp4,/home/jv495/Datasets/GAIM240/bistro_interior_reference.mp4,bistro_interior_motion_resolution_level1.mp4,motion_resolution,level1,/home/jv495/Datasets/GAIM240/bistro_interior_motion_resolution_level1.mp4,bistro_interior_motion_resolution_level2.mp4,motion_resolution,level2,/home/jv495/Datasets/GAIM240/bistro_interior_motion_resolution_level2.mp4
739,bistro_interior,INTER-DISTORTION,bistro_interior_reference.mp4,/home/jv495/Datasets/GAIM240/bistro_interior_reference.mp4,bistro_interior_motion_resolution_level1.mp4,motion_resolution,level1,/home/jv495/Datasets/GAIM240/bistro_interior_motion_resolution_level1.mp4,bistro_interior_noise_colors_level0.mp4,noise_colors,level0,/home/jv495/Datasets/GAIM240/bistro_interior_noise_colors_level0.mp4
740,bistro_interior,INTER-DISTORTION,bistro_interior_reference.mp4,/home/jv495/Datasets/GAIM240/bistro_interior_reference.mp4,bistro_interior_motion_resolution_level1.mp4,motion_resolution,level1,/home/jv495/Datasets/GAIM240/bistro_interior_motion_resolution_level1.mp4,bistro_interior_noise_colors_level1.mp4,noise_colors,level1,/home/jv495/Datasets/GAIM240/bistro_interior_noise_colors_level1.mp4
741,bistro_interior,INTER-DISTORTION,bistro_interior_reference.mp4,/home/jv495/Datasets/GAIM240/bistro_interior_reference.mp4,bistro_interior_motion_resolution_level1.mp4,motion_resolution,level1,/home/jv495/Datasets/GAIM240/bistro_interior_motion_resolution_level1.mp4,bistro_interior_noise_colors_level2.mp4,noise_colors,level2,/home/jv495/Datasets/GAIM240/bistro_interior_noise_colors_level2.mp4
742,bistro_interior,INTER-DISTORTION,bistro_interior_reference.mp4,/home/jv495/Datasets/GAIM240/bistro_interior_reference.mp4,bistro_interior_motion_resolution_level1.mp4,motion_resolution,level1,/home/jv495/Datasets/GAIM240/bistro_interior_motion_resolution_level1.mp4,bistro_interior_restir_level0.mp4,restir,level0,/home/jv495/Datasets/GAIM240/bistro_interior_restir_level0.mp4
743,bistro_interior,INTER-DISTORTION,bistro_interior_reference.mp4,/home/jv495/Datasets/GAIM240/bistro_interior_reference.mp4,bistro_interior_motion_resolution_level1.mp4,motion_resolution,level1,/home/jv495/Datasets/GAIM240/bistro_interior_motion_resolution_level1.mp4,bistro_interior_restir_level1.mp4,restir,level1,/home/jv495/Datasets/GAIM240/bistro_interior_restir_level1.mp4
744,bistro_interior,INTER-DISTORTION,bistro_interior_reference.mp4,/home/jv495/Datasets/GAIM240/bistro_interior_reference.mp4,bistro_interior_motion_resolution_level1.mp4,motion_resolution,level1,/home/jv495/Datasets/GAIM240/bistro_interior_motion_resolution_level1.mp4,bistro_interior_restir_level2.mp4,restir,level2,/home/jv495/Datasets/GAIM240/bistro_interior_restir_level2.mp4
745,bistro_interior,INTER-DISTORTION,bistro_interior_reference.mp4,/home/jv495/Datasets/GAIM240/bistro_interior_reference.mp4,bistro_interior_motion_resolution_level1.mp4,motion_resolution,level1,/home/jv495/Datasets/GAIM240/bistro_interior_motion_resolution_level1.mp4,bistro_interior_stutter_level0.mp4,stutter,level0,/home/jv495/Datasets/GAIM240/bistro_interior_stutter_level0.mp4
746,bistro_interior,INTER-DISTORTION,bistro_interior_reference.mp4,/home/jv495/Datasets/GAIM240/bistro_interior_reference.mp4,bistro_interior_motion_resolution_level1.mp4,motion_resolution,level1,/home/jv495/Datasets/GAIM240/bistro_interior_motion_resolution_level1.mp4,bistro_interior_stutter_level1.mp4,stutter,level1,/home/jv495/Datasets/GAIM240/bistro_interior_stutter_level1.mp4
747,bistro_interior,INTER-DISTORTION,bistro_interior_reference.mp4,/home/jv495/Datasets/GAIM240/bistro_interior_reference.mp4,bistro_interior_motion_resolution_level1.mp4,motion_resolution,level1,/home/jv495/Datasets/GAIM240/bistro_interior_motion_resolution_level1.mp4,bistro_interior_stutter_level2.mp4,stutter,level2,/home/jv495/Datasets/GAIM240/bistro_interior_stutter_level2.mp4
748,bistro_interior,INTER-DISTORTION,bistro_interior_reference.mp4,/home/jv495/Datasets/GAIM240/bistro_interior_reference.mp4,bistro_interior_motion_resolution_level1.mp4,motion_resolution,level1,/home/jv495/Datasets/GAIM240/bistro_interior_motion_resolution_level1.mp4,bistro_interior_temporal-resolution-multiplexing_level0.mp4,temporal-resolution-multiplexing,level0,/home/jv495/Datasets/GAIM240/bistro_interior_temporal-resolution-multiplexing_level0.mp4
749,bistro_interior,INTER-DISTORTION,bistro_interior_reference.mp4,/home/jv495/Datasets/GAIM240/bistro_interior_reference.mp4,bistro_interior_motion_resolution_level1.mp4,motion_resolution,level1,/home/jv495/Datasets/GAIM240/bistro_interior_motion_resolution_level1.mp4,bistro_interior_temporal-resolution-multiplexing_level1.mp4,temporal-resolution-multiplexing,level1,/home/jv495/Datasets/GAIM240/bistro_interior_temporal-resolution-multiplexing_level1.mp4
750,bistro_interior,INTER-DISTORTION,bistro_interior_reference.mp4,/home/jv495/Datasets/GAIM240/bistro_interior_reference.mp4,bistro_interior_motion_resolution_level1.mp4,motion_resolution,level1,/home/jv495/Datasets/GAIM240/bistro_interior_motion_resolution_level1.mp4,bistro_interior_temporal-resolution-multiplexing_level2.mp4,temporal-resolution-multiplexing,level2,/home/jv495/Datasets/GAIM240/bistro_interior_temporal-resolution-multiplexing_level2.mp4
751,bistro_interior,INTER-DISTORTION,bistro_interior_reference.mp4,/home/jv495/Datasets/GAIM240/bistro_interior_reference.mp4,bistro_interior_motion_resolution_level2.mp4,motion_resolution,level2,/home/jv495/Datasets/GAIM240/bistro_interior_motion_resolution_level2.mp4,bistro_interior_noise_colors_level0.mp4,noise_colors,level0,/home/jv495/Datasets/GAIM240/bistro_interior_noise_colors_level0.mp4
752,bistro_interior,INTER-DISTORTION,bistro_interior_reference.mp4,/home/jv495/Datasets/GAIM240/bistro_interior_reference.mp4,bistro_interior_motion_resolution_level2.mp4,motion_resolution,level2,/home/jv495/Datasets/GAIM240/bistro_interior_motion_resolution_level2.mp4,bistro_interior_noise_colors_level1.mp4,noise_colors,level1,/home/jv495/Datasets/GAIM240/bistro_interior_noise_colors_level1.mp4
753,bistro_interior,INTER-DISTORTION,bistro_interior_reference.mp4,/home/jv495/Datasets/GAIM240/bistro_interior_reference.mp4,bistro_interior_motion_resolution_level2.mp4,motion_resolution,level2,/home/jv495/Datasets/GAIM240/bistro_interior_motion_resolution_level2.mp4,bistro_interior_noise_colors_level2.mp4,noise_colors,level2,/home/jv495/Datasets/GAIM240/bistro_interior_noise_colors_level2.mp4
754,bistro_interior,INTER-DISTORTION,bistro_interior_reference.mp4,/home/jv495/Datasets/GAIM240/bistro_interior_reference.mp4,bistro_interior_motion_resolution_level2.mp4,motion_resolution,level2,/home/jv495/Datasets/GAIM240/bistro_interior_motion_resolution_level2.mp4,bistro_interior_restir_level0.mp4,restir,level0,/home/jv495/Datasets/GAIM240/bistro_interior_restir_level0.mp4
755,bistro_interior,INTER-DISTORTION,bistro_interior_reference.mp4,/home/jv495/Datasets/GAIM240/bistro_interior_reference.mp4,bistro_interior_motion_resolution_level2.mp4,motion_resolution,level2,/home/jv495/Datasets/GAIM240/bistro_interior_motion_resolution_level2.mp4,bistro_interior_restir_level1.mp4,restir,level1,/home/jv495/Datasets/GAIM240/bistro_interior_restir_level1.mp4
756,bistro_interior,INTER-DISTORTION,bistro_interior_reference.mp4,/home/jv495/Datasets/GAIM240/bistro_interior_reference.mp4,bistro_interior_motion_resolution_level2.mp4,motion_resolution,level2,/home/jv495/Datasets/GAIM240/bistro_interior_motion_resolution_level2.mp4,bistro_interior_restir_level2.mp4,restir,level2,/home/jv495/Datasets/GAIM240/bistro_interior_restir_level2.mp4
757,bistro_interior,INTER-DISTORTION,bistro_interior_reference.mp4,/home/jv495/Datasets/GAIM240/bistro_interior_reference.mp4,bistro_interior_motion_resolution_level2.mp4,motion_resolution,level2,/home/jv495/Datasets/GAIM240/bistro_interior_motion_resolution_level2.mp4,bistro_interior_stutter_level0.mp4,stutter,level0,/home/jv495/Datasets/GAIM240/bistro_interior_stutter_level0.mp4
758,bistro_interior,INTER-DISTORTION,bistro_interior_reference.mp4,/home/jv495/Datasets/GAIM240/bistro_interior_reference.mp4,bistro_interior_motion_resolution_level2.mp4,motion_resolution,level2,/home/jv495/Datasets/GAIM240/bistro_interior_motion_resolution_level2.mp4,bistro_interior_stutter_level1.mp4,stutter,level1,/home/jv495/Datasets/GAIM240/bistro_interior_stutter_level1.mp4
759,bistro_interior,INTER-DISTORTION,bistro_interior_reference.mp4,/home/jv495/Datasets/GAIM240/bistro_interior_reference.mp4,bistro_interior_motion_resolution_level2.mp4,motion_resolution,level2,/home/jv495/Datasets/GAIM240/bistro_interior_motion_resolution_level2.mp4,bistro_interior_stutter_level2.mp4,stutter,level2,/home/jv495/Datasets/GAIM240/bistro_interior_stutter_level2.mp4
760,bistro_interior,INTER-DISTORTION,bistro_interior_reference.mp4,/home/jv495/Datasets/GAIM240/bistro_interior_reference.mp4,bistro_interior_motion_resolution_level2.mp4,motion_resolution,level2,/home/jv495/Datasets/GAIM240/bistro_interior_motion_resolution_level2.mp4,bistro_interior_temporal-resolution-multiplexing_level0.mp4,temporal-resolution-multiplexing,level0,/home/jv495/Datasets/GAIM240/bistro_interior_temporal-resolution-multiplexing_level0.mp4
761,bistro_interior,INTER-DISTORTION,bistro_interior_reference.mp4,/home/jv495/Datasets/GAIM240/bistro_interior_reference.mp4,bistro_interior_motion_resolution_level2.mp4,motion_resolution,level2,/home/jv495/Datasets/GAIM240/bistro_interior_motion_resolution_level2.mp4,bistro_interior_temporal-resolution-multiplexing_level1.mp4,temporal-resolution-multiplexing,level1,/home/jv495/Datasets/GAIM240/bistro_interior_temporal-resolution-multiplexing_level1.mp4
762,bistro_interior,INTER-DISTORTION,bistro_interior_reference.mp4,/home/jv495/Datasets/GAIM240/bistro_interior_reference.mp4,bistro_interior_motion_resolution_level2.mp4,motion_resolution,level2,/home/jv495/Datasets/GAIM240/bistro_interior_motion_resolution_level2.mp4,bistro_interior_temporal-resolution-multiplexing_level2.mp4,temporal-resolution-multiplexing,level2,/home/jv495/Datasets/GAIM240/bistro_interior_temporal-resolution-multiplexing_level2.mp4
763,bistro_interior,INTRA-DISTORTION,bistro_interior_reference.mp4,/home/jv495/Datasets/GAIM240/bistro_interior_reference.mp4,bistro_interior_noise_colors_level0.mp4,noise_colors,level0,/home/jv495/Datasets/GAIM240/bistro_interior_noise_colors_level0.mp4,bistro_interior_noise_colors_level1.mp4,noise_colors,level1,/home/jv495/Datasets/GAIM240/bistro_interior_noise_colors_level1.mp4
764,bistro_interior,INTRA-DISTORTION,bistro_interior_reference.mp4,/home/jv495/Datasets/GAIM240/bistro_interior_reference.mp4,bistro_interior_noise_colors_level0.mp4,noise_colors,level0,/home/jv495/Datasets/GAIM240/bistro_interior_noise_colors_level0.mp4,bistro_interior_noise_colors_level2.mp4,noise_colors,level2,/home/jv495/Datasets/GAIM240/bistro_interior_noise_colors_level2.mp4
765,bistro_interior,INTER-DISTORTION,bistro_interior_reference.mp4,/home/jv495/Datasets/GAIM240/bistro_interior_reference.mp4,bistro_interior_noise_colors_level0.mp4,noise_colors,level0,/home/jv495/Datasets/GAIM240/bistro_interior_noise_colors_level0.mp4,bistro_interior_restir_level0.mp4,restir,level0,/home/jv495/Datasets/GAIM240/bistro_interior_restir_level0.mp4
766,bistro_interior,INTER-DISTORTION,bistro_interior_reference.mp4,/home/jv495/Datasets/GAIM240/bistro_interior_reference.mp4,bistro_interior_noise_colors_level0.mp4,noise_colors,level0,/home/jv495/Datasets/GAIM240/bistro_interior_noise_colors_level0.mp4,bistro_interior_restir_level1.mp4,restir,level1,/home/jv495/Datasets/GAIM240/bistro_interior_restir_level1.mp4
767,bistro_interior,INTER-DISTORTION,bistro_interior_reference.mp4,/home/jv495/Datasets/GAIM240/bistro_interior_reference.mp4,bistro_interior_noise_colors_level0.mp4,noise_colors,level0,/home/jv495/Datasets/GAIM240/bistro_interior_noise_colors_level0.mp4,bistro_interior_restir_level2.mp4,restir,level2,/home/jv495/Datasets/GAIM240/bistro_interior_restir_level2.mp4
768,bistro_interior,INTER-DISTORTION,bistro_interior_reference.mp4,/home/jv495/Datasets/GAIM240/bistro_interior_reference.mp4,bistro_interior_noise_colors_level0.mp4,noise_colors,level0,/home/jv495/Datasets/GAIM240/bistro_interior_noise_colors_level0.mp4,bistro_interior_stutter_level0.mp4,stutter,level0,/home/jv495/Datasets/GAIM240/bistro_interior_stutter_level0.mp4
769,bistro_interior,INTER-DISTORTION,bistro_interior_reference.mp4,/home/jv495/Datasets/GAIM240/bistro_interior_reference.mp4,bistro_interior_noise_colors_level0.mp4,noise_colors,level0,/home/jv495/Datasets/GAIM240/bistro_interior_noise_colors_level0.mp4,bistro_interior_stutter_level1.mp4,stutter,level1,/home/jv495/Datasets/GAIM240/bistro_interior_stutter_level1.mp4
770,bistro_interior,INTER-DISTORTION,bistro_interior_reference.mp4,/home/jv495/Datasets/GAIM240/bistro_interior_reference.mp4,bistro_interior_noise_colors_level0.mp4,noise_colors,level0,/home/jv495/Datasets/GAIM240/bistro_interior_noise_colors_level0.mp4,bistro_interior_stutter_level2.mp4,stutter,level2,/home/jv495/Datasets/GAIM240/bistro_interior_stutter_level2.mp4
771,bistro_interior,INTER-DISTORTION,bistro_interior_reference.mp4,/home/jv495/Datasets/GAIM240/bistro_interior_reference.mp4,bistro_interior_noise_colors_level0.mp4,noise_colors,level0,/home/jv495/Datasets/GAIM240/bistro_interior_noise_colors_level0.mp4,bistro_interior_temporal-resolution-multiplexing_level0.mp4,temporal-resolution-multiplexing,level0,/home/jv495/Datasets/GAIM240/bistro_interior_temporal-resolution-multiplexing_level0.mp4
772,bistro_interior,INTER-DISTORTION,bistro_interior_reference.mp4,/home/jv495/Datasets/GAIM240/bistro_interior_reference.mp4,bistro_interior_noise_colors_level0.mp4,noise_colors,level0,/home/jv495/Datasets/GAIM240/bistro_interior_noise_colors_level0.mp4,bistro_interior_temporal-resolution-multiplexing_level1.mp4,temporal-resolution-multiplexing,level1,/home/jv495/Datasets/GAIM240/bistro_interior_temporal-resolution-multiplexing_level1.mp4
773,bistro_interior,INTER-DISTORTION,bistro_interior_reference.mp4,/home/jv495/Datasets/GAIM240/bistro_interior_reference.mp4,bistro_interior_noise_colors_level0.mp4,noise_colors,level0,/home/jv495/Datasets/GAIM240/bistro_interior_noise_colors_level0.mp4,bistro_interior_temporal-resolution-multiplexing_level2.mp4,temporal-resolution-multiplexing,level2,/home/jv495/Datasets/GAIM240/bistro_interior_temporal-resolution-multiplexing_level2.mp4
774,bistro_interior,INTRA-DISTORTION,bistro_interior_reference.mp4,/home/jv495/Datasets/GAIM240/bistro_interior_reference.mp4,bistro_interior_noise_colors_level1.mp4,noise_colors,level1,/home/jv495/Datasets/GAIM240/bistro_interior_noise_colors_level1.mp4,bistro_interior_noise_colors_level2.mp4,noise_colors,level2,/home/jv495/Datasets/GAIM240/bistro_interior_noise_colors_level2.mp4
775,bistro_interior,INTER-DISTORTION,bistro_interior_reference.mp4,/home/jv495/Datasets/GAIM240/bistro_interior_reference.mp4,bistro_interior_noise_colors_level1.mp4,noise_colors,level1,/home/jv495/Datasets/GAIM240/bistro_interior_noise_colors_level1.mp4,bistro_interior_restir_level0.mp4,restir,level0,/home/jv495/Datasets/GAIM240/bistro_interior_restir_level0.mp4
776,bistro_interior,INTER-DISTORTION,bistro_interior_reference.mp4,/home/jv495/Datasets/GAIM240/bistro_interior_reference.mp4,bistro_interior_noise_colors_level1.mp4,noise_colors,level1,/home/jv495/Datasets/GAIM240/bistro_interior_noise_colors_level1.mp4,bistro_interior_restir_level1.mp4,restir,level1,/home/jv495/Datasets/GAIM240/bistro_interior_restir_level1.mp4
777,bistro_interior,INTER-DISTORTION,bistro_interior_reference.mp4,/home/jv495/Datasets/GAIM240/bistro_interior_reference.mp4,bistro_interior_noise_colors_level1.mp4,noise_colors,level1,/home/jv495/Datasets/GAIM240/bistro_interior_noise_colors_level1.mp4,bistro_interior_restir_level2.mp4,restir,level2,/home/jv495/Datasets/GAIM240/bistro_interior_restir_level2.mp4
778,bistro_interior,INTER-DISTORTION,bistro_interior_reference.mp4,/home/jv495/Datasets/GAIM240/bistro_interior_reference.mp4,bistro_interior_noise_colors_level1.mp4,noise_colors,level1,/home/jv495/Datasets/GAIM240/bistro_interior_noise_colors_level1.mp4,bistro_interior_stutter_level0.mp4,stutter,level0,/home/jv495/Datasets/GAIM240/bistro_interior_stutter_level0.mp4
779,bistro_interior,INTER-DISTORTION,bistro_interior_reference.mp4,/home/jv495/Datasets/GAIM240/bistro_interior_reference.mp4,bistro_interior_noise_colors_level1.mp4,noise_colors,level1,/home/jv495/Datasets/GAIM240/bistro_interior_noise_colors_level1.mp4,bistro_interior_stutter_level1.mp4,stutter,level1,/home/jv495/Datasets/GAIM240/bistro_interior_stutter_level1.mp4
780,bistro_interior,INTER-DISTORTION,bistro_interior_reference.mp4,/home/jv495/Datasets/GAIM240/bistro_interior_reference.mp4,bistro_interior_noise_colors_level1.mp4,noise_colors,level1,/home/jv495/Datasets/GAIM240/bistro_interior_noise_colors_level1.mp4,bistro_interior_stutter_level2.mp4,stutter,level2,/home/jv495/Datasets/GAIM240/bistro_interior_stutter_level2.mp4
781,bistro_interior,INTER-DISTORTION,bistro_interior_reference.mp4,/home/jv495/Datasets/GAIM240/bistro_interior_reference.mp4,bistro_interior_noise_colors_level1.mp4,noise_colors,level1,/home/jv495/Datasets/GAIM240/bistro_interior_noise_colors_level1.mp4,bistro_interior_temporal-resolution-multiplexing_level0.mp4,temporal-resolution-multiplexing,level0,/home/jv495/Datasets/GAIM240/bistro_interior_temporal-resolution-multiplexing_level0.mp4
782,bistro_interior,INTER-DISTORTION,bistro_interior_reference.mp4,/home/jv495/Datasets/GAIM240/bistro_interior_reference.mp4,bistro_interior_noise_colors_level1.mp4,noise_colors,level1,/home/jv495/Datasets/GAIM240/bistro_interior_noise_colors_level1.mp4,bistro_interior_temporal-resolution-multiplexing_level1.mp4,temporal-resolution-multiplexing,level1,/home/jv495/Datasets/GAIM240/bistro_interior_temporal-resolution-multiplexing_level1.mp4
783,bistro_interior,INTER-DISTORTION,bistro_interior_reference.mp4,/home/jv495/Datasets/GAIM240/bistro_interior_reference.mp4,bistro_interior_noise_colors_level1.mp4,noise_colors,level1,/home/jv495/Datasets/GAIM240/bistro_interior_noise_colors_level1.mp4,bistro_interior_temporal-resolution-multiplexing_level2.mp4,temporal-resolution-multiplexing,level2,/home/jv495/Datasets/GAIM240/bistro_interior_temporal-resolution-multiplexing_level2.mp4
784,bistro_interior,INTER-DISTORTION,bistro_interior_reference.mp4,/home/jv495/Datasets/GAIM240/bistro_interior_reference.mp4,bistro_interior_noise_colors_level2.mp4,noise_colors,level2,/home/jv495/Datasets/GAIM240/bistro_interior_noise_colors_level2.mp4,bistro_interior_restir_level0.mp4,restir,level0,/home/jv495/Datasets/GAIM240/bistro_interior_restir_level0.mp4
785,bistro_interior,INTER-DISTORTION,bistro_interior_reference.mp4,/home/jv495/Datasets/GAIM240/bistro_interior_reference.mp4,bistro_interior_noise_colors_level2.mp4,noise_colors,level2,/home/jv495/Datasets/GAIM240/bistro_interior_noise_colors_level2.mp4,bistro_interior_restir_level1.mp4,restir,level1,/home/jv495/Datasets/GAIM240/bistro_interior_restir_level1.mp4
786,bistro_interior,INTER-DISTORTION,bistro_interior_reference.mp4,/home/jv495/Datasets/GAIM240/bistro_interior_reference.mp4,bistro_interior_noise_colors_level2.mp4,noise_colors,level2,/home/jv495/Datasets/GAIM240/bistro_interior_noise_colors_level2.mp4,bistro_interior_restir_level2.mp4,restir,level2,/home/jv495/Datasets/GAIM240/bistro_interior_restir_level2.mp4
787,bistro_interior,INTER-DISTORTION,bistro_interior_reference.mp4,/home/jv495/Datasets/GAIM240/bistro_interior_reference.mp4,bistro_interior_noise_colors_level2.mp4,noise_colors,level2,/home/jv495/Datasets/GAIM240/bistro_interior_noise_colors_level2.mp4,bistro_interior_stutter_level0.mp4,stutter,level0,/home/jv495/Datasets/GAIM240/bistro_interior_stutter_level0.mp4
788,bistro_interior,INTER-DISTORTION,bistro_interior_reference.mp4,/home/jv495/Datasets/GAIM240/bistro_interior_reference.mp4,bistro_interior_noise_colors_level2.mp4,noise_colors,level2,/home/jv495/Datasets/GAIM240/bistro_interior_noise_colors_level2.mp4,bistro_interior_stutter_level1.mp4,stutter,level1,/home/jv495/Datasets/GAIM240/bistro_interior_stutter_level1.mp4
789,bistro_interior,INTER-DISTORTION,bistro_interior_reference.mp4,/home/jv495/Datasets/GAIM240/bistro_interior_reference.mp4,bistro_interior_noise_colors_level2.mp4,noise_colors,level2,/home/jv495/Datasets/GAIM240/bistro_interior_noise_colors_level2.mp4,bistro_interior_stutter_level2.mp4,stutter,level2,/home/jv495/Datasets/GAIM240/bistro_interior_stutter_level2.mp4
790,bistro_interior,INTER-DISTORTION,bistro_interior_reference.mp4,/home/jv495/Datasets/GAIM240/bistro_interior_reference.mp4,bistro_interior_noise_colors_level2.mp4,noise_colors,level2,/home/jv495/Datasets/GAIM240/bistro_interior_noise_colors_level2.mp4,bistro_interior_temporal-resolution-multiplexing_level0.mp4,temporal-resolution-multiplexing,level0,/home/jv495/Datasets/GAIM240/bistro_interior_temporal-resolution-multiplexing_level0.mp4
791,bistro_interior,INTER-DISTORTION,bistro_interior_reference.mp4,/home/jv495/Datasets/GAIM240/bistro_interior_reference.mp4,bistro_interior_noise_colors_level2.mp4,noise_colors,level2,/home/jv495/Datasets/GAIM240/bistro_interior_noise_colors_level2.mp4,bistro_interior_temporal-resolution-multiplexing_level1.mp4,temporal-resolution-multiplexing,level1,/home/jv495/Datasets/GAIM240/bistro_interior_temporal-resolution-multiplexing_level1.mp4
792,bistro_interior,INTER-DISTORTION,bistro_interior_reference.mp4,/home/jv495/Datasets/GAIM240/bistro_interior_reference.mp4,bistro_interior_noise_colors_level2.mp4,noise_colors,level2,/home/jv495/Datasets/GAIM240/bistro_interior_noise_colors_level2.mp4,bistro_interior_temporal-resolution-multiplexing_level2.mp4,temporal-resolution-multiplexing,level2,/home/jv495/Datasets/GAIM240/bistro_interior_temporal-resolution-multiplexing_level2.mp4
793,bistro_interior,INTRA-DISTORTION,bistro_interior_reference.mp4,/home/jv495/Datasets/GAIM240/bistro_interior_reference.mp4,bistro_interior_restir_level0.mp4,restir,level0,/home/jv495/Datasets/GAIM240/bistro_interior_restir_level0.mp4,bistro_interior_restir_level1.mp4,restir,level1,/home/jv495/Datasets/GAIM240/bistro_interior_restir_level1.mp4
794,bistro_interior,INTRA-DISTORTION,bistro_interior_reference.mp4,/home/jv495/Datasets/GAIM240/bistro_interior_reference.mp4,bistro_interior_restir_level0.mp4,restir,level0,/home/jv495/Datasets/GAIM240/bistro_interior_restir_level0.mp4,bistro_interior_restir_level2.mp4,restir,level2,/home/jv495/Datasets/GAIM240/bistro_interior_restir_level2.mp4
795,bistro_interior,INTER-DISTORTION,bistro_interior_reference.mp4,/home/jv495/Datasets/GAIM240/bistro_interior_reference.mp4,bistro_interior_restir_level0.mp4,restir,level0,/home/jv495/Datasets/GAIM240/bistro_interior_restir_level0.mp4,bistro_interior_stutter_level0.mp4,stutter,level0,/home/jv495/Datasets/GAIM240/bistro_interior_stutter_level0.mp4
796,bistro_interior,INTER-DISTORTION,bistro_interior_reference.mp4,/home/jv495/Datasets/GAIM240/bistro_interior_reference.mp4,bistro_interior_restir_level0.mp4,restir,level0,/home/jv495/Datasets/GAIM240/bistro_interior_restir_level0.mp4,bistro_interior_stutter_level1.mp4,stutter,level1,/home/jv495/Datasets/GAIM240/bistro_interior_stutter_level1.mp4
797,bistro_interior,INTER-DISTORTION,bistro_interior_reference.mp4,/home/jv495/Datasets/GAIM240/bistro_interior_reference.mp4,bistro_interior_restir_level0.mp4,restir,level0,/home/jv495/Datasets/GAIM240/bistro_interior_restir_level0.mp4,bistro_interior_stutter_level2.mp4,stutter,level2,/home/jv495/Datasets/GAIM240/bistro_interior_stutter_level2.mp4
798,bistro_interior,INTER-DISTORTION,bistro_interior_reference.mp4,/home/jv495/Datasets/GAIM240/bistro_interior_reference.mp4,bistro_interior_restir_level0.mp4,restir,level0,/home/jv495/Datasets/GAIM240/bistro_interior_restir_level0.mp4,bistro_interior_temporal-resolution-multiplexing_level0.mp4,temporal-resolution-multiplexing,level0,/home/jv495/Datasets/GAIM240/bistro_interior_temporal-resolution-multiplexing_level0.mp4
799,bistro_interior,INTER-DISTORTION,bistro_interior_reference.mp4,/home/jv495/Datasets/GAIM240/bistro_interior_reference.mp4,bistro_interior_restir_level0.mp4,restir,level0,/home/jv495/Datasets/GAIM240/bistro_interior_restir_level0.mp4,bistro_interior_temporal-resolution-multiplexing_level1.mp4,temporal-resolution-multiplexing,level1,/home/jv495/Datasets/GAIM240/bistro_interior_temporal-resolution-multiplexing_level1.mp4
800,bistro_interior,INTER-DISTORTION,bistro_interior_reference.mp4,/home/jv495/Datasets/GAIM240/bistro_interior_reference.mp4,bistro_interior_restir_level0.mp4,restir,level0,/home/jv495/Datasets/GAIM240/bistro_interior_restir_level0.mp4,bistro_interior_temporal-resolution-multiplexing_level2.mp4,temporal-resolution-multiplexing,level2,/home/jv495/Datasets/GAIM240/bistro_interior_temporal-resolution-multiplexing_level2.mp4
801,bistro_interior,INTRA-DISTORTION,bistro_interior_reference.mp4,/home/jv495/Datasets/GAIM240/bistro_interior_reference.mp4,bistro_interior_restir_level1.mp4,restir,level1,/home/jv495/Datasets/GAIM240/bistro_interior_restir_level1.mp4,bistro_interior_restir_level2.mp4,restir,level2,/home/jv495/Datasets/GAIM240/bistro_interior_restir_level2.mp4
802,bistro_interior,INTER-DISTORTION,bistro_interior_reference.mp4,/home/jv495/Datasets/GAIM240/bistro_interior_reference.mp4,bistro_interior_restir_level1.mp4,restir,level1,/home/jv495/Datasets/GAIM240/bistro_interior_restir_level1.mp4,bistro_interior_stutter_level0.mp4,stutter,level0,/home/jv495/Datasets/GAIM240/bistro_interior_stutter_level0.mp4
803,bistro_interior,INTER-DISTORTION,bistro_interior_reference.mp4,/home/jv495/Datasets/GAIM240/bistro_interior_reference.mp4,bistro_interior_restir_level1.mp4,restir,level1,/home/jv495/Datasets/GAIM240/bistro_interior_restir_level1.mp4,bistro_interior_stutter_level1.mp4,stutter,level1,/home/jv495/Datasets/GAIM240/bistro_interior_stutter_level1.mp4
804,bistro_interior,INTER-DISTORTION,bistro_interior_reference.mp4,/home/jv495/Datasets/GAIM240/bistro_interior_reference.mp4,bistro_interior_restir_level1.mp4,restir,level1,/home/jv495/Datasets/GAIM240/bistro_interior_restir_level1.mp4,bistro_interior_stutter_level2.mp4,stutter,level2,/home/jv495/Datasets/GAIM240/bistro_interior_stutter_level2.mp4
805,bistro_interior,INTER-DISTORTION,bistro_interior_reference.mp4,/home/jv495/Datasets/GAIM240/bistro_interior_reference.mp4,bistro_interior_restir_level1.mp4,restir,level1,/home/jv495/Datasets/GAIM240/bistro_interior_restir_level1.mp4,bistro_interior_temporal-resolution-multiplexing_level0.mp4,temporal-resolution-multiplexing,level0,/home/jv495/Datasets/GAIM240/bistro_interior_temporal-resolution-multiplexing_level0.mp4
806,bistro_interior,INTER-DISTORTION,bistro_interior_reference.mp4,/home/jv495/Datasets/GAIM240/bistro_interior_reference.mp4,bistro_interior_restir_level1.mp4,restir,level1,/home/jv495/Datasets/GAIM240/bistro_interior_restir_level1.mp4,bistro_interior_temporal-resolution-multiplexing_level1.mp4,temporal-resolution-multiplexing,level1,/home/jv495/Datasets/GAIM240/bistro_interior_temporal-resolution-multiplexing_level1.mp4
807,bistro_interior,INTER-DISTORTION,bistro_interior_reference.mp4,/home/jv495/Datasets/GAIM240/bistro_interior_reference.mp4,bistro_interior_restir_level1.mp4,restir,level1,/home/jv495/Datasets/GAIM240/bistro_interior_restir_level1.mp4,bistro_interior_temporal-resolution-multiplexing_level2.mp4,temporal-resolution-multiplexing,level2,/home/jv495/Datasets/GAIM240/bistro_interior_temporal-resolution-multiplexing_level2.mp4
808,bistro_interior,INTER-DISTORTION,bistro_interior_reference.mp4,/home/jv495/Datasets/GAIM240/bistro_interior_reference.mp4,bistro_interior_restir_level2.mp4,restir,level2,/home/jv495/Datasets/GAIM240/bistro_interior_restir_level2.mp4,bistro_interior_stutter_level0.mp4,stutter,level0,/home/jv495/Datasets/GAIM240/bistro_interior_stutter_level0.mp4
809,bistro_interior,INTER-DISTORTION,bistro_interior_reference.mp4,/home/jv495/Datasets/GAIM240/bistro_interior_reference.mp4,bistro_interior_restir_level2.mp4,restir,level2,/home/jv495/Datasets/GAIM240/bistro_interior_restir_level2.mp4,bistro_interior_stutter_level1.mp4,stutter,level1,/home/jv495/Datasets/GAIM240/bistro_interior_stutter_level1.mp4
810,bistro_interior,INTER-DISTORTION,bistro_interior_reference.mp4,/home/jv495/Datasets/GAIM240/bistro_interior_reference.mp4,bistro_interior_restir_level2.mp4,restir,level2,/home/jv495/Datasets/GAIM240/bistro_interior_restir_level2.mp4,bistro_interior_stutter_level2.mp4,stutter,level2,/home/jv495/Datasets/GAIM240/bistro_interior_stutter_level2.mp4
811,bistro_interior,INTER-DISTORTION,bistro_interior_reference.mp4,/home/jv495/Datasets/GAIM240/bistro_interior_reference.mp4,bistro_interior_restir_level2.mp4,restir,level2,/home/jv495/Datasets/GAIM240/bistro_interior_restir_level2.mp4,bistro_interior_temporal-resolution-multiplexing_level0.mp4,temporal-resolution-multiplexing,level0,/home/jv495/Datasets/GAIM240/bistro_interior_temporal-resolution-multiplexing_level0.mp4
812,bistro_interior,INTER-DISTORTION,bistro_interior_reference.mp4,/home/jv495/Datasets/GAIM240/bistro_interior_reference.mp4,bistro_interior_restir_level2.mp4,restir,level2,/home/jv495/Datasets/GAIM240/bistro_interior_restir_level2.mp4,bistro_interior_temporal-resolution-multiplexing_level1.mp4,temporal-resolution-multiplexing,level1,/home/jv495/Datasets/GAIM240/bistro_interior_temporal-resolution-multiplexing_level1.mp4
813,bistro_interior,INTER-DISTORTION,bistro_interior_reference.mp4,/home/jv495/Datasets/GAIM240/bistro_interior_reference.mp4,bistro_interior_restir_level2.mp4,restir,level2,/home/jv495/Datasets/GAIM240/bistro_interior_restir_level2.mp4,bistro_interior_temporal-resolution-multiplexing_level2.mp4,temporal-resolution-multiplexing,level2,/home/jv495/Datasets/GAIM240/bistro_interior_temporal-resolution-multiplexing_level2.mp4
814,bistro_interior,INTRA-DISTORTION,bistro_interior_reference.mp4,/home/jv495/Datasets/GAIM240/bistro_interior_reference.mp4,bistro_interior_stutter_level0.mp4,stutter,level0,/home/jv495/Datasets/GAIM240/bistro_interior_stutter_level0.mp4,bistro_interior_stutter_level1.mp4,stutter,level1,/home/jv495/Datasets/GAIM240/bistro_interior_stutter_level1.mp4
815,bistro_interior,INTRA-DISTORTION,bistro_interior_reference.mp4,/home/jv495/Datasets/GAIM240/bistro_interior_reference.mp4,bistro_interior_stutter_level0.mp4,stutter,level0,/home/jv495/Datasets/GAIM240/bistro_interior_stutter_level0.mp4,bistro_interior_stutter_level2.mp4,stutter,level2,/home/jv495/Datasets/GAIM240/bistro_interior_stutter_level2.mp4
816,bistro_interior,INTER-DISTORTION,bistro_interior_reference.mp4,/home/jv495/Datasets/GAIM240/bistro_interior_reference.mp4,bistro_interior_stutter_level0.mp4,stutter,level0,/home/jv495/Datasets/GAIM240/bistro_interior_stutter_level0.mp4,bistro_interior_temporal-resolution-multiplexing_level0.mp4,temporal-resolution-multiplexing,level0,/home/jv495/Datasets/GAIM240/bistro_interior_temporal-resolution-multiplexing_level0.mp4
817,bistro_interior,INTER-DISTORTION,bistro_interior_reference.mp4,/home/jv495/Datasets/GAIM240/bistro_interior_reference.mp4,bistro_interior_stutter_level0.mp4,stutter,level0,/home/jv495/Datasets/GAIM240/bistro_interior_stutter_level0.mp4,bistro_interior_temporal-resolution-multiplexing_level1.mp4,temporal-resolution-multiplexing,level1,/home/jv495/Datasets/GAIM240/bistro_interior_temporal-resolution-multiplexing_level1.mp4
818,bistro_interior,INTER-DISTORTION,bistro_interior_reference.mp4,/home/jv495/Datasets/GAIM240/bistro_interior_reference.mp4,bistro_interior_stutter_level0.mp4,stutter,level0,/home/jv495/Datasets/GAIM240/bistro_interior_stutter_level0.mp4,bistro_interior_temporal-resolution-multiplexing_level2.mp4,temporal-resolution-multiplexing,level2,/home/jv495/Datasets/GAIM240/bistro_interior_temporal-resolution-multiplexing_level2.mp4
819,bistro_interior,INTRA-DISTORTION,bistro_interior_reference.mp4,/home/jv495/Datasets/GAIM240/bistro_interior_reference.mp4,bistro_interior_stutter_level1.mp4,stutter,level1,/home/jv495/Datasets/GAIM240/bistro_interior_stutter_level1.mp4,bistro_interior_stutter_level2.mp4,stutter,level2,/home/jv495/Datasets/GAIM240/bistro_interior_stutter_level2.mp4
820,bistro_interior,INTER-DISTORTION,bistro_interior_reference.mp4,/home/jv495/Datasets/GAIM240/bistro_interior_reference.mp4,bistro_interior_stutter_level1.mp4,stutter,level1,/home/jv495/Datasets/GAIM240/bistro_interior_stutter_level1.mp4,bistro_interior_temporal-resolution-multiplexing_level0.mp4,temporal-resolution-multiplexing,level0,/home/jv495/Datasets/GAIM240/bistro_interior_temporal-resolution-multiplexing_level0.mp4
821,bistro_interior,INTER-DISTORTION,bistro_interior_reference.mp4,/home/jv495/Datasets/GAIM240/bistro_interior_reference.mp4,bistro_interior_stutter_level1.mp4,stutter,level1,/home/jv495/Datasets/GAIM240/bistro_interior_stutter_level1.mp4,bistro_interior_temporal-resolution-multiplexing_level1.mp4,temporal-resolution-multiplexing,level1,/home/jv495/Datasets/GAIM240/bistro_interior_temporal-resolution-multiplexing_level1.mp4
822,bistro_interior,INTER-DISTORTION,bistro_interior_reference.mp4,/home/jv495/Datasets/GAIM240/bistro_interior_reference.mp4,bistro_interior_stutter_level1.mp4,stutter,level1,/home/jv495/Datasets/GAIM240/bistro_interior_stutter_level1.mp4,bistro_interior_temporal-resolution-multiplexing_level2.mp4,temporal-resolution-multiplexing,level2,/home/jv495/Datasets/GAIM240/bistro_interior_temporal-resolution-multiplexing_level2.mp4
823,bistro_interior,INTER-DISTORTION,bistro_interior_reference.mp4,/home/jv495/Datasets/GAIM240/bistro_interior_reference.mp4,bistro_interior_stutter_level2.mp4,stutter,level2,/home/jv495/Datasets/GAIM240/bistro_interior_stutter_level2.mp4,bistro_interior_temporal-resolution-multiplexing_level0.mp4,temporal-resolution-multiplexing,level0,/home/jv495/Datasets/GAIM240/bistro_interior_temporal-resolution-multiplexing_level0.mp4
824,bistro_interior,INTER-DISTORTION,bistro_interior_reference.mp4,/home/jv495/Datasets/GAIM240/bistro_interior_reference.mp4,bistro_interior_stutter_level2.mp4,stutter,level2,/home/jv495/Datasets/GAIM240/bistro_interior_stutter_level2.mp4,bistro_interior_temporal-resolution-multiplexing_level1.mp4,temporal-resolution-multiplexing,level1,/home/jv495/Datasets/GAIM240/bistro_interior_temporal-resolution-multiplexing_level1.mp4
825,bistro_interior,INTER-DISTORTION,bistro_interior_reference.mp4,/home/jv495/Datasets/GAIM240/bistro_interior_reference.mp4,bistro_interior_stutter_level2.mp4,stutter,level2,/home/jv495/Datasets/GAIM240/bistro_interior_stutter_level2.mp4,bistro_interior_temporal-resolution-multiplexing_level2.mp4,temporal-resolution-multiplexing,level2,/home/jv495/Datasets/GAIM240/bistro_interior_temporal-resolution-multiplexing_level2.mp4
826,bistro_interior,INTRA-DISTORTION,bistro_interior_reference.mp4,/home/jv495/Datasets/GAIM240/bistro_interior_reference.mp4,bistro_interior_temporal-resolution-multiplexing_level0.mp4,temporal-resolution-multiplexing,level0,/home/jv495/Datasets/GAIM240/bistro_interior_temporal-resolution-multiplexing_level0.mp4,bistro_interior_temporal-resolution-multiplexing_level1.mp4,temporal-resolution-multiplexing,level1,/home/jv495/Datasets/GAIM240/bistro_interior_temporal-resolution-multiplexing_level1.mp4
827,bistro_interior,INTRA-DISTORTION,bistro_interior_reference.mp4,/home/jv495/Datasets/GAIM240/bistro_interior_reference.mp4,bistro_interior_temporal-resolution-multiplexing_level0.mp4,temporal-resolution-multiplexing,level0,/home/jv495/Datasets/GAIM240/bistro_interior_temporal-resolution-multiplexing_level0.mp4,bistro_interior_temporal-resolution-multiplexing_level2.mp4,temporal-resolution-multiplexing,level2,/home/jv495/Datasets/GAIM240/bistro_interior_temporal-resolution-multiplexing_level2.mp4
828,bistro_interior,INTRA-DISTORTION,bistro_interior_reference.mp4,/home/jv495/Datasets/GAIM240/bistro_interior_reference.mp4,bistro_interior_temporal-resolution-multiplexing_level1.mp4,temporal-resolution-multiplexing,level1,/home/jv495/Datasets/GAIM240/bistro_interior_temporal-resolution-multiplexing_level1.mp4,bistro_interior_temporal-resolution-multiplexing_level2.mp4,temporal-resolution-multiplexing,level2,/home/jv495/Datasets/GAIM240/bistro_interior_temporal-resolution-multiplexing_level2.mp4
829,classroom,INTRA-DISTORTION,classroom_reference.mp4,/home/jv495/Datasets/GAIM240/classroom_reference.mp4,classroom_dlss_rr_level0.mp4,dlss_rr,level0,/home/jv495/Datasets/GAIM240/classroom_dlss_rr_level0.mp4,classroom_dlss_rr_level1.mp4,dlss_rr,level1,/home/jv495/Datasets/GAIM240/classroom_dlss_rr_level1.mp4
830,classroom,INTRA-DISTORTION,classroom_reference.mp4,/home/jv495/Datasets/GAIM240/classroom_reference.mp4,classroom_dlss_rr_level0.mp4,dlss_rr,level0,/home/jv495/Datasets/GAIM240/classroom_dlss_rr_level0.mp4,classroom_dlss_rr_level2.mp4,dlss_rr,level2,/home/jv495/Datasets/GAIM240/classroom_dlss_rr_level2.mp4
831,classroom,INTER-DISTORTION,classroom_reference.mp4,/home/jv495/Datasets/GAIM240/classroom_reference.mp4,classroom_dlss_rr_level0.mp4,dlss_rr,level0,/home/jv495/Datasets/GAIM240/classroom_dlss_rr_level0.mp4,classroom_judder_level0.mp4,judder,level0,/home/jv495/Datasets/GAIM240/classroom_judder_level0.mp4
832,classroom,INTER-DISTORTION,classroom_reference.mp4,/home/jv495/Datasets/GAIM240/classroom_reference.mp4,classroom_dlss_rr_level0.mp4,dlss_rr,level0,/home/jv495/Datasets/GAIM240/classroom_dlss_rr_level0.mp4,classroom_judder_level1.mp4,judder,level1,/home/jv495/Datasets/GAIM240/classroom_judder_level1.mp4
833,classroom,INTER-DISTORTION,classroom_reference.mp4,/home/jv495/Datasets/GAIM240/classroom_reference.mp4,classroom_dlss_rr_level0.mp4,dlss_rr,level0,/home/jv495/Datasets/GAIM240/classroom_dlss_rr_level0.mp4,classroom_judder_level2.mp4,judder,level2,/home/jv495/Datasets/GAIM240/classroom_judder_level2.mp4
834,classroom,INTER-DISTORTION,classroom_reference.mp4,/home/jv495/Datasets/GAIM240/classroom_reference.mp4,classroom_dlss_rr_level0.mp4,dlss_rr,level0,/home/jv495/Datasets/GAIM240/classroom_dlss_rr_level0.mp4,classroom_motion_noise_level0.mp4,motion_noise,level0,/home/jv495/Datasets/GAIM240/classroom_motion_noise_level0.mp4
835,classroom,INTER-DISTORTION,classroom_reference.mp4,/home/jv495/Datasets/GAIM240/classroom_reference.mp4,classroom_dlss_rr_level0.mp4,dlss_rr,level0,/home/jv495/Datasets/GAIM240/classroom_dlss_rr_level0.mp4,classroom_motion_noise_level1.mp4,motion_noise,level1,/home/jv495/Datasets/GAIM240/classroom_motion_noise_level1.mp4
836,classroom,INTER-DISTORTION,classroom_reference.mp4,/home/jv495/Datasets/GAIM240/classroom_reference.mp4,classroom_dlss_rr_level0.mp4,dlss_rr,level0,/home/jv495/Datasets/GAIM240/classroom_dlss_rr_level0.mp4,classroom_motion_noise_level2.mp4,motion_noise,level2,/home/jv495/Datasets/GAIM240/classroom_motion_noise_level2.mp4
837,classroom,INTER-DISTORTION,classroom_reference.mp4,/home/jv495/Datasets/GAIM240/classroom_reference.mp4,classroom_dlss_rr_level0.mp4,dlss_rr,level0,/home/jv495/Datasets/GAIM240/classroom_dlss_rr_level0.mp4,classroom_motion_resolution_level0.mp4,motion_resolution,level0,/home/jv495/Datasets/GAIM240/classroom_motion_resolution_level0.mp4
838,classroom,INTER-DISTORTION,classroom_reference.mp4,/home/jv495/Datasets/GAIM240/classroom_reference.mp4,classroom_dlss_rr_level0.mp4,dlss_rr,level0,/home/jv495/Datasets/GAIM240/classroom_dlss_rr_level0.mp4,classroom_motion_resolution_level1.mp4,motion_resolution,level1,/home/jv495/Datasets/GAIM240/classroom_motion_resolution_level1.mp4
839,classroom,INTER-DISTORTION,classroom_reference.mp4,/home/jv495/Datasets/GAIM240/classroom_reference.mp4,classroom_dlss_rr_level0.mp4,dlss_rr,level0,/home/jv495/Datasets/GAIM240/classroom_dlss_rr_level0.mp4,classroom_motion_resolution_level2.mp4,motion_resolution,level2,/home/jv495/Datasets/GAIM240/classroom_motion_resolution_level2.mp4
840,classroom,INTER-DISTORTION,classroom_reference.mp4,/home/jv495/Datasets/GAIM240/classroom_reference.mp4,classroom_dlss_rr_level0.mp4,dlss_rr,level0,/home/jv495/Datasets/GAIM240/classroom_dlss_rr_level0.mp4,classroom_noise_colors_level0.mp4,noise_colors,level0,/home/jv495/Datasets/GAIM240/classroom_noise_colors_level0.mp4
841,classroom,INTER-DISTORTION,classroom_reference.mp4,/home/jv495/Datasets/GAIM240/classroom_reference.mp4,classroom_dlss_rr_level0.mp4,dlss_rr,level0,/home/jv495/Datasets/GAIM240/classroom_dlss_rr_level0.mp4,classroom_noise_colors_level1.mp4,noise_colors,level1,/home/jv495/Datasets/GAIM240/classroom_noise_colors_level1.mp4
842,classroom,INTER-DISTORTION,classroom_reference.mp4,/home/jv495/Datasets/GAIM240/classroom_reference.mp4,classroom_dlss_rr_level0.mp4,dlss_rr,level0,/home/jv495/Datasets/GAIM240/classroom_dlss_rr_level0.mp4,classroom_noise_colors_level2.mp4,noise_colors,level2,/home/jv495/Datasets/GAIM240/classroom_noise_colors_level2.mp4
843,classroom,INTER-DISTORTION,classroom_reference.mp4,/home/jv495/Datasets/GAIM240/classroom_reference.mp4,classroom_dlss_rr_level0.mp4,dlss_rr,level0,/home/jv495/Datasets/GAIM240/classroom_dlss_rr_level0.mp4,classroom_restir_level0.mp4,restir,level0,/home/jv495/Datasets/GAIM240/classroom_restir_level0.mp4
844,classroom,INTER-DISTORTION,classroom_reference.mp4,/home/jv495/Datasets/GAIM240/classroom_reference.mp4,classroom_dlss_rr_level0.mp4,dlss_rr,level0,/home/jv495/Datasets/GAIM240/classroom_dlss_rr_level0.mp4,classroom_restir_level1.mp4,restir,level1,/home/jv495/Datasets/GAIM240/classroom_restir_level1.mp4
845,classroom,INTER-DISTORTION,classroom_reference.mp4,/home/jv495/Datasets/GAIM240/classroom_reference.mp4,classroom_dlss_rr_level0.mp4,dlss_rr,level0,/home/jv495/Datasets/GAIM240/classroom_dlss_rr_level0.mp4,classroom_restir_level2.mp4,restir,level2,/home/jv495/Datasets/GAIM240/classroom_restir_level2.mp4
846,classroom,INTER-DISTORTION,classroom_reference.mp4,/home/jv495/Datasets/GAIM240/classroom_reference.mp4,classroom_dlss_rr_level0.mp4,dlss_rr,level0,/home/jv495/Datasets/GAIM240/classroom_dlss_rr_level0.mp4,classroom_stutter_level0.mp4,stutter,level0,/home/jv495/Datasets/GAIM240/classroom_stutter_level0.mp4
847,classroom,INTER-DISTORTION,classroom_reference.mp4,/home/jv495/Datasets/GAIM240/classroom_reference.mp4,classroom_dlss_rr_level0.mp4,dlss_rr,level0,/home/jv495/Datasets/GAIM240/classroom_dlss_rr_level0.mp4,classroom_stutter_level1.mp4,stutter,level1,/home/jv495/Datasets/GAIM240/classroom_stutter_level1.mp4
848,classroom,INTER-DISTORTION,classroom_reference.mp4,/home/jv495/Datasets/GAIM240/classroom_reference.mp4,classroom_dlss_rr_level0.mp4,dlss_rr,level0,/home/jv495/Datasets/GAIM240/classroom_dlss_rr_level0.mp4,classroom_stutter_level2.mp4,stutter,level2,/home/jv495/Datasets/GAIM240/classroom_stutter_level2.mp4
849,classroom,INTER-DISTORTION,classroom_reference.mp4,/home/jv495/Datasets/GAIM240/classroom_reference.mp4,classroom_dlss_rr_level0.mp4,dlss_rr,level0,/home/jv495/Datasets/GAIM240/classroom_dlss_rr_level0.mp4,classroom_temporal-resolution-multiplexing_level0.mp4,temporal-resolution-multiplexing,level0,/home/jv495/Datasets/GAIM240/classroom_temporal-resolution-multiplexing_level0.mp4
850,classroom,INTER-DISTORTION,classroom_reference.mp4,/home/jv495/Datasets/GAIM240/classroom_reference.mp4,classroom_dlss_rr_level0.mp4,dlss_rr,level0,/home/jv495/Datasets/GAIM240/classroom_dlss_rr_level0.mp4,classroom_temporal-resolution-multiplexing_level1.mp4,temporal-resolution-multiplexing,level1,/home/jv495/Datasets/GAIM240/classroom_temporal-resolution-multiplexing_level1.mp4
851,classroom,INTER-DISTORTION,classroom_reference.mp4,/home/jv495/Datasets/GAIM240/classroom_reference.mp4,classroom_dlss_rr_level0.mp4,dlss_rr,level0,/home/jv495/Datasets/GAIM240/classroom_dlss_rr_level0.mp4,classroom_temporal-resolution-multiplexing_level2.mp4,temporal-resolution-multiplexing,level2,/home/jv495/Datasets/GAIM240/classroom_temporal-resolution-multiplexing_level2.mp4
852,classroom,INTRA-DISTORTION,classroom_reference.mp4,/home/jv495/Datasets/GAIM240/classroom_reference.mp4,classroom_dlss_rr_level1.mp4,dlss_rr,level1,/home/jv495/Datasets/GAIM240/classroom_dlss_rr_level1.mp4,classroom_dlss_rr_level2.mp4,dlss_rr,level2,/home/jv495/Datasets/GAIM240/classroom_dlss_rr_level2.mp4
853,classroom,INTER-DISTORTION,classroom_reference.mp4,/home/jv495/Datasets/GAIM240/classroom_reference.mp4,classroom_dlss_rr_level1.mp4,dlss_rr,level1,/home/jv495/Datasets/GAIM240/classroom_dlss_rr_level1.mp4,classroom_judder_level0.mp4,judder,level0,/home/jv495/Datasets/GAIM240/classroom_judder_level0.mp4
854,classroom,INTER-DISTORTION,classroom_reference.mp4,/home/jv495/Datasets/GAIM240/classroom_reference.mp4,classroom_dlss_rr_level1.mp4,dlss_rr,level1,/home/jv495/Datasets/GAIM240/classroom_dlss_rr_level1.mp4,classroom_judder_level1.mp4,judder,level1,/home/jv495/Datasets/GAIM240/classroom_judder_level1.mp4
855,classroom,INTER-DISTORTION,classroom_reference.mp4,/home/jv495/Datasets/GAIM240/classroom_reference.mp4,classroom_dlss_rr_level1.mp4,dlss_rr,level1,/home/jv495/Datasets/GAIM240/classroom_dlss_rr_level1.mp4,classroom_judder_level2.mp4,judder,level2,/home/jv495/Datasets/GAIM240/classroom_judder_level2.mp4
856,classroom,INTER-DISTORTION,classroom_reference.mp4,/home/jv495/Datasets/GAIM240/classroom_reference.mp4,classroom_dlss_rr_level1.mp4,dlss_rr,level1,/home/jv495/Datasets/GAIM240/classroom_dlss_rr_level1.mp4,classroom_motion_noise_level0.mp4,motion_noise,level0,/home/jv495/Datasets/GAIM240/classroom_motion_noise_level0.mp4
857,classroom,INTER-DISTORTION,classroom_reference.mp4,/home/jv495/Datasets/GAIM240/classroom_reference.mp4,classroom_dlss_rr_level1.mp4,dlss_rr,level1,/home/jv495/Datasets/GAIM240/classroom_dlss_rr_level1.mp4,classroom_motion_noise_level1.mp4,motion_noise,level1,/home/jv495/Datasets/GAIM240/classroom_motion_noise_level1.mp4
858,classroom,INTER-DISTORTION,classroom_reference.mp4,/home/jv495/Datasets/GAIM240/classroom_reference.mp4,classroom_dlss_rr_level1.mp4,dlss_rr,level1,/home/jv495/Datasets/GAIM240/classroom_dlss_rr_level1.mp4,classroom_motion_noise_level2.mp4,motion_noise,level2,/home/jv495/Datasets/GAIM240/classroom_motion_noise_level2.mp4
859,classroom,INTER-DISTORTION,classroom_reference.mp4,/home/jv495/Datasets/GAIM240/classroom_reference.mp4,classroom_dlss_rr_level1.mp4,dlss_rr,level1,/home/jv495/Datasets/GAIM240/classroom_dlss_rr_level1.mp4,classroom_motion_resolution_level0.mp4,motion_resolution,level0,/home/jv495/Datasets/GAIM240/classroom_motion_resolution_level0.mp4
860,classroom,INTER-DISTORTION,classroom_reference.mp4,/home/jv495/Datasets/GAIM240/classroom_reference.mp4,classroom_dlss_rr_level1.mp4,dlss_rr,level1,/home/jv495/Datasets/GAIM240/classroom_dlss_rr_level1.mp4,classroom_motion_resolution_level1.mp4,motion_resolution,level1,/home/jv495/Datasets/GAIM240/classroom_motion_resolution_level1.mp4
861,classroom,INTER-DISTORTION,classroom_reference.mp4,/home/jv495/Datasets/GAIM240/classroom_reference.mp4,classroom_dlss_rr_level1.mp4,dlss_rr,level1,/home/jv495/Datasets/GAIM240/classroom_dlss_rr_level1.mp4,classroom_motion_resolution_level2.mp4,motion_resolution,level2,/home/jv495/Datasets/GAIM240/classroom_motion_resolution_level2.mp4
862,classroom,INTER-DISTORTION,classroom_reference.mp4,/home/jv495/Datasets/GAIM240/classroom_reference.mp4,classroom_dlss_rr_level1.mp4,dlss_rr,level1,/home/jv495/Datasets/GAIM240/classroom_dlss_rr_level1.mp4,classroom_noise_colors_level0.mp4,noise_colors,level0,/home/jv495/Datasets/GAIM240/classroom_noise_colors_level0.mp4
863,classroom,INTER-DISTORTION,classroom_reference.mp4,/home/jv495/Datasets/GAIM240/classroom_reference.mp4,classroom_dlss_rr_level1.mp4,dlss_rr,level1,/home/jv495/Datasets/GAIM240/classroom_dlss_rr_level1.mp4,classroom_noise_colors_level1.mp4,noise_colors,level1,/home/jv495/Datasets/GAIM240/classroom_noise_colors_level1.mp4
864,classroom,INTER-DISTORTION,classroom_reference.mp4,/home/jv495/Datasets/GAIM240/classroom_reference.mp4,classroom_dlss_rr_level1.mp4,dlss_rr,level1,/home/jv495/Datasets/GAIM240/classroom_dlss_rr_level1.mp4,classroom_noise_colors_level2.mp4,noise_colors,level2,/home/jv495/Datasets/GAIM240/classroom_noise_colors_level2.mp4
865,classroom,INTER-DISTORTION,classroom_reference.mp4,/home/jv495/Datasets/GAIM240/classroom_reference.mp4,classroom_dlss_rr_level1.mp4,dlss_rr,level1,/home/jv495/Datasets/GAIM240/classroom_dlss_rr_level1.mp4,classroom_restir_level0.mp4,restir,level0,/home/jv495/Datasets/GAIM240/classroom_restir_level0.mp4
866,classroom,INTER-DISTORTION,classroom_reference.mp4,/home/jv495/Datasets/GAIM240/classroom_reference.mp4,classroom_dlss_rr_level1.mp4,dlss_rr,level1,/home/jv495/Datasets/GAIM240/classroom_dlss_rr_level1.mp4,classroom_restir_level1.mp4,restir,level1,/home/jv495/Datasets/GAIM240/classroom_restir_level1.mp4
867,classroom,INTER-DISTORTION,classroom_reference.mp4,/home/jv495/Datasets/GAIM240/classroom_reference.mp4,classroom_dlss_rr_level1.mp4,dlss_rr,level1,/home/jv495/Datasets/GAIM240/classroom_dlss_rr_level1.mp4,classroom_restir_level2.mp4,restir,level2,/home/jv495/Datasets/GAIM240/classroom_restir_level2.mp4
868,classroom,INTER-DISTORTION,classroom_reference.mp4,/home/jv495/Datasets/GAIM240/classroom_reference.mp4,classroom_dlss_rr_level1.mp4,dlss_rr,level1,/home/jv495/Datasets/GAIM240/classroom_dlss_rr_level1.mp4,classroom_stutter_level0.mp4,stutter,level0,/home/jv495/Datasets/GAIM240/classroom_stutter_level0.mp4
869,classroom,INTER-DISTORTION,classroom_reference.mp4,/home/jv495/Datasets/GAIM240/classroom_reference.mp4,classroom_dlss_rr_level1.mp4,dlss_rr,level1,/home/jv495/Datasets/GAIM240/classroom_dlss_rr_level1.mp4,classroom_stutter_level1.mp4,stutter,level1,/home/jv495/Datasets/GAIM240/classroom_stutter_level1.mp4
870,classroom,INTER-DISTORTION,classroom_reference.mp4,/home/jv495/Datasets/GAIM240/classroom_reference.mp4,classroom_dlss_rr_level1.mp4,dlss_rr,level1,/home/jv495/Datasets/GAIM240/classroom_dlss_rr_level1.mp4,classroom_stutter_level2.mp4,stutter,level2,/home/jv495/Datasets/GAIM240/classroom_stutter_level2.mp4
871,classroom,INTER-DISTORTION,classroom_reference.mp4,/home/jv495/Datasets/GAIM240/classroom_reference.mp4,classroom_dlss_rr_level1.mp4,dlss_rr,level1,/home/jv495/Datasets/GAIM240/classroom_dlss_rr_level1.mp4,classroom_temporal-resolution-multiplexing_level0.mp4,temporal-resolution-multiplexing,level0,/home/jv495/Datasets/GAIM240/classroom_temporal-resolution-multiplexing_level0.mp4
872,classroom,INTER-DISTORTION,classroom_reference.mp4,/home/jv495/Datasets/GAIM240/classroom_reference.mp4,classroom_dlss_rr_level1.mp4,dlss_rr,level1,/home/jv495/Datasets/GAIM240/classroom_dlss_rr_level1.mp4,classroom_temporal-resolution-multiplexing_level1.mp4,temporal-resolution-multiplexing,level1,/home/jv495/Datasets/GAIM240/classroom_temporal-resolution-multiplexing_level1.mp4
873,classroom,INTER-DISTORTION,classroom_reference.mp4,/home/jv495/Datasets/GAIM240/classroom_reference.mp4,classroom_dlss_rr_level1.mp4,dlss_rr,level1,/home/jv495/Datasets/GAIM240/classroom_dlss_rr_level1.mp4,classroom_temporal-resolution-multiplexing_level2.mp4,temporal-resolution-multiplexing,level2,/home/jv495/Datasets/GAIM240/classroom_temporal-resolution-multiplexing_level2.mp4
874,classroom,INTER-DISTORTION,classroom_reference.mp4,/home/jv495/Datasets/GAIM240/classroom_reference.mp4,classroom_dlss_rr_level2.mp4,dlss_rr,level2,/home/jv495/Datasets/GAIM240/classroom_dlss_rr_level2.mp4,classroom_judder_level0.mp4,judder,level0,/home/jv495/Datasets/GAIM240/classroom_judder_level0.mp4
875,classroom,INTER-DISTORTION,classroom_reference.mp4,/home/jv495/Datasets/GAIM240/classroom_reference.mp4,classroom_dlss_rr_level2.mp4,dlss_rr,level2,/home/jv495/Datasets/GAIM240/classroom_dlss_rr_level2.mp4,classroom_judder_level1.mp4,judder,level1,/home/jv495/Datasets/GAIM240/classroom_judder_level1.mp4
876,classroom,INTER-DISTORTION,classroom_reference.mp4,/home/jv495/Datasets/GAIM240/classroom_reference.mp4,classroom_dlss_rr_level2.mp4,dlss_rr,level2,/home/jv495/Datasets/GAIM240/classroom_dlss_rr_level2.mp4,classroom_judder_level2.mp4,judder,level2,/home/jv495/Datasets/GAIM240/classroom_judder_level2.mp4
877,classroom,INTER-DISTORTION,classroom_reference.mp4,/home/jv495/Datasets/GAIM240/classroom_reference.mp4,classroom_dlss_rr_level2.mp4,dlss_rr,level2,/home/jv495/Datasets/GAIM240/classroom_dlss_rr_level2.mp4,classroom_motion_noise_level0.mp4,motion_noise,level0,/home/jv495/Datasets/GAIM240/classroom_motion_noise_level0.mp4
878,classroom,INTER-DISTORTION,classroom_reference.mp4,/home/jv495/Datasets/GAIM240/classroom_reference.mp4,classroom_dlss_rr_level2.mp4,dlss_rr,level2,/home/jv495/Datasets/GAIM240/classroom_dlss_rr_level2.mp4,classroom_motion_noise_level1.mp4,motion_noise,level1,/home/jv495/Datasets/GAIM240/classroom_motion_noise_level1.mp4
879,classroom,INTER-DISTORTION,classroom_reference.mp4,/home/jv495/Datasets/GAIM240/classroom_reference.mp4,classroom_dlss_rr_level2.mp4,dlss_rr,level2,/home/jv495/Datasets/GAIM240/classroom_dlss_rr_level2.mp4,classroom_motion_noise_level2.mp4,motion_noise,level2,/home/jv495/Datasets/GAIM240/classroom_motion_noise_level2.mp4
880,classroom,INTER-DISTORTION,classroom_reference.mp4,/home/jv495/Datasets/GAIM240/classroom_reference.mp4,classroom_dlss_rr_level2.mp4,dlss_rr,level2,/home/jv495/Datasets/GAIM240/classroom_dlss_rr_level2.mp4,classroom_motion_resolution_level0.mp4,motion_resolution,level0,/home/jv495/Datasets/GAIM240/classroom_motion_resolution_level0.mp4
881,classroom,INTER-DISTORTION,classroom_reference.mp4,/home/jv495/Datasets/GAIM240/classroom_reference.mp4,classroom_dlss_rr_level2.mp4,dlss_rr,level2,/home/jv495/Datasets/GAIM240/classroom_dlss_rr_level2.mp4,classroom_motion_resolution_level1.mp4,motion_resolution,level1,/home/jv495/Datasets/GAIM240/classroom_motion_resolution_level1.mp4
882,classroom,INTER-DISTORTION,classroom_reference.mp4,/home/jv495/Datasets/GAIM240/classroom_reference.mp4,classroom_dlss_rr_level2.mp4,dlss_rr,level2,/home/jv495/Datasets/GAIM240/classroom_dlss_rr_level2.mp4,classroom_motion_resolution_level2.mp4,motion_resolution,level2,/home/jv495/Datasets/GAIM240/classroom_motion_resolution_level2.mp4
883,classroom,INTER-DISTORTION,classroom_reference.mp4,/home/jv495/Datasets/GAIM240/classroom_reference.mp4,classroom_dlss_rr_level2.mp4,dlss_rr,level2,/home/jv495/Datasets/GAIM240/classroom_dlss_rr_level2.mp4,classroom_noise_colors_level0.mp4,noise_colors,level0,/home/jv495/Datasets/GAIM240/classroom_noise_colors_level0.mp4
884,classroom,INTER-DISTORTION,classroom_reference.mp4,/home/jv495/Datasets/GAIM240/classroom_reference.mp4,classroom_dlss_rr_level2.mp4,dlss_rr,level2,/home/jv495/Datasets/GAIM240/classroom_dlss_rr_level2.mp4,classroom_noise_colors_level1.mp4,noise_colors,level1,/home/jv495/Datasets/GAIM240/classroom_noise_colors_level1.mp4
885,classroom,INTER-DISTORTION,classroom_reference.mp4,/home/jv495/Datasets/GAIM240/classroom_reference.mp4,classroom_dlss_rr_level2.mp4,dlss_rr,level2,/home/jv495/Datasets/GAIM240/classroom_dlss_rr_level2.mp4,classroom_noise_colors_level2.mp4,noise_colors,level2,/home/jv495/Datasets/GAIM240/classroom_noise_colors_level2.mp4
886,classroom,INTER-DISTORTION,classroom_reference.mp4,/home/jv495/Datasets/GAIM240/classroom_reference.mp4,classroom_dlss_rr_level2.mp4,dlss_rr,level2,/home/jv495/Datasets/GAIM240/classroom_dlss_rr_level2.mp4,classroom_restir_level0.mp4,restir,level0,/home/jv495/Datasets/GAIM240/classroom_restir_level0.mp4
887,classroom,INTER-DISTORTION,classroom_reference.mp4,/home/jv495/Datasets/GAIM240/classroom_reference.mp4,classroom_dlss_rr_level2.mp4,dlss_rr,level2,/home/jv495/Datasets/GAIM240/classroom_dlss_rr_level2.mp4,classroom_restir_level1.mp4,restir,level1,/home/jv495/Datasets/GAIM240/classroom_restir_level1.mp4
888,classroom,INTER-DISTORTION,classroom_reference.mp4,/home/jv495/Datasets/GAIM240/classroom_reference.mp4,classroom_dlss_rr_level2.mp4,dlss_rr,level2,/home/jv495/Datasets/GAIM240/classroom_dlss_rr_level2.mp4,classroom_restir_level2.mp4,restir,level2,/home/jv495/Datasets/GAIM240/classroom_restir_level2.mp4
889,classroom,INTER-DISTORTION,classroom_reference.mp4,/home/jv495/Datasets/GAIM240/classroom_reference.mp4,classroom_dlss_rr_level2.mp4,dlss_rr,level2,/home/jv495/Datasets/GAIM240/classroom_dlss_rr_level2.mp4,classroom_stutter_level0.mp4,stutter,level0,/home/jv495/Datasets/GAIM240/classroom_stutter_level0.mp4
890,classroom,INTER-DISTORTION,classroom_reference.mp4,/home/jv495/Datasets/GAIM240/classroom_reference.mp4,classroom_dlss_rr_level2.mp4,dlss_rr,level2,/home/jv495/Datasets/GAIM240/classroom_dlss_rr_level2.mp4,classroom_stutter_level1.mp4,stutter,level1,/home/jv495/Datasets/GAIM240/classroom_stutter_level1.mp4
891,classroom,INTER-DISTORTION,classroom_reference.mp4,/home/jv495/Datasets/GAIM240/classroom_reference.mp4,classroom_dlss_rr_level2.mp4,dlss_rr,level2,/home/jv495/Datasets/GAIM240/classroom_dlss_rr_level2.mp4,classroom_stutter_level2.mp4,stutter,level2,/home/jv495/Datasets/GAIM240/classroom_stutter_level2.mp4
892,classroom,INTER-DISTORTION,classroom_reference.mp4,/home/jv495/Datasets/GAIM240/classroom_reference.mp4,classroom_dlss_rr_level2.mp4,dlss_rr,level2,/home/jv495/Datasets/GAIM240/classroom_dlss_rr_level2.mp4,classroom_temporal-resolution-multiplexing_level0.mp4,temporal-resolution-multiplexing,level0,/home/jv495/Datasets/GAIM240/classroom_temporal-resolution-multiplexing_level0.mp4
893,classroom,INTER-DISTORTION,classroom_reference.mp4,/home/jv495/Datasets/GAIM240/classroom_reference.mp4,classroom_dlss_rr_level2.mp4,dlss_rr,level2,/home/jv495/Datasets/GAIM240/classroom_dlss_rr_level2.mp4,classroom_temporal-resolution-multiplexing_level1.mp4,temporal-resolution-multiplexing,level1,/home/jv495/Datasets/GAIM240/classroom_temporal-resolution-multiplexing_level1.mp4
894,classroom,INTER-DISTORTION,classroom_reference.mp4,/home/jv495/Datasets/GAIM240/classroom_reference.mp4,classroom_dlss_rr_level2.mp4,dlss_rr,level2,/home/jv495/Datasets/GAIM240/classroom_dlss_rr_level2.mp4,classroom_temporal-resolution-multiplexing_level2.mp4,temporal-resolution-multiplexing,level2,/home/jv495/Datasets/GAIM240/classroom_temporal-resolution-multiplexing_level2.mp4
895,classroom,INTRA-DISTORTION,classroom_reference.mp4,/home/jv495/Datasets/GAIM240/classroom_reference.mp4,classroom_judder_level0.mp4,judder,level0,/home/jv495/Datasets/GAIM240/classroom_judder_level0.mp4,classroom_judder_level1.mp4,judder,level1,/home/jv495/Datasets/GAIM240/classroom_judder_level1.mp4
896,classroom,INTRA-DISTORTION,classroom_reference.mp4,/home/jv495/Datasets/GAIM240/classroom_reference.mp4,classroom_judder_level0.mp4,judder,level0,/home/jv495/Datasets/GAIM240/classroom_judder_level0.mp4,classroom_judder_level2.mp4,judder,level2,/home/jv495/Datasets/GAIM240/classroom_judder_level2.mp4
897,classroom,INTER-DISTORTION,classroom_reference.mp4,/home/jv495/Datasets/GAIM240/classroom_reference.mp4,classroom_judder_level0.mp4,judder,level0,/home/jv495/Datasets/GAIM240/classroom_judder_level0.mp4,classroom_motion_noise_level0.mp4,motion_noise,level0,/home/jv495/Datasets/GAIM240/classroom_motion_noise_level0.mp4
898,classroom,INTER-DISTORTION,classroom_reference.mp4,/home/jv495/Datasets/GAIM240/classroom_reference.mp4,classroom_judder_level0.mp4,judder,level0,/home/jv495/Datasets/GAIM240/classroom_judder_level0.mp4,classroom_motion_noise_level1.mp4,motion_noise,level1,/home/jv495/Datasets/GAIM240/classroom_motion_noise_level1.mp4
899,classroom,INTER-DISTORTION,classroom_reference.mp4,/home/jv495/Datasets/GAIM240/classroom_reference.mp4,classroom_judder_level0.mp4,judder,level0,/home/jv495/Datasets/GAIM240/classroom_judder_level0.mp4,classroom_motion_noise_level2.mp4,motion_noise,level2,/home/jv495/Datasets/GAIM240/classroom_motion_noise_level2.mp4
900,classroom,INTER-DISTORTION,classroom_reference.mp4,/home/jv495/Datasets/GAIM240/classroom_reference.mp4,classroom_judder_level0.mp4,judder,level0,/home/jv495/Datasets/GAIM240/classroom_judder_level0.mp4,classroom_motion_resolution_level0.mp4,motion_resolution,level0,/home/jv495/Datasets/GAIM240/classroom_motion_resolution_level0.mp4
901,classroom,INTER-DISTORTION,classroom_reference.mp4,/home/jv495/Datasets/GAIM240/classroom_reference.mp4,classroom_judder_level0.mp4,judder,level0,/home/jv495/Datasets/GAIM240/classroom_judder_level0.mp4,classroom_motion_resolution_level1.mp4,motion_resolution,level1,/home/jv495/Datasets/GAIM240/classroom_motion_resolution_level1.mp4
902,classroom,INTER-DISTORTION,classroom_reference.mp4,/home/jv495/Datasets/GAIM240/classroom_reference.mp4,classroom_judder_level0.mp4,judder,level0,/home/jv495/Datasets/GAIM240/classroom_judder_level0.mp4,classroom_motion_resolution_level2.mp4,motion_resolution,level2,/home/jv495/Datasets/GAIM240/classroom_motion_resolution_level2.mp4
903,classroom,INTER-DISTORTION,classroom_reference.mp4,/home/jv495/Datasets/GAIM240/classroom_reference.mp4,classroom_judder_level0.mp4,judder,level0,/home/jv495/Datasets/GAIM240/classroom_judder_level0.mp4,classroom_noise_colors_level0.mp4,noise_colors,level0,/home/jv495/Datasets/GAIM240/classroom_noise_colors_level0.mp4
904,classroom,INTER-DISTORTION,classroom_reference.mp4,/home/jv495/Datasets/GAIM240/classroom_reference.mp4,classroom_judder_level0.mp4,judder,level0,/home/jv495/Datasets/GAIM240/classroom_judder_level0.mp4,classroom_noise_colors_level1.mp4,noise_colors,level1,/home/jv495/Datasets/GAIM240/classroom_noise_colors_level1.mp4
905,classroom,INTER-DISTORTION,classroom_reference.mp4,/home/jv495/Datasets/GAIM240/classroom_reference.mp4,classroom_judder_level0.mp4,judder,level0,/home/jv495/Datasets/GAIM240/classroom_judder_level0.mp4,classroom_noise_colors_level2.mp4,noise_colors,level2,/home/jv495/Datasets/GAIM240/classroom_noise_colors_level2.mp4
906,classroom,INTER-DISTORTION,classroom_reference.mp4,/home/jv495/Datasets/GAIM240/classroom_reference.mp4,classroom_judder_level0.mp4,judder,level0,/home/jv495/Datasets/GAIM240/classroom_judder_level0.mp4,classroom_restir_level0.mp4,restir,level0,/home/jv495/Datasets/GAIM240/classroom_restir_level0.mp4
907,classroom,INTER-DISTORTION,classroom_reference.mp4,/home/jv495/Datasets/GAIM240/classroom_reference.mp4,classroom_judder_level0.mp4,judder,level0,/home/jv495/Datasets/GAIM240/classroom_judder_level0.mp4,classroom_restir_level1.mp4,restir,level1,/home/jv495/Datasets/GAIM240/classroom_restir_level1.mp4
908,classroom,INTER-DISTORTION,classroom_reference.mp4,/home/jv495/Datasets/GAIM240/classroom_reference.mp4,classroom_judder_level0.mp4,judder,level0,/home/jv495/Datasets/GAIM240/classroom_judder_level0.mp4,classroom_restir_level2.mp4,restir,level2,/home/jv495/Datasets/GAIM240/classroom_restir_level2.mp4
909,classroom,INTER-DISTORTION,classroom_reference.mp4,/home/jv495/Datasets/GAIM240/classroom_reference.mp4,classroom_judder_level0.mp4,judder,level0,/home/jv495/Datasets/GAIM240/classroom_judder_level0.mp4,classroom_stutter_level0.mp4,stutter,level0,/home/jv495/Datasets/GAIM240/classroom_stutter_level0.mp4
910,classroom,INTER-DISTORTION,classroom_reference.mp4,/home/jv495/Datasets/GAIM240/classroom_reference.mp4,classroom_judder_level0.mp4,judder,level0,/home/jv495/Datasets/GAIM240/classroom_judder_level0.mp4,classroom_stutter_level1.mp4,stutter,level1,/home/jv495/Datasets/GAIM240/classroom_stutter_level1.mp4
911,classroom,INTER-DISTORTION,classroom_reference.mp4,/home/jv495/Datasets/GAIM240/classroom_reference.mp4,classroom_judder_level0.mp4,judder,level0,/home/jv495/Datasets/GAIM240/classroom_judder_level0.mp4,classroom_stutter_level2.mp4,stutter,level2,/home/jv495/Datasets/GAIM240/classroom_stutter_level2.mp4
912,classroom,INTER-DISTORTION,classroom_reference.mp4,/home/jv495/Datasets/GAIM240/classroom_reference.mp4,classroom_judder_level0.mp4,judder,level0,/home/jv495/Datasets/GAIM240/classroom_judder_level0.mp4,classroom_temporal-resolution-multiplexing_level0.mp4,temporal-resolution-multiplexing,level0,/home/jv495/Datasets/GAIM240/classroom_temporal-resolution-multiplexing_level0.mp4
913,classroom,INTER-DISTORTION,classroom_reference.mp4,/home/jv495/Datasets/GAIM240/classroom_reference.mp4,classroom_judder_level0.mp4,judder,level0,/home/jv495/Datasets/GAIM240/classroom_judder_level0.mp4,classroom_temporal-resolution-multiplexing_level1.mp4,temporal-resolution-multiplexing,level1,/home/jv495/Datasets/GAIM240/classroom_temporal-resolution-multiplexing_level1.mp4
914,classroom,INTER-DISTORTION,classroom_reference.mp4,/home/jv495/Datasets/GAIM240/classroom_reference.mp4,classroom_judder_level0.mp4,judder,level0,/home/jv495/Datasets/GAIM240/classroom_judder_level0.mp4,classroom_temporal-resolution-multiplexing_level2.mp4,temporal-resolution-multiplexing,level2,/home/jv495/Datasets/GAIM240/classroom_temporal-resolution-multiplexing_level2.mp4
915,classroom,INTRA-DISTORTION,classroom_reference.mp4,/home/jv495/Datasets/GAIM240/classroom_reference.mp4,classroom_judder_level1.mp4,judder,level1,/home/jv495/Datasets/GAIM240/classroom_judder_level1.mp4,classroom_judder_level2.mp4,judder,level2,/home/jv495/Datasets/GAIM240/classroom_judder_level2.mp4
916,classroom,INTER-DISTORTION,classroom_reference.mp4,/home/jv495/Datasets/GAIM240/classroom_reference.mp4,classroom_judder_level1.mp4,judder,level1,/home/jv495/Datasets/GAIM240/classroom_judder_level1.mp4,classroom_motion_noise_level0.mp4,motion_noise,level0,/home/jv495/Datasets/GAIM240/classroom_motion_noise_level0.mp4
917,classroom,INTER-DISTORTION,classroom_reference.mp4,/home/jv495/Datasets/GAIM240/classroom_reference.mp4,classroom_judder_level1.mp4,judder,level1,/home/jv495/Datasets/GAIM240/classroom_judder_level1.mp4,classroom_motion_noise_level1.mp4,motion_noise,level1,/home/jv495/Datasets/GAIM240/classroom_motion_noise_level1.mp4
918,classroom,INTER-DISTORTION,classroom_reference.mp4,/home/jv495/Datasets/GAIM240/classroom_reference.mp4,classroom_judder_level1.mp4,judder,level1,/home/jv495/Datasets/GAIM240/classroom_judder_level1.mp4,classroom_motion_noise_level2.mp4,motion_noise,level2,/home/jv495/Datasets/GAIM240/classroom_motion_noise_level2.mp4
919,classroom,INTER-DISTORTION,classroom_reference.mp4,/home/jv495/Datasets/GAIM240/classroom_reference.mp4,classroom_judder_level1.mp4,judder,level1,/home/jv495/Datasets/GAIM240/classroom_judder_level1.mp4,classroom_motion_resolution_level0.mp4,motion_resolution,level0,/home/jv495/Datasets/GAIM240/classroom_motion_resolution_level0.mp4
920,classroom,INTER-DISTORTION,classroom_reference.mp4,/home/jv495/Datasets/GAIM240/classroom_reference.mp4,classroom_judder_level1.mp4,judder,level1,/home/jv495/Datasets/GAIM240/classroom_judder_level1.mp4,classroom_motion_resolution_level1.mp4,motion_resolution,level1,/home/jv495/Datasets/GAIM240/classroom_motion_resolution_level1.mp4
921,classroom,INTER-DISTORTION,classroom_reference.mp4,/home/jv495/Datasets/GAIM240/classroom_reference.mp4,classroom_judder_level1.mp4,judder,level1,/home/jv495/Datasets/GAIM240/classroom_judder_level1.mp4,classroom_motion_resolution_level2.mp4,motion_resolution,level2,/home/jv495/Datasets/GAIM240/classroom_motion_resolution_level2.mp4
922,classroom,INTER-DISTORTION,classroom_reference.mp4,/home/jv495/Datasets/GAIM240/classroom_reference.mp4,classroom_judder_level1.mp4,judder,level1,/home/jv495/Datasets/GAIM240/classroom_judder_level1.mp4,classroom_noise_colors_level0.mp4,noise_colors,level0,/home/jv495/Datasets/GAIM240/classroom_noise_colors_level0.mp4
923,classroom,INTER-DISTORTION,classroom_reference.mp4,/home/jv495/Datasets/GAIM240/classroom_reference.mp4,classroom_judder_level1.mp4,judder,level1,/home/jv495/Datasets/GAIM240/classroom_judder_level1.mp4,classroom_noise_colors_level1.mp4,noise_colors,level1,/home/jv495/Datasets/GAIM240/classroom_noise_colors_level1.mp4
924,classroom,INTER-DISTORTION,classroom_reference.mp4,/home/jv495/Datasets/GAIM240/classroom_reference.mp4,classroom_judder_level1.mp4,judder,level1,/home/jv495/Datasets/GAIM240/classroom_judder_level1.mp4,classroom_noise_colors_level2.mp4,noise_colors,level2,/home/jv495/Datasets/GAIM240/classroom_noise_colors_level2.mp4
925,classroom,INTER-DISTORTION,classroom_reference.mp4,/home/jv495/Datasets/GAIM240/classroom_reference.mp4,classroom_judder_level1.mp4,judder,level1,/home/jv495/Datasets/GAIM240/classroom_judder_level1.mp4,classroom_restir_level0.mp4,restir,level0,/home/jv495/Datasets/GAIM240/classroom_restir_level0.mp4
926,classroom,INTER-DISTORTION,classroom_reference.mp4,/home/jv495/Datasets/GAIM240/classroom_reference.mp4,classroom_judder_level1.mp4,judder,level1,/home/jv495/Datasets/GAIM240/classroom_judder_level1.mp4,classroom_restir_level1.mp4,restir,level1,/home/jv495/Datasets/GAIM240/classroom_restir_level1.mp4
927,classroom,INTER-DISTORTION,classroom_reference.mp4,/home/jv495/Datasets/GAIM240/classroom_reference.mp4,classroom_judder_level1.mp4,judder,level1,/home/jv495/Datasets/GAIM240/classroom_judder_level1.mp4,classroom_restir_level2.mp4,restir,level2,/home/jv495/Datasets/GAIM240/classroom_restir_level2.mp4
928,classroom,INTER-DISTORTION,classroom_reference.mp4,/home/jv495/Datasets/GAIM240/classroom_reference.mp4,classroom_judder_level1.mp4,judder,level1,/home/jv495/Datasets/GAIM240/classroom_judder_level1.mp4,classroom_stutter_level0.mp4,stutter,level0,/home/jv495/Datasets/GAIM240/classroom_stutter_level0.mp4
929,classroom,INTER-DISTORTION,classroom_reference.mp4,/home/jv495/Datasets/GAIM240/classroom_reference.mp4,classroom_judder_level1.mp4,judder,level1,/home/jv495/Datasets/GAIM240/classroom_judder_level1.mp4,classroom_stutter_level1.mp4,stutter,level1,/home/jv495/Datasets/GAIM240/classroom_stutter_level1.mp4
930,classroom,INTER-DISTORTION,classroom_reference.mp4,/home/jv495/Datasets/GAIM240/classroom_reference.mp4,classroom_judder_level1.mp4,judder,level1,/home/jv495/Datasets/GAIM240/classroom_judder_level1.mp4,classroom_stutter_level2.mp4,stutter,level2,/home/jv495/Datasets/GAIM240/classroom_stutter_level2.mp4
931,classroom,INTER-DISTORTION,classroom_reference.mp4,/home/jv495/Datasets/GAIM240/classroom_reference.mp4,classroom_judder_level1.mp4,judder,level1,/home/jv495/Datasets/GAIM240/classroom_judder_level1.mp4,classroom_temporal-resolution-multiplexing_level0.mp4,temporal-resolution-multiplexing,level0,/home/jv495/Datasets/GAIM240/classroom_temporal-resolution-multiplexing_level0.mp4
932,classroom,INTER-DISTORTION,classroom_reference.mp4,/home/jv495/Datasets/GAIM240/classroom_reference.mp4,classroom_judder_level1.mp4,judder,level1,/home/jv495/Datasets/GAIM240/classroom_judder_level1.mp4,classroom_temporal-resolution-multiplexing_level1.mp4,temporal-resolution-multiplexing,level1,/home/jv495/Datasets/GAIM240/classroom_temporal-resolution-multiplexing_level1.mp4
933,classroom,INTER-DISTORTION,classroom_reference.mp4,/home/jv495/Datasets/GAIM240/classroom_reference.mp4,classroom_judder_level1.mp4,judder,level1,/home/jv495/Datasets/GAIM240/classroom_judder_level1.mp4,classroom_temporal-resolution-multiplexing_level2.mp4,temporal-resolution-multiplexing,level2,/home/jv495/Datasets/GAIM240/classroom_temporal-resolution-multiplexing_level2.mp4
934,classroom,INTER-DISTORTION,classroom_reference.mp4,/home/jv495/Datasets/GAIM240/classroom_reference.mp4,classroom_judder_level2.mp4,judder,level2,/home/jv495/Datasets/GAIM240/classroom_judder_level2.mp4,classroom_motion_noise_level0.mp4,motion_noise,level0,/home/jv495/Datasets/GAIM240/classroom_motion_noise_level0.mp4
935,classroom,INTER-DISTORTION,classroom_reference.mp4,/home/jv495/Datasets/GAIM240/classroom_reference.mp4,classroom_judder_level2.mp4,judder,level2,/home/jv495/Datasets/GAIM240/classroom_judder_level2.mp4,classroom_motion_noise_level1.mp4,motion_noise,level1,/home/jv495/Datasets/GAIM240/classroom_motion_noise_level1.mp4
936,classroom,INTER-DISTORTION,classroom_reference.mp4,/home/jv495/Datasets/GAIM240/classroom_reference.mp4,classroom_judder_level2.mp4,judder,level2,/home/jv495/Datasets/GAIM240/classroom_judder_level2.mp4,classroom_motion_noise_level2.mp4,motion_noise,level2,/home/jv495/Datasets/GAIM240/classroom_motion_noise_level2.mp4
937,classroom,INTER-DISTORTION,classroom_reference.mp4,/home/jv495/Datasets/GAIM240/classroom_reference.mp4,classroom_judder_level2.mp4,judder,level2,/home/jv495/Datasets/GAIM240/classroom_judder_level2.mp4,classroom_motion_resolution_level0.mp4,motion_resolution,level0,/home/jv495/Datasets/GAIM240/classroom_motion_resolution_level0.mp4
938,classroom,INTER-DISTORTION,classroom_reference.mp4,/home/jv495/Datasets/GAIM240/classroom_reference.mp4,classroom_judder_level2.mp4,judder,level2,/home/jv495/Datasets/GAIM240/classroom_judder_level2.mp4,classroom_motion_resolution_level1.mp4,motion_resolution,level1,/home/jv495/Datasets/GAIM240/classroom_motion_resolution_level1.mp4
939,classroom,INTER-DISTORTION,classroom_reference.mp4,/home/jv495/Datasets/GAIM240/classroom_reference.mp4,classroom_judder_level2.mp4,judder,level2,/home/jv495/Datasets/GAIM240/classroom_judder_level2.mp4,classroom_motion_resolution_level2.mp4,motion_resolution,level2,/home/jv495/Datasets/GAIM240/classroom_motion_resolution_level2.mp4
940,classroom,INTER-DISTORTION,classroom_reference.mp4,/home/jv495/Datasets/GAIM240/classroom_reference.mp4,classroom_judder_level2.mp4,judder,level2,/home/jv495/Datasets/GAIM240/classroom_judder_level2.mp4,classroom_noise_colors_level0.mp4,noise_colors,level0,/home/jv495/Datasets/GAIM240/classroom_noise_colors_level0.mp4
941,classroom,INTER-DISTORTION,classroom_reference.mp4,/home/jv495/Datasets/GAIM240/classroom_reference.mp4,classroom_judder_level2.mp4,judder,level2,/home/jv495/Datasets/GAIM240/classroom_judder_level2.mp4,classroom_noise_colors_level1.mp4,noise_colors,level1,/home/jv495/Datasets/GAIM240/classroom_noise_colors_level1.mp4
942,classroom,INTER-DISTORTION,classroom_reference.mp4,/home/jv495/Datasets/GAIM240/classroom_reference.mp4,classroom_judder_level2.mp4,judder,level2,/home/jv495/Datasets/GAIM240/classroom_judder_level2.mp4,classroom_noise_colors_level2.mp4,noise_colors,level2,/home/jv495/Datasets/GAIM240/classroom_noise_colors_level2.mp4
943,classroom,INTER-DISTORTION,classroom_reference.mp4,/home/jv495/Datasets/GAIM240/classroom_reference.mp4,classroom_judder_level2.mp4,judder,level2,/home/jv495/Datasets/GAIM240/classroom_judder_level2.mp4,classroom_restir_level0.mp4,restir,level0,/home/jv495/Datasets/GAIM240/classroom_restir_level0.mp4
944,classroom,INTER-DISTORTION,classroom_reference.mp4,/home/jv495/Datasets/GAIM240/classroom_reference.mp4,classroom_judder_level2.mp4,judder,level2,/home/jv495/Datasets/GAIM240/classroom_judder_level2.mp4,classroom_restir_level1.mp4,restir,level1,/home/jv495/Datasets/GAIM240/classroom_restir_level1.mp4
945,classroom,INTER-DISTORTION,classroom_reference.mp4,/home/jv495/Datasets/GAIM240/classroom_reference.mp4,classroom_judder_level2.mp4,judder,level2,/home/jv495/Datasets/GAIM240/classroom_judder_level2.mp4,classroom_restir_level2.mp4,restir,level2,/home/jv495/Datasets/GAIM240/classroom_restir_level2.mp4
946,classroom,INTER-DISTORTION,classroom_reference.mp4,/home/jv495/Datasets/GAIM240/classroom_reference.mp4,classroom_judder_level2.mp4,judder,level2,/home/jv495/Datasets/GAIM240/classroom_judder_level2.mp4,classroom_stutter_level0.mp4,stutter,level0,/home/jv495/Datasets/GAIM240/classroom_stutter_level0.mp4
947,classroom,INTER-DISTORTION,classroom_reference.mp4,/home/jv495/Datasets/GAIM240/classroom_reference.mp4,classroom_judder_level2.mp4,judder,level2,/home/jv495/Datasets/GAIM240/classroom_judder_level2.mp4,classroom_stutter_level1.mp4,stutter,level1,/home/jv495/Datasets/GAIM240/classroom_stutter_level1.mp4
948,classroom,INTER-DISTORTION,classroom_reference.mp4,/home/jv495/Datasets/GAIM240/classroom_reference.mp4,classroom_judder_level2.mp4,judder,level2,/home/jv495/Datasets/GAIM240/classroom_judder_level2.mp4,classroom_stutter_level2.mp4,stutter,level2,/home/jv495/Datasets/GAIM240/classroom_stutter_level2.mp4
949,classroom,INTER-DISTORTION,classroom_reference.mp4,/home/jv495/Datasets/GAIM240/classroom_reference.mp4,classroom_judder_level2.mp4,judder,level2,/home/jv495/Datasets/GAIM240/classroom_judder_level2.mp4,classroom_temporal-resolution-multiplexing_level0.mp4,temporal-resolution-multiplexing,level0,/home/jv495/Datasets/GAIM240/classroom_temporal-resolution-multiplexing_level0.mp4
950,classroom,INTER-DISTORTION,classroom_reference.mp4,/home/jv495/Datasets/GAIM240/classroom_reference.mp4,classroom_judder_level2.mp4,judder,level2,/home/jv495/Datasets/GAIM240/classroom_judder_level2.mp4,classroom_temporal-resolution-multiplexing_level1.mp4,temporal-resolution-multiplexing,level1,/home/jv495/Datasets/GAIM240/classroom_temporal-resolution-multiplexing_level1.mp4
951,classroom,INTER-DISTORTION,classroom_reference.mp4,/home/jv495/Datasets/GAIM240/classroom_reference.mp4,classroom_judder_level2.mp4,judder,level2,/home/jv495/Datasets/GAIM240/classroom_judder_level2.mp4,classroom_temporal-resolution-multiplexing_level2.mp4,temporal-resolution-multiplexing,level2,/home/jv495/Datasets/GAIM240/classroom_temporal-resolution-multiplexing_level2.mp4
952,classroom,INTRA-DISTORTION,classroom_reference.mp4,/home/jv495/Datasets/GAIM240/classroom_reference.mp4,classroom_motion_noise_level0.mp4,motion_noise,level0,/home/jv495/Datasets/GAIM240/classroom_motion_noise_level0.mp4,classroom_motion_noise_level1.mp4,motion_noise,level1,/home/jv495/Datasets/GAIM240/classroom_motion_noise_level1.mp4
953,classroom,INTRA-DISTORTION,classroom_reference.mp4,/home/jv495/Datasets/GAIM240/classroom_reference.mp4,classroom_motion_noise_level0.mp4,motion_noise,level0,/home/jv495/Datasets/GAIM240/classroom_motion_noise_level0.mp4,classroom_motion_noise_level2.mp4,motion_noise,level2,/home/jv495/Datasets/GAIM240/classroom_motion_noise_level2.mp4
954,classroom,INTER-DISTORTION,classroom_reference.mp4,/home/jv495/Datasets/GAIM240/classroom_reference.mp4,classroom_motion_noise_level0.mp4,motion_noise,level0,/home/jv495/Datasets/GAIM240/classroom_motion_noise_level0.mp4,classroom_motion_resolution_level0.mp4,motion_resolution,level0,/home/jv495/Datasets/GAIM240/classroom_motion_resolution_level0.mp4
955,classroom,INTER-DISTORTION,classroom_reference.mp4,/home/jv495/Datasets/GAIM240/classroom_reference.mp4,classroom_motion_noise_level0.mp4,motion_noise,level0,/home/jv495/Datasets/GAIM240/classroom_motion_noise_level0.mp4,classroom_motion_resolution_level1.mp4,motion_resolution,level1,/home/jv495/Datasets/GAIM240/classroom_motion_resolution_level1.mp4
956,classroom,INTER-DISTORTION,classroom_reference.mp4,/home/jv495/Datasets/GAIM240/classroom_reference.mp4,classroom_motion_noise_level0.mp4,motion_noise,level0,/home/jv495/Datasets/GAIM240/classroom_motion_noise_level0.mp4,classroom_motion_resolution_level2.mp4,motion_resolution,level2,/home/jv495/Datasets/GAIM240/classroom_motion_resolution_level2.mp4
957,classroom,INTER-DISTORTION,classroom_reference.mp4,/home/jv495/Datasets/GAIM240/classroom_reference.mp4,classroom_motion_noise_level0.mp4,motion_noise,level0,/home/jv495/Datasets/GAIM240/classroom_motion_noise_level0.mp4,classroom_noise_colors_level0.mp4,noise_colors,level0,/home/jv495/Datasets/GAIM240/classroom_noise_colors_level0.mp4
958,classroom,INTER-DISTORTION,classroom_reference.mp4,/home/jv495/Datasets/GAIM240/classroom_reference.mp4,classroom_motion_noise_level0.mp4,motion_noise,level0,/home/jv495/Datasets/GAIM240/classroom_motion_noise_level0.mp4,classroom_noise_colors_level1.mp4,noise_colors,level1,/home/jv495/Datasets/GAIM240/classroom_noise_colors_level1.mp4
959,classroom,INTER-DISTORTION,classroom_reference.mp4,/home/jv495/Datasets/GAIM240/classroom_reference.mp4,classroom_motion_noise_level0.mp4,motion_noise,level0,/home/jv495/Datasets/GAIM240/classroom_motion_noise_level0.mp4,classroom_noise_colors_level2.mp4,noise_colors,level2,/home/jv495/Datasets/GAIM240/classroom_noise_colors_level2.mp4
960,classroom,INTER-DISTORTION,classroom_reference.mp4,/home/jv495/Datasets/GAIM240/classroom_reference.mp4,classroom_motion_noise_level0.mp4,motion_noise,level0,/home/jv495/Datasets/GAIM240/classroom_motion_noise_level0.mp4,classroom_restir_level0.mp4,restir,level0,/home/jv495/Datasets/GAIM240/classroom_restir_level0.mp4
961,classroom,INTER-DISTORTION,classroom_reference.mp4,/home/jv495/Datasets/GAIM240/classroom_reference.mp4,classroom_motion_noise_level0.mp4,motion_noise,level0,/home/jv495/Datasets/GAIM240/classroom_motion_noise_level0.mp4,classroom_restir_level1.mp4,restir,level1,/home/jv495/Datasets/GAIM240/classroom_restir_level1.mp4
962,classroom,INTER-DISTORTION,classroom_reference.mp4,/home/jv495/Datasets/GAIM240/classroom_reference.mp4,classroom_motion_noise_level0.mp4,motion_noise,level0,/home/jv495/Datasets/GAIM240/classroom_motion_noise_level0.mp4,classroom_restir_level2.mp4,restir,level2,/home/jv495/Datasets/GAIM240/classroom_restir_level2.mp4
963,classroom,INTER-DISTORTION,classroom_reference.mp4,/home/jv495/Datasets/GAIM240/classroom_reference.mp4,classroom_motion_noise_level0.mp4,motion_noise,level0,/home/jv495/Datasets/GAIM240/classroom_motion_noise_level0.mp4,classroom_stutter_level0.mp4,stutter,level0,/home/jv495/Datasets/GAIM240/classroom_stutter_level0.mp4
964,classroom,INTER-DISTORTION,classroom_reference.mp4,/home/jv495/Datasets/GAIM240/classroom_reference.mp4,classroom_motion_noise_level0.mp4,motion_noise,level0,/home/jv495/Datasets/GAIM240/classroom_motion_noise_level0.mp4,classroom_stutter_level1.mp4,stutter,level1,/home/jv495/Datasets/GAIM240/classroom_stutter_level1.mp4
965,classroom,INTER-DISTORTION,classroom_reference.mp4,/home/jv495/Datasets/GAIM240/classroom_reference.mp4,classroom_motion_noise_level0.mp4,motion_noise,level0,/home/jv495/Datasets/GAIM240/classroom_motion_noise_level0.mp4,classroom_stutter_level2.mp4,stutter,level2,/home/jv495/Datasets/GAIM240/classroom_stutter_level2.mp4
966,classroom,INTER-DISTORTION,classroom_reference.mp4,/home/jv495/Datasets/GAIM240/classroom_reference.mp4,classroom_motion_noise_level0.mp4,motion_noise,level0,/home/jv495/Datasets/GAIM240/classroom_motion_noise_level0.mp4,classroom_temporal-resolution-multiplexing_level0.mp4,temporal-resolution-multiplexing,level0,/home/jv495/Datasets/GAIM240/classroom_temporal-resolution-multiplexing_level0.mp4
967,classroom,INTER-DISTORTION,classroom_reference.mp4,/home/jv495/Datasets/GAIM240/classroom_reference.mp4,classroom_motion_noise_level0.mp4,motion_noise,level0,/home/jv495/Datasets/GAIM240/classroom_motion_noise_level0.mp4,classroom_temporal-resolution-multiplexing_level1.mp4,temporal-resolution-multiplexing,level1,/home/jv495/Datasets/GAIM240/classroom_temporal-resolution-multiplexing_level1.mp4
968,classroom,INTER-DISTORTION,classroom_reference.mp4,/home/jv495/Datasets/GAIM240/classroom_reference.mp4,classroom_motion_noise_level0.mp4,motion_noise,level0,/home/jv495/Datasets/GAIM240/classroom_motion_noise_level0.mp4,classroom_temporal-resolution-multiplexing_level2.mp4,temporal-resolution-multiplexing,level2,/home/jv495/Datasets/GAIM240/classroom_temporal-resolution-multiplexing_level2.mp4
969,classroom,INTRA-DISTORTION,classroom_reference.mp4,/home/jv495/Datasets/GAIM240/classroom_reference.mp4,classroom_motion_noise_level1.mp4,motion_noise,level1,/home/jv495/Datasets/GAIM240/classroom_motion_noise_level1.mp4,classroom_motion_noise_level2.mp4,motion_noise,level2,/home/jv495/Datasets/GAIM240/classroom_motion_noise_level2.mp4
970,classroom,INTER-DISTORTION,classroom_reference.mp4,/home/jv495/Datasets/GAIM240/classroom_reference.mp4,classroom_motion_noise_level1.mp4,motion_noise,level1,/home/jv495/Datasets/GAIM240/classroom_motion_noise_level1.mp4,classroom_motion_resolution_level0.mp4,motion_resolution,level0,/home/jv495/Datasets/GAIM240/classroom_motion_resolution_level0.mp4
971,classroom,INTER-DISTORTION,classroom_reference.mp4,/home/jv495/Datasets/GAIM240/classroom_reference.mp4,classroom_motion_noise_level1.mp4,motion_noise,level1,/home/jv495/Datasets/GAIM240/classroom_motion_noise_level1.mp4,classroom_motion_resolution_level1.mp4,motion_resolution,level1,/home/jv495/Datasets/GAIM240/classroom_motion_resolution_level1.mp4
972,classroom,INTER-DISTORTION,classroom_reference.mp4,/home/jv495/Datasets/GAIM240/classroom_reference.mp4,classroom_motion_noise_level1.mp4,motion_noise,level1,/home/jv495/Datasets/GAIM240/classroom_motion_noise_level1.mp4,classroom_motion_resolution_level2.mp4,motion_resolution,level2,/home/jv495/Datasets/GAIM240/classroom_motion_resolution_level2.mp4
973,classroom,INTER-DISTORTION,classroom_reference.mp4,/home/jv495/Datasets/GAIM240/classroom_reference.mp4,classroom_motion_noise_level1.mp4,motion_noise,level1,/home/jv495/Datasets/GAIM240/classroom_motion_noise_level1.mp4,classroom_noise_colors_level0.mp4,noise_colors,level0,/home/jv495/Datasets/GAIM240/classroom_noise_colors_level0.mp4
974,classroom,INTER-DISTORTION,classroom_reference.mp4,/home/jv495/Datasets/GAIM240/classroom_reference.mp4,classroom_motion_noise_level1.mp4,motion_noise,level1,/home/jv495/Datasets/GAIM240/classroom_motion_noise_level1.mp4,classroom_noise_colors_level1.mp4,noise_colors,level1,/home/jv495/Datasets/GAIM240/classroom_noise_colors_level1.mp4
975,classroom,INTER-DISTORTION,classroom_reference.mp4,/home/jv495/Datasets/GAIM240/classroom_reference.mp4,classroom_motion_noise_level1.mp4,motion_noise,level1,/home/jv495/Datasets/GAIM240/classroom_motion_noise_level1.mp4,classroom_noise_colors_level2.mp4,noise_colors,level2,/home/jv495/Datasets/GAIM240/classroom_noise_colors_level2.mp4
976,classroom,INTER-DISTORTION,classroom_reference.mp4,/home/jv495/Datasets/GAIM240/classroom_reference.mp4,classroom_motion_noise_level1.mp4,motion_noise,level1,/home/jv495/Datasets/GAIM240/classroom_motion_noise_level1.mp4,classroom_restir_level0.mp4,restir,level0,/home/jv495/Datasets/GAIM240/classroom_restir_level0.mp4
977,classroom,INTER-DISTORTION,classroom_reference.mp4,/home/jv495/Datasets/GAIM240/classroom_reference.mp4,classroom_motion_noise_level1.mp4,motion_noise,level1,/home/jv495/Datasets/GAIM240/classroom_motion_noise_level1.mp4,classroom_restir_level1.mp4,restir,level1,/home/jv495/Datasets/GAIM240/classroom_restir_level1.mp4
978,classroom,INTER-DISTORTION,classroom_reference.mp4,/home/jv495/Datasets/GAIM240/classroom_reference.mp4,classroom_motion_noise_level1.mp4,motion_noise,level1,/home/jv495/Datasets/GAIM240/classroom_motion_noise_level1.mp4,classroom_restir_level2.mp4,restir,level2,/home/jv495/Datasets/GAIM240/classroom_restir_level2.mp4
979,classroom,INTER-DISTORTION,classroom_reference.mp4,/home/jv495/Datasets/GAIM240/classroom_reference.mp4,classroom_motion_noise_level1.mp4,motion_noise,level1,/home/jv495/Datasets/GAIM240/classroom_motion_noise_level1.mp4,classroom_stutter_level0.mp4,stutter,level0,/home/jv495/Datasets/GAIM240/classroom_stutter_level0.mp4
980,classroom,INTER-DISTORTION,classroom_reference.mp4,/home/jv495/Datasets/GAIM240/classroom_reference.mp4,classroom_motion_noise_level1.mp4,motion_noise,level1,/home/jv495/Datasets/GAIM240/classroom_motion_noise_level1.mp4,classroom_stutter_level1.mp4,stutter,level1,/home/jv495/Datasets/GAIM240/classroom_stutter_level1.mp4
981,classroom,INTER-DISTORTION,classroom_reference.mp4,/home/jv495/Datasets/GAIM240/classroom_reference.mp4,classroom_motion_noise_level1.mp4,motion_noise,level1,/home/jv495/Datasets/GAIM240/classroom_motion_noise_level1.mp4,classroom_stutter_level2.mp4,stutter,level2,/home/jv495/Datasets/GAIM240/classroom_stutter_level2.mp4
982,classroom,INTER-DISTORTION,classroom_reference.mp4,/home/jv495/Datasets/GAIM240/classroom_reference.mp4,classroom_motion_noise_level1.mp4,motion_noise,level1,/home/jv495/Datasets/GAIM240/classroom_motion_noise_level1.mp4,classroom_temporal-resolution-multiplexing_level0.mp4,temporal-resolution-multiplexing,level0,/home/jv495/Datasets/GAIM240/classroom_temporal-resolution-multiplexing_level0.mp4
983,classroom,INTER-DISTORTION,classroom_reference.mp4,/home/jv495/Datasets/GAIM240/classroom_reference.mp4,classroom_motion_noise_level1.mp4,motion_noise,level1,/home/jv495/Datasets/GAIM240/classroom_motion_noise_level1.mp4,classroom_temporal-resolution-multiplexing_level1.mp4,temporal-resolution-multiplexing,level1,/home/jv495/Datasets/GAIM240/classroom_temporal-resolution-multiplexing_level1.mp4
984,classroom,INTER-DISTORTION,classroom_reference.mp4,/home/jv495/Datasets/GAIM240/classroom_reference.mp4,classroom_motion_noise_level1.mp4,motion_noise,level1,/home/jv495/Datasets/GAIM240/classroom_motion_noise_level1.mp4,classroom_temporal-resolution-multiplexing_level2.mp4,temporal-resolution-multiplexing,level2,/home/jv495/Datasets/GAIM240/classroom_temporal-resolution-multiplexing_level2.mp4
985,classroom,INTER-DISTORTION,classroom_reference.mp4,/home/jv495/Datasets/GAIM240/classroom_reference.mp4,classroom_motion_noise_level2.mp4,motion_noise,level2,/home/jv495/Datasets/GAIM240/classroom_motion_noise_level2.mp4,classroom_motion_resolution_level0.mp4,motion_resolution,level0,/home/jv495/Datasets/GAIM240/classroom_motion_resolution_level0.mp4
986,classroom,INTER-DISTORTION,classroom_reference.mp4,/home/jv495/Datasets/GAIM240/classroom_reference.mp4,classroom_motion_noise_level2.mp4,motion_noise,level2,/home/jv495/Datasets/GAIM240/classroom_motion_noise_level2.mp4,classroom_motion_resolution_level1.mp4,motion_resolution,level1,/home/jv495/Datasets/GAIM240/classroom_motion_resolution_level1.mp4
987,classroom,INTER-DISTORTION,classroom_reference.mp4,/home/jv495/Datasets/GAIM240/classroom_reference.mp4,classroom_motion_noise_level2.mp4,motion_noise,level2,/home/jv495/Datasets/GAIM240/classroom_motion_noise_level2.mp4,classroom_motion_resolution_level2.mp4,motion_resolution,level2,/home/jv495/Datasets/GAIM240/classroom_motion_resolution_level2.mp4
988,classroom,INTER-DISTORTION,classroom_reference.mp4,/home/jv495/Datasets/GAIM240/classroom_reference.mp4,classroom_motion_noise_level2.mp4,motion_noise,level2,/home/jv495/Datasets/GAIM240/classroom_motion_noise_level2.mp4,classroom_noise_colors_level0.mp4,noise_colors,level0,/home/jv495/Datasets/GAIM240/classroom_noise_colors_level0.mp4
989,classroom,INTER-DISTORTION,classroom_reference.mp4,/home/jv495/Datasets/GAIM240/classroom_reference.mp4,classroom_motion_noise_level2.mp4,motion_noise,level2,/home/jv495/Datasets/GAIM240/classroom_motion_noise_level2.mp4,classroom_noise_colors_level1.mp4,noise_colors,level1,/home/jv495/Datasets/GAIM240/classroom_noise_colors_level1.mp4
990,classroom,INTER-DISTORTION,classroom_reference.mp4,/home/jv495/Datasets/GAIM240/classroom_reference.mp4,classroom_motion_noise_level2.mp4,motion_noise,level2,/home/jv495/Datasets/GAIM240/classroom_motion_noise_level2.mp4,classroom_noise_colors_level2.mp4,noise_colors,level2,/home/jv495/Datasets/GAIM240/classroom_noise_colors_level2.mp4
991,classroom,INTER-DISTORTION,classroom_reference.mp4,/home/jv495/Datasets/GAIM240/classroom_reference.mp4,classroom_motion_noise_level2.mp4,motion_noise,level2,/home/jv495/Datasets/GAIM240/classroom_motion_noise_level2.mp4,classroom_restir_level0.mp4,restir,level0,/home/jv495/Datasets/GAIM240/classroom_restir_level0.mp4
992,classroom,INTER-DISTORTION,classroom_reference.mp4,/home/jv495/Datasets/GAIM240/classroom_reference.mp4,classroom_motion_noise_level2.mp4,motion_noise,level2,/home/jv495/Datasets/GAIM240/classroom_motion_noise_level2.mp4,classroom_restir_level1.mp4,restir,level1,/home/jv495/Datasets/GAIM240/classroom_restir_level1.mp4
993,classroom,INTER-DISTORTION,classroom_reference.mp4,/home/jv495/Datasets/GAIM240/classroom_reference.mp4,classroom_motion_noise_level2.mp4,motion_noise,level2,/home/jv495/Datasets/GAIM240/classroom_motion_noise_level2.mp4,classroom_restir_level2.mp4,restir,level2,/home/jv495/Datasets/GAIM240/classroom_restir_level2.mp4
994,classroom,INTER-DISTORTION,classroom_reference.mp4,/home/jv495/Datasets/GAIM240/classroom_reference.mp4,classroom_motion_noise_level2.mp4,motion_noise,level2,/home/jv495/Datasets/GAIM240/classroom_motion_noise_level2.mp4,classroom_stutter_level0.mp4,stutter,level0,/home/jv495/Datasets/GAIM240/classroom_stutter_level0.mp4
995,classroom,INTER-DISTORTION,classroom_reference.mp4,/home/jv495/Datasets/GAIM240/classroom_reference.mp4,classroom_motion_noise_level2.mp4,motion_noise,level2,/home/jv495/Datasets/GAIM240/classroom_motion_noise_level2.mp4,classroom_stutter_level1.mp4,stutter,level1,/home/jv495/Datasets/GAIM240/classroom_stutter_level1.mp4
996,classroom,INTER-DISTORTION,classroom_reference.mp4,/home/jv495/Datasets/GAIM240/classroom_reference.mp4,classroom_motion_noise_level2.mp4,motion_noise,level2,/home/jv495/Datasets/GAIM240/classroom_motion_noise_level2.mp4,classroom_stutter_level2.mp4,stutter,level2,/home/jv495/Datasets/GAIM240/classroom_stutter_level2.mp4
997,classroom,INTER-DISTORTION,classroom_reference.mp4,/home/jv495/Datasets/GAIM240/classroom_reference.mp4,classroom_motion_noise_level2.mp4,motion_noise,level2,/home/jv495/Datasets/GAIM240/classroom_motion_noise_level2.mp4,classroom_temporal-resolution-multiplexing_level0.mp4,temporal-resolution-multiplexing,level0,/home/jv495/Datasets/GAIM240/classroom_temporal-resolution-multiplexing_level0.mp4
998,classroom,INTER-DISTORTION,classroom_reference.mp4,/home/jv495/Datasets/GAIM240/classroom_reference.mp4,classroom_motion_noise_level2.mp4,motion_noise,level2,/home/jv495/Datasets/GAIM240/classroom_motion_noise_level2.mp4,classroom_temporal-resolution-multiplexing_level1.mp4,temporal-resolution-multiplexing,level1,/home/jv495/Datasets/GAIM240/classroom_temporal-resolution-multiplexing_level1.mp4
999,classroom,INTER-DISTORTION,classroom_reference.mp4,/home/jv495/Datasets/GAIM240/classroom_reference.mp4,classroom_motion_noise_level2.mp4,motion_noise,level2,/home/jv495/Datasets/GAIM240/classroom_motion_noise_level2.mp4,classroom_temporal-resolution-multiplexing_level2.mp4,temporal-resolution-multiplexing,level2,/home/jv495/Datasets/GAIM240/classroom_temporal-resolution-multiplexing_level2.mp4
1000,classroom,INTRA-DISTORTION,classroom_reference.mp4,/home/jv495/Datasets/GAIM240/classroom_reference.mp4,classroom_motion_resolution_level0.mp4,motion_resolution,level0,/home/jv495/Datasets/GAIM240/classroom_motion_resolution_level0.mp4,classroom_motion_resolution_level1.mp4,motion_resolution,level1,/home/jv495/Datasets/GAIM240/classroom_motion_resolution_level1.mp4
1001,classroom,INTRA-DISTORTION,classroom_reference.mp4,/home/jv495/Datasets/GAIM240/classroom_reference.mp4,classroom_motion_resolution_level0.mp4,motion_resolution,level0,/home/jv495/Datasets/GAIM240/classroom_motion_resolution_level0.mp4,classroom_motion_resolution_level2.mp4,motion_resolution,level2,/home/jv495/Datasets/GAIM240/classroom_motion_resolution_level2.mp4
1002,classroom,INTER-DISTORTION,classroom_reference.mp4,/home/jv495/Datasets/GAIM240/classroom_reference.mp4,classroom_motion_resolution_level0.mp4,motion_resolution,level0,/home/jv495/Datasets/GAIM240/classroom_motion_resolution_level0.mp4,classroom_noise_colors_level0.mp4,noise_colors,level0,/home/jv495/Datasets/GAIM240/classroom_noise_colors_level0.mp4
1003,classroom,INTER-DISTORTION,classroom_reference.mp4,/home/jv495/Datasets/GAIM240/classroom_reference.mp4,classroom_motion_resolution_level0.mp4,motion_resolution,level0,/home/jv495/Datasets/GAIM240/classroom_motion_resolution_level0.mp4,classroom_noise_colors_level1.mp4,noise_colors,level1,/home/jv495/Datasets/GAIM240/classroom_noise_colors_level1.mp4
1004,classroom,INTER-DISTORTION,classroom_reference.mp4,/home/jv495/Datasets/GAIM240/classroom_reference.mp4,classroom_motion_resolution_level0.mp4,motion_resolution,level0,/home/jv495/Datasets/GAIM240/classroom_motion_resolution_level0.mp4,classroom_noise_colors_level2.mp4,noise_colors,level2,/home/jv495/Datasets/GAIM240/classroom_noise_colors_level2.mp4
1005,classroom,INTER-DISTORTION,classroom_reference.mp4,/home/jv495/Datasets/GAIM240/classroom_reference.mp4,classroom_motion_resolution_level0.mp4,motion_resolution,level0,/home/jv495/Datasets/GAIM240/classroom_motion_resolution_level0.mp4,classroom_restir_level0.mp4,restir,level0,/home/jv495/Datasets/GAIM240/classroom_restir_level0.mp4
1006,classroom,INTER-DISTORTION,classroom_reference.mp4,/home/jv495/Datasets/GAIM240/classroom_reference.mp4,classroom_motion_resolution_level0.mp4,motion_resolution,level0,/home/jv495/Datasets/GAIM240/classroom_motion_resolution_level0.mp4,classroom_restir_level1.mp4,restir,level1,/home/jv495/Datasets/GAIM240/classroom_restir_level1.mp4
1007,classroom,INTER-DISTORTION,classroom_reference.mp4,/home/jv495/Datasets/GAIM240/classroom_reference.mp4,classroom_motion_resolution_level0.mp4,motion_resolution,level0,/home/jv495/Datasets/GAIM240/classroom_motion_resolution_level0.mp4,classroom_restir_level2.mp4,restir,level2,/home/jv495/Datasets/GAIM240/classroom_restir_level2.mp4
1008,classroom,INTER-DISTORTION,classroom_reference.mp4,/home/jv495/Datasets/GAIM240/classroom_reference.mp4,classroom_motion_resolution_level0.mp4,motion_resolution,level0,/home/jv495/Datasets/GAIM240/classroom_motion_resolution_level0.mp4,classroom_stutter_level0.mp4,stutter,level0,/home/jv495/Datasets/GAIM240/classroom_stutter_level0.mp4
1009,classroom,INTER-DISTORTION,classroom_reference.mp4,/home/jv495/Datasets/GAIM240/classroom_reference.mp4,classroom_motion_resolution_level0.mp4,motion_resolution,level0,/home/jv495/Datasets/GAIM240/classroom_motion_resolution_level0.mp4,classroom_stutter_level1.mp4,stutter,level1,/home/jv495/Datasets/GAIM240/classroom_stutter_level1.mp4
1010,classroom,INTER-DISTORTION,classroom_reference.mp4,/home/jv495/Datasets/GAIM240/classroom_reference.mp4,classroom_motion_resolution_level0.mp4,motion_resolution,level0,/home/jv495/Datasets/GAIM240/classroom_motion_resolution_level0.mp4,classroom_stutter_level2.mp4,stutter,level2,/home/jv495/Datasets/GAIM240/classroom_stutter_level2.mp4
1011,classroom,INTER-DISTORTION,classroom_reference.mp4,/home/jv495/Datasets/GAIM240/classroom_reference.mp4,classroom_motion_resolution_level0.mp4,motion_resolution,level0,/home/jv495/Datasets/GAIM240/classroom_motion_resolution_level0.mp4,classroom_temporal-resolution-multiplexing_level0.mp4,temporal-resolution-multiplexing,level0,/home/jv495/Datasets/GAIM240/classroom_temporal-resolution-multiplexing_level0.mp4
1012,classroom,INTER-DISTORTION,classroom_reference.mp4,/home/jv495/Datasets/GAIM240/classroom_reference.mp4,classroom_motion_resolution_level0.mp4,motion_resolution,level0,/home/jv495/Datasets/GAIM240/classroom_motion_resolution_level0.mp4,classroom_temporal-resolution-multiplexing_level1.mp4,temporal-resolution-multiplexing,level1,/home/jv495/Datasets/GAIM240/classroom_temporal-resolution-multiplexing_level1.mp4
1013,classroom,INTER-DISTORTION,classroom_reference.mp4,/home/jv495/Datasets/GAIM240/classroom_reference.mp4,classroom_motion_resolution_level0.mp4,motion_resolution,level0,/home/jv495/Datasets/GAIM240/classroom_motion_resolution_level0.mp4,classroom_temporal-resolution-multiplexing_level2.mp4,temporal-resolution-multiplexing,level2,/home/jv495/Datasets/GAIM240/classroom_temporal-resolution-multiplexing_level2.mp4
1014,classroom,INTRA-DISTORTION,classroom_reference.mp4,/home/jv495/Datasets/GAIM240/classroom_reference.mp4,classroom_motion_resolution_level1.mp4,motion_resolution,level1,/home/jv495/Datasets/GAIM240/classroom_motion_resolution_level1.mp4,classroom_motion_resolution_level2.mp4,motion_resolution,level2,/home/jv495/Datasets/GAIM240/classroom_motion_resolution_level2.mp4
1015,classroom,INTER-DISTORTION,classroom_reference.mp4,/home/jv495/Datasets/GAIM240/classroom_reference.mp4,classroom_motion_resolution_level1.mp4,motion_resolution,level1,/home/jv495/Datasets/GAIM240/classroom_motion_resolution_level1.mp4,classroom_noise_colors_level0.mp4,noise_colors,level0,/home/jv495/Datasets/GAIM240/classroom_noise_colors_level0.mp4
1016,classroom,INTER-DISTORTION,classroom_reference.mp4,/home/jv495/Datasets/GAIM240/classroom_reference.mp4,classroom_motion_resolution_level1.mp4,motion_resolution,level1,/home/jv495/Datasets/GAIM240/classroom_motion_resolution_level1.mp4,classroom_noise_colors_level1.mp4,noise_colors,level1,/home/jv495/Datasets/GAIM240/classroom_noise_colors_level1.mp4
1017,classroom,INTER-DISTORTION,classroom_reference.mp4,/home/jv495/Datasets/GAIM240/classroom_reference.mp4,classroom_motion_resolution_level1.mp4,motion_resolution,level1,/home/jv495/Datasets/GAIM240/classroom_motion_resolution_level1.mp4,classroom_noise_colors_level2.mp4,noise_colors,level2,/home/jv495/Datasets/GAIM240/classroom_noise_colors_level2.mp4
1018,classroom,INTER-DISTORTION,classroom_reference.mp4,/home/jv495/Datasets/GAIM240/classroom_reference.mp4,classroom_motion_resolution_level1.mp4,motion_resolution,level1,/home/jv495/Datasets/GAIM240/classroom_motion_resolution_level1.mp4,classroom_restir_level0.mp4,restir,level0,/home/jv495/Datasets/GAIM240/classroom_restir_level0.mp4
1019,classroom,INTER-DISTORTION,classroom_reference.mp4,/home/jv495/Datasets/GAIM240/classroom_reference.mp4,classroom_motion_resolution_level1.mp4,motion_resolution,level1,/home/jv495/Datasets/GAIM240/classroom_motion_resolution_level1.mp4,classroom_restir_level1.mp4,restir,level1,/home/jv495/Datasets/GAIM240/classroom_restir_level1.mp4
1020,classroom,INTER-DISTORTION,classroom_reference.mp4,/home/jv495/Datasets/GAIM240/classroom_reference.mp4,classroom_motion_resolution_level1.mp4,motion_resolution,level1,/home/jv495/Datasets/GAIM240/classroom_motion_resolution_level1.mp4,classroom_restir_level2.mp4,restir,level2,/home/jv495/Datasets/GAIM240/classroom_restir_level2.mp4
1021,classroom,INTER-DISTORTION,classroom_reference.mp4,/home/jv495/Datasets/GAIM240/classroom_reference.mp4,classroom_motion_resolution_level1.mp4,motion_resolution,level1,/home/jv495/Datasets/GAIM240/classroom_motion_resolution_level1.mp4,classroom_stutter_level0.mp4,stutter,level0,/home/jv495/Datasets/GAIM240/classroom_stutter_level0.mp4
1022,classroom,INTER-DISTORTION,classroom_reference.mp4,/home/jv495/Datasets/GAIM240/classroom_reference.mp4,classroom_motion_resolution_level1.mp4,motion_resolution,level1,/home/jv495/Datasets/GAIM240/classroom_motion_resolution_level1.mp4,classroom_stutter_level1.mp4,stutter,level1,/home/jv495/Datasets/GAIM240/classroom_stutter_level1.mp4
1023,classroom,INTER-DISTORTION,classroom_reference.mp4,/home/jv495/Datasets/GAIM240/classroom_reference.mp4,classroom_motion_resolution_level1.mp4,motion_resolution,level1,/home/jv495/Datasets/GAIM240/classroom_motion_resolution_level1.mp4,classroom_stutter_level2.mp4,stutter,level2,/home/jv495/Datasets/GAIM240/classroom_stutter_level2.mp4
1024,classroom,INTER-DISTORTION,classroom_reference.mp4,/home/jv495/Datasets/GAIM240/classroom_reference.mp4,classroom_motion_resolution_level1.mp4,motion_resolution,level1,/home/jv495/Datasets/GAIM240/classroom_motion_resolution_level1.mp4,classroom_temporal-resolution-multiplexing_level0.mp4,temporal-resolution-multiplexing,level0,/home/jv495/Datasets/GAIM240/classroom_temporal-resolution-multiplexing_level0.mp4
1025,classroom,INTER-DISTORTION,classroom_reference.mp4,/home/jv495/Datasets/GAIM240/classroom_reference.mp4,classroom_motion_resolution_level1.mp4,motion_resolution,level1,/home/jv495/Datasets/GAIM240/classroom_motion_resolution_level1.mp4,classroom_temporal-resolution-multiplexing_level1.mp4,temporal-resolution-multiplexing,level1,/home/jv495/Datasets/GAIM240/classroom_temporal-resolution-multiplexing_level1.mp4
1026,classroom,INTER-DISTORTION,classroom_reference.mp4,/home/jv495/Datasets/GAIM240/classroom_reference.mp4,classroom_motion_resolution_level1.mp4,motion_resolution,level1,/home/jv495/Datasets/GAIM240/classroom_motion_resolution_level1.mp4,classroom_temporal-resolution-multiplexing_level2.mp4,temporal-resolution-multiplexing,level2,/home/jv495/Datasets/GAIM240/classroom_temporal-resolution-multiplexing_level2.mp4
1027,classroom,INTER-DISTORTION,classroom_reference.mp4,/home/jv495/Datasets/GAIM240/classroom_reference.mp4,classroom_motion_resolution_level2.mp4,motion_resolution,level2,/home/jv495/Datasets/GAIM240/classroom_motion_resolution_level2.mp4,classroom_noise_colors_level0.mp4,noise_colors,level0,/home/jv495/Datasets/GAIM240/classroom_noise_colors_level0.mp4
1028,classroom,INTER-DISTORTION,classroom_reference.mp4,/home/jv495/Datasets/GAIM240/classroom_reference.mp4,classroom_motion_resolution_level2.mp4,motion_resolution,level2,/home/jv495/Datasets/GAIM240/classroom_motion_resolution_level2.mp4,classroom_noise_colors_level1.mp4,noise_colors,level1,/home/jv495/Datasets/GAIM240/classroom_noise_colors_level1.mp4
1029,classroom,INTER-DISTORTION,classroom_reference.mp4,/home/jv495/Datasets/GAIM240/classroom_reference.mp4,classroom_motion_resolution_level2.mp4,motion_resolution,level2,/home/jv495/Datasets/GAIM240/classroom_motion_resolution_level2.mp4,classroom_noise_colors_level2.mp4,noise_colors,level2,/home/jv495/Datasets/GAIM240/classroom_noise_colors_level2.mp4
1030,classroom,INTER-DISTORTION,classroom_reference.mp4,/home/jv495/Datasets/GAIM240/classroom_reference.mp4,classroom_motion_resolution_level2.mp4,motion_resolution,level2,/home/jv495/Datasets/GAIM240/classroom_motion_resolution_level2.mp4,classroom_restir_level0.mp4,restir,level0,/home/jv495/Datasets/GAIM240/classroom_restir_level0.mp4
1031,classroom,INTER-DISTORTION,classroom_reference.mp4,/home/jv495/Datasets/GAIM240/classroom_reference.mp4,classroom_motion_resolution_level2.mp4,motion_resolution,level2,/home/jv495/Datasets/GAIM240/classroom_motion_resolution_level2.mp4,classroom_restir_level1.mp4,restir,level1,/home/jv495/Datasets/GAIM240/classroom_restir_level1.mp4
1032,classroom,INTER-DISTORTION,classroom_reference.mp4,/home/jv495/Datasets/GAIM240/classroom_reference.mp4,classroom_motion_resolution_level2.mp4,motion_resolution,level2,/home/jv495/Datasets/GAIM240/classroom_motion_resolution_level2.mp4,classroom_restir_level2.mp4,restir,level2,/home/jv495/Datasets/GAIM240/classroom_restir_level2.mp4
1033,classroom,INTER-DISTORTION,classroom_reference.mp4,/home/jv495/Datasets/GAIM240/classroom_reference.mp4,classroom_motion_resolution_level2.mp4,motion_resolution,level2,/home/jv495/Datasets/GAIM240/classroom_motion_resolution_level2.mp4,classroom_stutter_level0.mp4,stutter,level0,/home/jv495/Datasets/GAIM240/classroom_stutter_level0.mp4
1034,classroom,INTER-DISTORTION,classroom_reference.mp4,/home/jv495/Datasets/GAIM240/classroom_reference.mp4,classroom_motion_resolution_level2.mp4,motion_resolution,level2,/home/jv495/Datasets/GAIM240/classroom_motion_resolution_level2.mp4,classroom_stutter_level1.mp4,stutter,level1,/home/jv495/Datasets/GAIM240/classroom_stutter_level1.mp4
1035,classroom,INTER-DISTORTION,classroom_reference.mp4,/home/jv495/Datasets/GAIM240/classroom_reference.mp4,classroom_motion_resolution_level2.mp4,motion_resolution,level2,/home/jv495/Datasets/GAIM240/classroom_motion_resolution_level2.mp4,classroom_stutter_level2.mp4,stutter,level2,/home/jv495/Datasets/GAIM240/classroom_stutter_level2.mp4
1036,classroom,INTER-DISTORTION,classroom_reference.mp4,/home/jv495/Datasets/GAIM240/classroom_reference.mp4,classroom_motion_resolution_level2.mp4,motion_resolution,level2,/home/jv495/Datasets/GAIM240/classroom_motion_resolution_level2.mp4,classroom_temporal-resolution-multiplexing_level0.mp4,temporal-resolution-multiplexing,level0,/home/jv495/Datasets/GAIM240/classroom_temporal-resolution-multiplexing_level0.mp4
1037,classroom,INTER-DISTORTION,classroom_reference.mp4,/home/jv495/Datasets/GAIM240/classroom_reference.mp4,classroom_motion_resolution_level2.mp4,motion_resolution,level2,/home/jv495/Datasets/GAIM240/classroom_motion_resolution_level2.mp4,classroom_temporal-resolution-multiplexing_level1.mp4,temporal-resolution-multiplexing,level1,/home/jv495/Datasets/GAIM240/classroom_temporal-resolution-multiplexing_level1.mp4
1038,classroom,INTER-DISTORTION,classroom_reference.mp4,/home/jv495/Datasets/GAIM240/classroom_reference.mp4,classroom_motion_resolution_level2.mp4,motion_resolution,level2,/home/jv495/Datasets/GAIM240/classroom_motion_resolution_level2.mp4,classroom_temporal-resolution-multiplexing_level2.mp4,temporal-resolution-multiplexing,level2,/home/jv495/Datasets/GAIM240/classroom_temporal-resolution-multiplexing_level2.mp4
1039,classroom,INTRA-DISTORTION,classroom_reference.mp4,/home/jv495/Datasets/GAIM240/classroom_reference.mp4,classroom_noise_colors_level0.mp4,noise_colors,level0,/home/jv495/Datasets/GAIM240/classroom_noise_colors_level0.mp4,classroom_noise_colors_level1.mp4,noise_colors,level1,/home/jv495/Datasets/GAIM240/classroom_noise_colors_level1.mp4
1040,classroom,INTRA-DISTORTION,classroom_reference.mp4,/home/jv495/Datasets/GAIM240/classroom_reference.mp4,classroom_noise_colors_level0.mp4,noise_colors,level0,/home/jv495/Datasets/GAIM240/classroom_noise_colors_level0.mp4,classroom_noise_colors_level2.mp4,noise_colors,level2,/home/jv495/Datasets/GAIM240/classroom_noise_colors_level2.mp4
1041,classroom,INTER-DISTORTION,classroom_reference.mp4,/home/jv495/Datasets/GAIM240/classroom_reference.mp4,classroom_noise_colors_level0.mp4,noise_colors,level0,/home/jv495/Datasets/GAIM240/classroom_noise_colors_level0.mp4,classroom_restir_level0.mp4,restir,level0,/home/jv495/Datasets/GAIM240/classroom_restir_level0.mp4
1042,classroom,INTER-DISTORTION,classroom_reference.mp4,/home/jv495/Datasets/GAIM240/classroom_reference.mp4,classroom_noise_colors_level0.mp4,noise_colors,level0,/home/jv495/Datasets/GAIM240/classroom_noise_colors_level0.mp4,classroom_restir_level1.mp4,restir,level1,/home/jv495/Datasets/GAIM240/classroom_restir_level1.mp4
1043,classroom,INTER-DISTORTION,classroom_reference.mp4,/home/jv495/Datasets/GAIM240/classroom_reference.mp4,classroom_noise_colors_level0.mp4,noise_colors,level0,/home/jv495/Datasets/GAIM240/classroom_noise_colors_level0.mp4,classroom_restir_level2.mp4,restir,level2,/home/jv495/Datasets/GAIM240/classroom_restir_level2.mp4
1044,classroom,INTER-DISTORTION,classroom_reference.mp4,/home/jv495/Datasets/GAIM240/classroom_reference.mp4,classroom_noise_colors_level0.mp4,noise_colors,level0,/home/jv495/Datasets/GAIM240/classroom_noise_colors_level0.mp4,classroom_stutter_level0.mp4,stutter,level0,/home/jv495/Datasets/GAIM240/classroom_stutter_level0.mp4
1045,classroom,INTER-DISTORTION,classroom_reference.mp4,/home/jv495/Datasets/GAIM240/classroom_reference.mp4,classroom_noise_colors_level0.mp4,noise_colors,level0,/home/jv495/Datasets/GAIM240/classroom_noise_colors_level0.mp4,classroom_stutter_level1.mp4,stutter,level1,/home/jv495/Datasets/GAIM240/classroom_stutter_level1.mp4
1046,classroom,INTER-DISTORTION,classroom_reference.mp4,/home/jv495/Datasets/GAIM240/classroom_reference.mp4,classroom_noise_colors_level0.mp4,noise_colors,level0,/home/jv495/Datasets/GAIM240/classroom_noise_colors_level0.mp4,classroom_stutter_level2.mp4,stutter,level2,/home/jv495/Datasets/GAIM240/classroom_stutter_level2.mp4
1047,classroom,INTER-DISTORTION,classroom_reference.mp4,/home/jv495/Datasets/GAIM240/classroom_reference.mp4,classroom_noise_colors_level0.mp4,noise_colors,level0,/home/jv495/Datasets/GAIM240/classroom_noise_colors_level0.mp4,classroom_temporal-resolution-multiplexing_level0.mp4,temporal-resolution-multiplexing,level0,/home/jv495/Datasets/GAIM240/classroom_temporal-resolution-multiplexing_level0.mp4
1048,classroom,INTER-DISTORTION,classroom_reference.mp4,/home/jv495/Datasets/GAIM240/classroom_reference.mp4,classroom_noise_colors_level0.mp4,noise_colors,level0,/home/jv495/Datasets/GAIM240/classroom_noise_colors_level0.mp4,classroom_temporal-resolution-multiplexing_level1.mp4,temporal-resolution-multiplexing,level1,/home/jv495/Datasets/GAIM240/classroom_temporal-resolution-multiplexing_level1.mp4
1049,classroom,INTER-DISTORTION,classroom_reference.mp4,/home/jv495/Datasets/GAIM240/classroom_reference.mp4,classroom_noise_colors_level0.mp4,noise_colors,level0,/home/jv495/Datasets/GAIM240/classroom_noise_colors_level0.mp4,classroom_temporal-resolution-multiplexing_level2.mp4,temporal-resolution-multiplexing,level2,/home/jv495/Datasets/GAIM240/classroom_temporal-resolution-multiplexing_level2.mp4
1050,classroom,INTRA-DISTORTION,classroom_reference.mp4,/home/jv495/Datasets/GAIM240/classroom_reference.mp4,classroom_noise_colors_level1.mp4,noise_colors,level1,/home/jv495/Datasets/GAIM240/classroom_noise_colors_level1.mp4,classroom_noise_colors_level2.mp4,noise_colors,level2,/home/jv495/Datasets/GAIM240/classroom_noise_colors_level2.mp4
1051,classroom,INTER-DISTORTION,classroom_reference.mp4,/home/jv495/Datasets/GAIM240/classroom_reference.mp4,classroom_noise_colors_level1.mp4,noise_colors,level1,/home/jv495/Datasets/GAIM240/classroom_noise_colors_level1.mp4,classroom_restir_level0.mp4,restir,level0,/home/jv495/Datasets/GAIM240/classroom_restir_level0.mp4
1052,classroom,INTER-DISTORTION,classroom_reference.mp4,/home/jv495/Datasets/GAIM240/classroom_reference.mp4,classroom_noise_colors_level1.mp4,noise_colors,level1,/home/jv495/Datasets/GAIM240/classroom_noise_colors_level1.mp4,classroom_restir_level1.mp4,restir,level1,/home/jv495/Datasets/GAIM240/classroom_restir_level1.mp4
1053,classroom,INTER-DISTORTION,classroom_reference.mp4,/home/jv495/Datasets/GAIM240/classroom_reference.mp4,classroom_noise_colors_level1.mp4,noise_colors,level1,/home/jv495/Datasets/GAIM240/classroom_noise_colors_level1.mp4,classroom_restir_level2.mp4,restir,level2,/home/jv495/Datasets/GAIM240/classroom_restir_level2.mp4
1054,classroom,INTER-DISTORTION,classroom_reference.mp4,/home/jv495/Datasets/GAIM240/classroom_reference.mp4,classroom_noise_colors_level1.mp4,noise_colors,level1,/home/jv495/Datasets/GAIM240/classroom_noise_colors_level1.mp4,classroom_stutter_level0.mp4,stutter,level0,/home/jv495/Datasets/GAIM240/classroom_stutter_level0.mp4
1055,classroom,INTER-DISTORTION,classroom_reference.mp4,/home/jv495/Datasets/GAIM240/classroom_reference.mp4,classroom_noise_colors_level1.mp4,noise_colors,level1,/home/jv495/Datasets/GAIM240/classroom_noise_colors_level1.mp4,classroom_stutter_level1.mp4,stutter,level1,/home/jv495/Datasets/GAIM240/classroom_stutter_level1.mp4
1056,classroom,INTER-DISTORTION,classroom_reference.mp4,/home/jv495/Datasets/GAIM240/classroom_reference.mp4,classroom_noise_colors_level1.mp4,noise_colors,level1,/home/jv495/Datasets/GAIM240/classroom_noise_colors_level1.mp4,classroom_stutter_level2.mp4,stutter,level2,/home/jv495/Datasets/GAIM240/classroom_stutter_level2.mp4
1057,classroom,INTER-DISTORTION,classroom_reference.mp4,/home/jv495/Datasets/GAIM240/classroom_reference.mp4,classroom_noise_colors_level1.mp4,noise_colors,level1,/home/jv495/Datasets/GAIM240/classroom_noise_colors_level1.mp4,classroom_temporal-resolution-multiplexing_level0.mp4,temporal-resolution-multiplexing,level0,/home/jv495/Datasets/GAIM240/classroom_temporal-resolution-multiplexing_level0.mp4
1058,classroom,INTER-DISTORTION,classroom_reference.mp4,/home/jv495/Datasets/GAIM240/classroom_reference.mp4,classroom_noise_colors_level1.mp4,noise_colors,level1,/home/jv495/Datasets/GAIM240/classroom_noise_colors_level1.mp4,classroom_temporal-resolution-multiplexing_level1.mp4,temporal-resolution-multiplexing,level1,/home/jv495/Datasets/GAIM240/classroom_temporal-resolution-multiplexing_level1.mp4
1059,classroom,INTER-DISTORTION,classroom_reference.mp4,/home/jv495/Datasets/GAIM240/classroom_reference.mp4,classroom_noise_colors_level1.mp4,noise_colors,level1,/home/jv495/Datasets/GAIM240/classroom_noise_colors_level1.mp4,classroom_temporal-resolution-multiplexing_level2.mp4,temporal-resolution-multiplexing,level2,/home/jv495/Datasets/GAIM240/classroom_temporal-resolution-multiplexing_level2.mp4
1060,classroom,INTER-DISTORTION,classroom_reference.mp4,/home/jv495/Datasets/GAIM240/classroom_reference.mp4,classroom_noise_colors_level2.mp4,noise_colors,level2,/home/jv495/Datasets/GAIM240/classroom_noise_colors_level2.mp4,classroom_restir_level0.mp4,restir,level0,/home/jv495/Datasets/GAIM240/classroom_restir_level0.mp4
1061,classroom,INTER-DISTORTION,classroom_reference.mp4,/home/jv495/Datasets/GAIM240/classroom_reference.mp4,classroom_noise_colors_level2.mp4,noise_colors,level2,/home/jv495/Datasets/GAIM240/classroom_noise_colors_level2.mp4,classroom_restir_level1.mp4,restir,level1,/home/jv495/Datasets/GAIM240/classroom_restir_level1.mp4
1062,classroom,INTER-DISTORTION,classroom_reference.mp4,/home/jv495/Datasets/GAIM240/classroom_reference.mp4,classroom_noise_colors_level2.mp4,noise_colors,level2,/home/jv495/Datasets/GAIM240/classroom_noise_colors_level2.mp4,classroom_restir_level2.mp4,restir,level2,/home/jv495/Datasets/GAIM240/classroom_restir_level2.mp4
1063,classroom,INTER-DISTORTION,classroom_reference.mp4,/home/jv495/Datasets/GAIM240/classroom_reference.mp4,classroom_noise_colors_level2.mp4,noise_colors,level2,/home/jv495/Datasets/GAIM240/classroom_noise_colors_level2.mp4,classroom_stutter_level0.mp4,stutter,level0,/home/jv495/Datasets/GAIM240/classroom_stutter_level0.mp4
1064,classroom,INTER-DISTORTION,classroom_reference.mp4,/home/jv495/Datasets/GAIM240/classroom_reference.mp4,classroom_noise_colors_level2.mp4,noise_colors,level2,/home/jv495/Datasets/GAIM240/classroom_noise_colors_level2.mp4,classroom_stutter_level1.mp4,stutter,level1,/home/jv495/Datasets/GAIM240/classroom_stutter_level1.mp4
1065,classroom,INTER-DISTORTION,classroom_reference.mp4,/home/jv495/Datasets/GAIM240/classroom_reference.mp4,classroom_noise_colors_level2.mp4,noise_colors,level2,/home/jv495/Datasets/GAIM240/classroom_noise_colors_level2.mp4,classroom_stutter_level2.mp4,stutter,level2,/home/jv495/Datasets/GAIM240/classroom_stutter_level2.mp4
1066,classroom,INTER-DISTORTION,classroom_reference.mp4,/home/jv495/Datasets/GAIM240/classroom_reference.mp4,classroom_noise_colors_level2.mp4,noise_colors,level2,/home/jv495/Datasets/GAIM240/classroom_noise_colors_level2.mp4,classroom_temporal-resolution-multiplexing_level0.mp4,temporal-resolution-multiplexing,level0,/home/jv495/Datasets/GAIM240/classroom_temporal-resolution-multiplexing_level0.mp4
1067,classroom,INTER-DISTORTION,classroom_reference.mp4,/home/jv495/Datasets/GAIM240/classroom_reference.mp4,classroom_noise_colors_level2.mp4,noise_colors,level2,/home/jv495/Datasets/GAIM240/classroom_noise_colors_level2.mp4,classroom_temporal-resolution-multiplexing_level1.mp4,temporal-resolution-multiplexing,level1,/home/jv495/Datasets/GAIM240/classroom_temporal-resolution-multiplexing_level1.mp4
1068,classroom,INTER-DISTORTION,classroom_reference.mp4,/home/jv495/Datasets/GAIM240/classroom_reference.mp4,classroom_noise_colors_level2.mp4,noise_colors,level2,/home/jv495/Datasets/GAIM240/classroom_noise_colors_level2.mp4,classroom_temporal-resolution-multiplexing_level2.mp4,temporal-resolution-multiplexing,level2,/home/jv495/Datasets/GAIM240/classroom_temporal-resolution-multiplexing_level2.mp4
1069,classroom,INTRA-DISTORTION,classroom_reference.mp4,/home/jv495/Datasets/GAIM240/classroom_reference.mp4,classroom_restir_level0.mp4,restir,level0,/home/jv495/Datasets/GAIM240/classroom_restir_level0.mp4,classroom_restir_level1.mp4,restir,level1,/home/jv495/Datasets/GAIM240/classroom_restir_level1.mp4
1070,classroom,INTRA-DISTORTION,classroom_reference.mp4,/home/jv495/Datasets/GAIM240/classroom_reference.mp4,classroom_restir_level0.mp4,restir,level0,/home/jv495/Datasets/GAIM240/classroom_restir_level0.mp4,classroom_restir_level2.mp4,restir,level2,/home/jv495/Datasets/GAIM240/classroom_restir_level2.mp4
1071,classroom,INTER-DISTORTION,classroom_reference.mp4,/home/jv495/Datasets/GAIM240/classroom_reference.mp4,classroom_restir_level0.mp4,restir,level0,/home/jv495/Datasets/GAIM240/classroom_restir_level0.mp4,classroom_stutter_level0.mp4,stutter,level0,/home/jv495/Datasets/GAIM240/classroom_stutter_level0.mp4
1072,classroom,INTER-DISTORTION,classroom_reference.mp4,/home/jv495/Datasets/GAIM240/classroom_reference.mp4,classroom_restir_level0.mp4,restir,level0,/home/jv495/Datasets/GAIM240/classroom_restir_level0.mp4,classroom_stutter_level1.mp4,stutter,level1,/home/jv495/Datasets/GAIM240/classroom_stutter_level1.mp4
1073,classroom,INTER-DISTORTION,classroom_reference.mp4,/home/jv495/Datasets/GAIM240/classroom_reference.mp4,classroom_restir_level0.mp4,restir,level0,/home/jv495/Datasets/GAIM240/classroom_restir_level0.mp4,classroom_stutter_level2.mp4,stutter,level2,/home/jv495/Datasets/GAIM240/classroom_stutter_level2.mp4
1074,classroom,INTER-DISTORTION,classroom_reference.mp4,/home/jv495/Datasets/GAIM240/classroom_reference.mp4,classroom_restir_level0.mp4,restir,level0,/home/jv495/Datasets/GAIM240/classroom_restir_level0.mp4,classroom_temporal-resolution-multiplexing_level0.mp4,temporal-resolution-multiplexing,level0,/home/jv495/Datasets/GAIM240/classroom_temporal-resolution-multiplexing_level0.mp4
1075,classroom,INTER-DISTORTION,classroom_reference.mp4,/home/jv495/Datasets/GAIM240/classroom_reference.mp4,classroom_restir_level0.mp4,restir,level0,/home/jv495/Datasets/GAIM240/classroom_restir_level0.mp4,classroom_temporal-resolution-multiplexing_level1.mp4,temporal-resolution-multiplexing,level1,/home/jv495/Datasets/GAIM240/classroom_temporal-resolution-multiplexing_level1.mp4
1076,classroom,INTER-DISTORTION,classroom_reference.mp4,/home/jv495/Datasets/GAIM240/classroom_reference.mp4,classroom_restir_level0.mp4,restir,level0,/home/jv495/Datasets/GAIM240/classroom_restir_level0.mp4,classroom_temporal-resolution-multiplexing_level2.mp4,temporal-resolution-multiplexing,level2,/home/jv495/Datasets/GAIM240/classroom_temporal-resolution-multiplexing_level2.mp4
1077,classroom,INTRA-DISTORTION,classroom_reference.mp4,/home/jv495/Datasets/GAIM240/classroom_reference.mp4,classroom_restir_level1.mp4,restir,level1,/home/jv495/Datasets/GAIM240/classroom_restir_level1.mp4,classroom_restir_level2.mp4,restir,level2,/home/jv495/Datasets/GAIM240/classroom_restir_level2.mp4
1078,classroom,INTER-DISTORTION,classroom_reference.mp4,/home/jv495/Datasets/GAIM240/classroom_reference.mp4,classroom_restir_level1.mp4,restir,level1,/home/jv495/Datasets/GAIM240/classroom_restir_level1.mp4,classroom_stutter_level0.mp4,stutter,level0,/home/jv495/Datasets/GAIM240/classroom_stutter_level0.mp4
1079,classroom,INTER-DISTORTION,classroom_reference.mp4,/home/jv495/Datasets/GAIM240/classroom_reference.mp4,classroom_restir_level1.mp4,restir,level1,/home/jv495/Datasets/GAIM240/classroom_restir_level1.mp4,classroom_stutter_level1.mp4,stutter,level1,/home/jv495/Datasets/GAIM240/classroom_stutter_level1.mp4
1080,classroom,INTER-DISTORTION,classroom_reference.mp4,/home/jv495/Datasets/GAIM240/classroom_reference.mp4,classroom_restir_level1.mp4,restir,level1,/home/jv495/Datasets/GAIM240/classroom_restir_level1.mp4,classroom_stutter_level2.mp4,stutter,level2,/home/jv495/Datasets/GAIM240/classroom_stutter_level2.mp4
1081,classroom,INTER-DISTORTION,classroom_reference.mp4,/home/jv495/Datasets/GAIM240/classroom_reference.mp4,classroom_restir_level1.mp4,restir,level1,/home/jv495/Datasets/GAIM240/classroom_restir_level1.mp4,classroom_temporal-resolution-multiplexing_level0.mp4,temporal-resolution-multiplexing,level0,/home/jv495/Datasets/GAIM240/classroom_temporal-resolution-multiplexing_level0.mp4
1082,classroom,INTER-DISTORTION,classroom_reference.mp4,/home/jv495/Datasets/GAIM240/classroom_reference.mp4,classroom_restir_level1.mp4,restir,level1,/home/jv495/Datasets/GAIM240/classroom_restir_level1.mp4,classroom_temporal-resolution-multiplexing_level1.mp4,temporal-resolution-multiplexing,level1,/home/jv495/Datasets/GAIM240/classroom_temporal-resolution-multiplexing_level1.mp4
1083,classroom,INTER-DISTORTION,classroom_reference.mp4,/home/jv495/Datasets/GAIM240/classroom_reference.mp4,classroom_restir_level1.mp4,restir,level1,/home/jv495/Datasets/GAIM240/classroom_restir_level1.mp4,classroom_temporal-resolution-multiplexing_level2.mp4,temporal-resolution-multiplexing,level2,/home/jv495/Datasets/GAIM240/classroom_temporal-resolution-multiplexing_level2.mp4
1084,classroom,INTER-DISTORTION,classroom_reference.mp4,/home/jv495/Datasets/GAIM240/classroom_reference.mp4,classroom_restir_level2.mp4,restir,level2,/home/jv495/Datasets/GAIM240/classroom_restir_level2.mp4,classroom_stutter_level0.mp4,stutter,level0,/home/jv495/Datasets/GAIM240/classroom_stutter_level0.mp4
1085,classroom,INTER-DISTORTION,classroom_reference.mp4,/home/jv495/Datasets/GAIM240/classroom_reference.mp4,classroom_restir_level2.mp4,restir,level2,/home/jv495/Datasets/GAIM240/classroom_restir_level2.mp4,classroom_stutter_level1.mp4,stutter,level1,/home/jv495/Datasets/GAIM240/classroom_stutter_level1.mp4
1086,classroom,INTER-DISTORTION,classroom_reference.mp4,/home/jv495/Datasets/GAIM240/classroom_reference.mp4,classroom_restir_level2.mp4,restir,level2,/home/jv495/Datasets/GAIM240/classroom_restir_level2.mp4,classroom_stutter_level2.mp4,stutter,level2,/home/jv495/Datasets/GAIM240/classroom_stutter_level2.mp4
1087,classroom,INTER-DISTORTION,classroom_reference.mp4,/home/jv495/Datasets/GAIM240/classroom_reference.mp4,classroom_restir_level2.mp4,restir,level2,/home/jv495/Datasets/GAIM240/classroom_restir_level2.mp4,classroom_temporal-resolution-multiplexing_level0.mp4,temporal-resolution-multiplexing,level0,/home/jv495/Datasets/GAIM240/classroom_temporal-resolution-multiplexing_level0.mp4
1088,classroom,INTER-DISTORTION,classroom_reference.mp4,/home/jv495/Datasets/GAIM240/classroom_reference.mp4,classroom_restir_level2.mp4,restir,level2,/home/jv495/Datasets/GAIM240/classroom_restir_level2.mp4,classroom_temporal-resolution-multiplexing_level1.mp4,temporal-resolution-multiplexing,level1,/home/jv495/Datasets/GAIM240/classroom_temporal-resolution-multiplexing_level1.mp4
1089,classroom,INTER-DISTORTION,classroom_reference.mp4,/home/jv495/Datasets/GAIM240/classroom_reference.mp4,classroom_restir_level2.mp4,restir,level2,/home/jv495/Datasets/GAIM240/classroom_restir_level2.mp4,classroom_temporal-resolution-multiplexing_level2.mp4,temporal-resolution-multiplexing,level2,/home/jv495/Datasets/GAIM240/classroom_temporal-resolution-multiplexing_level2.mp4
1090,classroom,INTRA-DISTORTION,classroom_reference.mp4,/home/jv495/Datasets/GAIM240/classroom_reference.mp4,classroom_stutter_level0.mp4,stutter,level0,/home/jv495/Datasets/GAIM240/classroom_stutter_level0.mp4,classroom_stutter_level1.mp4,stutter,level1,/home/jv495/Datasets/GAIM240/classroom_stutter_level1.mp4
1091,classroom,INTRA-DISTORTION,classroom_reference.mp4,/home/jv495/Datasets/GAIM240/classroom_reference.mp4,classroom_stutter_level0.mp4,stutter,level0,/home/jv495/Datasets/GAIM240/classroom_stutter_level0.mp4,classroom_stutter_level2.mp4,stutter,level2,/home/jv495/Datasets/GAIM240/classroom_stutter_level2.mp4
1092,classroom,INTER-DISTORTION,classroom_reference.mp4,/home/jv495/Datasets/GAIM240/classroom_reference.mp4,classroom_stutter_level0.mp4,stutter,level0,/home/jv495/Datasets/GAIM240/classroom_stutter_level0.mp4,classroom_temporal-resolution-multiplexing_level0.mp4,temporal-resolution-multiplexing,level0,/home/jv495/Datasets/GAIM240/classroom_temporal-resolution-multiplexing_level0.mp4
1093,classroom,INTER-DISTORTION,classroom_reference.mp4,/home/jv495/Datasets/GAIM240/classroom_reference.mp4,classroom_stutter_level0.mp4,stutter,level0,/home/jv495/Datasets/GAIM240/classroom_stutter_level0.mp4,classroom_temporal-resolution-multiplexing_level1.mp4,temporal-resolution-multiplexing,level1,/home/jv495/Datasets/GAIM240/classroom_temporal-resolution-multiplexing_level1.mp4
1094,classroom,INTER-DISTORTION,classroom_reference.mp4,/home/jv495/Datasets/GAIM240/classroom_reference.mp4,classroom_stutter_level0.mp4,stutter,level0,/home/jv495/Datasets/GAIM240/classroom_stutter_level0.mp4,classroom_temporal-resolution-multiplexing_level2.mp4,temporal-resolution-multiplexing,level2,/home/jv495/Datasets/GAIM240/classroom_temporal-resolution-multiplexing_level2.mp4
1095,classroom,INTRA-DISTORTION,classroom_reference.mp4,/home/jv495/Datasets/GAIM240/classroom_reference.mp4,classroom_stutter_level1.mp4,stutter,level1,/home/jv495/Datasets/GAIM240/classroom_stutter_level1.mp4,classroom_stutter_level2.mp4,stutter,level2,/home/jv495/Datasets/GAIM240/classroom_stutter_level2.mp4
1096,classroom,INTER-DISTORTION,classroom_reference.mp4,/home/jv495/Datasets/GAIM240/classroom_reference.mp4,classroom_stutter_level1.mp4,stutter,level1,/home/jv495/Datasets/GAIM240/classroom_stutter_level1.mp4,classroom_temporal-resolution-multiplexing_level0.mp4,temporal-resolution-multiplexing,level0,/home/jv495/Datasets/GAIM240/classroom_temporal-resolution-multiplexing_level0.mp4
1097,classroom,INTER-DISTORTION,classroom_reference.mp4,/home/jv495/Datasets/GAIM240/classroom_reference.mp4,classroom_stutter_level1.mp4,stutter,level1,/home/jv495/Datasets/GAIM240/classroom_stutter_level1.mp4,classroom_temporal-resolution-multiplexing_level1.mp4,temporal-resolution-multiplexing,level1,/home/jv495/Datasets/GAIM240/classroom_temporal-resolution-multiplexing_level1.mp4
1098,classroom,INTER-DISTORTION,classroom_reference.mp4,/home/jv495/Datasets/GAIM240/classroom_reference.mp4,classroom_stutter_level1.mp4,stutter,level1,/home/jv495/Datasets/GAIM240/classroom_stutter_level1.mp4,classroom_temporal-resolution-multiplexing_level2.mp4,temporal-resolution-multiplexing,level2,/home/jv495/Datasets/GAIM240/classroom_temporal-resolution-multiplexing_level2.mp4
1099,classroom,INTER-DISTORTION,classroom_reference.mp4,/home/jv495/Datasets/GAIM240/classroom_reference.mp4,classroom_stutter_level2.mp4,stutter,level2,/home/jv495/Datasets/GAIM240/classroom_stutter_level2.mp4,classroom_temporal-resolution-multiplexing_level0.mp4,temporal-resolution-multiplexing,level0,/home/jv495/Datasets/GAIM240/classroom_temporal-resolution-multiplexing_level0.mp4
1100,classroom,INTER-DISTORTION,classroom_reference.mp4,/home/jv495/Datasets/GAIM240/classroom_reference.mp4,classroom_stutter_level2.mp4,stutter,level2,/home/jv495/Datasets/GAIM240/classroom_stutter_level2.mp4,classroom_temporal-resolution-multiplexing_level1.mp4,temporal-resolution-multiplexing,level1,/home/jv495/Datasets/GAIM240/classroom_temporal-resolution-multiplexing_level1.mp4
1101,classroom,INTER-DISTORTION,classroom_reference.mp4,/home/jv495/Datasets/GAIM240/classroom_reference.mp4,classroom_stutter_level2.mp4,stutter,level2,/home/jv495/Datasets/GAIM240/classroom_stutter_level2.mp4,classroom_temporal-resolution-multiplexing_level2.mp4,temporal-resolution-multiplexing,level2,/home/jv495/Datasets/GAIM240/classroom_temporal-resolution-multiplexing_level2.mp4
1102,classroom,INTRA-DISTORTION,classroom_reference.mp4,/home/jv495/Datasets/GAIM240/classroom_reference.mp4,classroom_temporal-resolution-multiplexing_level0.mp4,temporal-resolution-multiplexing,level0,/home/jv495/Datasets/GAIM240/classroom_temporal-resolution-multiplexing_level0.mp4,classroom_temporal-resolution-multiplexing_level1.mp4,temporal-resolution-multiplexing,level1,/home/jv495/Datasets/GAIM240/classroom_temporal-resolution-multiplexing_level1.mp4
1103,classroom,INTRA-DISTORTION,classroom_reference.mp4,/home/jv495/Datasets/GAIM240/classroom_reference.mp4,classroom_temporal-resolution-multiplexing_level0.mp4,temporal-resolution-multiplexing,level0,/home/jv495/Datasets/GAIM240/classroom_temporal-resolution-multiplexing_level0.mp4,classroom_temporal-resolution-multiplexing_level2.mp4,temporal-resolution-multiplexing,level2,/home/jv495/Datasets/GAIM240/classroom_temporal-resolution-multiplexing_level2.mp4
1104,classroom,INTRA-DISTORTION,classroom_reference.mp4,/home/jv495/Datasets/GAIM240/classroom_reference.mp4,classroom_temporal-resolution-multiplexing_level1.mp4,temporal-resolution-multiplexing,level1,/home/jv495/Datasets/GAIM240/classroom_temporal-resolution-multiplexing_level1.mp4,classroom_temporal-resolution-multiplexing_level2.mp4,temporal-resolution-multiplexing,level2,/home/jv495/Datasets/GAIM240/classroom_temporal-resolution-multiplexing_level2.mp4
1105,landscape,INTRA-DISTORTION,landscape_reference.mp4,/home/jv495/Datasets/GAIM240/landscape_reference.mp4,landscape_dlss_rr_level0.mp4,dlss_rr,level0,/home/jv495/Datasets/GAIM240/landscape_dlss_rr_level0.mp4,landscape_dlss_rr_level1.mp4,dlss_rr,level1,/home/jv495/Datasets/GAIM240/landscape_dlss_rr_level1.mp4
1106,landscape,INTRA-DISTORTION,landscape_reference.mp4,/home/jv495/Datasets/GAIM240/landscape_reference.mp4,landscape_dlss_rr_level0.mp4,dlss_rr,level0,/home/jv495/Datasets/GAIM240/landscape_dlss_rr_level0.mp4,landscape_dlss_rr_level2.mp4,dlss_rr,level2,/home/jv495/Datasets/GAIM240/landscape_dlss_rr_level2.mp4
1107,landscape,INTER-DISTORTION,landscape_reference.mp4,/home/jv495/Datasets/GAIM240/landscape_reference.mp4,landscape_dlss_rr_level0.mp4,dlss_rr,level0,/home/jv495/Datasets/GAIM240/landscape_dlss_rr_level0.mp4,landscape_judder_level0.mp4,judder,level0,/home/jv495/Datasets/GAIM240/landscape_judder_level0.mp4
1108,landscape,INTER-DISTORTION,landscape_reference.mp4,/home/jv495/Datasets/GAIM240/landscape_reference.mp4,landscape_dlss_rr_level0.mp4,dlss_rr,level0,/home/jv495/Datasets/GAIM240/landscape_dlss_rr_level0.mp4,landscape_judder_level1.mp4,judder,level1,/home/jv495/Datasets/GAIM240/landscape_judder_level1.mp4
1109,landscape,INTER-DISTORTION,landscape_reference.mp4,/home/jv495/Datasets/GAIM240/landscape_reference.mp4,landscape_dlss_rr_level0.mp4,dlss_rr,level0,/home/jv495/Datasets/GAIM240/landscape_dlss_rr_level0.mp4,landscape_judder_level2.mp4,judder,level2,/home/jv495/Datasets/GAIM240/landscape_judder_level2.mp4
1110,landscape,INTER-DISTORTION,landscape_reference.mp4,/home/jv495/Datasets/GAIM240/landscape_reference.mp4,landscape_dlss_rr_level0.mp4,dlss_rr,level0,/home/jv495/Datasets/GAIM240/landscape_dlss_rr_level0.mp4,landscape_motion_noise_level0.mp4,motion_noise,level0,/home/jv495/Datasets/GAIM240/landscape_motion_noise_level0.mp4
1111,landscape,INTER-DISTORTION,landscape_reference.mp4,/home/jv495/Datasets/GAIM240/landscape_reference.mp4,landscape_dlss_rr_level0.mp4,dlss_rr,level0,/home/jv495/Datasets/GAIM240/landscape_dlss_rr_level0.mp4,landscape_motion_noise_level1.mp4,motion_noise,level1,/home/jv495/Datasets/GAIM240/landscape_motion_noise_level1.mp4
1112,landscape,INTER-DISTORTION,landscape_reference.mp4,/home/jv495/Datasets/GAIM240/landscape_reference.mp4,landscape_dlss_rr_level0.mp4,dlss_rr,level0,/home/jv495/Datasets/GAIM240/landscape_dlss_rr_level0.mp4,landscape_motion_noise_level2.mp4,motion_noise,level2,/home/jv495/Datasets/GAIM240/landscape_motion_noise_level2.mp4
1113,landscape,INTER-DISTORTION,landscape_reference.mp4,/home/jv495/Datasets/GAIM240/landscape_reference.mp4,landscape_dlss_rr_level0.mp4,dlss_rr,level0,/home/jv495/Datasets/GAIM240/landscape_dlss_rr_level0.mp4,landscape_motion_resolution_level0.mp4,motion_resolution,level0,/home/jv495/Datasets/GAIM240/landscape_motion_resolution_level0.mp4
1114,landscape,INTER-DISTORTION,landscape_reference.mp4,/home/jv495/Datasets/GAIM240/landscape_reference.mp4,landscape_dlss_rr_level0.mp4,dlss_rr,level0,/home/jv495/Datasets/GAIM240/landscape_dlss_rr_level0.mp4,landscape_motion_resolution_level1.mp4,motion_resolution,level1,/home/jv495/Datasets/GAIM240/landscape_motion_resolution_level1.mp4
1115,landscape,INTER-DISTORTION,landscape_reference.mp4,/home/jv495/Datasets/GAIM240/landscape_reference.mp4,landscape_dlss_rr_level0.mp4,dlss_rr,level0,/home/jv495/Datasets/GAIM240/landscape_dlss_rr_level0.mp4,landscape_motion_resolution_level2.mp4,motion_resolution,level2,/home/jv495/Datasets/GAIM240/landscape_motion_resolution_level2.mp4
1116,landscape,INTER-DISTORTION,landscape_reference.mp4,/home/jv495/Datasets/GAIM240/landscape_reference.mp4,landscape_dlss_rr_level0.mp4,dlss_rr,level0,/home/jv495/Datasets/GAIM240/landscape_dlss_rr_level0.mp4,landscape_noise_colors_level0.mp4,noise_colors,level0,/home/jv495/Datasets/GAIM240/landscape_noise_colors_level0.mp4
1117,landscape,INTER-DISTORTION,landscape_reference.mp4,/home/jv495/Datasets/GAIM240/landscape_reference.mp4,landscape_dlss_rr_level0.mp4,dlss_rr,level0,/home/jv495/Datasets/GAIM240/landscape_dlss_rr_level0.mp4,landscape_noise_colors_level1.mp4,noise_colors,level1,/home/jv495/Datasets/GAIM240/landscape_noise_colors_level1.mp4
1118,landscape,INTER-DISTORTION,landscape_reference.mp4,/home/jv495/Datasets/GAIM240/landscape_reference.mp4,landscape_dlss_rr_level0.mp4,dlss_rr,level0,/home/jv495/Datasets/GAIM240/landscape_dlss_rr_level0.mp4,landscape_noise_colors_level2.mp4,noise_colors,level2,/home/jv495/Datasets/GAIM240/landscape_noise_colors_level2.mp4
1119,landscape,INTER-DISTORTION,landscape_reference.mp4,/home/jv495/Datasets/GAIM240/landscape_reference.mp4,landscape_dlss_rr_level0.mp4,dlss_rr,level0,/home/jv495/Datasets/GAIM240/landscape_dlss_rr_level0.mp4,landscape_restir_level0.mp4,restir,level0,/home/jv495/Datasets/GAIM240/landscape_restir_level0.mp4
1120,landscape,INTER-DISTORTION,landscape_reference.mp4,/home/jv495/Datasets/GAIM240/landscape_reference.mp4,landscape_dlss_rr_level0.mp4,dlss_rr,level0,/home/jv495/Datasets/GAIM240/landscape_dlss_rr_level0.mp4,landscape_restir_level1.mp4,restir,level1,/home/jv495/Datasets/GAIM240/landscape_restir_level1.mp4
1121,landscape,INTER-DISTORTION,landscape_reference.mp4,/home/jv495/Datasets/GAIM240/landscape_reference.mp4,landscape_dlss_rr_level0.mp4,dlss_rr,level0,/home/jv495/Datasets/GAIM240/landscape_dlss_rr_level0.mp4,landscape_restir_level2.mp4,restir,level2,/home/jv495/Datasets/GAIM240/landscape_restir_level2.mp4
1122,landscape,INTER-DISTORTION,landscape_reference.mp4,/home/jv495/Datasets/GAIM240/landscape_reference.mp4,landscape_dlss_rr_level0.mp4,dlss_rr,level0,/home/jv495/Datasets/GAIM240/landscape_dlss_rr_level0.mp4,landscape_stutter_level0.mp4,stutter,level0,/home/jv495/Datasets/GAIM240/landscape_stutter_level0.mp4
1123,landscape,INTER-DISTORTION,landscape_reference.mp4,/home/jv495/Datasets/GAIM240/landscape_reference.mp4,landscape_dlss_rr_level0.mp4,dlss_rr,level0,/home/jv495/Datasets/GAIM240/landscape_dlss_rr_level0.mp4,landscape_stutter_level1.mp4,stutter,level1,/home/jv495/Datasets/GAIM240/landscape_stutter_level1.mp4
1124,landscape,INTER-DISTORTION,landscape_reference.mp4,/home/jv495/Datasets/GAIM240/landscape_reference.mp4,landscape_dlss_rr_level0.mp4,dlss_rr,level0,/home/jv495/Datasets/GAIM240/landscape_dlss_rr_level0.mp4,landscape_stutter_level2.mp4,stutter,level2,/home/jv495/Datasets/GAIM240/landscape_stutter_level2.mp4
1125,landscape,INTER-DISTORTION,landscape_reference.mp4,/home/jv495/Datasets/GAIM240/landscape_reference.mp4,landscape_dlss_rr_level0.mp4,dlss_rr,level0,/home/jv495/Datasets/GAIM240/landscape_dlss_rr_level0.mp4,landscape_temporal-resolution-multiplexing_level0.mp4,temporal-resolution-multiplexing,level0,/home/jv495/Datasets/GAIM240/landscape_temporal-resolution-multiplexing_level0.mp4
1126,landscape,INTER-DISTORTION,landscape_reference.mp4,/home/jv495/Datasets/GAIM240/landscape_reference.mp4,landscape_dlss_rr_level0.mp4,dlss_rr,level0,/home/jv495/Datasets/GAIM240/landscape_dlss_rr_level0.mp4,landscape_temporal-resolution-multiplexing_level1.mp4,temporal-resolution-multiplexing,level1,/home/jv495/Datasets/GAIM240/landscape_temporal-resolution-multiplexing_level1.mp4
1127,landscape,INTER-DISTORTION,landscape_reference.mp4,/home/jv495/Datasets/GAIM240/landscape_reference.mp4,landscape_dlss_rr_level0.mp4,dlss_rr,level0,/home/jv495/Datasets/GAIM240/landscape_dlss_rr_level0.mp4,landscape_temporal-resolution-multiplexing_level2.mp4,temporal-resolution-multiplexing,level2,/home/jv495/Datasets/GAIM240/landscape_temporal-resolution-multiplexing_level2.mp4
1128,landscape,INTRA-DISTORTION,landscape_reference.mp4,/home/jv495/Datasets/GAIM240/landscape_reference.mp4,landscape_dlss_rr_level1.mp4,dlss_rr,level1,/home/jv495/Datasets/GAIM240/landscape_dlss_rr_level1.mp4,landscape_dlss_rr_level2.mp4,dlss_rr,level2,/home/jv495/Datasets/GAIM240/landscape_dlss_rr_level2.mp4
1129,landscape,INTER-DISTORTION,landscape_reference.mp4,/home/jv495/Datasets/GAIM240/landscape_reference.mp4,landscape_dlss_rr_level1.mp4,dlss_rr,level1,/home/jv495/Datasets/GAIM240/landscape_dlss_rr_level1.mp4,landscape_judder_level0.mp4,judder,level0,/home/jv495/Datasets/GAIM240/landscape_judder_level0.mp4
1130,landscape,INTER-DISTORTION,landscape_reference.mp4,/home/jv495/Datasets/GAIM240/landscape_reference.mp4,landscape_dlss_rr_level1.mp4,dlss_rr,level1,/home/jv495/Datasets/GAIM240/landscape_dlss_rr_level1.mp4,landscape_judder_level1.mp4,judder,level1,/home/jv495/Datasets/GAIM240/landscape_judder_level1.mp4
1131,landscape,INTER-DISTORTION,landscape_reference.mp4,/home/jv495/Datasets/GAIM240/landscape_reference.mp4,landscape_dlss_rr_level1.mp4,dlss_rr,level1,/home/jv495/Datasets/GAIM240/landscape_dlss_rr_level1.mp4,landscape_judder_level2.mp4,judder,level2,/home/jv495/Datasets/GAIM240/landscape_judder_level2.mp4
1132,landscape,INTER-DISTORTION,landscape_reference.mp4,/home/jv495/Datasets/GAIM240/landscape_reference.mp4,landscape_dlss_rr_level1.mp4,dlss_rr,level1,/home/jv495/Datasets/GAIM240/landscape_dlss_rr_level1.mp4,landscape_motion_noise_level0.mp4,motion_noise,level0,/home/jv495/Datasets/GAIM240/landscape_motion_noise_level0.mp4
1133,landscape,INTER-DISTORTION,landscape_reference.mp4,/home/jv495/Datasets/GAIM240/landscape_reference.mp4,landscape_dlss_rr_level1.mp4,dlss_rr,level1,/home/jv495/Datasets/GAIM240/landscape_dlss_rr_level1.mp4,landscape_motion_noise_level1.mp4,motion_noise,level1,/home/jv495/Datasets/GAIM240/landscape_motion_noise_level1.mp4
1134,landscape,INTER-DISTORTION,landscape_reference.mp4,/home/jv495/Datasets/GAIM240/landscape_reference.mp4,landscape_dlss_rr_level1.mp4,dlss_rr,level1,/home/jv495/Datasets/GAIM240/landscape_dlss_rr_level1.mp4,landscape_motion_noise_level2.mp4,motion_noise,level2,/home/jv495/Datasets/GAIM240/landscape_motion_noise_level2.mp4
1135,landscape,INTER-DISTORTION,landscape_reference.mp4,/home/jv495/Datasets/GAIM240/landscape_reference.mp4,landscape_dlss_rr_level1.mp4,dlss_rr,level1,/home/jv495/Datasets/GAIM240/landscape_dlss_rr_level1.mp4,landscape_motion_resolution_level0.mp4,motion_resolution,level0,/home/jv495/Datasets/GAIM240/landscape_motion_resolution_level0.mp4
1136,landscape,INTER-DISTORTION,landscape_reference.mp4,/home/jv495/Datasets/GAIM240/landscape_reference.mp4,landscape_dlss_rr_level1.mp4,dlss_rr,level1,/home/jv495/Datasets/GAIM240/landscape_dlss_rr_level1.mp4,landscape_motion_resolution_level1.mp4,motion_resolution,level1,/home/jv495/Datasets/GAIM240/landscape_motion_resolution_level1.mp4
1137,landscape,INTER-DISTORTION,landscape_reference.mp4,/home/jv495/Datasets/GAIM240/landscape_reference.mp4,landscape_dlss_rr_level1.mp4,dlss_rr,level1,/home/jv495/Datasets/GAIM240/landscape_dlss_rr_level1.mp4,landscape_motion_resolution_level2.mp4,motion_resolution,level2,/home/jv495/Datasets/GAIM240/landscape_motion_resolution_level2.mp4
1138,landscape,INTER-DISTORTION,landscape_reference.mp4,/home/jv495/Datasets/GAIM240/landscape_reference.mp4,landscape_dlss_rr_level1.mp4,dlss_rr,level1,/home/jv495/Datasets/GAIM240/landscape_dlss_rr_level1.mp4,landscape_noise_colors_level0.mp4,noise_colors,level0,/home/jv495/Datasets/GAIM240/landscape_noise_colors_level0.mp4
1139,landscape,INTER-DISTORTION,landscape_reference.mp4,/home/jv495/Datasets/GAIM240/landscape_reference.mp4,landscape_dlss_rr_level1.mp4,dlss_rr,level1,/home/jv495/Datasets/GAIM240/landscape_dlss_rr_level1.mp4,landscape_noise_colors_level1.mp4,noise_colors,level1,/home/jv495/Datasets/GAIM240/landscape_noise_colors_level1.mp4
1140,landscape,INTER-DISTORTION,landscape_reference.mp4,/home/jv495/Datasets/GAIM240/landscape_reference.mp4,landscape_dlss_rr_level1.mp4,dlss_rr,level1,/home/jv495/Datasets/GAIM240/landscape_dlss_rr_level1.mp4,landscape_noise_colors_level2.mp4,noise_colors,level2,/home/jv495/Datasets/GAIM240/landscape_noise_colors_level2.mp4
1141,landscape,INTER-DISTORTION,landscape_reference.mp4,/home/jv495/Datasets/GAIM240/landscape_reference.mp4,landscape_dlss_rr_level1.mp4,dlss_rr,level1,/home/jv495/Datasets/GAIM240/landscape_dlss_rr_level1.mp4,landscape_restir_level0.mp4,restir,level0,/home/jv495/Datasets/GAIM240/landscape_restir_level0.mp4
1142,landscape,INTER-DISTORTION,landscape_reference.mp4,/home/jv495/Datasets/GAIM240/landscape_reference.mp4,landscape_dlss_rr_level1.mp4,dlss_rr,level1,/home/jv495/Datasets/GAIM240/landscape_dlss_rr_level1.mp4,landscape_restir_level1.mp4,restir,level1,/home/jv495/Datasets/GAIM240/landscape_restir_level1.mp4
1143,landscape,INTER-DISTORTION,landscape_reference.mp4,/home/jv495/Datasets/GAIM240/landscape_reference.mp4,landscape_dlss_rr_level1.mp4,dlss_rr,level1,/home/jv495/Datasets/GAIM240/landscape_dlss_rr_level1.mp4,landscape_restir_level2.mp4,restir,level2,/home/jv495/Datasets/GAIM240/landscape_restir_level2.mp4
1144,landscape,INTER-DISTORTION,landscape_reference.mp4,/home/jv495/Datasets/GAIM240/landscape_reference.mp4,landscape_dlss_rr_level1.mp4,dlss_rr,level1,/home/jv495/Datasets/GAIM240/landscape_dlss_rr_level1.mp4,landscape_stutter_level0.mp4,stutter,level0,/home/jv495/Datasets/GAIM240/landscape_stutter_level0.mp4
1145,landscape,INTER-DISTORTION,landscape_reference.mp4,/home/jv495/Datasets/GAIM240/landscape_reference.mp4,landscape_dlss_rr_level1.mp4,dlss_rr,level1,/home/jv495/Datasets/GAIM240/landscape_dlss_rr_level1.mp4,landscape_stutter_level1.mp4,stutter,level1,/home/jv495/Datasets/GAIM240/landscape_stutter_level1.mp4
1146,landscape,INTER-DISTORTION,landscape_reference.mp4,/home/jv495/Datasets/GAIM240/landscape_reference.mp4,landscape_dlss_rr_level1.mp4,dlss_rr,level1,/home/jv495/Datasets/GAIM240/landscape_dlss_rr_level1.mp4,landscape_stutter_level2.mp4,stutter,level2,/home/jv495/Datasets/GAIM240/landscape_stutter_level2.mp4
1147,landscape,INTER-DISTORTION,landscape_reference.mp4,/home/jv495/Datasets/GAIM240/landscape_reference.mp4,landscape_dlss_rr_level1.mp4,dlss_rr,level1,/home/jv495/Datasets/GAIM240/landscape_dlss_rr_level1.mp4,landscape_temporal-resolution-multiplexing_level0.mp4,temporal-resolution-multiplexing,level0,/home/jv495/Datasets/GAIM240/landscape_temporal-resolution-multiplexing_level0.mp4
1148,landscape,INTER-DISTORTION,landscape_reference.mp4,/home/jv495/Datasets/GAIM240/landscape_reference.mp4,landscape_dlss_rr_level1.mp4,dlss_rr,level1,/home/jv495/Datasets/GAIM240/landscape_dlss_rr_level1.mp4,landscape_temporal-resolution-multiplexing_level1.mp4,temporal-resolution-multiplexing,level1,/home/jv495/Datasets/GAIM240/landscape_temporal-resolution-multiplexing_level1.mp4
1149,landscape,INTER-DISTORTION,landscape_reference.mp4,/home/jv495/Datasets/GAIM240/landscape_reference.mp4,landscape_dlss_rr_level1.mp4,dlss_rr,level1,/home/jv495/Datasets/GAIM240/landscape_dlss_rr_level1.mp4,landscape_temporal-resolution-multiplexing_level2.mp4,temporal-resolution-multiplexing,level2,/home/jv495/Datasets/GAIM240/landscape_temporal-resolution-multiplexing_level2.mp4
1150,landscape,INTER-DISTORTION,landscape_reference.mp4,/home/jv495/Datasets/GAIM240/landscape_reference.mp4,landscape_dlss_rr_level2.mp4,dlss_rr,level2,/home/jv495/Datasets/GAIM240/landscape_dlss_rr_level2.mp4,landscape_judder_level0.mp4,judder,level0,/home/jv495/Datasets/GAIM240/landscape_judder_level0.mp4
1151,landscape,INTER-DISTORTION,landscape_reference.mp4,/home/jv495/Datasets/GAIM240/landscape_reference.mp4,landscape_dlss_rr_level2.mp4,dlss_rr,level2,/home/jv495/Datasets/GAIM240/landscape_dlss_rr_level2.mp4,landscape_judder_level1.mp4,judder,level1,/home/jv495/Datasets/GAIM240/landscape_judder_level1.mp4
1152,landscape,INTER-DISTORTION,landscape_reference.mp4,/home/jv495/Datasets/GAIM240/landscape_reference.mp4,landscape_dlss_rr_level2.mp4,dlss_rr,level2,/home/jv495/Datasets/GAIM240/landscape_dlss_rr_level2.mp4,landscape_judder_level2.mp4,judder,level2,/home/jv495/Datasets/GAIM240/landscape_judder_level2.mp4
1153,landscape,INTER-DISTORTION,landscape_reference.mp4,/home/jv495/Datasets/GAIM240/landscape_reference.mp4,landscape_dlss_rr_level2.mp4,dlss_rr,level2,/home/jv495/Datasets/GAIM240/landscape_dlss_rr_level2.mp4,landscape_motion_noise_level0.mp4,motion_noise,level0,/home/jv495/Datasets/GAIM240/landscape_motion_noise_level0.mp4
1154,landscape,INTER-DISTORTION,landscape_reference.mp4,/home/jv495/Datasets/GAIM240/landscape_reference.mp4,landscape_dlss_rr_level2.mp4,dlss_rr,level2,/home/jv495/Datasets/GAIM240/landscape_dlss_rr_level2.mp4,landscape_motion_noise_level1.mp4,motion_noise,level1,/home/jv495/Datasets/GAIM240/landscape_motion_noise_level1.mp4
1155,landscape,INTER-DISTORTION,landscape_reference.mp4,/home/jv495/Datasets/GAIM240/landscape_reference.mp4,landscape_dlss_rr_level2.mp4,dlss_rr,level2,/home/jv495/Datasets/GAIM240/landscape_dlss_rr_level2.mp4,landscape_motion_noise_level2.mp4,motion_noise,level2,/home/jv495/Datasets/GAIM240/landscape_motion_noise_level2.mp4
1156,landscape,INTER-DISTORTION,landscape_reference.mp4,/home/jv495/Datasets/GAIM240/landscape_reference.mp4,landscape_dlss_rr_level2.mp4,dlss_rr,level2,/home/jv495/Datasets/GAIM240/landscape_dlss_rr_level2.mp4,landscape_motion_resolution_level0.mp4,motion_resolution,level0,/home/jv495/Datasets/GAIM240/landscape_motion_resolution_level0.mp4
1157,landscape,INTER-DISTORTION,landscape_reference.mp4,/home/jv495/Datasets/GAIM240/landscape_reference.mp4,landscape_dlss_rr_level2.mp4,dlss_rr,level2,/home/jv495/Datasets/GAIM240/landscape_dlss_rr_level2.mp4,landscape_motion_resolution_level1.mp4,motion_resolution,level1,/home/jv495/Datasets/GAIM240/landscape_motion_resolution_level1.mp4
1158,landscape,INTER-DISTORTION,landscape_reference.mp4,/home/jv495/Datasets/GAIM240/landscape_reference.mp4,landscape_dlss_rr_level2.mp4,dlss_rr,level2,/home/jv495/Datasets/GAIM240/landscape_dlss_rr_level2.mp4,landscape_motion_resolution_level2.mp4,motion_resolution,level2,/home/jv495/Datasets/GAIM240/landscape_motion_resolution_level2.mp4
1159,landscape,INTER-DISTORTION,landscape_reference.mp4,/home/jv495/Datasets/GAIM240/landscape_reference.mp4,landscape_dlss_rr_level2.mp4,dlss_rr,level2,/home/jv495/Datasets/GAIM240/landscape_dlss_rr_level2.mp4,landscape_noise_colors_level0.mp4,noise_colors,level0,/home/jv495/Datasets/GAIM240/landscape_noise_colors_level0.mp4
1160,landscape,INTER-DISTORTION,landscape_reference.mp4,/home/jv495/Datasets/GAIM240/landscape_reference.mp4,landscape_dlss_rr_level2.mp4,dlss_rr,level2,/home/jv495/Datasets/GAIM240/landscape_dlss_rr_level2.mp4,landscape_noise_colors_level1.mp4,noise_colors,level1,/home/jv495/Datasets/GAIM240/landscape_noise_colors_level1.mp4
1161,landscape,INTER-DISTORTION,landscape_reference.mp4,/home/jv495/Datasets/GAIM240/landscape_reference.mp4,landscape_dlss_rr_level2.mp4,dlss_rr,level2,/home/jv495/Datasets/GAIM240/landscape_dlss_rr_level2.mp4,landscape_noise_colors_level2.mp4,noise_colors,level2,/home/jv495/Datasets/GAIM240/landscape_noise_colors_level2.mp4
1162,landscape,INTER-DISTORTION,landscape_reference.mp4,/home/jv495/Datasets/GAIM240/landscape_reference.mp4,landscape_dlss_rr_level2.mp4,dlss_rr,level2,/home/jv495/Datasets/GAIM240/landscape_dlss_rr_level2.mp4,landscape_restir_level0.mp4,restir,level0,/home/jv495/Datasets/GAIM240/landscape_restir_level0.mp4
1163,landscape,INTER-DISTORTION,landscape_reference.mp4,/home/jv495/Datasets/GAIM240/landscape_reference.mp4,landscape_dlss_rr_level2.mp4,dlss_rr,level2,/home/jv495/Datasets/GAIM240/landscape_dlss_rr_level2.mp4,landscape_restir_level1.mp4,restir,level1,/home/jv495/Datasets/GAIM240/landscape_restir_level1.mp4
1164,landscape,INTER-DISTORTION,landscape_reference.mp4,/home/jv495/Datasets/GAIM240/landscape_reference.mp4,landscape_dlss_rr_level2.mp4,dlss_rr,level2,/home/jv495/Datasets/GAIM240/landscape_dlss_rr_level2.mp4,landscape_restir_level2.mp4,restir,level2,/home/jv495/Datasets/GAIM240/landscape_restir_level2.mp4
1165,landscape,INTER-DISTORTION,landscape_reference.mp4,/home/jv495/Datasets/GAIM240/landscape_reference.mp4,landscape_dlss_rr_level2.mp4,dlss_rr,level2,/home/jv495/Datasets/GAIM240/landscape_dlss_rr_level2.mp4,landscape_stutter_level0.mp4,stutter,level0,/home/jv495/Datasets/GAIM240/landscape_stutter_level0.mp4
1166,landscape,INTER-DISTORTION,landscape_reference.mp4,/home/jv495/Datasets/GAIM240/landscape_reference.mp4,landscape_dlss_rr_level2.mp4,dlss_rr,level2,/home/jv495/Datasets/GAIM240/landscape_dlss_rr_level2.mp4,landscape_stutter_level1.mp4,stutter,level1,/home/jv495/Datasets/GAIM240/landscape_stutter_level1.mp4
1167,landscape,INTER-DISTORTION,landscape_reference.mp4,/home/jv495/Datasets/GAIM240/landscape_reference.mp4,landscape_dlss_rr_level2.mp4,dlss_rr,level2,/home/jv495/Datasets/GAIM240/landscape_dlss_rr_level2.mp4,landscape_stutter_level2.mp4,stutter,level2,/home/jv495/Datasets/GAIM240/landscape_stutter_level2.mp4
1168,landscape,INTER-DISTORTION,landscape_reference.mp4,/home/jv495/Datasets/GAIM240/landscape_reference.mp4,landscape_dlss_rr_level2.mp4,dlss_rr,level2,/home/jv495/Datasets/GAIM240/landscape_dlss_rr_level2.mp4,landscape_temporal-resolution-multiplexing_level0.mp4,temporal-resolution-multiplexing,level0,/home/jv495/Datasets/GAIM240/landscape_temporal-resolution-multiplexing_level0.mp4
1169,landscape,INTER-DISTORTION,landscape_reference.mp4,/home/jv495/Datasets/GAIM240/landscape_reference.mp4,landscape_dlss_rr_level2.mp4,dlss_rr,level2,/home/jv495/Datasets/GAIM240/landscape_dlss_rr_level2.mp4,landscape_temporal-resolution-multiplexing_level1.mp4,temporal-resolution-multiplexing,level1,/home/jv495/Datasets/GAIM240/landscape_temporal-resolution-multiplexing_level1.mp4
1170,landscape,INTER-DISTORTION,landscape_reference.mp4,/home/jv495/Datasets/GAIM240/landscape_reference.mp4,landscape_dlss_rr_level2.mp4,dlss_rr,level2,/home/jv495/Datasets/GAIM240/landscape_dlss_rr_level2.mp4,landscape_temporal-resolution-multiplexing_level2.mp4,temporal-resolution-multiplexing,level2,/home/jv495/Datasets/GAIM240/landscape_temporal-resolution-multiplexing_level2.mp4
1171,landscape,INTRA-DISTORTION,landscape_reference.mp4,/home/jv495/Datasets/GAIM240/landscape_reference.mp4,landscape_judder_level0.mp4,judder,level0,/home/jv495/Datasets/GAIM240/landscape_judder_level0.mp4,landscape_judder_level1.mp4,judder,level1,/home/jv495/Datasets/GAIM240/landscape_judder_level1.mp4
1172,landscape,INTRA-DISTORTION,landscape_reference.mp4,/home/jv495/Datasets/GAIM240/landscape_reference.mp4,landscape_judder_level0.mp4,judder,level0,/home/jv495/Datasets/GAIM240/landscape_judder_level0.mp4,landscape_judder_level2.mp4,judder,level2,/home/jv495/Datasets/GAIM240/landscape_judder_level2.mp4
1173,landscape,INTER-DISTORTION,landscape_reference.mp4,/home/jv495/Datasets/GAIM240/landscape_reference.mp4,landscape_judder_level0.mp4,judder,level0,/home/jv495/Datasets/GAIM240/landscape_judder_level0.mp4,landscape_motion_noise_level0.mp4,motion_noise,level0,/home/jv495/Datasets/GAIM240/landscape_motion_noise_level0.mp4
1174,landscape,INTER-DISTORTION,landscape_reference.mp4,/home/jv495/Datasets/GAIM240/landscape_reference.mp4,landscape_judder_level0.mp4,judder,level0,/home/jv495/Datasets/GAIM240/landscape_judder_level0.mp4,landscape_motion_noise_level1.mp4,motion_noise,level1,/home/jv495/Datasets/GAIM240/landscape_motion_noise_level1.mp4
1175,landscape,INTER-DISTORTION,landscape_reference.mp4,/home/jv495/Datasets/GAIM240/landscape_reference.mp4,landscape_judder_level0.mp4,judder,level0,/home/jv495/Datasets/GAIM240/landscape_judder_level0.mp4,landscape_motion_noise_level2.mp4,motion_noise,level2,/home/jv495/Datasets/GAIM240/landscape_motion_noise_level2.mp4
1176,landscape,INTER-DISTORTION,landscape_reference.mp4,/home/jv495/Datasets/GAIM240/landscape_reference.mp4,landscape_judder_level0.mp4,judder,level0,/home/jv495/Datasets/GAIM240/landscape_judder_level0.mp4,landscape_motion_resolution_level0.mp4,motion_resolution,level0,/home/jv495/Datasets/GAIM240/landscape_motion_resolution_level0.mp4
1177,landscape,INTER-DISTORTION,landscape_reference.mp4,/home/jv495/Datasets/GAIM240/landscape_reference.mp4,landscape_judder_level0.mp4,judder,level0,/home/jv495/Datasets/GAIM240/landscape_judder_level0.mp4,landscape_motion_resolution_level1.mp4,motion_resolution,level1,/home/jv495/Datasets/GAIM240/landscape_motion_resolution_level1.mp4
1178,landscape,INTER-DISTORTION,landscape_reference.mp4,/home/jv495/Datasets/GAIM240/landscape_reference.mp4,landscape_judder_level0.mp4,judder,level0,/home/jv495/Datasets/GAIM240/landscape_judder_level0.mp4,landscape_motion_resolution_level2.mp4,motion_resolution,level2,/home/jv495/Datasets/GAIM240/landscape_motion_resolution_level2.mp4
1179,landscape,INTER-DISTORTION,landscape_reference.mp4,/home/jv495/Datasets/GAIM240/landscape_reference.mp4,landscape_judder_level0.mp4,judder,level0,/home/jv495/Datasets/GAIM240/landscape_judder_level0.mp4,landscape_noise_colors_level0.mp4,noise_colors,level0,/home/jv495/Datasets/GAIM240/landscape_noise_colors_level0.mp4
1180,landscape,INTER-DISTORTION,landscape_reference.mp4,/home/jv495/Datasets/GAIM240/landscape_reference.mp4,landscape_judder_level0.mp4,judder,level0,/home/jv495/Datasets/GAIM240/landscape_judder_level0.mp4,landscape_noise_colors_level1.mp4,noise_colors,level1,/home/jv495/Datasets/GAIM240/landscape_noise_colors_level1.mp4
1181,landscape,INTER-DISTORTION,landscape_reference.mp4,/home/jv495/Datasets/GAIM240/landscape_reference.mp4,landscape_judder_level0.mp4,judder,level0,/home/jv495/Datasets/GAIM240/landscape_judder_level0.mp4,landscape_noise_colors_level2.mp4,noise_colors,level2,/home/jv495/Datasets/GAIM240/landscape_noise_colors_level2.mp4
1182,landscape,INTER-DISTORTION,landscape_reference.mp4,/home/jv495/Datasets/GAIM240/landscape_reference.mp4,landscape_judder_level0.mp4,judder,level0,/home/jv495/Datasets/GAIM240/landscape_judder_level0.mp4,landscape_restir_level0.mp4,restir,level0,/home/jv495/Datasets/GAIM240/landscape_restir_level0.mp4
1183,landscape,INTER-DISTORTION,landscape_reference.mp4,/home/jv495/Datasets/GAIM240/landscape_reference.mp4,landscape_judder_level0.mp4,judder,level0,/home/jv495/Datasets/GAIM240/landscape_judder_level0.mp4,landscape_restir_level1.mp4,restir,level1,/home/jv495/Datasets/GAIM240/landscape_restir_level1.mp4
1184,landscape,INTER-DISTORTION,landscape_reference.mp4,/home/jv495/Datasets/GAIM240/landscape_reference.mp4,landscape_judder_level0.mp4,judder,level0,/home/jv495/Datasets/GAIM240/landscape_judder_level0.mp4,landscape_restir_level2.mp4,restir,level2,/home/jv495/Datasets/GAIM240/landscape_restir_level2.mp4
1185,landscape,INTER-DISTORTION,landscape_reference.mp4,/home/jv495/Datasets/GAIM240/landscape_reference.mp4,landscape_judder_level0.mp4,judder,level0,/home/jv495/Datasets/GAIM240/landscape_judder_level0.mp4,landscape_stutter_level0.mp4,stutter,level0,/home/jv495/Datasets/GAIM240/landscape_stutter_level0.mp4
1186,landscape,INTER-DISTORTION,landscape_reference.mp4,/home/jv495/Datasets/GAIM240/landscape_reference.mp4,landscape_judder_level0.mp4,judder,level0,/home/jv495/Datasets/GAIM240/landscape_judder_level0.mp4,landscape_stutter_level1.mp4,stutter,level1,/home/jv495/Datasets/GAIM240/landscape_stutter_level1.mp4
1187,landscape,INTER-DISTORTION,landscape_reference.mp4,/home/jv495/Datasets/GAIM240/landscape_reference.mp4,landscape_judder_level0.mp4,judder,level0,/home/jv495/Datasets/GAIM240/landscape_judder_level0.mp4,landscape_stutter_level2.mp4,stutter,level2,/home/jv495/Datasets/GAIM240/landscape_stutter_level2.mp4
1188,landscape,INTER-DISTORTION,landscape_reference.mp4,/home/jv495/Datasets/GAIM240/landscape_reference.mp4,landscape_judder_level0.mp4,judder,level0,/home/jv495/Datasets/GAIM240/landscape_judder_level0.mp4,landscape_temporal-resolution-multiplexing_level0.mp4,temporal-resolution-multiplexing,level0,/home/jv495/Datasets/GAIM240/landscape_temporal-resolution-multiplexing_level0.mp4
1189,landscape,INTER-DISTORTION,landscape_reference.mp4,/home/jv495/Datasets/GAIM240/landscape_reference.mp4,landscape_judder_level0.mp4,judder,level0,/home/jv495/Datasets/GAIM240/landscape_judder_level0.mp4,landscape_temporal-resolution-multiplexing_level1.mp4,temporal-resolution-multiplexing,level1,/home/jv495/Datasets/GAIM240/landscape_temporal-resolution-multiplexing_level1.mp4
1190,landscape,INTER-DISTORTION,landscape_reference.mp4,/home/jv495/Datasets/GAIM240/landscape_reference.mp4,landscape_judder_level0.mp4,judder,level0,/home/jv495/Datasets/GAIM240/landscape_judder_level0.mp4,landscape_temporal-resolution-multiplexing_level2.mp4,temporal-resolution-multiplexing,level2,/home/jv495/Datasets/GAIM240/landscape_temporal-resolution-multiplexing_level2.mp4
1191,landscape,INTRA-DISTORTION,landscape_reference.mp4,/home/jv495/Datasets/GAIM240/landscape_reference.mp4,landscape_judder_level1.mp4,judder,level1,/home/jv495/Datasets/GAIM240/landscape_judder_level1.mp4,landscape_judder_level2.mp4,judder,level2,/home/jv495/Datasets/GAIM240/landscape_judder_level2.mp4
1192,landscape,INTER-DISTORTION,landscape_reference.mp4,/home/jv495/Datasets/GAIM240/landscape_reference.mp4,landscape_judder_level1.mp4,judder,level1,/home/jv495/Datasets/GAIM240/landscape_judder_level1.mp4,landscape_motion_noise_level0.mp4,motion_noise,level0,/home/jv495/Datasets/GAIM240/landscape_motion_noise_level0.mp4
1193,landscape,INTER-DISTORTION,landscape_reference.mp4,/home/jv495/Datasets/GAIM240/landscape_reference.mp4,landscape_judder_level1.mp4,judder,level1,/home/jv495/Datasets/GAIM240/landscape_judder_level1.mp4,landscape_motion_noise_level1.mp4,motion_noise,level1,/home/jv495/Datasets/GAIM240/landscape_motion_noise_level1.mp4
1194,landscape,INTER-DISTORTION,landscape_reference.mp4,/home/jv495/Datasets/GAIM240/landscape_reference.mp4,landscape_judder_level1.mp4,judder,level1,/home/jv495/Datasets/GAIM240/landscape_judder_level1.mp4,landscape_motion_noise_level2.mp4,motion_noise,level2,/home/jv495/Datasets/GAIM240/landscape_motion_noise_level2.mp4
1195,landscape,INTER-DISTORTION,landscape_reference.mp4,/home/jv495/Datasets/GAIM240/landscape_reference.mp4,landscape_judder_level1.mp4,judder,level1,/home/jv495/Datasets/GAIM240/landscape_judder_level1.mp4,landscape_motion_resolution_level0.mp4,motion_resolution,level0,/home/jv495/Datasets/GAIM240/landscape_motion_resolution_level0.mp4
1196,landscape,INTER-DISTORTION,landscape_reference.mp4,/home/jv495/Datasets/GAIM240/landscape_reference.mp4,landscape_judder_level1.mp4,judder,level1,/home/jv495/Datasets/GAIM240/landscape_judder_level1.mp4,landscape_motion_resolution_level1.mp4,motion_resolution,level1,/home/jv495/Datasets/GAIM240/landscape_motion_resolution_level1.mp4
1197,landscape,INTER-DISTORTION,landscape_reference.mp4,/home/jv495/Datasets/GAIM240/landscape_reference.mp4,landscape_judder_level1.mp4,judder,level1,/home/jv495/Datasets/GAIM240/landscape_judder_level1.mp4,landscape_motion_resolution_level2.mp4,motion_resolution,level2,/home/jv495/Datasets/GAIM240/landscape_motion_resolution_level2.mp4
1198,landscape,INTER-DISTORTION,landscape_reference.mp4,/home/jv495/Datasets/GAIM240/landscape_reference.mp4,landscape_judder_level1.mp4,judder,level1,/home/jv495/Datasets/GAIM240/landscape_judder_level1.mp4,landscape_noise_colors_level0.mp4,noise_colors,level0,/home/jv495/Datasets/GAIM240/landscape_noise_colors_level0.mp4
1199,landscape,INTER-DISTORTION,landscape_reference.mp4,/home/jv495/Datasets/GAIM240/landscape_reference.mp4,landscape_judder_level1.mp4,judder,level1,/home/jv495/Datasets/GAIM240/landscape_judder_level1.mp4,landscape_noise_colors_level1.mp4,noise_colors,level1,/home/jv495/Datasets/GAIM240/landscape_noise_colors_level1.mp4
1200,landscape,INTER-DISTORTION,landscape_reference.mp4,/home/jv495/Datasets/GAIM240/landscape_reference.mp4,landscape_judder_level1.mp4,judder,level1,/home/jv495/Datasets/GAIM240/landscape_judder_level1.mp4,landscape_noise_colors_level2.mp4,noise_colors,level2,/home/jv495/Datasets/GAIM240/landscape_noise_colors_level2.mp4
1201,landscape,INTER-DISTORTION,landscape_reference.mp4,/home/jv495/Datasets/GAIM240/landscape_reference.mp4,landscape_judder_level1.mp4,judder,level1,/home/jv495/Datasets/GAIM240/landscape_judder_level1.mp4,landscape_restir_level0.mp4,restir,level0,/home/jv495/Datasets/GAIM240/landscape_restir_level0.mp4
1202,landscape,INTER-DISTORTION,landscape_reference.mp4,/home/jv495/Datasets/GAIM240/landscape_reference.mp4,landscape_judder_level1.mp4,judder,level1,/home/jv495/Datasets/GAIM240/landscape_judder_level1.mp4,landscape_restir_level1.mp4,restir,level1,/home/jv495/Datasets/GAIM240/landscape_restir_level1.mp4
1203,landscape,INTER-DISTORTION,landscape_reference.mp4,/home/jv495/Datasets/GAIM240/landscape_reference.mp4,landscape_judder_level1.mp4,judder,level1,/home/jv495/Datasets/GAIM240/landscape_judder_level1.mp4,landscape_restir_level2.mp4,restir,level2,/home/jv495/Datasets/GAIM240/landscape_restir_level2.mp4
1204,landscape,INTER-DISTORTION,landscape_reference.mp4,/home/jv495/Datasets/GAIM240/landscape_reference.mp4,landscape_judder_level1.mp4,judder,level1,/home/jv495/Datasets/GAIM240/landscape_judder_level1.mp4,landscape_stutter_level0.mp4,stutter,level0,/home/jv495/Datasets/GAIM240/landscape_stutter_level0.mp4
1205,landscape,INTER-DISTORTION,landscape_reference.mp4,/home/jv495/Datasets/GAIM240/landscape_reference.mp4,landscape_judder_level1.mp4,judder,level1,/home/jv495/Datasets/GAIM240/landscape_judder_level1.mp4,landscape_stutter_level1.mp4,stutter,level1,/home/jv495/Datasets/GAIM240/landscape_stutter_level1.mp4
1206,landscape,INTER-DISTORTION,landscape_reference.mp4,/home/jv495/Datasets/GAIM240/landscape_reference.mp4,landscape_judder_level1.mp4,judder,level1,/home/jv495/Datasets/GAIM240/landscape_judder_level1.mp4,landscape_stutter_level2.mp4,stutter,level2,/home/jv495/Datasets/GAIM240/landscape_stutter_level2.mp4
1207,landscape,INTER-DISTORTION,landscape_reference.mp4,/home/jv495/Datasets/GAIM240/landscape_reference.mp4,landscape_judder_level1.mp4,judder,level1,/home/jv495/Datasets/GAIM240/landscape_judder_level1.mp4,landscape_temporal-resolution-multiplexing_level0.mp4,temporal-resolution-multiplexing,level0,/home/jv495/Datasets/GAIM240/landscape_temporal-resolution-multiplexing_level0.mp4
1208,landscape,INTER-DISTORTION,landscape_reference.mp4,/home/jv495/Datasets/GAIM240/landscape_reference.mp4,landscape_judder_level1.mp4,judder,level1,/home/jv495/Datasets/GAIM240/landscape_judder_level1.mp4,landscape_temporal-resolution-multiplexing_level1.mp4,temporal-resolution-multiplexing,level1,/home/jv495/Datasets/GAIM240/landscape_temporal-resolution-multiplexing_level1.mp4
1209,landscape,INTER-DISTORTION,landscape_reference.mp4,/home/jv495/Datasets/GAIM240/landscape_reference.mp4,landscape_judder_level1.mp4,judder,level1,/home/jv495/Datasets/GAIM240/landscape_judder_level1.mp4,landscape_temporal-resolution-multiplexing_level2.mp4,temporal-resolution-multiplexing,level2,/home/jv495/Datasets/GAIM240/landscape_temporal-resolution-multiplexing_level2.mp4
1210,landscape,INTER-DISTORTION,landscape_reference.mp4,/home/jv495/Datasets/GAIM240/landscape_reference.mp4,landscape_judder_level2.mp4,judder,level2,/home/jv495/Datasets/GAIM240/landscape_judder_level2.mp4,landscape_motion_noise_level0.mp4,motion_noise,level0,/home/jv495/Datasets/GAIM240/landscape_motion_noise_level0.mp4
1211,landscape,INTER-DISTORTION,landscape_reference.mp4,/home/jv495/Datasets/GAIM240/landscape_reference.mp4,landscape_judder_level2.mp4,judder,level2,/home/jv495/Datasets/GAIM240/landscape_judder_level2.mp4,landscape_motion_noise_level1.mp4,motion_noise,level1,/home/jv495/Datasets/GAIM240/landscape_motion_noise_level1.mp4
1212,landscape,INTER-DISTORTION,landscape_reference.mp4,/home/jv495/Datasets/GAIM240/landscape_reference.mp4,landscape_judder_level2.mp4,judder,level2,/home/jv495/Datasets/GAIM240/landscape_judder_level2.mp4,landscape_motion_noise_level2.mp4,motion_noise,level2,/home/jv495/Datasets/GAIM240/landscape_motion_noise_level2.mp4
1213,landscape,INTER-DISTORTION,landscape_reference.mp4,/home/jv495/Datasets/GAIM240/landscape_reference.mp4,landscape_judder_level2.mp4,judder,level2,/home/jv495/Datasets/GAIM240/landscape_judder_level2.mp4,landscape_motion_resolution_level0.mp4,motion_resolution,level0,/home/jv495/Datasets/GAIM240/landscape_motion_resolution_level0.mp4
1214,landscape,INTER-DISTORTION,landscape_reference.mp4,/home/jv495/Datasets/GAIM240/landscape_reference.mp4,landscape_judder_level2.mp4,judder,level2,/home/jv495/Datasets/GAIM240/landscape_judder_level2.mp4,landscape_motion_resolution_level1.mp4,motion_resolution,level1,/home/jv495/Datasets/GAIM240/landscape_motion_resolution_level1.mp4
1215,landscape,INTER-DISTORTION,landscape_reference.mp4,/home/jv495/Datasets/GAIM240/landscape_reference.mp4,landscape_judder_level2.mp4,judder,level2,/home/jv495/Datasets/GAIM240/landscape_judder_level2.mp4,landscape_motion_resolution_level2.mp4,motion_resolution,level2,/home/jv495/Datasets/GAIM240/landscape_motion_resolution_level2.mp4
1216,landscape,INTER-DISTORTION,landscape_reference.mp4,/home/jv495/Datasets/GAIM240/landscape_reference.mp4,landscape_judder_level2.mp4,judder,level2,/home/jv495/Datasets/GAIM240/landscape_judder_level2.mp4,landscape_noise_colors_level0.mp4,noise_colors,level0,/home/jv495/Datasets/GAIM240/landscape_noise_colors_level0.mp4
1217,landscape,INTER-DISTORTION,landscape_reference.mp4,/home/jv495/Datasets/GAIM240/landscape_reference.mp4,landscape_judder_level2.mp4,judder,level2,/home/jv495/Datasets/GAIM240/landscape_judder_level2.mp4,landscape_noise_colors_level1.mp4,noise_colors,level1,/home/jv495/Datasets/GAIM240/landscape_noise_colors_level1.mp4
1218,landscape,INTER-DISTORTION,landscape_reference.mp4,/home/jv495/Datasets/GAIM240/landscape_reference.mp4,landscape_judder_level2.mp4,judder,level2,/home/jv495/Datasets/GAIM240/landscape_judder_level2.mp4,landscape_noise_colors_level2.mp4,noise_colors,level2,/home/jv495/Datasets/GAIM240/landscape_noise_colors_level2.mp4
1219,landscape,INTER-DISTORTION,landscape_reference.mp4,/home/jv495/Datasets/GAIM240/landscape_reference.mp4,landscape_judder_level2.mp4,judder,level2,/home/jv495/Datasets/GAIM240/landscape_judder_level2.mp4,landscape_restir_level0.mp4,restir,level0,/home/jv495/Datasets/GAIM240/landscape_restir_level0.mp4
1220,landscape,INTER-DISTORTION,landscape_reference.mp4,/home/jv495/Datasets/GAIM240/landscape_reference.mp4,landscape_judder_level2.mp4,judder,level2,/home/jv495/Datasets/GAIM240/landscape_judder_level2.mp4,landscape_restir_level1.mp4,restir,level1,/home/jv495/Datasets/GAIM240/landscape_restir_level1.mp4
1221,landscape,INTER-DISTORTION,landscape_reference.mp4,/home/jv495/Datasets/GAIM240/landscape_reference.mp4,landscape_judder_level2.mp4,judder,level2,/home/jv495/Datasets/GAIM240/landscape_judder_level2.mp4,landscape_restir_level2.mp4,restir,level2,/home/jv495/Datasets/GAIM240/landscape_restir_level2.mp4
1222,landscape,INTER-DISTORTION,landscape_reference.mp4,/home/jv495/Datasets/GAIM240/landscape_reference.mp4,landscape_judder_level2.mp4,judder,level2,/home/jv495/Datasets/GAIM240/landscape_judder_level2.mp4,landscape_stutter_level0.mp4,stutter,level0,/home/jv495/Datasets/GAIM240/landscape_stutter_level0.mp4
1223,landscape,INTER-DISTORTION,landscape_reference.mp4,/home/jv495/Datasets/GAIM240/landscape_reference.mp4,landscape_judder_level2.mp4,judder,level2,/home/jv495/Datasets/GAIM240/landscape_judder_level2.mp4,landscape_stutter_level1.mp4,stutter,level1,/home/jv495/Datasets/GAIM240/landscape_stutter_level1.mp4
1224,landscape,INTER-DISTORTION,landscape_reference.mp4,/home/jv495/Datasets/GAIM240/landscape_reference.mp4,landscape_judder_level2.mp4,judder,level2,/home/jv495/Datasets/GAIM240/landscape_judder_level2.mp4,landscape_stutter_level2.mp4,stutter,level2,/home/jv495/Datasets/GAIM240/landscape_stutter_level2.mp4
1225,landscape,INTER-DISTORTION,landscape_reference.mp4,/home/jv495/Datasets/GAIM240/landscape_reference.mp4,landscape_judder_level2.mp4,judder,level2,/home/jv495/Datasets/GAIM240/landscape_judder_level2.mp4,landscape_temporal-resolution-multiplexing_level0.mp4,temporal-resolution-multiplexing,level0,/home/jv495/Datasets/GAIM240/landscape_temporal-resolution-multiplexing_level0.mp4
1226,landscape,INTER-DISTORTION,landscape_reference.mp4,/home/jv495/Datasets/GAIM240/landscape_reference.mp4,landscape_judder_level2.mp4,judder,level2,/home/jv495/Datasets/GAIM240/landscape_judder_level2.mp4,landscape_temporal-resolution-multiplexing_level1.mp4,temporal-resolution-multiplexing,level1,/home/jv495/Datasets/GAIM240/landscape_temporal-resolution-multiplexing_level1.mp4
1227,landscape,INTER-DISTORTION,landscape_reference.mp4,/home/jv495/Datasets/GAIM240/landscape_reference.mp4,landscape_judder_level2.mp4,judder,level2,/home/jv495/Datasets/GAIM240/landscape_judder_level2.mp4,landscape_temporal-resolution-multiplexing_level2.mp4,temporal-resolution-multiplexing,level2,/home/jv495/Datasets/GAIM240/landscape_temporal-resolution-multiplexing_level2.mp4
1228,landscape,INTRA-DISTORTION,landscape_reference.mp4,/home/jv495/Datasets/GAIM240/landscape_reference.mp4,landscape_motion_noise_level0.mp4,motion_noise,level0,/home/jv495/Datasets/GAIM240/landscape_motion_noise_level0.mp4,landscape_motion_noise_level1.mp4,motion_noise,level1,/home/jv495/Datasets/GAIM240/landscape_motion_noise_level1.mp4
1229,landscape,INTRA-DISTORTION,landscape_reference.mp4,/home/jv495/Datasets/GAIM240/landscape_reference.mp4,landscape_motion_noise_level0.mp4,motion_noise,level0,/home/jv495/Datasets/GAIM240/landscape_motion_noise_level0.mp4,landscape_motion_noise_level2.mp4,motion_noise,level2,/home/jv495/Datasets/GAIM240/landscape_motion_noise_level2.mp4
1230,landscape,INTER-DISTORTION,landscape_reference.mp4,/home/jv495/Datasets/GAIM240/landscape_reference.mp4,landscape_motion_noise_level0.mp4,motion_noise,level0,/home/jv495/Datasets/GAIM240/landscape_motion_noise_level0.mp4,landscape_motion_resolution_level0.mp4,motion_resolution,level0,/home/jv495/Datasets/GAIM240/landscape_motion_resolution_level0.mp4
1231,landscape,INTER-DISTORTION,landscape_reference.mp4,/home/jv495/Datasets/GAIM240/landscape_reference.mp4,landscape_motion_noise_level0.mp4,motion_noise,level0,/home/jv495/Datasets/GAIM240/landscape_motion_noise_level0.mp4,landscape_motion_resolution_level1.mp4,motion_resolution,level1,/home/jv495/Datasets/GAIM240/landscape_motion_resolution_level1.mp4
1232,landscape,INTER-DISTORTION,landscape_reference.mp4,/home/jv495/Datasets/GAIM240/landscape_reference.mp4,landscape_motion_noise_level0.mp4,motion_noise,level0,/home/jv495/Datasets/GAIM240/landscape_motion_noise_level0.mp4,landscape_motion_resolution_level2.mp4,motion_resolution,level2,/home/jv495/Datasets/GAIM240/landscape_motion_resolution_level2.mp4
1233,landscape,INTER-DISTORTION,landscape_reference.mp4,/home/jv495/Datasets/GAIM240/landscape_reference.mp4,landscape_motion_noise_level0.mp4,motion_noise,level0,/home/jv495/Datasets/GAIM240/landscape_motion_noise_level0.mp4,landscape_noise_colors_level0.mp4,noise_colors,level0,/home/jv495/Datasets/GAIM240/landscape_noise_colors_level0.mp4
1234,landscape,INTER-DISTORTION,landscape_reference.mp4,/home/jv495/Datasets/GAIM240/landscape_reference.mp4,landscape_motion_noise_level0.mp4,motion_noise,level0,/home/jv495/Datasets/GAIM240/landscape_motion_noise_level0.mp4,landscape_noise_colors_level1.mp4,noise_colors,level1,/home/jv495/Datasets/GAIM240/landscape_noise_colors_level1.mp4
1235,landscape,INTER-DISTORTION,landscape_reference.mp4,/home/jv495/Datasets/GAIM240/landscape_reference.mp4,landscape_motion_noise_level0.mp4,motion_noise,level0,/home/jv495/Datasets/GAIM240/landscape_motion_noise_level0.mp4,landscape_noise_colors_level2.mp4,noise_colors,level2,/home/jv495/Datasets/GAIM240/landscape_noise_colors_level2.mp4
1236,landscape,INTER-DISTORTION,landscape_reference.mp4,/home/jv495/Datasets/GAIM240/landscape_reference.mp4,landscape_motion_noise_level0.mp4,motion_noise,level0,/home/jv495/Datasets/GAIM240/landscape_motion_noise_level0.mp4,landscape_restir_level0.mp4,restir,level0,/home/jv495/Datasets/GAIM240/landscape_restir_level0.mp4
1237,landscape,INTER-DISTORTION,landscape_reference.mp4,/home/jv495/Datasets/GAIM240/landscape_reference.mp4,landscape_motion_noise_level0.mp4,motion_noise,level0,/home/jv495/Datasets/GAIM240/landscape_motion_noise_level0.mp4,landscape_restir_level1.mp4,restir,level1,/home/jv495/Datasets/GAIM240/landscape_restir_level1.mp4
1238,landscape,INTER-DISTORTION,landscape_reference.mp4,/home/jv495/Datasets/GAIM240/landscape_reference.mp4,landscape_motion_noise_level0.mp4,motion_noise,level0,/home/jv495/Datasets/GAIM240/landscape_motion_noise_level0.mp4,landscape_restir_level2.mp4,restir,level2,/home/jv495/Datasets/GAIM240/landscape_restir_level2.mp4
1239,landscape,INTER-DISTORTION,landscape_reference.mp4,/home/jv495/Datasets/GAIM240/landscape_reference.mp4,landscape_motion_noise_level0.mp4,motion_noise,level0,/home/jv495/Datasets/GAIM240/landscape_motion_noise_level0.mp4,landscape_stutter_level0.mp4,stutter,level0,/home/jv495/Datasets/GAIM240/landscape_stutter_level0.mp4
1240,landscape,INTER-DISTORTION,landscape_reference.mp4,/home/jv495/Datasets/GAIM240/landscape_reference.mp4,landscape_motion_noise_level0.mp4,motion_noise,level0,/home/jv495/Datasets/GAIM240/landscape_motion_noise_level0.mp4,landscape_stutter_level1.mp4,stutter,level1,/home/jv495/Datasets/GAIM240/landscape_stutter_level1.mp4
1241,landscape,INTER-DISTORTION,landscape_reference.mp4,/home/jv495/Datasets/GAIM240/landscape_reference.mp4,landscape_motion_noise_level0.mp4,motion_noise,level0,/home/jv495/Datasets/GAIM240/landscape_motion_noise_level0.mp4,landscape_stutter_level2.mp4,stutter,level2,/home/jv495/Datasets/GAIM240/landscape_stutter_level2.mp4
1242,landscape,INTER-DISTORTION,landscape_reference.mp4,/home/jv495/Datasets/GAIM240/landscape_reference.mp4,landscape_motion_noise_level0.mp4,motion_noise,level0,/home/jv495/Datasets/GAIM240/landscape_motion_noise_level0.mp4,landscape_temporal-resolution-multiplexing_level0.mp4,temporal-resolution-multiplexing,level0,/home/jv495/Datasets/GAIM240/landscape_temporal-resolution-multiplexing_level0.mp4
1243,landscape,INTER-DISTORTION,landscape_reference.mp4,/home/jv495/Datasets/GAIM240/landscape_reference.mp4,landscape_motion_noise_level0.mp4,motion_noise,level0,/home/jv495/Datasets/GAIM240/landscape_motion_noise_level0.mp4,landscape_temporal-resolution-multiplexing_level1.mp4,temporal-resolution-multiplexing,level1,/home/jv495/Datasets/GAIM240/landscape_temporal-resolution-multiplexing_level1.mp4
1244,landscape,INTER-DISTORTION,landscape_reference.mp4,/home/jv495/Datasets/GAIM240/landscape_reference.mp4,landscape_motion_noise_level0.mp4,motion_noise,level0,/home/jv495/Datasets/GAIM240/landscape_motion_noise_level0.mp4,landscape_temporal-resolution-multiplexing_level2.mp4,temporal-resolution-multiplexing,level2,/home/jv495/Datasets/GAIM240/landscape_temporal-resolution-multiplexing_level2.mp4
1245,landscape,INTRA-DISTORTION,landscape_reference.mp4,/home/jv495/Datasets/GAIM240/landscape_reference.mp4,landscape_motion_noise_level1.mp4,motion_noise,level1,/home/jv495/Datasets/GAIM240/landscape_motion_noise_level1.mp4,landscape_motion_noise_level2.mp4,motion_noise,level2,/home/jv495/Datasets/GAIM240/landscape_motion_noise_level2.mp4
1246,landscape,INTER-DISTORTION,landscape_reference.mp4,/home/jv495/Datasets/GAIM240/landscape_reference.mp4,landscape_motion_noise_level1.mp4,motion_noise,level1,/home/jv495/Datasets/GAIM240/landscape_motion_noise_level1.mp4,landscape_motion_resolution_level0.mp4,motion_resolution,level0,/home/jv495/Datasets/GAIM240/landscape_motion_resolution_level0.mp4
1247,landscape,INTER-DISTORTION,landscape_reference.mp4,/home/jv495/Datasets/GAIM240/landscape_reference.mp4,landscape_motion_noise_level1.mp4,motion_noise,level1,/home/jv495/Datasets/GAIM240/landscape_motion_noise_level1.mp4,landscape_motion_resolution_level1.mp4,motion_resolution,level1,/home/jv495/Datasets/GAIM240/landscape_motion_resolution_level1.mp4
1248,landscape,INTER-DISTORTION,landscape_reference.mp4,/home/jv495/Datasets/GAIM240/landscape_reference.mp4,landscape_motion_noise_level1.mp4,motion_noise,level1,/home/jv495/Datasets/GAIM240/landscape_motion_noise_level1.mp4,landscape_motion_resolution_level2.mp4,motion_resolution,level2,/home/jv495/Datasets/GAIM240/landscape_motion_resolution_level2.mp4
1249,landscape,INTER-DISTORTION,landscape_reference.mp4,/home/jv495/Datasets/GAIM240/landscape_reference.mp4,landscape_motion_noise_level1.mp4,motion_noise,level1,/home/jv495/Datasets/GAIM240/landscape_motion_noise_level1.mp4,landscape_noise_colors_level0.mp4,noise_colors,level0,/home/jv495/Datasets/GAIM240/landscape_noise_colors_level0.mp4
1250,landscape,INTER-DISTORTION,landscape_reference.mp4,/home/jv495/Datasets/GAIM240/landscape_reference.mp4,landscape_motion_noise_level1.mp4,motion_noise,level1,/home/jv495/Datasets/GAIM240/landscape_motion_noise_level1.mp4,landscape_noise_colors_level1.mp4,noise_colors,level1,/home/jv495/Datasets/GAIM240/landscape_noise_colors_level1.mp4
1251,landscape,INTER-DISTORTION,landscape_reference.mp4,/home/jv495/Datasets/GAIM240/landscape_reference.mp4,landscape_motion_noise_level1.mp4,motion_noise,level1,/home/jv495/Datasets/GAIM240/landscape_motion_noise_level1.mp4,landscape_noise_colors_level2.mp4,noise_colors,level2,/home/jv495/Datasets/GAIM240/landscape_noise_colors_level2.mp4
1252,landscape,INTER-DISTORTION,landscape_reference.mp4,/home/jv495/Datasets/GAIM240/landscape_reference.mp4,landscape_motion_noise_level1.mp4,motion_noise,level1,/home/jv495/Datasets/GAIM240/landscape_motion_noise_level1.mp4,landscape_restir_level0.mp4,restir,level0,/home/jv495/Datasets/GAIM240/landscape_restir_level0.mp4
1253,landscape,INTER-DISTORTION,landscape_reference.mp4,/home/jv495/Datasets/GAIM240/landscape_reference.mp4,landscape_motion_noise_level1.mp4,motion_noise,level1,/home/jv495/Datasets/GAIM240/landscape_motion_noise_level1.mp4,landscape_restir_level1.mp4,restir,level1,/home/jv495/Datasets/GAIM240/landscape_restir_level1.mp4
1254,landscape,INTER-DISTORTION,landscape_reference.mp4,/home/jv495/Datasets/GAIM240/landscape_reference.mp4,landscape_motion_noise_level1.mp4,motion_noise,level1,/home/jv495/Datasets/GAIM240/landscape_motion_noise_level1.mp4,landscape_restir_level2.mp4,restir,level2,/home/jv495/Datasets/GAIM240/landscape_restir_level2.mp4
1255,landscape,INTER-DISTORTION,landscape_reference.mp4,/home/jv495/Datasets/GAIM240/landscape_reference.mp4,landscape_motion_noise_level1.mp4,motion_noise,level1,/home/jv495/Datasets/GAIM240/landscape_motion_noise_level1.mp4,landscape_stutter_level0.mp4,stutter,level0,/home/jv495/Datasets/GAIM240/landscape_stutter_level0.mp4
1256,landscape,INTER-DISTORTION,landscape_reference.mp4,/home/jv495/Datasets/GAIM240/landscape_reference.mp4,landscape_motion_noise_level1.mp4,motion_noise,level1,/home/jv495/Datasets/GAIM240/landscape_motion_noise_level1.mp4,landscape_stutter_level1.mp4,stutter,level1,/home/jv495/Datasets/GAIM240/landscape_stutter_level1.mp4
1257,landscape,INTER-DISTORTION,landscape_reference.mp4,/home/jv495/Datasets/GAIM240/landscape_reference.mp4,landscape_motion_noise_level1.mp4,motion_noise,level1,/home/jv495/Datasets/GAIM240/landscape_motion_noise_level1.mp4,landscape_stutter_level2.mp4,stutter,level2,/home/jv495/Datasets/GAIM240/landscape_stutter_level2.mp4
1258,landscape,INTER-DISTORTION,landscape_reference.mp4,/home/jv495/Datasets/GAIM240/landscape_reference.mp4,landscape_motion_noise_level1.mp4,motion_noise,level1,/home/jv495/Datasets/GAIM240/landscape_motion_noise_level1.mp4,landscape_temporal-resolution-multiplexing_level0.mp4,temporal-resolution-multiplexing,level0,/home/jv495/Datasets/GAIM240/landscape_temporal-resolution-multiplexing_level0.mp4
1259,landscape,INTER-DISTORTION,landscape_reference.mp4,/home/jv495/Datasets/GAIM240/landscape_reference.mp4,landscape_motion_noise_level1.mp4,motion_noise,level1,/home/jv495/Datasets/GAIM240/landscape_motion_noise_level1.mp4,landscape_temporal-resolution-multiplexing_level1.mp4,temporal-resolution-multiplexing,level1,/home/jv495/Datasets/GAIM240/landscape_temporal-resolution-multiplexing_level1.mp4
1260,landscape,INTER-DISTORTION,landscape_reference.mp4,/home/jv495/Datasets/GAIM240/landscape_reference.mp4,landscape_motion_noise_level1.mp4,motion_noise,level1,/home/jv495/Datasets/GAIM240/landscape_motion_noise_level1.mp4,landscape_temporal-resolution-multiplexing_level2.mp4,temporal-resolution-multiplexing,level2,/home/jv495/Datasets/GAIM240/landscape_temporal-resolution-multiplexing_level2.mp4
1261,landscape,INTER-DISTORTION,landscape_reference.mp4,/home/jv495/Datasets/GAIM240/landscape_reference.mp4,landscape_motion_noise_level2.mp4,motion_noise,level2,/home/jv495/Datasets/GAIM240/landscape_motion_noise_level2.mp4,landscape_motion_resolution_level0.mp4,motion_resolution,level0,/home/jv495/Datasets/GAIM240/landscape_motion_resolution_level0.mp4
1262,landscape,INTER-DISTORTION,landscape_reference.mp4,/home/jv495/Datasets/GAIM240/landscape_reference.mp4,landscape_motion_noise_level2.mp4,motion_noise,level2,/home/jv495/Datasets/GAIM240/landscape_motion_noise_level2.mp4,landscape_motion_resolution_level1.mp4,motion_resolution,level1,/home/jv495/Datasets/GAIM240/landscape_motion_resolution_level1.mp4
1263,landscape,INTER-DISTORTION,landscape_reference.mp4,/home/jv495/Datasets/GAIM240/landscape_reference.mp4,landscape_motion_noise_level2.mp4,motion_noise,level2,/home/jv495/Datasets/GAIM240/landscape_motion_noise_level2.mp4,landscape_motion_resolution_level2.mp4,motion_resolution,level2,/home/jv495/Datasets/GAIM240/landscape_motion_resolution_level2.mp4
1264,landscape,INTER-DISTORTION,landscape_reference.mp4,/home/jv495/Datasets/GAIM240/landscape_reference.mp4,landscape_motion_noise_level2.mp4,motion_noise,level2,/home/jv495/Datasets/GAIM240/landscape_motion_noise_level2.mp4,landscape_noise_colors_level0.mp4,noise_colors,level0,/home/jv495/Datasets/GAIM240/landscape_noise_colors_level0.mp4
1265,landscape,INTER-DISTORTION,landscape_reference.mp4,/home/jv495/Datasets/GAIM240/landscape_reference.mp4,landscape_motion_noise_level2.mp4,motion_noise,level2,/home/jv495/Datasets/GAIM240/landscape_motion_noise_level2.mp4,landscape_noise_colors_level1.mp4,noise_colors,level1,/home/jv495/Datasets/GAIM240/landscape_noise_colors_level1.mp4
1266,landscape,INTER-DISTORTION,landscape_reference.mp4,/home/jv495/Datasets/GAIM240/landscape_reference.mp4,landscape_motion_noise_level2.mp4,motion_noise,level2,/home/jv495/Datasets/GAIM240/landscape_motion_noise_level2.mp4,landscape_noise_colors_level2.mp4,noise_colors,level2,/home/jv495/Datasets/GAIM240/landscape_noise_colors_level2.mp4
1267,landscape,INTER-DISTORTION,landscape_reference.mp4,/home/jv495/Datasets/GAIM240/landscape_reference.mp4,landscape_motion_noise_level2.mp4,motion_noise,level2,/home/jv495/Datasets/GAIM240/landscape_motion_noise_level2.mp4,landscape_restir_level0.mp4,restir,level0,/home/jv495/Datasets/GAIM240/landscape_restir_level0.mp4
1268,landscape,INTER-DISTORTION,landscape_reference.mp4,/home/jv495/Datasets/GAIM240/landscape_reference.mp4,landscape_motion_noise_level2.mp4,motion_noise,level2,/home/jv495/Datasets/GAIM240/landscape_motion_noise_level2.mp4,landscape_restir_level1.mp4,restir,level1,/home/jv495/Datasets/GAIM240/landscape_restir_level1.mp4
1269,landscape,INTER-DISTORTION,landscape_reference.mp4,/home/jv495/Datasets/GAIM240/landscape_reference.mp4,landscape_motion_noise_level2.mp4,motion_noise,level2,/home/jv495/Datasets/GAIM240/landscape_motion_noise_level2.mp4,landscape_restir_level2.mp4,restir,level2,/home/jv495/Datasets/GAIM240/landscape_restir_level2.mp4
1270,landscape,INTER-DISTORTION,landscape_reference.mp4,/home/jv495/Datasets/GAIM240/landscape_reference.mp4,landscape_motion_noise_level2.mp4,motion_noise,level2,/home/jv495/Datasets/GAIM240/landscape_motion_noise_level2.mp4,landscape_stutter_level0.mp4,stutter,level0,/home/jv495/Datasets/GAIM240/landscape_stutter_level0.mp4
1271,landscape,INTER-DISTORTION,landscape_reference.mp4,/home/jv495/Datasets/GAIM240/landscape_reference.mp4,landscape_motion_noise_level2.mp4,motion_noise,level2,/home/jv495/Datasets/GAIM240/landscape_motion_noise_level2.mp4,landscape_stutter_level1.mp4,stutter,level1,/home/jv495/Datasets/GAIM240/landscape_stutter_level1.mp4
1272,landscape,INTER-DISTORTION,landscape_reference.mp4,/home/jv495/Datasets/GAIM240/landscape_reference.mp4,landscape_motion_noise_level2.mp4,motion_noise,level2,/home/jv495/Datasets/GAIM240/landscape_motion_noise_level2.mp4,landscape_stutter_level2.mp4,stutter,level2,/home/jv495/Datasets/GAIM240/landscape_stutter_level2.mp4
1273,landscape,INTER-DISTORTION,landscape_reference.mp4,/home/jv495/Datasets/GAIM240/landscape_reference.mp4,landscape_motion_noise_level2.mp4,motion_noise,level2,/home/jv495/Datasets/GAIM240/landscape_motion_noise_level2.mp4,landscape_temporal-resolution-multiplexing_level0.mp4,temporal-resolution-multiplexing,level0,/home/jv495/Datasets/GAIM240/landscape_temporal-resolution-multiplexing_level0.mp4
1274,landscape,INTER-DISTORTION,landscape_reference.mp4,/home/jv495/Datasets/GAIM240/landscape_reference.mp4,landscape_motion_noise_level2.mp4,motion_noise,level2,/home/jv495/Datasets/GAIM240/landscape_motion_noise_level2.mp4,landscape_temporal-resolution-multiplexing_level1.mp4,temporal-resolution-multiplexing,level1,/home/jv495/Datasets/GAIM240/landscape_temporal-resolution-multiplexing_level1.mp4
1275,landscape,INTER-DISTORTION,landscape_reference.mp4,/home/jv495/Datasets/GAIM240/landscape_reference.mp4,landscape_motion_noise_level2.mp4,motion_noise,level2,/home/jv495/Datasets/GAIM240/landscape_motion_noise_level2.mp4,landscape_temporal-resolution-multiplexing_level2.mp4,temporal-resolution-multiplexing,level2,/home/jv495/Datasets/GAIM240/landscape_temporal-resolution-multiplexing_level2.mp4
1276,landscape,INTRA-DISTORTION,landscape_reference.mp4,/home/jv495/Datasets/GAIM240/landscape_reference.mp4,landscape_motion_resolution_level0.mp4,motion_resolution,level0,/home/jv495/Datasets/GAIM240/landscape_motion_resolution_level0.mp4,landscape_motion_resolution_level1.mp4,motion_resolution,level1,/home/jv495/Datasets/GAIM240/landscape_motion_resolution_level1.mp4
1277,landscape,INTRA-DISTORTION,landscape_reference.mp4,/home/jv495/Datasets/GAIM240/landscape_reference.mp4,landscape_motion_resolution_level0.mp4,motion_resolution,level0,/home/jv495/Datasets/GAIM240/landscape_motion_resolution_level0.mp4,landscape_motion_resolution_level2.mp4,motion_resolution,level2,/home/jv495/Datasets/GAIM240/landscape_motion_resolution_level2.mp4
1278,landscape,INTER-DISTORTION,landscape_reference.mp4,/home/jv495/Datasets/GAIM240/landscape_reference.mp4,landscape_motion_resolution_level0.mp4,motion_resolution,level0,/home/jv495/Datasets/GAIM240/landscape_motion_resolution_level0.mp4,landscape_noise_colors_level0.mp4,noise_colors,level0,/home/jv495/Datasets/GAIM240/landscape_noise_colors_level0.mp4
1279,landscape,INTER-DISTORTION,landscape_reference.mp4,/home/jv495/Datasets/GAIM240/landscape_reference.mp4,landscape_motion_resolution_level0.mp4,motion_resolution,level0,/home/jv495/Datasets/GAIM240/landscape_motion_resolution_level0.mp4,landscape_noise_colors_level1.mp4,noise_colors,level1,/home/jv495/Datasets/GAIM240/landscape_noise_colors_level1.mp4
1280,landscape,INTER-DISTORTION,landscape_reference.mp4,/home/jv495/Datasets/GAIM240/landscape_reference.mp4,landscape_motion_resolution_level0.mp4,motion_resolution,level0,/home/jv495/Datasets/GAIM240/landscape_motion_resolution_level0.mp4,landscape_noise_colors_level2.mp4,noise_colors,level2,/home/jv495/Datasets/GAIM240/landscape_noise_colors_level2.mp4
1281,landscape,INTER-DISTORTION,landscape_reference.mp4,/home/jv495/Datasets/GAIM240/landscape_reference.mp4,landscape_motion_resolution_level0.mp4,motion_resolution,level0,/home/jv495/Datasets/GAIM240/landscape_motion_resolution_level0.mp4,landscape_restir_level0.mp4,restir,level0,/home/jv495/Datasets/GAIM240/landscape_restir_level0.mp4
1282,landscape,INTER-DISTORTION,landscape_reference.mp4,/home/jv495/Datasets/GAIM240/landscape_reference.mp4,landscape_motion_resolution_level0.mp4,motion_resolution,level0,/home/jv495/Datasets/GAIM240/landscape_motion_resolution_level0.mp4,landscape_restir_level1.mp4,restir,level1,/home/jv495/Datasets/GAIM240/landscape_restir_level1.mp4
1283,landscape,INTER-DISTORTION,landscape_reference.mp4,/home/jv495/Datasets/GAIM240/landscape_reference.mp4,landscape_motion_resolution_level0.mp4,motion_resolution,level0,/home/jv495/Datasets/GAIM240/landscape_motion_resolution_level0.mp4,landscape_restir_level2.mp4,restir,level2,/home/jv495/Datasets/GAIM240/landscape_restir_level2.mp4
1284,landscape,INTER-DISTORTION,landscape_reference.mp4,/home/jv495/Datasets/GAIM240/landscape_reference.mp4,landscape_motion_resolution_level0.mp4,motion_resolution,level0,/home/jv495/Datasets/GAIM240/landscape_motion_resolution_level0.mp4,landscape_stutter_level0.mp4,stutter,level0,/home/jv495/Datasets/GAIM240/landscape_stutter_level0.mp4
1285,landscape,INTER-DISTORTION,landscape_reference.mp4,/home/jv495/Datasets/GAIM240/landscape_reference.mp4,landscape_motion_resolution_level0.mp4,motion_resolution,level0,/home/jv495/Datasets/GAIM240/landscape_motion_resolution_level0.mp4,landscape_stutter_level1.mp4,stutter,level1,/home/jv495/Datasets/GAIM240/landscape_stutter_level1.mp4
1286,landscape,INTER-DISTORTION,landscape_reference.mp4,/home/jv495/Datasets/GAIM240/landscape_reference.mp4,landscape_motion_resolution_level0.mp4,motion_resolution,level0,/home/jv495/Datasets/GAIM240/landscape_motion_resolution_level0.mp4,landscape_stutter_level2.mp4,stutter,level2,/home/jv495/Datasets/GAIM240/landscape_stutter_level2.mp4
1287,landscape,INTER-DISTORTION,landscape_reference.mp4,/home/jv495/Datasets/GAIM240/landscape_reference.mp4,landscape_motion_resolution_level0.mp4,motion_resolution,level0,/home/jv495/Datasets/GAIM240/landscape_motion_resolution_level0.mp4,landscape_temporal-resolution-multiplexing_level0.mp4,temporal-resolution-multiplexing,level0,/home/jv495/Datasets/GAIM240/landscape_temporal-resolution-multiplexing_level0.mp4
1288,landscape,INTER-DISTORTION,landscape_reference.mp4,/home/jv495/Datasets/GAIM240/landscape_reference.mp4,landscape_motion_resolution_level0.mp4,motion_resolution,level0,/home/jv495/Datasets/GAIM240/landscape_motion_resolution_level0.mp4,landscape_temporal-resolution-multiplexing_level1.mp4,temporal-resolution-multiplexing,level1,/home/jv495/Datasets/GAIM240/landscape_temporal-resolution-multiplexing_level1.mp4
1289,landscape,INTER-DISTORTION,landscape_reference.mp4,/home/jv495/Datasets/GAIM240/landscape_reference.mp4,landscape_motion_resolution_level0.mp4,motion_resolution,level0,/home/jv495/Datasets/GAIM240/landscape_motion_resolution_level0.mp4,landscape_temporal-resolution-multiplexing_level2.mp4,temporal-resolution-multiplexing,level2,/home/jv495/Datasets/GAIM240/landscape_temporal-resolution-multiplexing_level2.mp4
1290,landscape,INTRA-DISTORTION,landscape_reference.mp4,/home/jv495/Datasets/GAIM240/landscape_reference.mp4,landscape_motion_resolution_level1.mp4,motion_resolution,level1,/home/jv495/Datasets/GAIM240/landscape_motion_resolution_level1.mp4,landscape_motion_resolution_level2.mp4,motion_resolution,level2,/home/jv495/Datasets/GAIM240/landscape_motion_resolution_level2.mp4
1291,landscape,INTER-DISTORTION,landscape_reference.mp4,/home/jv495/Datasets/GAIM240/landscape_reference.mp4,landscape_motion_resolution_level1.mp4,motion_resolution,level1,/home/jv495/Datasets/GAIM240/landscape_motion_resolution_level1.mp4,landscape_noise_colors_level0.mp4,noise_colors,level0,/home/jv495/Datasets/GAIM240/landscape_noise_colors_level0.mp4
1292,landscape,INTER-DISTORTION,landscape_reference.mp4,/home/jv495/Datasets/GAIM240/landscape_reference.mp4,landscape_motion_resolution_level1.mp4,motion_resolution,level1,/home/jv495/Datasets/GAIM240/landscape_motion_resolution_level1.mp4,landscape_noise_colors_level1.mp4,noise_colors,level1,/home/jv495/Datasets/GAIM240/landscape_noise_colors_level1.mp4
1293,landscape,INTER-DISTORTION,landscape_reference.mp4,/home/jv495/Datasets/GAIM240/landscape_reference.mp4,landscape_motion_resolution_level1.mp4,motion_resolution,level1,/home/jv495/Datasets/GAIM240/landscape_motion_resolution_level1.mp4,landscape_noise_colors_level2.mp4,noise_colors,level2,/home/jv495/Datasets/GAIM240/landscape_noise_colors_level2.mp4
1294,landscape,INTER-DISTORTION,landscape_reference.mp4,/home/jv495/Datasets/GAIM240/landscape_reference.mp4,landscape_motion_resolution_level1.mp4,motion_resolution,level1,/home/jv495/Datasets/GAIM240/landscape_motion_resolution_level1.mp4,landscape_restir_level0.mp4,restir,level0,/home/jv495/Datasets/GAIM240/landscape_restir_level0.mp4
1295,landscape,INTER-DISTORTION,landscape_reference.mp4,/home/jv495/Datasets/GAIM240/landscape_reference.mp4,landscape_motion_resolution_level1.mp4,motion_resolution,level1,/home/jv495/Datasets/GAIM240/landscape_motion_resolution_level1.mp4,landscape_restir_level1.mp4,restir,level1,/home/jv495/Datasets/GAIM240/landscape_restir_level1.mp4
1296,landscape,INTER-DISTORTION,landscape_reference.mp4,/home/jv495/Datasets/GAIM240/landscape_reference.mp4,landscape_motion_resolution_level1.mp4,motion_resolution,level1,/home/jv495/Datasets/GAIM240/landscape_motion_resolution_level1.mp4,landscape_restir_level2.mp4,restir,level2,/home/jv495/Datasets/GAIM240/landscape_restir_level2.mp4
1297,landscape,INTER-DISTORTION,landscape_reference.mp4,/home/jv495/Datasets/GAIM240/landscape_reference.mp4,landscape_motion_resolution_level1.mp4,motion_resolution,level1,/home/jv495/Datasets/GAIM240/landscape_motion_resolution_level1.mp4,landscape_stutter_level0.mp4,stutter,level0,/home/jv495/Datasets/GAIM240/landscape_stutter_level0.mp4
1298,landscape,INTER-DISTORTION,landscape_reference.mp4,/home/jv495/Datasets/GAIM240/landscape_reference.mp4,landscape_motion_resolution_level1.mp4,motion_resolution,level1,/home/jv495/Datasets/GAIM240/landscape_motion_resolution_level1.mp4,landscape_stutter_level1.mp4,stutter,level1,/home/jv495/Datasets/GAIM240/landscape_stutter_level1.mp4
1299,landscape,INTER-DISTORTION,landscape_reference.mp4,/home/jv495/Datasets/GAIM240/landscape_reference.mp4,landscape_motion_resolution_level1.mp4,motion_resolution,level1,/home/jv495/Datasets/GAIM240/landscape_motion_resolution_level1.mp4,landscape_stutter_level2.mp4,stutter,level2,/home/jv495/Datasets/GAIM240/landscape_stutter_level2.mp4
1300,landscape,INTER-DISTORTION,landscape_reference.mp4,/home/jv495/Datasets/GAIM240/landscape_reference.mp4,landscape_motion_resolution_level1.mp4,motion_resolution,level1,/home/jv495/Datasets/GAIM240/landscape_motion_resolution_level1.mp4,landscape_temporal-resolution-multiplexing_level0.mp4,temporal-resolution-multiplexing,level0,/home/jv495/Datasets/GAIM240/landscape_temporal-resolution-multiplexing_level0.mp4
1301,landscape,INTER-DISTORTION,landscape_reference.mp4,/home/jv495/Datasets/GAIM240/landscape_reference.mp4,landscape_motion_resolution_level1.mp4,motion_resolution,level1,/home/jv495/Datasets/GAIM240/landscape_motion_resolution_level1.mp4,landscape_temporal-resolution-multiplexing_level1.mp4,temporal-resolution-multiplexing,level1,/home/jv495/Datasets/GAIM240/landscape_temporal-resolution-multiplexing_level1.mp4
1302,landscape,INTER-DISTORTION,landscape_reference.mp4,/home/jv495/Datasets/GAIM240/landscape_reference.mp4,landscape_motion_resolution_level1.mp4,motion_resolution,level1,/home/jv495/Datasets/GAIM240/landscape_motion_resolution_level1.mp4,landscape_temporal-resolution-multiplexing_level2.mp4,temporal-resolution-multiplexing,level2,/home/jv495/Datasets/GAIM240/landscape_temporal-resolution-multiplexing_level2.mp4
1303,landscape,INTER-DISTORTION,landscape_reference.mp4,/home/jv495/Datasets/GAIM240/landscape_reference.mp4,landscape_motion_resolution_level2.mp4,motion_resolution,level2,/home/jv495/Datasets/GAIM240/landscape_motion_resolution_level2.mp4,landscape_noise_colors_level0.mp4,noise_colors,level0,/home/jv495/Datasets/GAIM240/landscape_noise_colors_level0.mp4
1304,landscape,INTER-DISTORTION,landscape_reference.mp4,/home/jv495/Datasets/GAIM240/landscape_reference.mp4,landscape_motion_resolution_level2.mp4,motion_resolution,level2,/home/jv495/Datasets/GAIM240/landscape_motion_resolution_level2.mp4,landscape_noise_colors_level1.mp4,noise_colors,level1,/home/jv495/Datasets/GAIM240/landscape_noise_colors_level1.mp4
1305,landscape,INTER-DISTORTION,landscape_reference.mp4,/home/jv495/Datasets/GAIM240/landscape_reference.mp4,landscape_motion_resolution_level2.mp4,motion_resolution,level2,/home/jv495/Datasets/GAIM240/landscape_motion_resolution_level2.mp4,landscape_noise_colors_level2.mp4,noise_colors,level2,/home/jv495/Datasets/GAIM240/landscape_noise_colors_level2.mp4
1306,landscape,INTER-DISTORTION,landscape_reference.mp4,/home/jv495/Datasets/GAIM240/landscape_reference.mp4,landscape_motion_resolution_level2.mp4,motion_resolution,level2,/home/jv495/Datasets/GAIM240/landscape_motion_resolution_level2.mp4,landscape_restir_level0.mp4,restir,level0,/home/jv495/Datasets/GAIM240/landscape_restir_level0.mp4
1307,landscape,INTER-DISTORTION,landscape_reference.mp4,/home/jv495/Datasets/GAIM240/landscape_reference.mp4,landscape_motion_resolution_level2.mp4,motion_resolution,level2,/home/jv495/Datasets/GAIM240/landscape_motion_resolution_level2.mp4,landscape_restir_level1.mp4,restir,level1,/home/jv495/Datasets/GAIM240/landscape_restir_level1.mp4
1308,landscape,INTER-DISTORTION,landscape_reference.mp4,/home/jv495/Datasets/GAIM240/landscape_reference.mp4,landscape_motion_resolution_level2.mp4,motion_resolution,level2,/home/jv495/Datasets/GAIM240/landscape_motion_resolution_level2.mp4,landscape_restir_level2.mp4,restir,level2,/home/jv495/Datasets/GAIM240/landscape_restir_level2.mp4
1309,landscape,INTER-DISTORTION,landscape_reference.mp4,/home/jv495/Datasets/GAIM240/landscape_reference.mp4,landscape_motion_resolution_level2.mp4,motion_resolution,level2,/home/jv495/Datasets/GAIM240/landscape_motion_resolution_level2.mp4,landscape_stutter_level0.mp4,stutter,level0,/home/jv495/Datasets/GAIM240/landscape_stutter_level0.mp4
1310,landscape,INTER-DISTORTION,landscape_reference.mp4,/home/jv495/Datasets/GAIM240/landscape_reference.mp4,landscape_motion_resolution_level2.mp4,motion_resolution,level2,/home/jv495/Datasets/GAIM240/landscape_motion_resolution_level2.mp4,landscape_stutter_level1.mp4,stutter,level1,/home/jv495/Datasets/GAIM240/landscape_stutter_level1.mp4
1311,landscape,INTER-DISTORTION,landscape_reference.mp4,/home/jv495/Datasets/GAIM240/landscape_reference.mp4,landscape_motion_resolution_level2.mp4,motion_resolution,level2,/home/jv495/Datasets/GAIM240/landscape_motion_resolution_level2.mp4,landscape_stutter_level2.mp4,stutter,level2,/home/jv495/Datasets/GAIM240/landscape_stutter_level2.mp4
1312,landscape,INTER-DISTORTION,landscape_reference.mp4,/home/jv495/Datasets/GAIM240/landscape_reference.mp4,landscape_motion_resolution_level2.mp4,motion_resolution,level2,/home/jv495/Datasets/GAIM240/landscape_motion_resolution_level2.mp4,landscape_temporal-resolution-multiplexing_level0.mp4,temporal-resolution-multiplexing,level0,/home/jv495/Datasets/GAIM240/landscape_temporal-resolution-multiplexing_level0.mp4
1313,landscape,INTER-DISTORTION,landscape_reference.mp4,/home/jv495/Datasets/GAIM240/landscape_reference.mp4,landscape_motion_resolution_level2.mp4,motion_resolution,level2,/home/jv495/Datasets/GAIM240/landscape_motion_resolution_level2.mp4,landscape_temporal-resolution-multiplexing_level1.mp4,temporal-resolution-multiplexing,level1,/home/jv495/Datasets/GAIM240/landscape_temporal-resolution-multiplexing_level1.mp4
1314,landscape,INTER-DISTORTION,landscape_reference.mp4,/home/jv495/Datasets/GAIM240/landscape_reference.mp4,landscape_motion_resolution_level2.mp4,motion_resolution,level2,/home/jv495/Datasets/GAIM240/landscape_motion_resolution_level2.mp4,landscape_temporal-resolution-multiplexing_level2.mp4,temporal-resolution-multiplexing,level2,/home/jv495/Datasets/GAIM240/landscape_temporal-resolution-multiplexing_level2.mp4
1315,landscape,INTRA-DISTORTION,landscape_reference.mp4,/home/jv495/Datasets/GAIM240/landscape_reference.mp4,landscape_noise_colors_level0.mp4,noise_colors,level0,/home/jv495/Datasets/GAIM240/landscape_noise_colors_level0.mp4,landscape_noise_colors_level1.mp4,noise_colors,level1,/home/jv495/Datasets/GAIM240/landscape_noise_colors_level1.mp4
1316,landscape,INTRA-DISTORTION,landscape_reference.mp4,/home/jv495/Datasets/GAIM240/landscape_reference.mp4,landscape_noise_colors_level0.mp4,noise_colors,level0,/home/jv495/Datasets/GAIM240/landscape_noise_colors_level0.mp4,landscape_noise_colors_level2.mp4,noise_colors,level2,/home/jv495/Datasets/GAIM240/landscape_noise_colors_level2.mp4
1317,landscape,INTER-DISTORTION,landscape_reference.mp4,/home/jv495/Datasets/GAIM240/landscape_reference.mp4,landscape_noise_colors_level0.mp4,noise_colors,level0,/home/jv495/Datasets/GAIM240/landscape_noise_colors_level0.mp4,landscape_restir_level0.mp4,restir,level0,/home/jv495/Datasets/GAIM240/landscape_restir_level0.mp4
1318,landscape,INTER-DISTORTION,landscape_reference.mp4,/home/jv495/Datasets/GAIM240/landscape_reference.mp4,landscape_noise_colors_level0.mp4,noise_colors,level0,/home/jv495/Datasets/GAIM240/landscape_noise_colors_level0.mp4,landscape_restir_level1.mp4,restir,level1,/home/jv495/Datasets/GAIM240/landscape_restir_level1.mp4
1319,landscape,INTER-DISTORTION,landscape_reference.mp4,/home/jv495/Datasets/GAIM240/landscape_reference.mp4,landscape_noise_colors_level0.mp4,noise_colors,level0,/home/jv495/Datasets/GAIM240/landscape_noise_colors_level0.mp4,landscape_restir_level2.mp4,restir,level2,/home/jv495/Datasets/GAIM240/landscape_restir_level2.mp4
1320,landscape,INTER-DISTORTION,landscape_reference.mp4,/home/jv495/Datasets/GAIM240/landscape_reference.mp4,landscape_noise_colors_level0.mp4,noise_colors,level0,/home/jv495/Datasets/GAIM240/landscape_noise_colors_level0.mp4,landscape_stutter_level0.mp4,stutter,level0,/home/jv495/Datasets/GAIM240/landscape_stutter_level0.mp4
1321,landscape,INTER-DISTORTION,landscape_reference.mp4,/home/jv495/Datasets/GAIM240/landscape_reference.mp4,landscape_noise_colors_level0.mp4,noise_colors,level0,/home/jv495/Datasets/GAIM240/landscape_noise_colors_level0.mp4,landscape_stutter_level1.mp4,stutter,level1,/home/jv495/Datasets/GAIM240/landscape_stutter_level1.mp4
1322,landscape,INTER-DISTORTION,landscape_reference.mp4,/home/jv495/Datasets/GAIM240/landscape_reference.mp4,landscape_noise_colors_level0.mp4,noise_colors,level0,/home/jv495/Datasets/GAIM240/landscape_noise_colors_level0.mp4,landscape_stutter_level2.mp4,stutter,level2,/home/jv495/Datasets/GAIM240/landscape_stutter_level2.mp4
1323,landscape,INTER-DISTORTION,landscape_reference.mp4,/home/jv495/Datasets/GAIM240/landscape_reference.mp4,landscape_noise_colors_level0.mp4,noise_colors,level0,/home/jv495/Datasets/GAIM240/landscape_noise_colors_level0.mp4,landscape_temporal-resolution-multiplexing_level0.mp4,temporal-resolution-multiplexing,level0,/home/jv495/Datasets/GAIM240/landscape_temporal-resolution-multiplexing_level0.mp4
1324,landscape,INTER-DISTORTION,landscape_reference.mp4,/home/jv495/Datasets/GAIM240/landscape_reference.mp4,landscape_noise_colors_level0.mp4,noise_colors,level0,/home/jv495/Datasets/GAIM240/landscape_noise_colors_level0.mp4,landscape_temporal-resolution-multiplexing_level1.mp4,temporal-resolution-multiplexing,level1,/home/jv495/Datasets/GAIM240/landscape_temporal-resolution-multiplexing_level1.mp4
1325,landscape,INTER-DISTORTION,landscape_reference.mp4,/home/jv495/Datasets/GAIM240/landscape_reference.mp4,landscape_noise_colors_level0.mp4,noise_colors,level0,/home/jv495/Datasets/GAIM240/landscape_noise_colors_level0.mp4,landscape_temporal-resolution-multiplexing_level2.mp4,temporal-resolution-multiplexing,level2,/home/jv495/Datasets/GAIM240/landscape_temporal-resolution-multiplexing_level2.mp4
1326,landscape,INTRA-DISTORTION,landscape_reference.mp4,/home/jv495/Datasets/GAIM240/landscape_reference.mp4,landscape_noise_colors_level1.mp4,noise_colors,level1,/home/jv495/Datasets/GAIM240/landscape_noise_colors_level1.mp4,landscape_noise_colors_level2.mp4,noise_colors,level2,/home/jv495/Datasets/GAIM240/landscape_noise_colors_level2.mp4
1327,landscape,INTER-DISTORTION,landscape_reference.mp4,/home/jv495/Datasets/GAIM240/landscape_reference.mp4,landscape_noise_colors_level1.mp4,noise_colors,level1,/home/jv495/Datasets/GAIM240/landscape_noise_colors_level1.mp4,landscape_restir_level0.mp4,restir,level0,/home/jv495/Datasets/GAIM240/landscape_restir_level0.mp4
1328,landscape,INTER-DISTORTION,landscape_reference.mp4,/home/jv495/Datasets/GAIM240/landscape_reference.mp4,landscape_noise_colors_level1.mp4,noise_colors,level1,/home/jv495/Datasets/GAIM240/landscape_noise_colors_level1.mp4,landscape_restir_level1.mp4,restir,level1,/home/jv495/Datasets/GAIM240/landscape_restir_level1.mp4
1329,landscape,INTER-DISTORTION,landscape_reference.mp4,/home/jv495/Datasets/GAIM240/landscape_reference.mp4,landscape_noise_colors_level1.mp4,noise_colors,level1,/home/jv495/Datasets/GAIM240/landscape_noise_colors_level1.mp4,landscape_restir_level2.mp4,restir,level2,/home/jv495/Datasets/GAIM240/landscape_restir_level2.mp4
1330,landscape,INTER-DISTORTION,landscape_reference.mp4,/home/jv495/Datasets/GAIM240/landscape_reference.mp4,landscape_noise_colors_level1.mp4,noise_colors,level1,/home/jv495/Datasets/GAIM240/landscape_noise_colors_level1.mp4,landscape_stutter_level0.mp4,stutter,level0,/home/jv495/Datasets/GAIM240/landscape_stutter_level0.mp4
1331,landscape,INTER-DISTORTION,landscape_reference.mp4,/home/jv495/Datasets/GAIM240/landscape_reference.mp4,landscape_noise_colors_level1.mp4,noise_colors,level1,/home/jv495/Datasets/GAIM240/landscape_noise_colors_level1.mp4,landscape_stutter_level1.mp4,stutter,level1,/home/jv495/Datasets/GAIM240/landscape_stutter_level1.mp4
1332,landscape,INTER-DISTORTION,landscape_reference.mp4,/home/jv495/Datasets/GAIM240/landscape_reference.mp4,landscape_noise_colors_level1.mp4,noise_colors,level1,/home/jv495/Datasets/GAIM240/landscape_noise_colors_level1.mp4,landscape_stutter_level2.mp4,stutter,level2,/home/jv495/Datasets/GAIM240/landscape_stutter_level2.mp4
1333,landscape,INTER-DISTORTION,landscape_reference.mp4,/home/jv495/Datasets/GAIM240/landscape_reference.mp4,landscape_noise_colors_level1.mp4,noise_colors,level1,/home/jv495/Datasets/GAIM240/landscape_noise_colors_level1.mp4,landscape_temporal-resolution-multiplexing_level0.mp4,temporal-resolution-multiplexing,level0,/home/jv495/Datasets/GAIM240/landscape_temporal-resolution-multiplexing_level0.mp4
1334,landscape,INTER-DISTORTION,landscape_reference.mp4,/home/jv495/Datasets/GAIM240/landscape_reference.mp4,landscape_noise_colors_level1.mp4,noise_colors,level1,/home/jv495/Datasets/GAIM240/landscape_noise_colors_level1.mp4,landscape_temporal-resolution-multiplexing_level1.mp4,temporal-resolution-multiplexing,level1,/home/jv495/Datasets/GAIM240/landscape_temporal-resolution-multiplexing_level1.mp4
1335,landscape,INTER-DISTORTION,landscape_reference.mp4,/home/jv495/Datasets/GAIM240/landscape_reference.mp4,landscape_noise_colors_level1.mp4,noise_colors,level1,/home/jv495/Datasets/GAIM240/landscape_noise_colors_level1.mp4,landscape_temporal-resolution-multiplexing_level2.mp4,temporal-resolution-multiplexing,level2,/home/jv495/Datasets/GAIM240/landscape_temporal-resolution-multiplexing_level2.mp4
1336,landscape,INTER-DISTORTION,landscape_reference.mp4,/home/jv495/Datasets/GAIM240/landscape_reference.mp4,landscape_noise_colors_level2.mp4,noise_colors,level2,/home/jv495/Datasets/GAIM240/landscape_noise_colors_level2.mp4,landscape_restir_level0.mp4,restir,level0,/home/jv495/Datasets/GAIM240/landscape_restir_level0.mp4
1337,landscape,INTER-DISTORTION,landscape_reference.mp4,/home/jv495/Datasets/GAIM240/landscape_reference.mp4,landscape_noise_colors_level2.mp4,noise_colors,level2,/home/jv495/Datasets/GAIM240/landscape_noise_colors_level2.mp4,landscape_restir_level1.mp4,restir,level1,/home/jv495/Datasets/GAIM240/landscape_restir_level1.mp4
1338,landscape,INTER-DISTORTION,landscape_reference.mp4,/home/jv495/Datasets/GAIM240/landscape_reference.mp4,landscape_noise_colors_level2.mp4,noise_colors,level2,/home/jv495/Datasets/GAIM240/landscape_noise_colors_level2.mp4,landscape_restir_level2.mp4,restir,level2,/home/jv495/Datasets/GAIM240/landscape_restir_level2.mp4
1339,landscape,INTER-DISTORTION,landscape_reference.mp4,/home/jv495/Datasets/GAIM240/landscape_reference.mp4,landscape_noise_colors_level2.mp4,noise_colors,level2,/home/jv495/Datasets/GAIM240/landscape_noise_colors_level2.mp4,landscape_stutter_level0.mp4,stutter,level0,/home/jv495/Datasets/GAIM240/landscape_stutter_level0.mp4
1340,landscape,INTER-DISTORTION,landscape_reference.mp4,/home/jv495/Datasets/GAIM240/landscape_reference.mp4,landscape_noise_colors_level2.mp4,noise_colors,level2,/home/jv495/Datasets/GAIM240/landscape_noise_colors_level2.mp4,landscape_stutter_level1.mp4,stutter,level1,/home/jv495/Datasets/GAIM240/landscape_stutter_level1.mp4
1341,landscape,INTER-DISTORTION,landscape_reference.mp4,/home/jv495/Datasets/GAIM240/landscape_reference.mp4,landscape_noise_colors_level2.mp4,noise_colors,level2,/home/jv495/Datasets/GAIM240/landscape_noise_colors_level2.mp4,landscape_stutter_level2.mp4,stutter,level2,/home/jv495/Datasets/GAIM240/landscape_stutter_level2.mp4
1342,landscape,INTER-DISTORTION,landscape_reference.mp4,/home/jv495/Datasets/GAIM240/landscape_reference.mp4,landscape_noise_colors_level2.mp4,noise_colors,level2,/home/jv495/Datasets/GAIM240/landscape_noise_colors_level2.mp4,landscape_temporal-resolution-multiplexing_level0.mp4,temporal-resolution-multiplexing,level0,/home/jv495/Datasets/GAIM240/landscape_temporal-resolution-multiplexing_level0.mp4
1343,landscape,INTER-DISTORTION,landscape_reference.mp4,/home/jv495/Datasets/GAIM240/landscape_reference.mp4,landscape_noise_colors_level2.mp4,noise_colors,level2,/home/jv495/Datasets/GAIM240/landscape_noise_colors_level2.mp4,landscape_temporal-resolution-multiplexing_level1.mp4,temporal-resolution-multiplexing,level1,/home/jv495/Datasets/GAIM240/landscape_temporal-resolution-multiplexing_level1.mp4
1344,landscape,INTER-DISTORTION,landscape_reference.mp4,/home/jv495/Datasets/GAIM240/landscape_reference.mp4,landscape_noise_colors_level2.mp4,noise_colors,level2,/home/jv495/Datasets/GAIM240/landscape_noise_colors_level2.mp4,landscape_temporal-resolution-multiplexing_level2.mp4,temporal-resolution-multiplexing,level2,/home/jv495/Datasets/GAIM240/landscape_temporal-resolution-multiplexing_level2.mp4
1345,landscape,INTRA-DISTORTION,landscape_reference.mp4,/home/jv495/Datasets/GAIM240/landscape_reference.mp4,landscape_restir_level0.mp4,restir,level0,/home/jv495/Datasets/GAIM240/landscape_restir_level0.mp4,landscape_restir_level1.mp4,restir,level1,/home/jv495/Datasets/GAIM240/landscape_restir_level1.mp4
1346,landscape,INTRA-DISTORTION,landscape_reference.mp4,/home/jv495/Datasets/GAIM240/landscape_reference.mp4,landscape_restir_level0.mp4,restir,level0,/home/jv495/Datasets/GAIM240/landscape_restir_level0.mp4,landscape_restir_level2.mp4,restir,level2,/home/jv495/Datasets/GAIM240/landscape_restir_level2.mp4
1347,landscape,INTER-DISTORTION,landscape_reference.mp4,/home/jv495/Datasets/GAIM240/landscape_reference.mp4,landscape_restir_level0.mp4,restir,level0,/home/jv495/Datasets/GAIM240/landscape_restir_level0.mp4,landscape_stutter_level0.mp4,stutter,level0,/home/jv495/Datasets/GAIM240/landscape_stutter_level0.mp4
1348,landscape,INTER-DISTORTION,landscape_reference.mp4,/home/jv495/Datasets/GAIM240/landscape_reference.mp4,landscape_restir_level0.mp4,restir,level0,/home/jv495/Datasets/GAIM240/landscape_restir_level0.mp4,landscape_stutter_level1.mp4,stutter,level1,/home/jv495/Datasets/GAIM240/landscape_stutter_level1.mp4
1349,landscape,INTER-DISTORTION,landscape_reference.mp4,/home/jv495/Datasets/GAIM240/landscape_reference.mp4,landscape_restir_level0.mp4,restir,level0,/home/jv495/Datasets/GAIM240/landscape_restir_level0.mp4,landscape_stutter_level2.mp4,stutter,level2,/home/jv495/Datasets/GAIM240/landscape_stutter_level2.mp4
1350,landscape,INTER-DISTORTION,landscape_reference.mp4,/home/jv495/Datasets/GAIM240/landscape_reference.mp4,landscape_restir_level0.mp4,restir,level0,/home/jv495/Datasets/GAIM240/landscape_restir_level0.mp4,landscape_temporal-resolution-multiplexing_level0.mp4,temporal-resolution-multiplexing,level0,/home/jv495/Datasets/GAIM240/landscape_temporal-resolution-multiplexing_level0.mp4
1351,landscape,INTER-DISTORTION,landscape_reference.mp4,/home/jv495/Datasets/GAIM240/landscape_reference.mp4,landscape_restir_level0.mp4,restir,level0,/home/jv495/Datasets/GAIM240/landscape_restir_level0.mp4,landscape_temporal-resolution-multiplexing_level1.mp4,temporal-resolution-multiplexing,level1,/home/jv495/Datasets/GAIM240/landscape_temporal-resolution-multiplexing_level1.mp4
1352,landscape,INTER-DISTORTION,landscape_reference.mp4,/home/jv495/Datasets/GAIM240/landscape_reference.mp4,landscape_restir_level0.mp4,restir,level0,/home/jv495/Datasets/GAIM240/landscape_restir_level0.mp4,landscape_temporal-resolution-multiplexing_level2.mp4,temporal-resolution-multiplexing,level2,/home/jv495/Datasets/GAIM240/landscape_temporal-resolution-multiplexing_level2.mp4
1353,landscape,INTRA-DISTORTION,landscape_reference.mp4,/home/jv495/Datasets/GAIM240/landscape_reference.mp4,landscape_restir_level1.mp4,restir,level1,/home/jv495/Datasets/GAIM240/landscape_restir_level1.mp4,landscape_restir_level2.mp4,restir,level2,/home/jv495/Datasets/GAIM240/landscape_restir_level2.mp4
1354,landscape,INTER-DISTORTION,landscape_reference.mp4,/home/jv495/Datasets/GAIM240/landscape_reference.mp4,landscape_restir_level1.mp4,restir,level1,/home/jv495/Datasets/GAIM240/landscape_restir_level1.mp4,landscape_stutter_level0.mp4,stutter,level0,/home/jv495/Datasets/GAIM240/landscape_stutter_level0.mp4
1355,landscape,INTER-DISTORTION,landscape_reference.mp4,/home/jv495/Datasets/GAIM240/landscape_reference.mp4,landscape_restir_level1.mp4,restir,level1,/home/jv495/Datasets/GAIM240/landscape_restir_level1.mp4,landscape_stutter_level1.mp4,stutter,level1,/home/jv495/Datasets/GAIM240/landscape_stutter_level1.mp4
1356,landscape,INTER-DISTORTION,landscape_reference.mp4,/home/jv495/Datasets/GAIM240/landscape_reference.mp4,landscape_restir_level1.mp4,restir,level1,/home/jv495/Datasets/GAIM240/landscape_restir_level1.mp4,landscape_stutter_level2.mp4,stutter,level2,/home/jv495/Datasets/GAIM240/landscape_stutter_level2.mp4
1357,landscape,INTER-DISTORTION,landscape_reference.mp4,/home/jv495/Datasets/GAIM240/landscape_reference.mp4,landscape_restir_level1.mp4,restir,level1,/home/jv495/Datasets/GAIM240/landscape_restir_level1.mp4,landscape_temporal-resolution-multiplexing_level0.mp4,temporal-resolution-multiplexing,level0,/home/jv495/Datasets/GAIM240/landscape_temporal-resolution-multiplexing_level0.mp4
1358,landscape,INTER-DISTORTION,landscape_reference.mp4,/home/jv495/Datasets/GAIM240/landscape_reference.mp4,landscape_restir_level1.mp4,restir,level1,/home/jv495/Datasets/GAIM240/landscape_restir_level1.mp4,landscape_temporal-resolution-multiplexing_level1.mp4,temporal-resolution-multiplexing,level1,/home/jv495/Datasets/GAIM240/landscape_temporal-resolution-multiplexing_level1.mp4
1359,landscape,INTER-DISTORTION,landscape_reference.mp4,/home/jv495/Datasets/GAIM240/landscape_reference.mp4,landscape_restir_level1.mp4,restir,level1,/home/jv495/Datasets/GAIM240/landscape_restir_level1.mp4,landscape_temporal-resolution-multiplexing_level2.mp4,temporal-resolution-multiplexing,level2,/home/jv495/Datasets/GAIM240/landscape_temporal-resolution-multiplexing_level2.mp4
1360,landscape,INTER-DISTORTION,landscape_reference.mp4,/home/jv495/Datasets/GAIM240/landscape_reference.mp4,landscape_restir_level2.mp4,restir,level2,/home/jv495/Datasets/GAIM240/landscape_restir_level2.mp4,landscape_stutter_level0.mp4,stutter,level0,/home/jv495/Datasets/GAIM240/landscape_stutter_level0.mp4
1361,landscape,INTER-DISTORTION,landscape_reference.mp4,/home/jv495/Datasets/GAIM240/landscape_reference.mp4,landscape_restir_level2.mp4,restir,level2,/home/jv495/Datasets/GAIM240/landscape_restir_level2.mp4,landscape_stutter_level1.mp4,stutter,level1,/home/jv495/Datasets/GAIM240/landscape_stutter_level1.mp4
1362,landscape,INTER-DISTORTION,landscape_reference.mp4,/home/jv495/Datasets/GAIM240/landscape_reference.mp4,landscape_restir_level2.mp4,restir,level2,/home/jv495/Datasets/GAIM240/landscape_restir_level2.mp4,landscape_stutter_level2.mp4,stutter,level2,/home/jv495/Datasets/GAIM240/landscape_stutter_level2.mp4
1363,landscape,INTER-DISTORTION,landscape_reference.mp4,/home/jv495/Datasets/GAIM240/landscape_reference.mp4,landscape_restir_level2.mp4,restir,level2,/home/jv495/Datasets/GAIM240/landscape_restir_level2.mp4,landscape_temporal-resolution-multiplexing_level0.mp4,temporal-resolution-multiplexing,level0,/home/jv495/Datasets/GAIM240/landscape_temporal-resolution-multiplexing_level0.mp4
1364,landscape,INTER-DISTORTION,landscape_reference.mp4,/home/jv495/Datasets/GAIM240/landscape_reference.mp4,landscape_restir_level2.mp4,restir,level2,/home/jv495/Datasets/GAIM240/landscape_restir_level2.mp4,landscape_temporal-resolution-multiplexing_level1.mp4,temporal-resolution-multiplexing,level1,/home/jv495/Datasets/GAIM240/landscape_temporal-resolution-multiplexing_level1.mp4
1365,landscape,INTER-DISTORTION,landscape_reference.mp4,/home/jv495/Datasets/GAIM240/landscape_reference.mp4,landscape_restir_level2.mp4,restir,level2,/home/jv495/Datasets/GAIM240/landscape_restir_level2.mp4,landscape_temporal-resolution-multiplexing_level2.mp4,temporal-resolution-multiplexing,level2,/home/jv495/Datasets/GAIM240/landscape_temporal-resolution-multiplexing_level2.mp4
1366,landscape,INTRA-DISTORTION,landscape_reference.mp4,/home/jv495/Datasets/GAIM240/landscape_reference.mp4,landscape_stutter_level0.mp4,stutter,level0,/home/jv495/Datasets/GAIM240/landscape_stutter_level0.mp4,landscape_stutter_level1.mp4,stutter,level1,/home/jv495/Datasets/GAIM240/landscape_stutter_level1.mp4
1367,landscape,INTRA-DISTORTION,landscape_reference.mp4,/home/jv495/Datasets/GAIM240/landscape_reference.mp4,landscape_stutter_level0.mp4,stutter,level0,/home/jv495/Datasets/GAIM240/landscape_stutter_level0.mp4,landscape_stutter_level2.mp4,stutter,level2,/home/jv495/Datasets/GAIM240/landscape_stutter_level2.mp4
1368,landscape,INTER-DISTORTION,landscape_reference.mp4,/home/jv495/Datasets/GAIM240/landscape_reference.mp4,landscape_stutter_level0.mp4,stutter,level0,/home/jv495/Datasets/GAIM240/landscape_stutter_level0.mp4,landscape_temporal-resolution-multiplexing_level0.mp4,temporal-resolution-multiplexing,level0,/home/jv495/Datasets/GAIM240/landscape_temporal-resolution-multiplexing_level0.mp4
1369,landscape,INTER-DISTORTION,landscape_reference.mp4,/home/jv495/Datasets/GAIM240/landscape_reference.mp4,landscape_stutter_level0.mp4,stutter,level0,/home/jv495/Datasets/GAIM240/landscape_stutter_level0.mp4,landscape_temporal-resolution-multiplexing_level1.mp4,temporal-resolution-multiplexing,level1,/home/jv495/Datasets/GAIM240/landscape_temporal-resolution-multiplexing_level1.mp4
1370,landscape,INTER-DISTORTION,landscape_reference.mp4,/home/jv495/Datasets/GAIM240/landscape_reference.mp4,landscape_stutter_level0.mp4,stutter,level0,/home/jv495/Datasets/GAIM240/landscape_stutter_level0.mp4,landscape_temporal-resolution-multiplexing_level2.mp4,temporal-resolution-multiplexing,level2,/home/jv495/Datasets/GAIM240/landscape_temporal-resolution-multiplexing_level2.mp4
1371,landscape,INTRA-DISTORTION,landscape_reference.mp4,/home/jv495/Datasets/GAIM240/landscape_reference.mp4,landscape_stutter_level1.mp4,stutter,level1,/home/jv495/Datasets/GAIM240/landscape_stutter_level1.mp4,landscape_stutter_level2.mp4,stutter,level2,/home/jv495/Datasets/GAIM240/landscape_stutter_level2.mp4
1372,landscape,INTER-DISTORTION,landscape_reference.mp4,/home/jv495/Datasets/GAIM240/landscape_reference.mp4,landscape_stutter_level1.mp4,stutter,level1,/home/jv495/Datasets/GAIM240/landscape_stutter_level1.mp4,landscape_temporal-resolution-multiplexing_level0.mp4,temporal-resolution-multiplexing,level0,/home/jv495/Datasets/GAIM240/landscape_temporal-resolution-multiplexing_level0.mp4
1373,landscape,INTER-DISTORTION,landscape_reference.mp4,/home/jv495/Datasets/GAIM240/landscape_reference.mp4,landscape_stutter_level1.mp4,stutter,level1,/home/jv495/Datasets/GAIM240/landscape_stutter_level1.mp4,landscape_temporal-resolution-multiplexing_level1.mp4,temporal-resolution-multiplexing,level1,/home/jv495/Datasets/GAIM240/landscape_temporal-resolution-multiplexing_level1.mp4
1374,landscape,INTER-DISTORTION,landscape_reference.mp4,/home/jv495/Datasets/GAIM240/landscape_reference.mp4,landscape_stutter_level1.mp4,stutter,level1,/home/jv495/Datasets/GAIM240/landscape_stutter_level1.mp4,landscape_temporal-resolution-multiplexing_level2.mp4,temporal-resolution-multiplexing,level2,/home/jv495/Datasets/GAIM240/landscape_temporal-resolution-multiplexing_level2.mp4
1375,landscape,INTER-DISTORTION,landscape_reference.mp4,/home/jv495/Datasets/GAIM240/landscape_reference.mp4,landscape_stutter_level2.mp4,stutter,level2,/home/jv495/Datasets/GAIM240/landscape_stutter_level2.mp4,landscape_temporal-resolution-multiplexing_level0.mp4,temporal-resolution-multiplexing,level0,/home/jv495/Datasets/GAIM240/landscape_temporal-resolution-multiplexing_level0.mp4
1376,landscape,INTER-DISTORTION,landscape_reference.mp4,/home/jv495/Datasets/GAIM240/landscape_reference.mp4,landscape_stutter_level2.mp4,stutter,level2,/home/jv495/Datasets/GAIM240/landscape_stutter_level2.mp4,landscape_temporal-resolution-multiplexing_level1.mp4,temporal-resolution-multiplexing,level1,/home/jv495/Datasets/GAIM240/landscape_temporal-resolution-multiplexing_level1.mp4
1377,landscape,INTER-DISTORTION,landscape_reference.mp4,/home/jv495/Datasets/GAIM240/landscape_reference.mp4,landscape_stutter_level2.mp4,stutter,level2,/home/jv495/Datasets/GAIM240/landscape_stutter_level2.mp4,landscape_temporal-resolution-multiplexing_level2.mp4,temporal-resolution-multiplexing,level2,/home/jv495/Datasets/GAIM240/landscape_temporal-resolution-multiplexing_level2.mp4
1378,landscape,INTRA-DISTORTION,landscape_reference.mp4,/home/jv495/Datasets/GAIM240/landscape_reference.mp4,landscape_temporal-resolution-multiplexing_level0.mp4,temporal-resolution-multiplexing,level0,/home/jv495/Datasets/GAIM240/landscape_temporal-resolution-multiplexing_level0.mp4,landscape_temporal-resolution-multiplexing_level1.mp4,temporal-resolution-multiplexing,level1,/home/jv495/Datasets/GAIM240/landscape_temporal-resolution-multiplexing_level1.mp4
1379,landscape,INTRA-DISTORTION,landscape_reference.mp4,/home/jv495/Datasets/GAIM240/landscape_reference.mp4,landscape_temporal-resolution-multiplexing_level0.mp4,temporal-resolution-multiplexing,level0,/home/jv495/Datasets/GAIM240/landscape_temporal-resolution-multiplexing_level0.mp4,landscape_temporal-resolution-multiplexing_level2.mp4,temporal-resolution-multiplexing,level2,/home/jv495/Datasets/GAIM240/landscape_temporal-resolution-multiplexing_level2.mp4
1380,landscape,INTRA-DISTORTION,landscape_reference.mp4,/home/jv495/Datasets/GAIM240/landscape_reference.mp4,landscape_temporal-resolution-multiplexing_level1.mp4,temporal-resolution-multiplexing,level1,/home/jv495/Datasets/GAIM240/landscape_temporal-resolution-multiplexing_level1.mp4,landscape_temporal-resolution-multiplexing_level2.mp4,temporal-resolution-multiplexing,level2,/home/jv495/Datasets/GAIM240/landscape_temporal-resolution-multiplexing_level2.mp4
1381,marbles,INTRA-DISTORTION,marbles_reference.mp4,/home/jv495/Datasets/GAIM240/marbles_reference.mp4,marbles_dlss_rr_level0.mp4,dlss_rr,level0,/home/jv495/Datasets/GAIM240/marbles_dlss_rr_level0.mp4,marbles_dlss_rr_level1.mp4,dlss_rr,level1,/home/jv495/Datasets/GAIM240/marbles_dlss_rr_level1.mp4
1382,marbles,INTRA-DISTORTION,marbles_reference.mp4,/home/jv495/Datasets/GAIM240/marbles_reference.mp4,marbles_dlss_rr_level0.mp4,dlss_rr,level0,/home/jv495/Datasets/GAIM240/marbles_dlss_rr_level0.mp4,marbles_dlss_rr_level2.mp4,dlss_rr,level2,/home/jv495/Datasets/GAIM240/marbles_dlss_rr_level2.mp4
1383,marbles,INTER-DISTORTION,marbles_reference.mp4,/home/jv495/Datasets/GAIM240/marbles_reference.mp4,marbles_dlss_rr_level0.mp4,dlss_rr,level0,/home/jv495/Datasets/GAIM240/marbles_dlss_rr_level0.mp4,marbles_judder_level0.mp4,judder,level0,/home/jv495/Datasets/GAIM240/marbles_judder_level0.mp4
1384,marbles,INTER-DISTORTION,marbles_reference.mp4,/home/jv495/Datasets/GAIM240/marbles_reference.mp4,marbles_dlss_rr_level0.mp4,dlss_rr,level0,/home/jv495/Datasets/GAIM240/marbles_dlss_rr_level0.mp4,marbles_judder_level1.mp4,judder,level1,/home/jv495/Datasets/GAIM240/marbles_judder_level1.mp4
1385,marbles,INTER-DISTORTION,marbles_reference.mp4,/home/jv495/Datasets/GAIM240/marbles_reference.mp4,marbles_dlss_rr_level0.mp4,dlss_rr,level0,/home/jv495/Datasets/GAIM240/marbles_dlss_rr_level0.mp4,marbles_judder_level2.mp4,judder,level2,/home/jv495/Datasets/GAIM240/marbles_judder_level2.mp4
1386,marbles,INTER-DISTORTION,marbles_reference.mp4,/home/jv495/Datasets/GAIM240/marbles_reference.mp4,marbles_dlss_rr_level0.mp4,dlss_rr,level0,/home/jv495/Datasets/GAIM240/marbles_dlss_rr_level0.mp4,marbles_motion_noise_level0.mp4,motion_noise,level0,/home/jv495/Datasets/GAIM240/marbles_motion_noise_level0.mp4
1387,marbles,INTER-DISTORTION,marbles_reference.mp4,/home/jv495/Datasets/GAIM240/marbles_reference.mp4,marbles_dlss_rr_level0.mp4,dlss_rr,level0,/home/jv495/Datasets/GAIM240/marbles_dlss_rr_level0.mp4,marbles_motion_noise_level1.mp4,motion_noise,level1,/home/jv495/Datasets/GAIM240/marbles_motion_noise_level1.mp4
1388,marbles,INTER-DISTORTION,marbles_reference.mp4,/home/jv495/Datasets/GAIM240/marbles_reference.mp4,marbles_dlss_rr_level0.mp4,dlss_rr,level0,/home/jv495/Datasets/GAIM240/marbles_dlss_rr_level0.mp4,marbles_motion_noise_level2.mp4,motion_noise,level2,/home/jv495/Datasets/GAIM240/marbles_motion_noise_level2.mp4
1389,marbles,INTER-DISTORTION,marbles_reference.mp4,/home/jv495/Datasets/GAIM240/marbles_reference.mp4,marbles_dlss_rr_level0.mp4,dlss_rr,level0,/home/jv495/Datasets/GAIM240/marbles_dlss_rr_level0.mp4,marbles_motion_resolution_level0.mp4,motion_resolution,level0,/home/jv495/Datasets/GAIM240/marbles_motion_resolution_level0.mp4
1390,marbles,INTER-DISTORTION,marbles_reference.mp4,/home/jv495/Datasets/GAIM240/marbles_reference.mp4,marbles_dlss_rr_level0.mp4,dlss_rr,level0,/home/jv495/Datasets/GAIM240/marbles_dlss_rr_level0.mp4,marbles_motion_resolution_level1.mp4,motion_resolution,level1,/home/jv495/Datasets/GAIM240/marbles_motion_resolution_level1.mp4
1391,marbles,INTER-DISTORTION,marbles_reference.mp4,/home/jv495/Datasets/GAIM240/marbles_reference.mp4,marbles_dlss_rr_level0.mp4,dlss_rr,level0,/home/jv495/Datasets/GAIM240/marbles_dlss_rr_level0.mp4,marbles_motion_resolution_level2.mp4,motion_resolution,level2,/home/jv495/Datasets/GAIM240/marbles_motion_resolution_level2.mp4
1392,marbles,INTER-DISTORTION,marbles_reference.mp4,/home/jv495/Datasets/GAIM240/marbles_reference.mp4,marbles_dlss_rr_level0.mp4,dlss_rr,level0,/home/jv495/Datasets/GAIM240/marbles_dlss_rr_level0.mp4,marbles_noise_colors_level0.mp4,noise_colors,level0,/home/jv495/Datasets/GAIM240/marbles_noise_colors_level0.mp4
1393,marbles,INTER-DISTORTION,marbles_reference.mp4,/home/jv495/Datasets/GAIM240/marbles_reference.mp4,marbles_dlss_rr_level0.mp4,dlss_rr,level0,/home/jv495/Datasets/GAIM240/marbles_dlss_rr_level0.mp4,marbles_noise_colors_level1.mp4,noise_colors,level1,/home/jv495/Datasets/GAIM240/marbles_noise_colors_level1.mp4
1394,marbles,INTER-DISTORTION,marbles_reference.mp4,/home/jv495/Datasets/GAIM240/marbles_reference.mp4,marbles_dlss_rr_level0.mp4,dlss_rr,level0,/home/jv495/Datasets/GAIM240/marbles_dlss_rr_level0.mp4,marbles_noise_colors_level2.mp4,noise_colors,level2,/home/jv495/Datasets/GAIM240/marbles_noise_colors_level2.mp4
1395,marbles,INTER-DISTORTION,marbles_reference.mp4,/home/jv495/Datasets/GAIM240/marbles_reference.mp4,marbles_dlss_rr_level0.mp4,dlss_rr,level0,/home/jv495/Datasets/GAIM240/marbles_dlss_rr_level0.mp4,marbles_restir_level0.mp4,restir,level0,/home/jv495/Datasets/GAIM240/marbles_restir_level0.mp4
1396,marbles,INTER-DISTORTION,marbles_reference.mp4,/home/jv495/Datasets/GAIM240/marbles_reference.mp4,marbles_dlss_rr_level0.mp4,dlss_rr,level0,/home/jv495/Datasets/GAIM240/marbles_dlss_rr_level0.mp4,marbles_restir_level1.mp4,restir,level1,/home/jv495/Datasets/GAIM240/marbles_restir_level1.mp4
1397,marbles,INTER-DISTORTION,marbles_reference.mp4,/home/jv495/Datasets/GAIM240/marbles_reference.mp4,marbles_dlss_rr_level0.mp4,dlss_rr,level0,/home/jv495/Datasets/GAIM240/marbles_dlss_rr_level0.mp4,marbles_restir_level2.mp4,restir,level2,/home/jv495/Datasets/GAIM240/marbles_restir_level2.mp4
1398,marbles,INTER-DISTORTION,marbles_reference.mp4,/home/jv495/Datasets/GAIM240/marbles_reference.mp4,marbles_dlss_rr_level0.mp4,dlss_rr,level0,/home/jv495/Datasets/GAIM240/marbles_dlss_rr_level0.mp4,marbles_stutter_level0.mp4,stutter,level0,/home/jv495/Datasets/GAIM240/marbles_stutter_level0.mp4
1399,marbles,INTER-DISTORTION,marbles_reference.mp4,/home/jv495/Datasets/GAIM240/marbles_reference.mp4,marbles_dlss_rr_level0.mp4,dlss_rr,level0,/home/jv495/Datasets/GAIM240/marbles_dlss_rr_level0.mp4,marbles_stutter_level1.mp4,stutter,level1,/home/jv495/Datasets/GAIM240/marbles_stutter_level1.mp4
1400,marbles,INTER-DISTORTION,marbles_reference.mp4,/home/jv495/Datasets/GAIM240/marbles_reference.mp4,marbles_dlss_rr_level0.mp4,dlss_rr,level0,/home/jv495/Datasets/GAIM240/marbles_dlss_rr_level0.mp4,marbles_stutter_level2.mp4,stutter,level2,/home/jv495/Datasets/GAIM240/marbles_stutter_level2.mp4
1401,marbles,INTER-DISTORTION,marbles_reference.mp4,/home/jv495/Datasets/GAIM240/marbles_reference.mp4,marbles_dlss_rr_level0.mp4,dlss_rr,level0,/home/jv495/Datasets/GAIM240/marbles_dlss_rr_level0.mp4,marbles_temporal-resolution-multiplexing_level0.mp4,temporal-resolution-multiplexing,level0,/home/jv495/Datasets/GAIM240/marbles_temporal-resolution-multiplexing_level0.mp4
1402,marbles,INTER-DISTORTION,marbles_reference.mp4,/home/jv495/Datasets/GAIM240/marbles_reference.mp4,marbles_dlss_rr_level0.mp4,dlss_rr,level0,/home/jv495/Datasets/GAIM240/marbles_dlss_rr_level0.mp4,marbles_temporal-resolution-multiplexing_level1.mp4,temporal-resolution-multiplexing,level1,/home/jv495/Datasets/GAIM240/marbles_temporal-resolution-multiplexing_level1.mp4
1403,marbles,INTER-DISTORTION,marbles_reference.mp4,/home/jv495/Datasets/GAIM240/marbles_reference.mp4,marbles_dlss_rr_level0.mp4,dlss_rr,level0,/home/jv495/Datasets/GAIM240/marbles_dlss_rr_level0.mp4,marbles_temporal-resolution-multiplexing_level2.mp4,temporal-resolution-multiplexing,level2,/home/jv495/Datasets/GAIM240/marbles_temporal-resolution-multiplexing_level2.mp4
1404,marbles,INTRA-DISTORTION,marbles_reference.mp4,/home/jv495/Datasets/GAIM240/marbles_reference.mp4,marbles_dlss_rr_level1.mp4,dlss_rr,level1,/home/jv495/Datasets/GAIM240/marbles_dlss_rr_level1.mp4,marbles_dlss_rr_level2.mp4,dlss_rr,level2,/home/jv495/Datasets/GAIM240/marbles_dlss_rr_level2.mp4
1405,marbles,INTER-DISTORTION,marbles_reference.mp4,/home/jv495/Datasets/GAIM240/marbles_reference.mp4,marbles_dlss_rr_level1.mp4,dlss_rr,level1,/home/jv495/Datasets/GAIM240/marbles_dlss_rr_level1.mp4,marbles_judder_level0.mp4,judder,level0,/home/jv495/Datasets/GAIM240/marbles_judder_level0.mp4
1406,marbles,INTER-DISTORTION,marbles_reference.mp4,/home/jv495/Datasets/GAIM240/marbles_reference.mp4,marbles_dlss_rr_level1.mp4,dlss_rr,level1,/home/jv495/Datasets/GAIM240/marbles_dlss_rr_level1.mp4,marbles_judder_level1.mp4,judder,level1,/home/jv495/Datasets/GAIM240/marbles_judder_level1.mp4
1407,marbles,INTER-DISTORTION,marbles_reference.mp4,/home/jv495/Datasets/GAIM240/marbles_reference.mp4,marbles_dlss_rr_level1.mp4,dlss_rr,level1,/home/jv495/Datasets/GAIM240/marbles_dlss_rr_level1.mp4,marbles_judder_level2.mp4,judder,level2,/home/jv495/Datasets/GAIM240/marbles_judder_level2.mp4
1408,marbles,INTER-DISTORTION,marbles_reference.mp4,/home/jv495/Datasets/GAIM240/marbles_reference.mp4,marbles_dlss_rr_level1.mp4,dlss_rr,level1,/home/jv495/Datasets/GAIM240/marbles_dlss_rr_level1.mp4,marbles_motion_noise_level0.mp4,motion_noise,level0,/home/jv495/Datasets/GAIM240/marbles_motion_noise_level0.mp4
1409,marbles,INTER-DISTORTION,marbles_reference.mp4,/home/jv495/Datasets/GAIM240/marbles_reference.mp4,marbles_dlss_rr_level1.mp4,dlss_rr,level1,/home/jv495/Datasets/GAIM240/marbles_dlss_rr_level1.mp4,marbles_motion_noise_level1.mp4,motion_noise,level1,/home/jv495/Datasets/GAIM240/marbles_motion_noise_level1.mp4
1410,marbles,INTER-DISTORTION,marbles_reference.mp4,/home/jv495/Datasets/GAIM240/marbles_reference.mp4,marbles_dlss_rr_level1.mp4,dlss_rr,level1,/home/jv495/Datasets/GAIM240/marbles_dlss_rr_level1.mp4,marbles_motion_noise_level2.mp4,motion_noise,level2,/home/jv495/Datasets/GAIM240/marbles_motion_noise_level2.mp4
1411,marbles,INTER-DISTORTION,marbles_reference.mp4,/home/jv495/Datasets/GAIM240/marbles_reference.mp4,marbles_dlss_rr_level1.mp4,dlss_rr,level1,/home/jv495/Datasets/GAIM240/marbles_dlss_rr_level1.mp4,marbles_motion_resolution_level0.mp4,motion_resolution,level0,/home/jv495/Datasets/GAIM240/marbles_motion_resolution_level0.mp4
1412,marbles,INTER-DISTORTION,marbles_reference.mp4,/home/jv495/Datasets/GAIM240/marbles_reference.mp4,marbles_dlss_rr_level1.mp4,dlss_rr,level1,/home/jv495/Datasets/GAIM240/marbles_dlss_rr_level1.mp4,marbles_motion_resolution_level1.mp4,motion_resolution,level1,/home/jv495/Datasets/GAIM240/marbles_motion_resolution_level1.mp4
1413,marbles,INTER-DISTORTION,marbles_reference.mp4,/home/jv495/Datasets/GAIM240/marbles_reference.mp4,marbles_dlss_rr_level1.mp4,dlss_rr,level1,/home/jv495/Datasets/GAIM240/marbles_dlss_rr_level1.mp4,marbles_motion_resolution_level2.mp4,motion_resolution,level2,/home/jv495/Datasets/GAIM240/marbles_motion_resolution_level2.mp4
1414,marbles,INTER-DISTORTION,marbles_reference.mp4,/home/jv495/Datasets/GAIM240/marbles_reference.mp4,marbles_dlss_rr_level1.mp4,dlss_rr,level1,/home/jv495/Datasets/GAIM240/marbles_dlss_rr_level1.mp4,marbles_noise_colors_level0.mp4,noise_colors,level0,/home/jv495/Datasets/GAIM240/marbles_noise_colors_level0.mp4
1415,marbles,INTER-DISTORTION,marbles_reference.mp4,/home/jv495/Datasets/GAIM240/marbles_reference.mp4,marbles_dlss_rr_level1.mp4,dlss_rr,level1,/home/jv495/Datasets/GAIM240/marbles_dlss_rr_level1.mp4,marbles_noise_colors_level1.mp4,noise_colors,level1,/home/jv495/Datasets/GAIM240/marbles_noise_colors_level1.mp4
1416,marbles,INTER-DISTORTION,marbles_reference.mp4,/home/jv495/Datasets/GAIM240/marbles_reference.mp4,marbles_dlss_rr_level1.mp4,dlss_rr,level1,/home/jv495/Datasets/GAIM240/marbles_dlss_rr_level1.mp4,marbles_noise_colors_level2.mp4,noise_colors,level2,/home/jv495/Datasets/GAIM240/marbles_noise_colors_level2.mp4
1417,marbles,INTER-DISTORTION,marbles_reference.mp4,/home/jv495/Datasets/GAIM240/marbles_reference.mp4,marbles_dlss_rr_level1.mp4,dlss_rr,level1,/home/jv495/Datasets/GAIM240/marbles_dlss_rr_level1.mp4,marbles_restir_level0.mp4,restir,level0,/home/jv495/Datasets/GAIM240/marbles_restir_level0.mp4
1418,marbles,INTER-DISTORTION,marbles_reference.mp4,/home/jv495/Datasets/GAIM240/marbles_reference.mp4,marbles_dlss_rr_level1.mp4,dlss_rr,level1,/home/jv495/Datasets/GAIM240/marbles_dlss_rr_level1.mp4,marbles_restir_level1.mp4,restir,level1,/home/jv495/Datasets/GAIM240/marbles_restir_level1.mp4
1419,marbles,INTER-DISTORTION,marbles_reference.mp4,/home/jv495/Datasets/GAIM240/marbles_reference.mp4,marbles_dlss_rr_level1.mp4,dlss_rr,level1,/home/jv495/Datasets/GAIM240/marbles_dlss_rr_level1.mp4,marbles_restir_level2.mp4,restir,level2,/home/jv495/Datasets/GAIM240/marbles_restir_level2.mp4
1420,marbles,INTER-DISTORTION,marbles_reference.mp4,/home/jv495/Datasets/GAIM240/marbles_reference.mp4,marbles_dlss_rr_level1.mp4,dlss_rr,level1,/home/jv495/Datasets/GAIM240/marbles_dlss_rr_level1.mp4,marbles_stutter_level0.mp4,stutter,level0,/home/jv495/Datasets/GAIM240/marbles_stutter_level0.mp4
1421,marbles,INTER-DISTORTION,marbles_reference.mp4,/home/jv495/Datasets/GAIM240/marbles_reference.mp4,marbles_dlss_rr_level1.mp4,dlss_rr,level1,/home/jv495/Datasets/GAIM240/marbles_dlss_rr_level1.mp4,marbles_stutter_level1.mp4,stutter,level1,/home/jv495/Datasets/GAIM240/marbles_stutter_level1.mp4
1422,marbles,INTER-DISTORTION,marbles_reference.mp4,/home/jv495/Datasets/GAIM240/marbles_reference.mp4,marbles_dlss_rr_level1.mp4,dlss_rr,level1,/home/jv495/Datasets/GAIM240/marbles_dlss_rr_level1.mp4,marbles_stutter_level2.mp4,stutter,level2,/home/jv495/Datasets/GAIM240/marbles_stutter_level2.mp4
1423,marbles,INTER-DISTORTION,marbles_reference.mp4,/home/jv495/Datasets/GAIM240/marbles_reference.mp4,marbles_dlss_rr_level1.mp4,dlss_rr,level1,/home/jv495/Datasets/GAIM240/marbles_dlss_rr_level1.mp4,marbles_temporal-resolution-multiplexing_level0.mp4,temporal-resolution-multiplexing,level0,/home/jv495/Datasets/GAIM240/marbles_temporal-resolution-multiplexing_level0.mp4
1424,marbles,INTER-DISTORTION,marbles_reference.mp4,/home/jv495/Datasets/GAIM240/marbles_reference.mp4,marbles_dlss_rr_level1.mp4,dlss_rr,level1,/home/jv495/Datasets/GAIM240/marbles_dlss_rr_level1.mp4,marbles_temporal-resolution-multiplexing_level1.mp4,temporal-resolution-multiplexing,level1,/home/jv495/Datasets/GAIM240/marbles_temporal-resolution-multiplexing_level1.mp4
1425,marbles,INTER-DISTORTION,marbles_reference.mp4,/home/jv495/Datasets/GAIM240/marbles_reference.mp4,marbles_dlss_rr_level1.mp4,dlss_rr,level1,/home/jv495/Datasets/GAIM240/marbles_dlss_rr_level1.mp4,marbles_temporal-resolution-multiplexing_level2.mp4,temporal-resolution-multiplexing,level2,/home/jv495/Datasets/GAIM240/marbles_temporal-resolution-multiplexing_level2.mp4
1426,marbles,INTER-DISTORTION,marbles_reference.mp4,/home/jv495/Datasets/GAIM240/marbles_reference.mp4,marbles_dlss_rr_level2.mp4,dlss_rr,level2,/home/jv495/Datasets/GAIM240/marbles_dlss_rr_level2.mp4,marbles_judder_level0.mp4,judder,level0,/home/jv495/Datasets/GAIM240/marbles_judder_level0.mp4
1427,marbles,INTER-DISTORTION,marbles_reference.mp4,/home/jv495/Datasets/GAIM240/marbles_reference.mp4,marbles_dlss_rr_level2.mp4,dlss_rr,level2,/home/jv495/Datasets/GAIM240/marbles_dlss_rr_level2.mp4,marbles_judder_level1.mp4,judder,level1,/home/jv495/Datasets/GAIM240/marbles_judder_level1.mp4
1428,marbles,INTER-DISTORTION,marbles_reference.mp4,/home/jv495/Datasets/GAIM240/marbles_reference.mp4,marbles_dlss_rr_level2.mp4,dlss_rr,level2,/home/jv495/Datasets/GAIM240/marbles_dlss_rr_level2.mp4,marbles_judder_level2.mp4,judder,level2,/home/jv495/Datasets/GAIM240/marbles_judder_level2.mp4
1429,marbles,INTER-DISTORTION,marbles_reference.mp4,/home/jv495/Datasets/GAIM240/marbles_reference.mp4,marbles_dlss_rr_level2.mp4,dlss_rr,level2,/home/jv495/Datasets/GAIM240/marbles_dlss_rr_level2.mp4,marbles_motion_noise_level0.mp4,motion_noise,level0,/home/jv495/Datasets/GAIM240/marbles_motion_noise_level0.mp4
1430,marbles,INTER-DISTORTION,marbles_reference.mp4,/home/jv495/Datasets/GAIM240/marbles_reference.mp4,marbles_dlss_rr_level2.mp4,dlss_rr,level2,/home/jv495/Datasets/GAIM240/marbles_dlss_rr_level2.mp4,marbles_motion_noise_level1.mp4,motion_noise,level1,/home/jv495/Datasets/GAIM240/marbles_motion_noise_level1.mp4
1431,marbles,INTER-DISTORTION,marbles_reference.mp4,/home/jv495/Datasets/GAIM240/marbles_reference.mp4,marbles_dlss_rr_level2.mp4,dlss_rr,level2,/home/jv495/Datasets/GAIM240/marbles_dlss_rr_level2.mp4,marbles_motion_noise_level2.mp4,motion_noise,level2,/home/jv495/Datasets/GAIM240/marbles_motion_noise_level2.mp4
1432,marbles,INTER-DISTORTION,marbles_reference.mp4,/home/jv495/Datasets/GAIM240/marbles_reference.mp4,marbles_dlss_rr_level2.mp4,dlss_rr,level2,/home/jv495/Datasets/GAIM240/marbles_dlss_rr_level2.mp4,marbles_motion_resolution_level0.mp4,motion_resolution,level0,/home/jv495/Datasets/GAIM240/marbles_motion_resolution_level0.mp4
1433,marbles,INTER-DISTORTION,marbles_reference.mp4,/home/jv495/Datasets/GAIM240/marbles_reference.mp4,marbles_dlss_rr_level2.mp4,dlss_rr,level2,/home/jv495/Datasets/GAIM240/marbles_dlss_rr_level2.mp4,marbles_motion_resolution_level1.mp4,motion_resolution,level1,/home/jv495/Datasets/GAIM240/marbles_motion_resolution_level1.mp4
1434,marbles,INTER-DISTORTION,marbles_reference.mp4,/home/jv495/Datasets/GAIM240/marbles_reference.mp4,marbles_dlss_rr_level2.mp4,dlss_rr,level2,/home/jv495/Datasets/GAIM240/marbles_dlss_rr_level2.mp4,marbles_motion_resolution_level2.mp4,motion_resolution,level2,/home/jv495/Datasets/GAIM240/marbles_motion_resolution_level2.mp4
1435,marbles,INTER-DISTORTION,marbles_reference.mp4,/home/jv495/Datasets/GAIM240/marbles_reference.mp4,marbles_dlss_rr_level2.mp4,dlss_rr,level2,/home/jv495/Datasets/GAIM240/marbles_dlss_rr_level2.mp4,marbles_noise_colors_level0.mp4,noise_colors,level0,/home/jv495/Datasets/GAIM240/marbles_noise_colors_level0.mp4
1436,marbles,INTER-DISTORTION,marbles_reference.mp4,/home/jv495/Datasets/GAIM240/marbles_reference.mp4,marbles_dlss_rr_level2.mp4,dlss_rr,level2,/home/jv495/Datasets/GAIM240/marbles_dlss_rr_level2.mp4,marbles_noise_colors_level1.mp4,noise_colors,level1,/home/jv495/Datasets/GAIM240/marbles_noise_colors_level1.mp4
1437,marbles,INTER-DISTORTION,marbles_reference.mp4,/home/jv495/Datasets/GAIM240/marbles_reference.mp4,marbles_dlss_rr_level2.mp4,dlss_rr,level2,/home/jv495/Datasets/GAIM240/marbles_dlss_rr_level2.mp4,marbles_noise_colors_level2.mp4,noise_colors,level2,/home/jv495/Datasets/GAIM240/marbles_noise_colors_level2.mp4
1438,marbles,INTER-DISTORTION,marbles_reference.mp4,/home/jv495/Datasets/GAIM240/marbles_reference.mp4,marbles_dlss_rr_level2.mp4,dlss_rr,level2,/home/jv495/Datasets/GAIM240/marbles_dlss_rr_level2.mp4,marbles_restir_level0.mp4,restir,level0,/home/jv495/Datasets/GAIM240/marbles_restir_level0.mp4
1439,marbles,INTER-DISTORTION,marbles_reference.mp4,/home/jv495/Datasets/GAIM240/marbles_reference.mp4,marbles_dlss_rr_level2.mp4,dlss_rr,level2,/home/jv495/Datasets/GAIM240/marbles_dlss_rr_level2.mp4,marbles_restir_level1.mp4,restir,level1,/home/jv495/Datasets/GAIM240/marbles_restir_level1.mp4
1440,marbles,INTER-DISTORTION,marbles_reference.mp4,/home/jv495/Datasets/GAIM240/marbles_reference.mp4,marbles_dlss_rr_level2.mp4,dlss_rr,level2,/home/jv495/Datasets/GAIM240/marbles_dlss_rr_level2.mp4,marbles_restir_level2.mp4,restir,level2,/home/jv495/Datasets/GAIM240/marbles_restir_level2.mp4
1441,marbles,INTER-DISTORTION,marbles_reference.mp4,/home/jv495/Datasets/GAIM240/marbles_reference.mp4,marbles_dlss_rr_level2.mp4,dlss_rr,level2,/home/jv495/Datasets/GAIM240/marbles_dlss_rr_level2.mp4,marbles_stutter_level0.mp4,stutter,level0,/home/jv495/Datasets/GAIM240/marbles_stutter_level0.mp4
1442,marbles,INTER-DISTORTION,marbles_reference.mp4,/home/jv495/Datasets/GAIM240/marbles_reference.mp4,marbles_dlss_rr_level2.mp4,dlss_rr,level2,/home/jv495/Datasets/GAIM240/marbles_dlss_rr_level2.mp4,marbles_stutter_level1.mp4,stutter,level1,/home/jv495/Datasets/GAIM240/marbles_stutter_level1.mp4
1443,marbles,INTER-DISTORTION,marbles_reference.mp4,/home/jv495/Datasets/GAIM240/marbles_reference.mp4,marbles_dlss_rr_level2.mp4,dlss_rr,level2,/home/jv495/Datasets/GAIM240/marbles_dlss_rr_level2.mp4,marbles_stutter_level2.mp4,stutter,level2,/home/jv495/Datasets/GAIM240/marbles_stutter_level2.mp4
1444,marbles,INTER-DISTORTION,marbles_reference.mp4,/home/jv495/Datasets/GAIM240/marbles_reference.mp4,marbles_dlss_rr_level2.mp4,dlss_rr,level2,/home/jv495/Datasets/GAIM240/marbles_dlss_rr_level2.mp4,marbles_temporal-resolution-multiplexing_level0.mp4,temporal-resolution-multiplexing,level0,/home/jv495/Datasets/GAIM240/marbles_temporal-resolution-multiplexing_level0.mp4
1445,marbles,INTER-DISTORTION,marbles_reference.mp4,/home/jv495/Datasets/GAIM240/marbles_reference.mp4,marbles_dlss_rr_level2.mp4,dlss_rr,level2,/home/jv495/Datasets/GAIM240/marbles_dlss_rr_level2.mp4,marbles_temporal-resolution-multiplexing_level1.mp4,temporal-resolution-multiplexing,level1,/home/jv495/Datasets/GAIM240/marbles_temporal-resolution-multiplexing_level1.mp4
1446,marbles,INTER-DISTORTION,marbles_reference.mp4,/home/jv495/Datasets/GAIM240/marbles_reference.mp4,marbles_dlss_rr_level2.mp4,dlss_rr,level2,/home/jv495/Datasets/GAIM240/marbles_dlss_rr_level2.mp4,marbles_temporal-resolution-multiplexing_level2.mp4,temporal-resolution-multiplexing,level2,/home/jv495/Datasets/GAIM240/marbles_temporal-resolution-multiplexing_level2.mp4
1447,marbles,INTRA-DISTORTION,marbles_reference.mp4,/home/jv495/Datasets/GAIM240/marbles_reference.mp4,marbles_judder_level0.mp4,judder,level0,/home/jv495/Datasets/GAIM240/marbles_judder_level0.mp4,marbles_judder_level1.mp4,judder,level1,/home/jv495/Datasets/GAIM240/marbles_judder_level1.mp4
1448,marbles,INTRA-DISTORTION,marbles_reference.mp4,/home/jv495/Datasets/GAIM240/marbles_reference.mp4,marbles_judder_level0.mp4,judder,level0,/home/jv495/Datasets/GAIM240/marbles_judder_level0.mp4,marbles_judder_level2.mp4,judder,level2,/home/jv495/Datasets/GAIM240/marbles_judder_level2.mp4
1449,marbles,INTER-DISTORTION,marbles_reference.mp4,/home/jv495/Datasets/GAIM240/marbles_reference.mp4,marbles_judder_level0.mp4,judder,level0,/home/jv495/Datasets/GAIM240/marbles_judder_level0.mp4,marbles_motion_noise_level0.mp4,motion_noise,level0,/home/jv495/Datasets/GAIM240/marbles_motion_noise_level0.mp4
1450,marbles,INTER-DISTORTION,marbles_reference.mp4,/home/jv495/Datasets/GAIM240/marbles_reference.mp4,marbles_judder_level0.mp4,judder,level0,/home/jv495/Datasets/GAIM240/marbles_judder_level0.mp4,marbles_motion_noise_level1.mp4,motion_noise,level1,/home/jv495/Datasets/GAIM240/marbles_motion_noise_level1.mp4
1451,marbles,INTER-DISTORTION,marbles_reference.mp4,/home/jv495/Datasets/GAIM240/marbles_reference.mp4,marbles_judder_level0.mp4,judder,level0,/home/jv495/Datasets/GAIM240/marbles_judder_level0.mp4,marbles_motion_noise_level2.mp4,motion_noise,level2,/home/jv495/Datasets/GAIM240/marbles_motion_noise_level2.mp4
1452,marbles,INTER-DISTORTION,marbles_reference.mp4,/home/jv495/Datasets/GAIM240/marbles_reference.mp4,marbles_judder_level0.mp4,judder,level0,/home/jv495/Datasets/GAIM240/marbles_judder_level0.mp4,marbles_motion_resolution_level0.mp4,motion_resolution,level0,/home/jv495/Datasets/GAIM240/marbles_motion_resolution_level0.mp4
1453,marbles,INTER-DISTORTION,marbles_reference.mp4,/home/jv495/Datasets/GAIM240/marbles_reference.mp4,marbles_judder_level0.mp4,judder,level0,/home/jv495/Datasets/GAIM240/marbles_judder_level0.mp4,marbles_motion_resolution_level1.mp4,motion_resolution,level1,/home/jv495/Datasets/GAIM240/marbles_motion_resolution_level1.mp4
1454,marbles,INTER-DISTORTION,marbles_reference.mp4,/home/jv495/Datasets/GAIM240/marbles_reference.mp4,marbles_judder_level0.mp4,judder,level0,/home/jv495/Datasets/GAIM240/marbles_judder_level0.mp4,marbles_motion_resolution_level2.mp4,motion_resolution,level2,/home/jv495/Datasets/GAIM240/marbles_motion_resolution_level2.mp4
1455,marbles,INTER-DISTORTION,marbles_reference.mp4,/home/jv495/Datasets/GAIM240/marbles_reference.mp4,marbles_judder_level0.mp4,judder,level0,/home/jv495/Datasets/GAIM240/marbles_judder_level0.mp4,marbles_noise_colors_level0.mp4,noise_colors,level0,/home/jv495/Datasets/GAIM240/marbles_noise_colors_level0.mp4
1456,marbles,INTER-DISTORTION,marbles_reference.mp4,/home/jv495/Datasets/GAIM240/marbles_reference.mp4,marbles_judder_level0.mp4,judder,level0,/home/jv495/Datasets/GAIM240/marbles_judder_level0.mp4,marbles_noise_colors_level1.mp4,noise_colors,level1,/home/jv495/Datasets/GAIM240/marbles_noise_colors_level1.mp4
1457,marbles,INTER-DISTORTION,marbles_reference.mp4,/home/jv495/Datasets/GAIM240/marbles_reference.mp4,marbles_judder_level0.mp4,judder,level0,/home/jv495/Datasets/GAIM240/marbles_judder_level0.mp4,marbles_noise_colors_level2.mp4,noise_colors,level2,/home/jv495/Datasets/GAIM240/marbles_noise_colors_level2.mp4
1458,marbles,INTER-DISTORTION,marbles_reference.mp4,/home/jv495/Datasets/GAIM240/marbles_reference.mp4,marbles_judder_level0.mp4,judder,level0,/home/jv495/Datasets/GAIM240/marbles_judder_level0.mp4,marbles_restir_level0.mp4,restir,level0,/home/jv495/Datasets/GAIM240/marbles_restir_level0.mp4
1459,marbles,INTER-DISTORTION,marbles_reference.mp4,/home/jv495/Datasets/GAIM240/marbles_reference.mp4,marbles_judder_level0.mp4,judder,level0,/home/jv495/Datasets/GAIM240/marbles_judder_level0.mp4,marbles_restir_level1.mp4,restir,level1,/home/jv495/Datasets/GAIM240/marbles_restir_level1.mp4
1460,marbles,INTER-DISTORTION,marbles_reference.mp4,/home/jv495/Datasets/GAIM240/marbles_reference.mp4,marbles_judder_level0.mp4,judder,level0,/home/jv495/Datasets/GAIM240/marbles_judder_level0.mp4,marbles_restir_level2.mp4,restir,level2,/home/jv495/Datasets/GAIM240/marbles_restir_level2.mp4
1461,marbles,INTER-DISTORTION,marbles_reference.mp4,/home/jv495/Datasets/GAIM240/marbles_reference.mp4,marbles_judder_level0.mp4,judder,level0,/home/jv495/Datasets/GAIM240/marbles_judder_level0.mp4,marbles_stutter_level0.mp4,stutter,level0,/home/jv495/Datasets/GAIM240/marbles_stutter_level0.mp4
1462,marbles,INTER-DISTORTION,marbles_reference.mp4,/home/jv495/Datasets/GAIM240/marbles_reference.mp4,marbles_judder_level0.mp4,judder,level0,/home/jv495/Datasets/GAIM240/marbles_judder_level0.mp4,marbles_stutter_level1.mp4,stutter,level1,/home/jv495/Datasets/GAIM240/marbles_stutter_level1.mp4
1463,marbles,INTER-DISTORTION,marbles_reference.mp4,/home/jv495/Datasets/GAIM240/marbles_reference.mp4,marbles_judder_level0.mp4,judder,level0,/home/jv495/Datasets/GAIM240/marbles_judder_level0.mp4,marbles_stutter_level2.mp4,stutter,level2,/home/jv495/Datasets/GAIM240/marbles_stutter_level2.mp4
1464,marbles,INTER-DISTORTION,marbles_reference.mp4,/home/jv495/Datasets/GAIM240/marbles_reference.mp4,marbles_judder_level0.mp4,judder,level0,/home/jv495/Datasets/GAIM240/marbles_judder_level0.mp4,marbles_temporal-resolution-multiplexing_level0.mp4,temporal-resolution-multiplexing,level0,/home/jv495/Datasets/GAIM240/marbles_temporal-resolution-multiplexing_level0.mp4
1465,marbles,INTER-DISTORTION,marbles_reference.mp4,/home/jv495/Datasets/GAIM240/marbles_reference.mp4,marbles_judder_level0.mp4,judder,level0,/home/jv495/Datasets/GAIM240/marbles_judder_level0.mp4,marbles_temporal-resolution-multiplexing_level1.mp4,temporal-resolution-multiplexing,level1,/home/jv495/Datasets/GAIM240/marbles_temporal-resolution-multiplexing_level1.mp4
1466,marbles,INTER-DISTORTION,marbles_reference.mp4,/home/jv495/Datasets/GAIM240/marbles_reference.mp4,marbles_judder_level0.mp4,judder,level0,/home/jv495/Datasets/GAIM240/marbles_judder_level0.mp4,marbles_temporal-resolution-multiplexing_level2.mp4,temporal-resolution-multiplexing,level2,/home/jv495/Datasets/GAIM240/marbles_temporal-resolution-multiplexing_level2.mp4
1467,marbles,INTRA-DISTORTION,marbles_reference.mp4,/home/jv495/Datasets/GAIM240/marbles_reference.mp4,marbles_judder_level1.mp4,judder,level1,/home/jv495/Datasets/GAIM240/marbles_judder_level1.mp4,marbles_judder_level2.mp4,judder,level2,/home/jv495/Datasets/GAIM240/marbles_judder_level2.mp4
1468,marbles,INTER-DISTORTION,marbles_reference.mp4,/home/jv495/Datasets/GAIM240/marbles_reference.mp4,marbles_judder_level1.mp4,judder,level1,/home/jv495/Datasets/GAIM240/marbles_judder_level1.mp4,marbles_motion_noise_level0.mp4,motion_noise,level0,/home/jv495/Datasets/GAIM240/marbles_motion_noise_level0.mp4
1469,marbles,INTER-DISTORTION,marbles_reference.mp4,/home/jv495/Datasets/GAIM240/marbles_reference.mp4,marbles_judder_level1.mp4,judder,level1,/home/jv495/Datasets/GAIM240/marbles_judder_level1.mp4,marbles_motion_noise_level1.mp4,motion_noise,level1,/home/jv495/Datasets/GAIM240/marbles_motion_noise_level1.mp4
1470,marbles,INTER-DISTORTION,marbles_reference.mp4,/home/jv495/Datasets/GAIM240/marbles_reference.mp4,marbles_judder_level1.mp4,judder,level1,/home/jv495/Datasets/GAIM240/marbles_judder_level1.mp4,marbles_motion_noise_level2.mp4,motion_noise,level2,/home/jv495/Datasets/GAIM240/marbles_motion_noise_level2.mp4
1471,marbles,INTER-DISTORTION,marbles_reference.mp4,/home/jv495/Datasets/GAIM240/marbles_reference.mp4,marbles_judder_level1.mp4,judder,level1,/home/jv495/Datasets/GAIM240/marbles_judder_level1.mp4,marbles_motion_resolution_level0.mp4,motion_resolution,level0,/home/jv495/Datasets/GAIM240/marbles_motion_resolution_level0.mp4
1472,marbles,INTER-DISTORTION,marbles_reference.mp4,/home/jv495/Datasets/GAIM240/marbles_reference.mp4,marbles_judder_level1.mp4,judder,level1,/home/jv495/Datasets/GAIM240/marbles_judder_level1.mp4,marbles_motion_resolution_level1.mp4,motion_resolution,level1,/home/jv495/Datasets/GAIM240/marbles_motion_resolution_level1.mp4
1473,marbles,INTER-DISTORTION,marbles_reference.mp4,/home/jv495/Datasets/GAIM240/marbles_reference.mp4,marbles_judder_level1.mp4,judder,level1,/home/jv495/Datasets/GAIM240/marbles_judder_level1.mp4,marbles_motion_resolution_level2.mp4,motion_resolution,level2,/home/jv495/Datasets/GAIM240/marbles_motion_resolution_level2.mp4
1474,marbles,INTER-DISTORTION,marbles_reference.mp4,/home/jv495/Datasets/GAIM240/marbles_reference.mp4,marbles_judder_level1.mp4,judder,level1,/home/jv495/Datasets/GAIM240/marbles_judder_level1.mp4,marbles_noise_colors_level0.mp4,noise_colors,level0,/home/jv495/Datasets/GAIM240/marbles_noise_colors_level0.mp4
1475,marbles,INTER-DISTORTION,marbles_reference.mp4,/home/jv495/Datasets/GAIM240/marbles_reference.mp4,marbles_judder_level1.mp4,judder,level1,/home/jv495/Datasets/GAIM240/marbles_judder_level1.mp4,marbles_noise_colors_level1.mp4,noise_colors,level1,/home/jv495/Datasets/GAIM240/marbles_noise_colors_level1.mp4
1476,marbles,INTER-DISTORTION,marbles_reference.mp4,/home/jv495/Datasets/GAIM240/marbles_reference.mp4,marbles_judder_level1.mp4,judder,level1,/home/jv495/Datasets/GAIM240/marbles_judder_level1.mp4,marbles_noise_colors_level2.mp4,noise_colors,level2,/home/jv495/Datasets/GAIM240/marbles_noise_colors_level2.mp4
1477,marbles,INTER-DISTORTION,marbles_reference.mp4,/home/jv495/Datasets/GAIM240/marbles_reference.mp4,marbles_judder_level1.mp4,judder,level1,/home/jv495/Datasets/GAIM240/marbles_judder_level1.mp4,marbles_restir_level0.mp4,restir,level0,/home/jv495/Datasets/GAIM240/marbles_restir_level0.mp4
1478,marbles,INTER-DISTORTION,marbles_reference.mp4,/home/jv495/Datasets/GAIM240/marbles_reference.mp4,marbles_judder_level1.mp4,judder,level1,/home/jv495/Datasets/GAIM240/marbles_judder_level1.mp4,marbles_restir_level1.mp4,restir,level1,/home/jv495/Datasets/GAIM240/marbles_restir_level1.mp4
1479,marbles,INTER-DISTORTION,marbles_reference.mp4,/home/jv495/Datasets/GAIM240/marbles_reference.mp4,marbles_judder_level1.mp4,judder,level1,/home/jv495/Datasets/GAIM240/marbles_judder_level1.mp4,marbles_restir_level2.mp4,restir,level2,/home/jv495/Datasets/GAIM240/marbles_restir_level2.mp4
1480,marbles,INTER-DISTORTION,marbles_reference.mp4,/home/jv495/Datasets/GAIM240/marbles_reference.mp4,marbles_judder_level1.mp4,judder,level1,/home/jv495/Datasets/GAIM240/marbles_judder_level1.mp4,marbles_stutter_level0.mp4,stutter,level0,/home/jv495/Datasets/GAIM240/marbles_stutter_level0.mp4
1481,marbles,INTER-DISTORTION,marbles_reference.mp4,/home/jv495/Datasets/GAIM240/marbles_reference.mp4,marbles_judder_level1.mp4,judder,level1,/home/jv495/Datasets/GAIM240/marbles_judder_level1.mp4,marbles_stutter_level1.mp4,stutter,level1,/home/jv495/Datasets/GAIM240/marbles_stutter_level1.mp4
1482,marbles,INTER-DISTORTION,marbles_reference.mp4,/home/jv495/Datasets/GAIM240/marbles_reference.mp4,marbles_judder_level1.mp4,judder,level1,/home/jv495/Datasets/GAIM240/marbles_judder_level1.mp4,marbles_stutter_level2.mp4,stutter,level2,/home/jv495/Datasets/GAIM240/marbles_stutter_level2.mp4
1483,marbles,INTER-DISTORTION,marbles_reference.mp4,/home/jv495/Datasets/GAIM240/marbles_reference.mp4,marbles_judder_level1.mp4,judder,level1,/home/jv495/Datasets/GAIM240/marbles_judder_level1.mp4,marbles_temporal-resolution-multiplexing_level0.mp4,temporal-resolution-multiplexing,level0,/home/jv495/Datasets/GAIM240/marbles_temporal-resolution-multiplexing_level0.mp4
1484,marbles,INTER-DISTORTION,marbles_reference.mp4,/home/jv495/Datasets/GAIM240/marbles_reference.mp4,marbles_judder_level1.mp4,judder,level1,/home/jv495/Datasets/GAIM240/marbles_judder_level1.mp4,marbles_temporal-resolution-multiplexing_level1.mp4,temporal-resolution-multiplexing,level1,/home/jv495/Datasets/GAIM240/marbles_temporal-resolution-multiplexing_level1.mp4
1485,marbles,INTER-DISTORTION,marbles_reference.mp4,/home/jv495/Datasets/GAIM240/marbles_reference.mp4,marbles_judder_level1.mp4,judder,level1,/home/jv495/Datasets/GAIM240/marbles_judder_level1.mp4,marbles_temporal-resolution-multiplexing_level2.mp4,temporal-resolution-multiplexing,level2,/home/jv495/Datasets/GAIM240/marbles_temporal-resolution-multiplexing_level2.mp4
1486,marbles,INTER-DISTORTION,marbles_reference.mp4,/home/jv495/Datasets/GAIM240/marbles_reference.mp4,marbles_judder_level2.mp4,judder,level2,/home/jv495/Datasets/GAIM240/marbles_judder_level2.mp4,marbles_motion_noise_level0.mp4,motion_noise,level0,/home/jv495/Datasets/GAIM240/marbles_motion_noise_level0.mp4
1487,marbles,INTER-DISTORTION,marbles_reference.mp4,/home/jv495/Datasets/GAIM240/marbles_reference.mp4,marbles_judder_level2.mp4,judder,level2,/home/jv495/Datasets/GAIM240/marbles_judder_level2.mp4,marbles_motion_noise_level1.mp4,motion_noise,level1,/home/jv495/Datasets/GAIM240/marbles_motion_noise_level1.mp4
1488,marbles,INTER-DISTORTION,marbles_reference.mp4,/home/jv495/Datasets/GAIM240/marbles_reference.mp4,marbles_judder_level2.mp4,judder,level2,/home/jv495/Datasets/GAIM240/marbles_judder_level2.mp4,marbles_motion_noise_level2.mp4,motion_noise,level2,/home/jv495/Datasets/GAIM240/marbles_motion_noise_level2.mp4
1489,marbles,INTER-DISTORTION,marbles_reference.mp4,/home/jv495/Datasets/GAIM240/marbles_reference.mp4,marbles_judder_level2.mp4,judder,level2,/home/jv495/Datasets/GAIM240/marbles_judder_level2.mp4,marbles_motion_resolution_level0.mp4,motion_resolution,level0,/home/jv495/Datasets/GAIM240/marbles_motion_resolution_level0.mp4
1490,marbles,INTER-DISTORTION,marbles_reference.mp4,/home/jv495/Datasets/GAIM240/marbles_reference.mp4,marbles_judder_level2.mp4,judder,level2,/home/jv495/Datasets/GAIM240/marbles_judder_level2.mp4,marbles_motion_resolution_level1.mp4,motion_resolution,level1,/home/jv495/Datasets/GAIM240/marbles_motion_resolution_level1.mp4
1491,marbles,INTER-DISTORTION,marbles_reference.mp4,/home/jv495/Datasets/GAIM240/marbles_reference.mp4,marbles_judder_level2.mp4,judder,level2,/home/jv495/Datasets/GAIM240/marbles_judder_level2.mp4,marbles_motion_resolution_level2.mp4,motion_resolution,level2,/home/jv495/Datasets/GAIM240/marbles_motion_resolution_level2.mp4
1492,marbles,INTER-DISTORTION,marbles_reference.mp4,/home/jv495/Datasets/GAIM240/marbles_reference.mp4,marbles_judder_level2.mp4,judder,level2,/home/jv495/Datasets/GAIM240/marbles_judder_level2.mp4,marbles_noise_colors_level0.mp4,noise_colors,level0,/home/jv495/Datasets/GAIM240/marbles_noise_colors_level0.mp4
1493,marbles,INTER-DISTORTION,marbles_reference.mp4,/home/jv495/Datasets/GAIM240/marbles_reference.mp4,marbles_judder_level2.mp4,judder,level2,/home/jv495/Datasets/GAIM240/marbles_judder_level2.mp4,marbles_noise_colors_level1.mp4,noise_colors,level1,/home/jv495/Datasets/GAIM240/marbles_noise_colors_level1.mp4
1494,marbles,INTER-DISTORTION,marbles_reference.mp4,/home/jv495/Datasets/GAIM240/marbles_reference.mp4,marbles_judder_level2.mp4,judder,level2,/home/jv495/Datasets/GAIM240/marbles_judder_level2.mp4,marbles_noise_colors_level2.mp4,noise_colors,level2,/home/jv495/Datasets/GAIM240/marbles_noise_colors_level2.mp4
1495,marbles,INTER-DISTORTION,marbles_reference.mp4,/home/jv495/Datasets/GAIM240/marbles_reference.mp4,marbles_judder_level2.mp4,judder,level2,/home/jv495/Datasets/GAIM240/marbles_judder_level2.mp4,marbles_restir_level0.mp4,restir,level0,/home/jv495/Datasets/GAIM240/marbles_restir_level0.mp4
1496,marbles,INTER-DISTORTION,marbles_reference.mp4,/home/jv495/Datasets/GAIM240/marbles_reference.mp4,marbles_judder_level2.mp4,judder,level2,/home/jv495/Datasets/GAIM240/marbles_judder_level2.mp4,marbles_restir_level1.mp4,restir,level1,/home/jv495/Datasets/GAIM240/marbles_restir_level1.mp4
1497,marbles,INTER-DISTORTION,marbles_reference.mp4,/home/jv495/Datasets/GAIM240/marbles_reference.mp4,marbles_judder_level2.mp4,judder,level2,/home/jv495/Datasets/GAIM240/marbles_judder_level2.mp4,marbles_restir_level2.mp4,restir,level2,/home/jv495/Datasets/GAIM240/marbles_restir_level2.mp4
1498,marbles,INTER-DISTORTION,marbles_reference.mp4,/home/jv495/Datasets/GAIM240/marbles_reference.mp4,marbles_judder_level2.mp4,judder,level2,/home/jv495/Datasets/GAIM240/marbles_judder_level2.mp4,marbles_stutter_level0.mp4,stutter,level0,/home/jv495/Datasets/GAIM240/marbles_stutter_level0.mp4
1499,marbles,INTER-DISTORTION,marbles_reference.mp4,/home/jv495/Datasets/GAIM240/marbles_reference.mp4,marbles_judder_level2.mp4,judder,level2,/home/jv495/Datasets/GAIM240/marbles_judder_level2.mp4,marbles_stutter_level1.mp4,stutter,level1,/home/jv495/Datasets/GAIM240/marbles_stutter_level1.mp4
1500,marbles,INTER-DISTORTION,marbles_reference.mp4,/home/jv495/Datasets/GAIM240/marbles_reference.mp4,marbles_judder_level2.mp4,judder,level2,/home/jv495/Datasets/GAIM240/marbles_judder_level2.mp4,marbles_stutter_level2.mp4,stutter,level2,/home/jv495/Datasets/GAIM240/marbles_stutter_level2.mp4
1501,marbles,INTER-DISTORTION,marbles_reference.mp4,/home/jv495/Datasets/GAIM240/marbles_reference.mp4,marbles_judder_level2.mp4,judder,level2,/home/jv495/Datasets/GAIM240/marbles_judder_level2.mp4,marbles_temporal-resolution-multiplexing_level0.mp4,temporal-resolution-multiplexing,level0,/home/jv495/Datasets/GAIM240/marbles_temporal-resolution-multiplexing_level0.mp4
1502,marbles,INTER-DISTORTION,marbles_reference.mp4,/home/jv495/Datasets/GAIM240/marbles_reference.mp4,marbles_judder_level2.mp4,judder,level2,/home/jv495/Datasets/GAIM240/marbles_judder_level2.mp4,marbles_temporal-resolution-multiplexing_level1.mp4,temporal-resolution-multiplexing,level1,/home/jv495/Datasets/GAIM240/marbles_temporal-resolution-multiplexing_level1.mp4
1503,marbles,INTER-DISTORTION,marbles_reference.mp4,/home/jv495/Datasets/GAIM240/marbles_reference.mp4,marbles_judder_level2.mp4,judder,level2,/home/jv495/Datasets/GAIM240/marbles_judder_level2.mp4,marbles_temporal-resolution-multiplexing_level2.mp4,temporal-resolution-multiplexing,level2,/home/jv495/Datasets/GAIM240/marbles_temporal-resolution-multiplexing_level2.mp4
1504,marbles,INTRA-DISTORTION,marbles_reference.mp4,/home/jv495/Datasets/GAIM240/marbles_reference.mp4,marbles_motion_noise_level0.mp4,motion_noise,level0,/home/jv495/Datasets/GAIM240/marbles_motion_noise_level0.mp4,marbles_motion_noise_level1.mp4,motion_noise,level1,/home/jv495/Datasets/GAIM240/marbles_motion_noise_level1.mp4
1505,marbles,INTRA-DISTORTION,marbles_reference.mp4,/home/jv495/Datasets/GAIM240/marbles_reference.mp4,marbles_motion_noise_level0.mp4,motion_noise,level0,/home/jv495/Datasets/GAIM240/marbles_motion_noise_level0.mp4,marbles_motion_noise_level2.mp4,motion_noise,level2,/home/jv495/Datasets/GAIM240/marbles_motion_noise_level2.mp4
1506,marbles,INTER-DISTORTION,marbles_reference.mp4,/home/jv495/Datasets/GAIM240/marbles_reference.mp4,marbles_motion_noise_level0.mp4,motion_noise,level0,/home/jv495/Datasets/GAIM240/marbles_motion_noise_level0.mp4,marbles_motion_resolution_level0.mp4,motion_resolution,level0,/home/jv495/Datasets/GAIM240/marbles_motion_resolution_level0.mp4
1507,marbles,INTER-DISTORTION,marbles_reference.mp4,/home/jv495/Datasets/GAIM240/marbles_reference.mp4,marbles_motion_noise_level0.mp4,motion_noise,level0,/home/jv495/Datasets/GAIM240/marbles_motion_noise_level0.mp4,marbles_motion_resolution_level1.mp4,motion_resolution,level1,/home/jv495/Datasets/GAIM240/marbles_motion_resolution_level1.mp4
1508,marbles,INTER-DISTORTION,marbles_reference.mp4,/home/jv495/Datasets/GAIM240/marbles_reference.mp4,marbles_motion_noise_level0.mp4,motion_noise,level0,/home/jv495/Datasets/GAIM240/marbles_motion_noise_level0.mp4,marbles_motion_resolution_level2.mp4,motion_resolution,level2,/home/jv495/Datasets/GAIM240/marbles_motion_resolution_level2.mp4
1509,marbles,INTER-DISTORTION,marbles_reference.mp4,/home/jv495/Datasets/GAIM240/marbles_reference.mp4,marbles_motion_noise_level0.mp4,motion_noise,level0,/home/jv495/Datasets/GAIM240/marbles_motion_noise_level0.mp4,marbles_noise_colors_level0.mp4,noise_colors,level0,/home/jv495/Datasets/GAIM240/marbles_noise_colors_level0.mp4
1510,marbles,INTER-DISTORTION,marbles_reference.mp4,/home/jv495/Datasets/GAIM240/marbles_reference.mp4,marbles_motion_noise_level0.mp4,motion_noise,level0,/home/jv495/Datasets/GAIM240/marbles_motion_noise_level0.mp4,marbles_noise_colors_level1.mp4,noise_colors,level1,/home/jv495/Datasets/GAIM240/marbles_noise_colors_level1.mp4
1511,marbles,INTER-DISTORTION,marbles_reference.mp4,/home/jv495/Datasets/GAIM240/marbles_reference.mp4,marbles_motion_noise_level0.mp4,motion_noise,level0,/home/jv495/Datasets/GAIM240/marbles_motion_noise_level0.mp4,marbles_noise_colors_level2.mp4,noise_colors,level2,/home/jv495/Datasets/GAIM240/marbles_noise_colors_level2.mp4
1512,marbles,INTER-DISTORTION,marbles_reference.mp4,/home/jv495/Datasets/GAIM240/marbles_reference.mp4,marbles_motion_noise_level0.mp4,motion_noise,level0,/home/jv495/Datasets/GAIM240/marbles_motion_noise_level0.mp4,marbles_restir_level0.mp4,restir,level0,/home/jv495/Datasets/GAIM240/marbles_restir_level0.mp4
1513,marbles,INTER-DISTORTION,marbles_reference.mp4,/home/jv495/Datasets/GAIM240/marbles_reference.mp4,marbles_motion_noise_level0.mp4,motion_noise,level0,/home/jv495/Datasets/GAIM240/marbles_motion_noise_level0.mp4,marbles_restir_level1.mp4,restir,level1,/home/jv495/Datasets/GAIM240/marbles_restir_level1.mp4
1514,marbles,INTER-DISTORTION,marbles_reference.mp4,/home/jv495/Datasets/GAIM240/marbles_reference.mp4,marbles_motion_noise_level0.mp4,motion_noise,level0,/home/jv495/Datasets/GAIM240/marbles_motion_noise_level0.mp4,marbles_restir_level2.mp4,restir,level2,/home/jv495/Datasets/GAIM240/marbles_restir_level2.mp4
1515,marbles,INTER-DISTORTION,marbles_reference.mp4,/home/jv495/Datasets/GAIM240/marbles_reference.mp4,marbles_motion_noise_level0.mp4,motion_noise,level0,/home/jv495/Datasets/GAIM240/marbles_motion_noise_level0.mp4,marbles_stutter_level0.mp4,stutter,level0,/home/jv495/Datasets/GAIM240/marbles_stutter_level0.mp4
1516,marbles,INTER-DISTORTION,marbles_reference.mp4,/home/jv495/Datasets/GAIM240/marbles_reference.mp4,marbles_motion_noise_level0.mp4,motion_noise,level0,/home/jv495/Datasets/GAIM240/marbles_motion_noise_level0.mp4,marbles_stutter_level1.mp4,stutter,level1,/home/jv495/Datasets/GAIM240/marbles_stutter_level1.mp4
1517,marbles,INTER-DISTORTION,marbles_reference.mp4,/home/jv495/Datasets/GAIM240/marbles_reference.mp4,marbles_motion_noise_level0.mp4,motion_noise,level0,/home/jv495/Datasets/GAIM240/marbles_motion_noise_level0.mp4,marbles_stutter_level2.mp4,stutter,level2,/home/jv495/Datasets/GAIM240/marbles_stutter_level2.mp4
1518,marbles,INTER-DISTORTION,marbles_reference.mp4,/home/jv495/Datasets/GAIM240/marbles_reference.mp4,marbles_motion_noise_level0.mp4,motion_noise,level0,/home/jv495/Datasets/GAIM240/marbles_motion_noise_level0.mp4,marbles_temporal-resolution-multiplexing_level0.mp4,temporal-resolution-multiplexing,level0,/home/jv495/Datasets/GAIM240/marbles_temporal-resolution-multiplexing_level0.mp4
1519,marbles,INTER-DISTORTION,marbles_reference.mp4,/home/jv495/Datasets/GAIM240/marbles_reference.mp4,marbles_motion_noise_level0.mp4,motion_noise,level0,/home/jv495/Datasets/GAIM240/marbles_motion_noise_level0.mp4,marbles_temporal-resolution-multiplexing_level1.mp4,temporal-resolution-multiplexing,level1,/home/jv495/Datasets/GAIM240/marbles_temporal-resolution-multiplexing_level1.mp4
1520,marbles,INTER-DISTORTION,marbles_reference.mp4,/home/jv495/Datasets/GAIM240/marbles_reference.mp4,marbles_motion_noise_level0.mp4,motion_noise,level0,/home/jv495/Datasets/GAIM240/marbles_motion_noise_level0.mp4,marbles_temporal-resolution-multiplexing_level2.mp4,temporal-resolution-multiplexing,level2,/home/jv495/Datasets/GAIM240/marbles_temporal-resolution-multiplexing_level2.mp4
1521,marbles,INTRA-DISTORTION,marbles_reference.mp4,/home/jv495/Datasets/GAIM240/marbles_reference.mp4,marbles_motion_noise_level1.mp4,motion_noise,level1,/home/jv495/Datasets/GAIM240/marbles_motion_noise_level1.mp4,marbles_motion_noise_level2.mp4,motion_noise,level2,/home/jv495/Datasets/GAIM240/marbles_motion_noise_level2.mp4
1522,marbles,INTER-DISTORTION,marbles_reference.mp4,/home/jv495/Datasets/GAIM240/marbles_reference.mp4,marbles_motion_noise_level1.mp4,motion_noise,level1,/home/jv495/Datasets/GAIM240/marbles_motion_noise_level1.mp4,marbles_motion_resolution_level0.mp4,motion_resolution,level0,/home/jv495/Datasets/GAIM240/marbles_motion_resolution_level0.mp4
1523,marbles,INTER-DISTORTION,marbles_reference.mp4,/home/jv495/Datasets/GAIM240/marbles_reference.mp4,marbles_motion_noise_level1.mp4,motion_noise,level1,/home/jv495/Datasets/GAIM240/marbles_motion_noise_level1.mp4,marbles_motion_resolution_level1.mp4,motion_resolution,level1,/home/jv495/Datasets/GAIM240/marbles_motion_resolution_level1.mp4
1524,marbles,INTER-DISTORTION,marbles_reference.mp4,/home/jv495/Datasets/GAIM240/marbles_reference.mp4,marbles_motion_noise_level1.mp4,motion_noise,level1,/home/jv495/Datasets/GAIM240/marbles_motion_noise_level1.mp4,marbles_motion_resolution_level2.mp4,motion_resolution,level2,/home/jv495/Datasets/GAIM240/marbles_motion_resolution_level2.mp4
1525,marbles,INTER-DISTORTION,marbles_reference.mp4,/home/jv495/Datasets/GAIM240/marbles_reference.mp4,marbles_motion_noise_level1.mp4,motion_noise,level1,/home/jv495/Datasets/GAIM240/marbles_motion_noise_level1.mp4,marbles_noise_colors_level0.mp4,noise_colors,level0,/home/jv495/Datasets/GAIM240/marbles_noise_colors_level0.mp4
1526,marbles,INTER-DISTORTION,marbles_reference.mp4,/home/jv495/Datasets/GAIM240/marbles_reference.mp4,marbles_motion_noise_level1.mp4,motion_noise,level1,/home/jv495/Datasets/GAIM240/marbles_motion_noise_level1.mp4,marbles_noise_colors_level1.mp4,noise_colors,level1,/home/jv495/Datasets/GAIM240/marbles_noise_colors_level1.mp4
1527,marbles,INTER-DISTORTION,marbles_reference.mp4,/home/jv495/Datasets/GAIM240/marbles_reference.mp4,marbles_motion_noise_level1.mp4,motion_noise,level1,/home/jv495/Datasets/GAIM240/marbles_motion_noise_level1.mp4,marbles_noise_colors_level2.mp4,noise_colors,level2,/home/jv495/Datasets/GAIM240/marbles_noise_colors_level2.mp4
1528,marbles,INTER-DISTORTION,marbles_reference.mp4,/home/jv495/Datasets/GAIM240/marbles_reference.mp4,marbles_motion_noise_level1.mp4,motion_noise,level1,/home/jv495/Datasets/GAIM240/marbles_motion_noise_level1.mp4,marbles_restir_level0.mp4,restir,level0,/home/jv495/Datasets/GAIM240/marbles_restir_level0.mp4
1529,marbles,INTER-DISTORTION,marbles_reference.mp4,/home/jv495/Datasets/GAIM240/marbles_reference.mp4,marbles_motion_noise_level1.mp4,motion_noise,level1,/home/jv495/Datasets/GAIM240/marbles_motion_noise_level1.mp4,marbles_restir_level1.mp4,restir,level1,/home/jv495/Datasets/GAIM240/marbles_restir_level1.mp4
1530,marbles,INTER-DISTORTION,marbles_reference.mp4,/home/jv495/Datasets/GAIM240/marbles_reference.mp4,marbles_motion_noise_level1.mp4,motion_noise,level1,/home/jv495/Datasets/GAIM240/marbles_motion_noise_level1.mp4,marbles_restir_level2.mp4,restir,level2,/home/jv495/Datasets/GAIM240/marbles_restir_level2.mp4
1531,marbles,INTER-DISTORTION,marbles_reference.mp4,/home/jv495/Datasets/GAIM240/marbles_reference.mp4,marbles_motion_noise_level1.mp4,motion_noise,level1,/home/jv495/Datasets/GAIM240/marbles_motion_noise_level1.mp4,marbles_stutter_level0.mp4,stutter,level0,/home/jv495/Datasets/GAIM240/marbles_stutter_level0.mp4
1532,marbles,INTER-DISTORTION,marbles_reference.mp4,/home/jv495/Datasets/GAIM240/marbles_reference.mp4,marbles_motion_noise_level1.mp4,motion_noise,level1,/home/jv495/Datasets/GAIM240/marbles_motion_noise_level1.mp4,marbles_stutter_level1.mp4,stutter,level1,/home/jv495/Datasets/GAIM240/marbles_stutter_level1.mp4
1533,marbles,INTER-DISTORTION,marbles_reference.mp4,/home/jv495/Datasets/GAIM240/marbles_reference.mp4,marbles_motion_noise_level1.mp4,motion_noise,level1,/home/jv495/Datasets/GAIM240/marbles_motion_noise_level1.mp4,marbles_stutter_level2.mp4,stutter,level2,/home/jv495/Datasets/GAIM240/marbles_stutter_level2.mp4
1534,marbles,INTER-DISTORTION,marbles_reference.mp4,/home/jv495/Datasets/GAIM240/marbles_reference.mp4,marbles_motion_noise_level1.mp4,motion_noise,level1,/home/jv495/Datasets/GAIM240/marbles_motion_noise_level1.mp4,marbles_temporal-resolution-multiplexing_level0.mp4,temporal-resolution-multiplexing,level0,/home/jv495/Datasets/GAIM240/marbles_temporal-resolution-multiplexing_level0.mp4
1535,marbles,INTER-DISTORTION,marbles_reference.mp4,/home/jv495/Datasets/GAIM240/marbles_reference.mp4,marbles_motion_noise_level1.mp4,motion_noise,level1,/home/jv495/Datasets/GAIM240/marbles_motion_noise_level1.mp4,marbles_temporal-resolution-multiplexing_level1.mp4,temporal-resolution-multiplexing,level1,/home/jv495/Datasets/GAIM240/marbles_temporal-resolution-multiplexing_level1.mp4
1536,marbles,INTER-DISTORTION,marbles_reference.mp4,/home/jv495/Datasets/GAIM240/marbles_reference.mp4,marbles_motion_noise_level1.mp4,motion_noise,level1,/home/jv495/Datasets/GAIM240/marbles_motion_noise_level1.mp4,marbles_temporal-resolution-multiplexing_level2.mp4,temporal-resolution-multiplexing,level2,/home/jv495/Datasets/GAIM240/marbles_temporal-resolution-multiplexing_level2.mp4
1537,marbles,INTER-DISTORTION,marbles_reference.mp4,/home/jv495/Datasets/GAIM240/marbles_reference.mp4,marbles_motion_noise_level2.mp4,motion_noise,level2,/home/jv495/Datasets/GAIM240/marbles_motion_noise_level2.mp4,marbles_motion_resolution_level0.mp4,motion_resolution,level0,/home/jv495/Datasets/GAIM240/marbles_motion_resolution_level0.mp4
1538,marbles,INTER-DISTORTION,marbles_reference.mp4,/home/jv495/Datasets/GAIM240/marbles_reference.mp4,marbles_motion_noise_level2.mp4,motion_noise,level2,/home/jv495/Datasets/GAIM240/marbles_motion_noise_level2.mp4,marbles_motion_resolution_level1.mp4,motion_resolution,level1,/home/jv495/Datasets/GAIM240/marbles_motion_resolution_level1.mp4
1539,marbles,INTER-DISTORTION,marbles_reference.mp4,/home/jv495/Datasets/GAIM240/marbles_reference.mp4,marbles_motion_noise_level2.mp4,motion_noise,level2,/home/jv495/Datasets/GAIM240/marbles_motion_noise_level2.mp4,marbles_motion_resolution_level2.mp4,motion_resolution,level2,/home/jv495/Datasets/GAIM240/marbles_motion_resolution_level2.mp4
1540,marbles,INTER-DISTORTION,marbles_reference.mp4,/home/jv495/Datasets/GAIM240/marbles_reference.mp4,marbles_motion_noise_level2.mp4,motion_noise,level2,/home/jv495/Datasets/GAIM240/marbles_motion_noise_level2.mp4,marbles_noise_colors_level0.mp4,noise_colors,level0,/home/jv495/Datasets/GAIM240/marbles_noise_colors_level0.mp4
1541,marbles,INTER-DISTORTION,marbles_reference.mp4,/home/jv495/Datasets/GAIM240/marbles_reference.mp4,marbles_motion_noise_level2.mp4,motion_noise,level2,/home/jv495/Datasets/GAIM240/marbles_motion_noise_level2.mp4,marbles_noise_colors_level1.mp4,noise_colors,level1,/home/jv495/Datasets/GAIM240/marbles_noise_colors_level1.mp4
1542,marbles,INTER-DISTORTION,marbles_reference.mp4,/home/jv495/Datasets/GAIM240/marbles_reference.mp4,marbles_motion_noise_level2.mp4,motion_noise,level2,/home/jv495/Datasets/GAIM240/marbles_motion_noise_level2.mp4,marbles_noise_colors_level2.mp4,noise_colors,level2,/home/jv495/Datasets/GAIM240/marbles_noise_colors_level2.mp4
1543,marbles,INTER-DISTORTION,marbles_reference.mp4,/home/jv495/Datasets/GAIM240/marbles_reference.mp4,marbles_motion_noise_level2.mp4,motion_noise,level2,/home/jv495/Datasets/GAIM240/marbles_motion_noise_level2.mp4,marbles_restir_level0.mp4,restir,level0,/home/jv495/Datasets/GAIM240/marbles_restir_level0.mp4
1544,marbles,INTER-DISTORTION,marbles_reference.mp4,/home/jv495/Datasets/GAIM240/marbles_reference.mp4,marbles_motion_noise_level2.mp4,motion_noise,level2,/home/jv495/Datasets/GAIM240/marbles_motion_noise_level2.mp4,marbles_restir_level1.mp4,restir,level1,/home/jv495/Datasets/GAIM240/marbles_restir_level1.mp4
1545,marbles,INTER-DISTORTION,marbles_reference.mp4,/home/jv495/Datasets/GAIM240/marbles_reference.mp4,marbles_motion_noise_level2.mp4,motion_noise,level2,/home/jv495/Datasets/GAIM240/marbles_motion_noise_level2.mp4,marbles_restir_level2.mp4,restir,level2,/home/jv495/Datasets/GAIM240/marbles_restir_level2.mp4
1546,marbles,INTER-DISTORTION,marbles_reference.mp4,/home/jv495/Datasets/GAIM240/marbles_reference.mp4,marbles_motion_noise_level2.mp4,motion_noise,level2,/home/jv495/Datasets/GAIM240/marbles_motion_noise_level2.mp4,marbles_stutter_level0.mp4,stutter,level0,/home/jv495/Datasets/GAIM240/marbles_stutter_level0.mp4
1547,marbles,INTER-DISTORTION,marbles_reference.mp4,/home/jv495/Datasets/GAIM240/marbles_reference.mp4,marbles_motion_noise_level2.mp4,motion_noise,level2,/home/jv495/Datasets/GAIM240/marbles_motion_noise_level2.mp4,marbles_stutter_level1.mp4,stutter,level1,/home/jv495/Datasets/GAIM240/marbles_stutter_level1.mp4
1548,marbles,INTER-DISTORTION,marbles_reference.mp4,/home/jv495/Datasets/GAIM240/marbles_reference.mp4,marbles_motion_noise_level2.mp4,motion_noise,level2,/home/jv495/Datasets/GAIM240/marbles_motion_noise_level2.mp4,marbles_stutter_level2.mp4,stutter,level2,/home/jv495/Datasets/GAIM240/marbles_stutter_level2.mp4
1549,marbles,INTER-DISTORTION,marbles_reference.mp4,/home/jv495/Datasets/GAIM240/marbles_reference.mp4,marbles_motion_noise_level2.mp4,motion_noise,level2,/home/jv495/Datasets/GAIM240/marbles_motion_noise_level2.mp4,marbles_temporal-resolution-multiplexing_level0.mp4,temporal-resolution-multiplexing,level0,/home/jv495/Datasets/GAIM240/marbles_temporal-resolution-multiplexing_level0.mp4
1550,marbles,INTER-DISTORTION,marbles_reference.mp4,/home/jv495/Datasets/GAIM240/marbles_reference.mp4,marbles_motion_noise_level2.mp4,motion_noise,level2,/home/jv495/Datasets/GAIM240/marbles_motion_noise_level2.mp4,marbles_temporal-resolution-multiplexing_level1.mp4,temporal-resolution-multiplexing,level1,/home/jv495/Datasets/GAIM240/marbles_temporal-resolution-multiplexing_level1.mp4
1551,marbles,INTER-DISTORTION,marbles_reference.mp4,/home/jv495/Datasets/GAIM240/marbles_reference.mp4,marbles_motion_noise_level2.mp4,motion_noise,level2,/home/jv495/Datasets/GAIM240/marbles_motion_noise_level2.mp4,marbles_temporal-resolution-multiplexing_level2.mp4,temporal-resolution-multiplexing,level2,/home/jv495/Datasets/GAIM240/marbles_temporal-resolution-multiplexing_level2.mp4
1552,marbles,INTRA-DISTORTION,marbles_reference.mp4,/home/jv495/Datasets/GAIM240/marbles_reference.mp4,marbles_motion_resolution_level0.mp4,motion_resolution,level0,/home/jv495/Datasets/GAIM240/marbles_motion_resolution_level0.mp4,marbles_motion_resolution_level1.mp4,motion_resolution,level1,/home/jv495/Datasets/GAIM240/marbles_motion_resolution_level1.mp4
1553,marbles,INTRA-DISTORTION,marbles_reference.mp4,/home/jv495/Datasets/GAIM240/marbles_reference.mp4,marbles_motion_resolution_level0.mp4,motion_resolution,level0,/home/jv495/Datasets/GAIM240/marbles_motion_resolution_level0.mp4,marbles_motion_resolution_level2.mp4,motion_resolution,level2,/home/jv495/Datasets/GAIM240/marbles_motion_resolution_level2.mp4
1554,marbles,INTER-DISTORTION,marbles_reference.mp4,/home/jv495/Datasets/GAIM240/marbles_reference.mp4,marbles_motion_resolution_level0.mp4,motion_resolution,level0,/home/jv495/Datasets/GAIM240/marbles_motion_resolution_level0.mp4,marbles_noise_colors_level0.mp4,noise_colors,level0,/home/jv495/Datasets/GAIM240/marbles_noise_colors_level0.mp4
1555,marbles,INTER-DISTORTION,marbles_reference.mp4,/home/jv495/Datasets/GAIM240/marbles_reference.mp4,marbles_motion_resolution_level0.mp4,motion_resolution,level0,/home/jv495/Datasets/GAIM240/marbles_motion_resolution_level0.mp4,marbles_noise_colors_level1.mp4,noise_colors,level1,/home/jv495/Datasets/GAIM240/marbles_noise_colors_level1.mp4
1556,marbles,INTER-DISTORTION,marbles_reference.mp4,/home/jv495/Datasets/GAIM240/marbles_reference.mp4,marbles_motion_resolution_level0.mp4,motion_resolution,level0,/home/jv495/Datasets/GAIM240/marbles_motion_resolution_level0.mp4,marbles_noise_colors_level2.mp4,noise_colors,level2,/home/jv495/Datasets/GAIM240/marbles_noise_colors_level2.mp4
1557,marbles,INTER-DISTORTION,marbles_reference.mp4,/home/jv495/Datasets/GAIM240/marbles_reference.mp4,marbles_motion_resolution_level0.mp4,motion_resolution,level0,/home/jv495/Datasets/GAIM240/marbles_motion_resolution_level0.mp4,marbles_restir_level0.mp4,restir,level0,/home/jv495/Datasets/GAIM240/marbles_restir_level0.mp4
1558,marbles,INTER-DISTORTION,marbles_reference.mp4,/home/jv495/Datasets/GAIM240/marbles_reference.mp4,marbles_motion_resolution_level0.mp4,motion_resolution,level0,/home/jv495/Datasets/GAIM240/marbles_motion_resolution_level0.mp4,marbles_restir_level1.mp4,restir,level1,/home/jv495/Datasets/GAIM240/marbles_restir_level1.mp4
1559,marbles,INTER-DISTORTION,marbles_reference.mp4,/home/jv495/Datasets/GAIM240/marbles_reference.mp4,marbles_motion_resolution_level0.mp4,motion_resolution,level0,/home/jv495/Datasets/GAIM240/marbles_motion_resolution_level0.mp4,marbles_restir_level2.mp4,restir,level2,/home/jv495/Datasets/GAIM240/marbles_restir_level2.mp4
1560,marbles,INTER-DISTORTION,marbles_reference.mp4,/home/jv495/Datasets/GAIM240/marbles_reference.mp4,marbles_motion_resolution_level0.mp4,motion_resolution,level0,/home/jv495/Datasets/GAIM240/marbles_motion_resolution_level0.mp4,marbles_stutter_level0.mp4,stutter,level0,/home/jv495/Datasets/GAIM240/marbles_stutter_level0.mp4
1561,marbles,INTER-DISTORTION,marbles_reference.mp4,/home/jv495/Datasets/GAIM240/marbles_reference.mp4,marbles_motion_resolution_level0.mp4,motion_resolution,level0,/home/jv495/Datasets/GAIM240/marbles_motion_resolution_level0.mp4,marbles_stutter_level1.mp4,stutter,level1,/home/jv495/Datasets/GAIM240/marbles_stutter_level1.mp4
1562,marbles,INTER-DISTORTION,marbles_reference.mp4,/home/jv495/Datasets/GAIM240/marbles_reference.mp4,marbles_motion_resolution_level0.mp4,motion_resolution,level0,/home/jv495/Datasets/GAIM240/marbles_motion_resolution_level0.mp4,marbles_stutter_level2.mp4,stutter,level2,/home/jv495/Datasets/GAIM240/marbles_stutter_level2.mp4
1563,marbles,INTER-DISTORTION,marbles_reference.mp4,/home/jv495/Datasets/GAIM240/marbles_reference.mp4,marbles_motion_resolution_level0.mp4,motion_resolution,level0,/home/jv495/Datasets/GAIM240/marbles_motion_resolution_level0.mp4,marbles_temporal-resolution-multiplexing_level0.mp4,temporal-resolution-multiplexing,level0,/home/jv495/Datasets/GAIM240/marbles_temporal-resolution-multiplexing_level0.mp4
1564,marbles,INTER-DISTORTION,marbles_reference.mp4,/home/jv495/Datasets/GAIM240/marbles_reference.mp4,marbles_motion_resolution_level0.mp4,motion_resolution,level0,/home/jv495/Datasets/GAIM240/marbles_motion_resolution_level0.mp4,marbles_temporal-resolution-multiplexing_level1.mp4,temporal-resolution-multiplexing,level1,/home/jv495/Datasets/GAIM240/marbles_temporal-resolution-multiplexing_level1.mp4
1565,marbles,INTER-DISTORTION,marbles_reference.mp4,/home/jv495/Datasets/GAIM240/marbles_reference.mp4,marbles_motion_resolution_level0.mp4,motion_resolution,level0,/home/jv495/Datasets/GAIM240/marbles_motion_resolution_level0.mp4,marbles_temporal-resolution-multiplexing_level2.mp4,temporal-resolution-multiplexing,level2,/home/jv495/Datasets/GAIM240/marbles_temporal-resolution-multiplexing_level2.mp4
1566,marbles,INTRA-DISTORTION,marbles_reference.mp4,/home/jv495/Datasets/GAIM240/marbles_reference.mp4,marbles_motion_resolution_level1.mp4,motion_resolution,level1,/home/jv495/Datasets/GAIM240/marbles_motion_resolution_level1.mp4,marbles_motion_resolution_level2.mp4,motion_resolution,level2,/home/jv495/Datasets/GAIM240/marbles_motion_resolution_level2.mp4
1567,marbles,INTER-DISTORTION,marbles_reference.mp4,/home/jv495/Datasets/GAIM240/marbles_reference.mp4,marbles_motion_resolution_level1.mp4,motion_resolution,level1,/home/jv495/Datasets/GAIM240/marbles_motion_resolution_level1.mp4,marbles_noise_colors_level0.mp4,noise_colors,level0,/home/jv495/Datasets/GAIM240/marbles_noise_colors_level0.mp4
1568,marbles,INTER-DISTORTION,marbles_reference.mp4,/home/jv495/Datasets/GAIM240/marbles_reference.mp4,marbles_motion_resolution_level1.mp4,motion_resolution,level1,/home/jv495/Datasets/GAIM240/marbles_motion_resolution_level1.mp4,marbles_noise_colors_level1.mp4,noise_colors,level1,/home/jv495/Datasets/GAIM240/marbles_noise_colors_level1.mp4
1569,marbles,INTER-DISTORTION,marbles_reference.mp4,/home/jv495/Datasets/GAIM240/marbles_reference.mp4,marbles_motion_resolution_level1.mp4,motion_resolution,level1,/home/jv495/Datasets/GAIM240/marbles_motion_resolution_level1.mp4,marbles_noise_colors_level2.mp4,noise_colors,level2,/home/jv495/Datasets/GAIM240/marbles_noise_colors_level2.mp4
1570,marbles,INTER-DISTORTION,marbles_reference.mp4,/home/jv495/Datasets/GAIM240/marbles_reference.mp4,marbles_motion_resolution_level1.mp4,motion_resolution,level1,/home/jv495/Datasets/GAIM240/marbles_motion_resolution_level1.mp4,marbles_restir_level0.mp4,restir,level0,/home/jv495/Datasets/GAIM240/marbles_restir_level0.mp4
1571,marbles,INTER-DISTORTION,marbles_reference.mp4,/home/jv495/Datasets/GAIM240/marbles_reference.mp4,marbles_motion_resolution_level1.mp4,motion_resolution,level1,/home/jv495/Datasets/GAIM240/marbles_motion_resolution_level1.mp4,marbles_restir_level1.mp4,restir,level1,/home/jv495/Datasets/GAIM240/marbles_restir_level1.mp4
1572,marbles,INTER-DISTORTION,marbles_reference.mp4,/home/jv495/Datasets/GAIM240/marbles_reference.mp4,marbles_motion_resolution_level1.mp4,motion_resolution,level1,/home/jv495/Datasets/GAIM240/marbles_motion_resolution_level1.mp4,marbles_restir_level2.mp4,restir,level2,/home/jv495/Datasets/GAIM240/marbles_restir_level2.mp4
1573,marbles,INTER-DISTORTION,marbles_reference.mp4,/home/jv495/Datasets/GAIM240/marbles_reference.mp4,marbles_motion_resolution_level1.mp4,motion_resolution,level1,/home/jv495/Datasets/GAIM240/marbles_motion_resolution_level1.mp4,marbles_stutter_level0.mp4,stutter,level0,/home/jv495/Datasets/GAIM240/marbles_stutter_level0.mp4
1574,marbles,INTER-DISTORTION,marbles_reference.mp4,/home/jv495/Datasets/GAIM240/marbles_reference.mp4,marbles_motion_resolution_level1.mp4,motion_resolution,level1,/home/jv495/Datasets/GAIM240/marbles_motion_resolution_level1.mp4,marbles_stutter_level1.mp4,stutter,level1,/home/jv495/Datasets/GAIM240/marbles_stutter_level1.mp4
1575,marbles,INTER-DISTORTION,marbles_reference.mp4,/home/jv495/Datasets/GAIM240/marbles_reference.mp4,marbles_motion_resolution_level1.mp4,motion_resolution,level1,/home/jv495/Datasets/GAIM240/marbles_motion_resolution_level1.mp4,marbles_stutter_level2.mp4,stutter,level2,/home/jv495/Datasets/GAIM240/marbles_stutter_level2.mp4
1576,marbles,INTER-DISTORTION,marbles_reference.mp4,/home/jv495/Datasets/GAIM240/marbles_reference.mp4,marbles_motion_resolution_level1.mp4,motion_resolution,level1,/home/jv495/Datasets/GAIM240/marbles_motion_resolution_level1.mp4,marbles_temporal-resolution-multiplexing_level0.mp4,temporal-resolution-multiplexing,level0,/home/jv495/Datasets/GAIM240/marbles_temporal-resolution-multiplexing_level0.mp4
1577,marbles,INTER-DISTORTION,marbles_reference.mp4,/home/jv495/Datasets/GAIM240/marbles_reference.mp4,marbles_motion_resolution_level1.mp4,motion_resolution,level1,/home/jv495/Datasets/GAIM240/marbles_motion_resolution_level1.mp4,marbles_temporal-resolution-multiplexing_level1.mp4,temporal-resolution-multiplexing,level1,/home/jv495/Datasets/GAIM240/marbles_temporal-resolution-multiplexing_level1.mp4
1578,marbles,INTER-DISTORTION,marbles_reference.mp4,/home/jv495/Datasets/GAIM240/marbles_reference.mp4,marbles_motion_resolution_level1.mp4,motion_resolution,level1,/home/jv495/Datasets/GAIM240/marbles_motion_resolution_level1.mp4,marbles_temporal-resolution-multiplexing_level2.mp4,temporal-resolution-multiplexing,level2,/home/jv495/Datasets/GAIM240/marbles_temporal-resolution-multiplexing_level2.mp4
1579,marbles,INTER-DISTORTION,marbles_reference.mp4,/home/jv495/Datasets/GAIM240/marbles_reference.mp4,marbles_motion_resolution_level2.mp4,motion_resolution,level2,/home/jv495/Datasets/GAIM240/marbles_motion_resolution_level2.mp4,marbles_noise_colors_level0.mp4,noise_colors,level0,/home/jv495/Datasets/GAIM240/marbles_noise_colors_level0.mp4
1580,marbles,INTER-DISTORTION,marbles_reference.mp4,/home/jv495/Datasets/GAIM240/marbles_reference.mp4,marbles_motion_resolution_level2.mp4,motion_resolution,level2,/home/jv495/Datasets/GAIM240/marbles_motion_resolution_level2.mp4,marbles_noise_colors_level1.mp4,noise_colors,level1,/home/jv495/Datasets/GAIM240/marbles_noise_colors_level1.mp4
1581,marbles,INTER-DISTORTION,marbles_reference.mp4,/home/jv495/Datasets/GAIM240/marbles_reference.mp4,marbles_motion_resolution_level2.mp4,motion_resolution,level2,/home/jv495/Datasets/GAIM240/marbles_motion_resolution_level2.mp4,marbles_noise_colors_level2.mp4,noise_colors,level2,/home/jv495/Datasets/GAIM240/marbles_noise_colors_level2.mp4
1582,marbles,INTER-DISTORTION,marbles_reference.mp4,/home/jv495/Datasets/GAIM240/marbles_reference.mp4,marbles_motion_resolution_level2.mp4,motion_resolution,level2,/home/jv495/Datasets/GAIM240/marbles_motion_resolution_level2.mp4,marbles_restir_level0.mp4,restir,level0,/home/jv495/Datasets/GAIM240/marbles_restir_level0.mp4
1583,marbles,INTER-DISTORTION,marbles_reference.mp4,/home/jv495/Datasets/GAIM240/marbles_reference.mp4,marbles_motion_resolution_level2.mp4,motion_resolution,level2,/home/jv495/Datasets/GAIM240/marbles_motion_resolution_level2.mp4,marbles_restir_level1.mp4,restir,level1,/home/jv495/Datasets/GAIM240/marbles_restir_level1.mp4
1584,marbles,INTER-DISTORTION,marbles_reference.mp4,/home/jv495/Datasets/GAIM240/marbles_reference.mp4,marbles_motion_resolution_level2.mp4,motion_resolution,level2,/home/jv495/Datasets/GAIM240/marbles_motion_resolution_level2.mp4,marbles_restir_level2.mp4,restir,level2,/home/jv495/Datasets/GAIM240/marbles_restir_level2.mp4
1585,marbles,INTER-DISTORTION,marbles_reference.mp4,/home/jv495/Datasets/GAIM240/marbles_reference.mp4,marbles_motion_resolution_level2.mp4,motion_resolution,level2,/home/jv495/Datasets/GAIM240/marbles_motion_resolution_level2.mp4,marbles_stutter_level0.mp4,stutter,level0,/home/jv495/Datasets/GAIM240/marbles_stutter_level0.mp4
1586,marbles,INTER-DISTORTION,marbles_reference.mp4,/home/jv495/Datasets/GAIM240/marbles_reference.mp4,marbles_motion_resolution_level2.mp4,motion_resolution,level2,/home/jv495/Datasets/GAIM240/marbles_motion_resolution_level2.mp4,marbles_stutter_level1.mp4,stutter,level1,/home/jv495/Datasets/GAIM240/marbles_stutter_level1.mp4
1587,marbles,INTER-DISTORTION,marbles_reference.mp4,/home/jv495/Datasets/GAIM240/marbles_reference.mp4,marbles_motion_resolution_level2.mp4,motion_resolution,level2,/home/jv495/Datasets/GAIM240/marbles_motion_resolution_level2.mp4,marbles_stutter_level2.mp4,stutter,level2,/home/jv495/Datasets/GAIM240/marbles_stutter_level2.mp4
1588,marbles,INTER-DISTORTION,marbles_reference.mp4,/home/jv495/Datasets/GAIM240/marbles_reference.mp4,marbles_motion_resolution_level2.mp4,motion_resolution,level2,/home/jv495/Datasets/GAIM240/marbles_motion_resolution_level2.mp4,marbles_temporal-resolution-multiplexing_level0.mp4,temporal-resolution-multiplexing,level0,/home/jv495/Datasets/GAIM240/marbles_temporal-resolution-multiplexing_level0.mp4
1589,marbles,INTER-DISTORTION,marbles_reference.mp4,/home/jv495/Datasets/GAIM240/marbles_reference.mp4,marbles_motion_resolution_level2.mp4,motion_resolution,level2,/home/jv495/Datasets/GAIM240/marbles_motion_resolution_level2.mp4,marbles_temporal-resolution-multiplexing_level1.mp4,temporal-resolution-multiplexing,level1,/home/jv495/Datasets/GAIM240/marbles_temporal-resolution-multiplexing_level1.mp4
1590,marbles,INTER-DISTORTION,marbles_reference.mp4,/home/jv495/Datasets/GAIM240/marbles_reference.mp4,marbles_motion_resolution_level2.mp4,motion_resolution,level2,/home/jv495/Datasets/GAIM240/marbles_motion_resolution_level2.mp4,marbles_temporal-resolution-multiplexing_level2.mp4,temporal-resolution-multiplexing,level2,/home/jv495/Datasets/GAIM240/marbles_temporal-resolution-multiplexing_level2.mp4
1591,marbles,INTRA-DISTORTION,marbles_reference.mp4,/home/jv495/Datasets/GAIM240/marbles_reference.mp4,marbles_noise_colors_level0.mp4,noise_colors,level0,/home/jv495/Datasets/GAIM240/marbles_noise_colors_level0.mp4,marbles_noise_colors_level1.mp4,noise_colors,level1,/home/jv495/Datasets/GAIM240/marbles_noise_colors_level1.mp4
1592,marbles,INTRA-DISTORTION,marbles_reference.mp4,/home/jv495/Datasets/GAIM240/marbles_reference.mp4,marbles_noise_colors_level0.mp4,noise_colors,level0,/home/jv495/Datasets/GAIM240/marbles_noise_colors_level0.mp4,marbles_noise_colors_level2.mp4,noise_colors,level2,/home/jv495/Datasets/GAIM240/marbles_noise_colors_level2.mp4
1593,marbles,INTER-DISTORTION,marbles_reference.mp4,/home/jv495/Datasets/GAIM240/marbles_reference.mp4,marbles_noise_colors_level0.mp4,noise_colors,level0,/home/jv495/Datasets/GAIM240/marbles_noise_colors_level0.mp4,marbles_restir_level0.mp4,restir,level0,/home/jv495/Datasets/GAIM240/marbles_restir_level0.mp4
1594,marbles,INTER-DISTORTION,marbles_reference.mp4,/home/jv495/Datasets/GAIM240/marbles_reference.mp4,marbles_noise_colors_level0.mp4,noise_colors,level0,/home/jv495/Datasets/GAIM240/marbles_noise_colors_level0.mp4,marbles_restir_level1.mp4,restir,level1,/home/jv495/Datasets/GAIM240/marbles_restir_level1.mp4
1595,marbles,INTER-DISTORTION,marbles_reference.mp4,/home/jv495/Datasets/GAIM240/marbles_reference.mp4,marbles_noise_colors_level0.mp4,noise_colors,level0,/home/jv495/Datasets/GAIM240/marbles_noise_colors_level0.mp4,marbles_restir_level2.mp4,restir,level2,/home/jv495/Datasets/GAIM240/marbles_restir_level2.mp4
1596,marbles,INTER-DISTORTION,marbles_reference.mp4,/home/jv495/Datasets/GAIM240/marbles_reference.mp4,marbles_noise_colors_level0.mp4,noise_colors,level0,/home/jv495/Datasets/GAIM240/marbles_noise_colors_level0.mp4,marbles_stutter_level0.mp4,stutter,level0,/home/jv495/Datasets/GAIM240/marbles_stutter_level0.mp4
1597,marbles,INTER-DISTORTION,marbles_reference.mp4,/home/jv495/Datasets/GAIM240/marbles_reference.mp4,marbles_noise_colors_level0.mp4,noise_colors,level0,/home/jv495/Datasets/GAIM240/marbles_noise_colors_level0.mp4,marbles_stutter_level1.mp4,stutter,level1,/home/jv495/Datasets/GAIM240/marbles_stutter_level1.mp4
1598,marbles,INTER-DISTORTION,marbles_reference.mp4,/home/jv495/Datasets/GAIM240/marbles_reference.mp4,marbles_noise_colors_level0.mp4,noise_colors,level0,/home/jv495/Datasets/GAIM240/marbles_noise_colors_level0.mp4,marbles_stutter_level2.mp4,stutter,level2,/home/jv495/Datasets/GAIM240/marbles_stutter_level2.mp4
1599,marbles,INTER-DISTORTION,marbles_reference.mp4,/home/jv495/Datasets/GAIM240/marbles_reference.mp4,marbles_noise_colors_level0.mp4,noise_colors,level0,/home/jv495/Datasets/GAIM240/marbles_noise_colors_level0.mp4,marbles_temporal-resolution-multiplexing_level0.mp4,temporal-resolution-multiplexing,level0,/home/jv495/Datasets/GAIM240/marbles_temporal-resolution-multiplexing_level0.mp4
1600,marbles,INTER-DISTORTION,marbles_reference.mp4,/home/jv495/Datasets/GAIM240/marbles_reference.mp4,marbles_noise_colors_level0.mp4,noise_colors,level0,/home/jv495/Datasets/GAIM240/marbles_noise_colors_level0.mp4,marbles_temporal-resolution-multiplexing_level1.mp4,temporal-resolution-multiplexing,level1,/home/jv495/Datasets/GAIM240/marbles_temporal-resolution-multiplexing_level1.mp4
1601,marbles,INTER-DISTORTION,marbles_reference.mp4,/home/jv495/Datasets/GAIM240/marbles_reference.mp4,marbles_noise_colors_level0.mp4,noise_colors,level0,/home/jv495/Datasets/GAIM240/marbles_noise_colors_level0.mp4,marbles_temporal-resolution-multiplexing_level2.mp4,temporal-resolution-multiplexing,level2,/home/jv495/Datasets/GAIM240/marbles_temporal-resolution-multiplexing_level2.mp4
1602,marbles,INTRA-DISTORTION,marbles_reference.mp4,/home/jv495/Datasets/GAIM240/marbles_reference.mp4,marbles_noise_colors_level1.mp4,noise_colors,level1,/home/jv495/Datasets/GAIM240/marbles_noise_colors_level1.mp4,marbles_noise_colors_level2.mp4,noise_colors,level2,/home/jv495/Datasets/GAIM240/marbles_noise_colors_level2.mp4
1603,marbles,INTER-DISTORTION,marbles_reference.mp4,/home/jv495/Datasets/GAIM240/marbles_reference.mp4,marbles_noise_colors_level1.mp4,noise_colors,level1,/home/jv495/Datasets/GAIM240/marbles_noise_colors_level1.mp4,marbles_restir_level0.mp4,restir,level0,/home/jv495/Datasets/GAIM240/marbles_restir_level0.mp4
1604,marbles,INTER-DISTORTION,marbles_reference.mp4,/home/jv495/Datasets/GAIM240/marbles_reference.mp4,marbles_noise_colors_level1.mp4,noise_colors,level1,/home/jv495/Datasets/GAIM240/marbles_noise_colors_level1.mp4,marbles_restir_level1.mp4,restir,level1,/home/jv495/Datasets/GAIM240/marbles_restir_level1.mp4
1605,marbles,INTER-DISTORTION,marbles_reference.mp4,/home/jv495/Datasets/GAIM240/marbles_reference.mp4,marbles_noise_colors_level1.mp4,noise_colors,level1,/home/jv495/Datasets/GAIM240/marbles_noise_colors_level1.mp4,marbles_restir_level2.mp4,restir,level2,/home/jv495/Datasets/GAIM240/marbles_restir_level2.mp4
1606,marbles,INTER-DISTORTION,marbles_reference.mp4,/home/jv495/Datasets/GAIM240/marbles_reference.mp4,marbles_noise_colors_level1.mp4,noise_colors,level1,/home/jv495/Datasets/GAIM240/marbles_noise_colors_level1.mp4,marbles_stutter_level0.mp4,stutter,level0,/home/jv495/Datasets/GAIM240/marbles_stutter_level0.mp4
1607,marbles,INTER-DISTORTION,marbles_reference.mp4,/home/jv495/Datasets/GAIM240/marbles_reference.mp4,marbles_noise_colors_level1.mp4,noise_colors,level1,/home/jv495/Datasets/GAIM240/marbles_noise_colors_level1.mp4,marbles_stutter_level1.mp4,stutter,level1,/home/jv495/Datasets/GAIM240/marbles_stutter_level1.mp4
1608,marbles,INTER-DISTORTION,marbles_reference.mp4,/home/jv495/Datasets/GAIM240/marbles_reference.mp4,marbles_noise_colors_level1.mp4,noise_colors,level1,/home/jv495/Datasets/GAIM240/marbles_noise_colors_level1.mp4,marbles_stutter_level2.mp4,stutter,level2,/home/jv495/Datasets/GAIM240/marbles_stutter_level2.mp4
1609,marbles,INTER-DISTORTION,marbles_reference.mp4,/home/jv495/Datasets/GAIM240/marbles_reference.mp4,marbles_noise_colors_level1.mp4,noise_colors,level1,/home/jv495/Datasets/GAIM240/marbles_noise_colors_level1.mp4,marbles_temporal-resolution-multiplexing_level0.mp4,temporal-resolution-multiplexing,level0,/home/jv495/Datasets/GAIM240/marbles_temporal-resolution-multiplexing_level0.mp4
1610,marbles,INTER-DISTORTION,marbles_reference.mp4,/home/jv495/Datasets/GAIM240/marbles_reference.mp4,marbles_noise_colors_level1.mp4,noise_colors,level1,/home/jv495/Datasets/GAIM240/marbles_noise_colors_level1.mp4,marbles_temporal-resolution-multiplexing_level1.mp4,temporal-resolution-multiplexing,level1,/home/jv495/Datasets/GAIM240/marbles_temporal-resolution-multiplexing_level1.mp4
1611,marbles,INTER-DISTORTION,marbles_reference.mp4,/home/jv495/Datasets/GAIM240/marbles_reference.mp4,marbles_noise_colors_level1.mp4,noise_colors,level1,/home/jv495/Datasets/GAIM240/marbles_noise_colors_level1.mp4,marbles_temporal-resolution-multiplexing_level2.mp4,temporal-resolution-multiplexing,level2,/home/jv495/Datasets/GAIM240/marbles_temporal-resolution-multiplexing_level2.mp4
1612,marbles,INTER-DISTORTION,marbles_reference.mp4,/home/jv495/Datasets/GAIM240/marbles_reference.mp4,marbles_noise_colors_level2.mp4,noise_colors,level2,/home/jv495/Datasets/GAIM240/marbles_noise_colors_level2.mp4,marbles_restir_level0.mp4,restir,level0,/home/jv495/Datasets/GAIM240/marbles_restir_level0.mp4
1613,marbles,INTER-DISTORTION,marbles_reference.mp4,/home/jv495/Datasets/GAIM240/marbles_reference.mp4,marbles_noise_colors_level2.mp4,noise_colors,level2,/home/jv495/Datasets/GAIM240/marbles_noise_colors_level2.mp4,marbles_restir_level1.mp4,restir,level1,/home/jv495/Datasets/GAIM240/marbles_restir_level1.mp4
1614,marbles,INTER-DISTORTION,marbles_reference.mp4,/home/jv495/Datasets/GAIM240/marbles_reference.mp4,marbles_noise_colors_level2.mp4,noise_colors,level2,/home/jv495/Datasets/GAIM240/marbles_noise_colors_level2.mp4,marbles_restir_level2.mp4,restir,level2,/home/jv495/Datasets/GAIM240/marbles_restir_level2.mp4
1615,marbles,INTER-DISTORTION,marbles_reference.mp4,/home/jv495/Datasets/GAIM240/marbles_reference.mp4,marbles_noise_colors_level2.mp4,noise_colors,level2,/home/jv495/Datasets/GAIM240/marbles_noise_colors_level2.mp4,marbles_stutter_level0.mp4,stutter,level0,/home/jv495/Datasets/GAIM240/marbles_stutter_level0.mp4
1616,marbles,INTER-DISTORTION,marbles_reference.mp4,/home/jv495/Datasets/GAIM240/marbles_reference.mp4,marbles_noise_colors_level2.mp4,noise_colors,level2,/home/jv495/Datasets/GAIM240/marbles_noise_colors_level2.mp4,marbles_stutter_level1.mp4,stutter,level1,/home/jv495/Datasets/GAIM240/marbles_stutter_level1.mp4
1617,marbles,INTER-DISTORTION,marbles_reference.mp4,/home/jv495/Datasets/GAIM240/marbles_reference.mp4,marbles_noise_colors_level2.mp4,noise_colors,level2,/home/jv495/Datasets/GAIM240/marbles_noise_colors_level2.mp4,marbles_stutter_level2.mp4,stutter,level2,/home/jv495/Datasets/GAIM240/marbles_stutter_level2.mp4
1618,marbles,INTER-DISTORTION,marbles_reference.mp4,/home/jv495/Datasets/GAIM240/marbles_reference.mp4,marbles_noise_colors_level2.mp4,noise_colors,level2,/home/jv495/Datasets/GAIM240/marbles_noise_colors_level2.mp4,marbles_temporal-resolution-multiplexing_level0.mp4,temporal-resolution-multiplexing,level0,/home/jv495/Datasets/GAIM240/marbles_temporal-resolution-multiplexing_level0.mp4
1619,marbles,INTER-DISTORTION,marbles_reference.mp4,/home/jv495/Datasets/GAIM240/marbles_reference.mp4,marbles_noise_colors_level2.mp4,noise_colors,level2,/home/jv495/Datasets/GAIM240/marbles_noise_colors_level2.mp4,marbles_temporal-resolution-multiplexing_level1.mp4,temporal-resolution-multiplexing,level1,/home/jv495/Datasets/GAIM240/marbles_temporal-resolution-multiplexing_level1.mp4
1620,marbles,INTER-DISTORTION,marbles_reference.mp4,/home/jv495/Datasets/GAIM240/marbles_reference.mp4,marbles_noise_colors_level2.mp4,noise_colors,level2,/home/jv495/Datasets/GAIM240/marbles_noise_colors_level2.mp4,marbles_temporal-resolution-multiplexing_level2.mp4,temporal-resolution-multiplexing,level2,/home/jv495/Datasets/GAIM240/marbles_temporal-resolution-multiplexing_level2.mp4
1621,marbles,INTRA-DISTORTION,marbles_reference.mp4,/home/jv495/Datasets/GAIM240/marbles_reference.mp4,marbles_restir_level0.mp4,restir,level0,/home/jv495/Datasets/GAIM240/marbles_restir_level0.mp4,marbles_restir_level1.mp4,restir,level1,/home/jv495/Datasets/GAIM240/marbles_restir_level1.mp4
1622,marbles,INTRA-DISTORTION,marbles_reference.mp4,/home/jv495/Datasets/GAIM240/marbles_reference.mp4,marbles_restir_level0.mp4,restir,level0,/home/jv495/Datasets/GAIM240/marbles_restir_level0.mp4,marbles_restir_level2.mp4,restir,level2,/home/jv495/Datasets/GAIM240/marbles_restir_level2.mp4
1623,marbles,INTER-DISTORTION,marbles_reference.mp4,/home/jv495/Datasets/GAIM240/marbles_reference.mp4,marbles_restir_level0.mp4,restir,level0,/home/jv495/Datasets/GAIM240/marbles_restir_level0.mp4,marbles_stutter_level0.mp4,stutter,level0,/home/jv495/Datasets/GAIM240/marbles_stutter_level0.mp4
1624,marbles,INTER-DISTORTION,marbles_reference.mp4,/home/jv495/Datasets/GAIM240/marbles_reference.mp4,marbles_restir_level0.mp4,restir,level0,/home/jv495/Datasets/GAIM240/marbles_restir_level0.mp4,marbles_stutter_level1.mp4,stutter,level1,/home/jv495/Datasets/GAIM240/marbles_stutter_level1.mp4
1625,marbles,INTER-DISTORTION,marbles_reference.mp4,/home/jv495/Datasets/GAIM240/marbles_reference.mp4,marbles_restir_level0.mp4,restir,level0,/home/jv495/Datasets/GAIM240/marbles_restir_level0.mp4,marbles_stutter_level2.mp4,stutter,level2,/home/jv495/Datasets/GAIM240/marbles_stutter_level2.mp4
1626,marbles,INTER-DISTORTION,marbles_reference.mp4,/home/jv495/Datasets/GAIM240/marbles_reference.mp4,marbles_restir_level0.mp4,restir,level0,/home/jv495/Datasets/GAIM240/marbles_restir_level0.mp4,marbles_temporal-resolution-multiplexing_level0.mp4,temporal-resolution-multiplexing,level0,/home/jv495/Datasets/GAIM240/marbles_temporal-resolution-multiplexing_level0.mp4
1627,marbles,INTER-DISTORTION,marbles_reference.mp4,/home/jv495/Datasets/GAIM240/marbles_reference.mp4,marbles_restir_level0.mp4,restir,level0,/home/jv495/Datasets/GAIM240/marbles_restir_level0.mp4,marbles_temporal-resolution-multiplexing_level1.mp4,temporal-resolution-multiplexing,level1,/home/jv495/Datasets/GAIM240/marbles_temporal-resolution-multiplexing_level1.mp4
1628,marbles,INTER-DISTORTION,marbles_reference.mp4,/home/jv495/Datasets/GAIM240/marbles_reference.mp4,marbles_restir_level0.mp4,restir,level0,/home/jv495/Datasets/GAIM240/marbles_restir_level0.mp4,marbles_temporal-resolution-multiplexing_level2.mp4,temporal-resolution-multiplexing,level2,/home/jv495/Datasets/GAIM240/marbles_temporal-resolution-multiplexing_level2.mp4
1629,marbles,INTRA-DISTORTION,marbles_reference.mp4,/home/jv495/Datasets/GAIM240/marbles_reference.mp4,marbles_restir_level1.mp4,restir,level1,/home/jv495/Datasets/GAIM240/marbles_restir_level1.mp4,marbles_restir_level2.mp4,restir,level2,/home/jv495/Datasets/GAIM240/marbles_restir_level2.mp4
1630,marbles,INTER-DISTORTION,marbles_reference.mp4,/home/jv495/Datasets/GAIM240/marbles_reference.mp4,marbles_restir_level1.mp4,restir,level1,/home/jv495/Datasets/GAIM240/marbles_restir_level1.mp4,marbles_stutter_level0.mp4,stutter,level0,/home/jv495/Datasets/GAIM240/marbles_stutter_level0.mp4
1631,marbles,INTER-DISTORTION,marbles_reference.mp4,/home/jv495/Datasets/GAIM240/marbles_reference.mp4,marbles_restir_level1.mp4,restir,level1,/home/jv495/Datasets/GAIM240/marbles_restir_level1.mp4,marbles_stutter_level1.mp4,stutter,level1,/home/jv495/Datasets/GAIM240/marbles_stutter_level1.mp4
1632,marbles,INTER-DISTORTION,marbles_reference.mp4,/home/jv495/Datasets/GAIM240/marbles_reference.mp4,marbles_restir_level1.mp4,restir,level1,/home/jv495/Datasets/GAIM240/marbles_restir_level1.mp4,marbles_stutter_level2.mp4,stutter,level2,/home/jv495/Datasets/GAIM240/marbles_stutter_level2.mp4
1633,marbles,INTER-DISTORTION,marbles_reference.mp4,/home/jv495/Datasets/GAIM240/marbles_reference.mp4,marbles_restir_level1.mp4,restir,level1,/home/jv495/Datasets/GAIM240/marbles_restir_level1.mp4,marbles_temporal-resolution-multiplexing_level0.mp4,temporal-resolution-multiplexing,level0,/home/jv495/Datasets/GAIM240/marbles_temporal-resolution-multiplexing_level0.mp4
1634,marbles,INTER-DISTORTION,marbles_reference.mp4,/home/jv495/Datasets/GAIM240/marbles_reference.mp4,marbles_restir_level1.mp4,restir,level1,/home/jv495/Datasets/GAIM240/marbles_restir_level1.mp4,marbles_temporal-resolution-multiplexing_level1.mp4,temporal-resolution-multiplexing,level1,/home/jv495/Datasets/GAIM240/marbles_temporal-resolution-multiplexing_level1.mp4
1635,marbles,INTER-DISTORTION,marbles_reference.mp4,/home/jv495/Datasets/GAIM240/marbles_reference.mp4,marbles_restir_level1.mp4,restir,level1,/home/jv495/Datasets/GAIM240/marbles_restir_level1.mp4,marbles_temporal-resolution-multiplexing_level2.mp4,temporal-resolution-multiplexing,level2,/home/jv495/Datasets/GAIM240/marbles_temporal-resolution-multiplexing_level2.mp4
1636,marbles,INTER-DISTORTION,marbles_reference.mp4,/home/jv495/Datasets/GAIM240/marbles_reference.mp4,marbles_restir_level2.mp4,restir,level2,/home/jv495/Datasets/GAIM240/marbles_restir_level2.mp4,marbles_stutter_level0.mp4,stutter,level0,/home/jv495/Datasets/GAIM240/marbles_stutter_level0.mp4
1637,marbles,INTER-DISTORTION,marbles_reference.mp4,/home/jv495/Datasets/GAIM240/marbles_reference.mp4,marbles_restir_level2.mp4,restir,level2,/home/jv495/Datasets/GAIM240/marbles_restir_level2.mp4,marbles_stutter_level1.mp4,stutter,level1,/home/jv495/Datasets/GAIM240/marbles_stutter_level1.mp4
1638,marbles,INTER-DISTORTION,marbles_reference.mp4,/home/jv495/Datasets/GAIM240/marbles_reference.mp4,marbles_restir_level2.mp4,restir,level2,/home/jv495/Datasets/GAIM240/marbles_restir_level2.mp4,marbles_stutter_level2.mp4,stutter,level2,/home/jv495/Datasets/GAIM240/marbles_stutter_level2.mp4
1639,marbles,INTER-DISTORTION,marbles_reference.mp4,/home/jv495/Datasets/GAIM240/marbles_reference.mp4,marbles_restir_level2.mp4,restir,level2,/home/jv495/Datasets/GAIM240/marbles_restir_level2.mp4,marbles_temporal-resolution-multiplexing_level0.mp4,temporal-resolution-multiplexing,level0,/home/jv495/Datasets/GAIM240/marbles_temporal-resolution-multiplexing_level0.mp4
1640,marbles,INTER-DISTORTION,marbles_reference.mp4,/home/jv495/Datasets/GAIM240/marbles_reference.mp4,marbles_restir_level2.mp4,restir,level2,/home/jv495/Datasets/GAIM240/marbles_restir_level2.mp4,marbles_temporal-resolution-multiplexing_level1.mp4,temporal-resolution-multiplexing,level1,/home/jv495/Datasets/GAIM240/marbles_temporal-resolution-multiplexing_level1.mp4
1641,marbles,INTER-DISTORTION,marbles_reference.mp4,/home/jv495/Datasets/GAIM240/marbles_reference.mp4,marbles_restir_level2.mp4,restir,level2,/home/jv495/Datasets/GAIM240/marbles_restir_level2.mp4,marbles_temporal-resolution-multiplexing_level2.mp4,temporal-resolution-multiplexing,level2,/home/jv495/Datasets/GAIM240/marbles_temporal-resolution-multiplexing_level2.mp4
1642,marbles,INTRA-DISTORTION,marbles_reference.mp4,/home/jv495/Datasets/GAIM240/marbles_reference.mp4,marbles_stutter_level0.mp4,stutter,level0,/home/jv495/Datasets/GAIM240/marbles_stutter_level0.mp4,marbles_stutter_level1.mp4,stutter,level1,/home/jv495/Datasets/GAIM240/marbles_stutter_level1.mp4
1643,marbles,INTRA-DISTORTION,marbles_reference.mp4,/home/jv495/Datasets/GAIM240/marbles_reference.mp4,marbles_stutter_level0.mp4,stutter,level0,/home/jv495/Datasets/GAIM240/marbles_stutter_level0.mp4,marbles_stutter_level2.mp4,stutter,level2,/home/jv495/Datasets/GAIM240/marbles_stutter_level2.mp4
1644,marbles,INTER-DISTORTION,marbles_reference.mp4,/home/jv495/Datasets/GAIM240/marbles_reference.mp4,marbles_stutter_level0.mp4,stutter,level0,/home/jv495/Datasets/GAIM240/marbles_stutter_level0.mp4,marbles_temporal-resolution-multiplexing_level0.mp4,temporal-resolution-multiplexing,level0,/home/jv495/Datasets/GAIM240/marbles_temporal-resolution-multiplexing_level0.mp4
1645,marbles,INTER-DISTORTION,marbles_reference.mp4,/home/jv495/Datasets/GAIM240/marbles_reference.mp4,marbles_stutter_level0.mp4,stutter,level0,/home/jv495/Datasets/GAIM240/marbles_stutter_level0.mp4,marbles_temporal-resolution-multiplexing_level1.mp4,temporal-resolution-multiplexing,level1,/home/jv495/Datasets/GAIM240/marbles_temporal-resolution-multiplexing_level1.mp4
1646,marbles,INTER-DISTORTION,marbles_reference.mp4,/home/jv495/Datasets/GAIM240/marbles_reference.mp4,marbles_stutter_level0.mp4,stutter,level0,/home/jv495/Datasets/GAIM240/marbles_stutter_level0.mp4,marbles_temporal-resolution-multiplexing_level2.mp4,temporal-resolution-multiplexing,level2,/home/jv495/Datasets/GAIM240/marbles_temporal-resolution-multiplexing_level2.mp4
1647,marbles,INTRA-DISTORTION,marbles_reference.mp4,/home/jv495/Datasets/GAIM240/marbles_reference.mp4,marbles_stutter_level1.mp4,stutter,level1,/home/jv495/Datasets/GAIM240/marbles_stutter_level1.mp4,marbles_stutter_level2.mp4,stutter,level2,/home/jv495/Datasets/GAIM240/marbles_stutter_level2.mp4
1648,marbles,INTER-DISTORTION,marbles_reference.mp4,/home/jv495/Datasets/GAIM240/marbles_reference.mp4,marbles_stutter_level1.mp4,stutter,level1,/home/jv495/Datasets/GAIM240/marbles_stutter_level1.mp4,marbles_temporal-resolution-multiplexing_level0.mp4,temporal-resolution-multiplexing,level0,/home/jv495/Datasets/GAIM240/marbles_temporal-resolution-multiplexing_level0.mp4
1649,marbles,INTER-DISTORTION,marbles_reference.mp4,/home/jv495/Datasets/GAIM240/marbles_reference.mp4,marbles_stutter_level1.mp4,stutter,level1,/home/jv495/Datasets/GAIM240/marbles_stutter_level1.mp4,marbles_temporal-resolution-multiplexing_level1.mp4,temporal-resolution-multiplexing,level1,/home/jv495/Datasets/GAIM240/marbles_temporal-resolution-multiplexing_level1.mp4
1650,marbles,INTER-DISTORTION,marbles_reference.mp4,/home/jv495/Datasets/GAIM240/marbles_reference.mp4,marbles_stutter_level1.mp4,stutter,level1,/home/jv495/Datasets/GAIM240/marbles_stutter_level1.mp4,marbles_temporal-resolution-multiplexing_level2.mp4,temporal-resolution-multiplexing,level2,/home/jv495/Datasets/GAIM240/marbles_temporal-resolution-multiplexing_level2.mp4
1651,marbles,INTER-DISTORTION,marbles_reference.mp4,/home/jv495/Datasets/GAIM240/marbles_reference.mp4,marbles_stutter_level2.mp4,stutter,level2,/home/jv495/Datasets/GAIM240/marbles_stutter_level2.mp4,marbles_temporal-resolution-multiplexing_level0.mp4,temporal-resolution-multiplexing,level0,/home/jv495/Datasets/GAIM240/marbles_temporal-resolution-multiplexing_level0.mp4
1652,marbles,INTER-DISTORTION,marbles_reference.mp4,/home/jv495/Datasets/GAIM240/marbles_reference.mp4,marbles_stutter_level2.mp4,stutter,level2,/home/jv495/Datasets/GAIM240/marbles_stutter_level2.mp4,marbles_temporal-resolution-multiplexing_level1.mp4,temporal-resolution-multiplexing,level1,/home/jv495/Datasets/GAIM240/marbles_temporal-resolution-multiplexing_level1.mp4
1653,marbles,INTER-DISTORTION,marbles_reference.mp4,/home/jv495/Datasets/GAIM240/marbles_reference.mp4,marbles_stutter_level2.mp4,stutter,level2,/home/jv495/Datasets/GAIM240/marbles_stutter_level2.mp4,marbles_temporal-resolution-multiplexing_level2.mp4,temporal-resolution-multiplexing,level2,/home/jv495/Datasets/GAIM240/marbles_temporal-resolution-multiplexing_level2.mp4
1654,marbles,INTRA-DISTORTION,marbles_reference.mp4,/home/jv495/Datasets/GAIM240/marbles_reference.mp4,marbles_temporal-resolution-multiplexing_level0.mp4,temporal-resolution-multiplexing,level0,/home/jv495/Datasets/GAIM240/marbles_temporal-resolution-multiplexing_level0.mp4,marbles_temporal-resolution-multiplexing_level1.mp4,temporal-resolution-multiplexing,level1,/home/jv495/Datasets/GAIM240/marbles_temporal-resolution-multiplexing_level1.mp4
1655,marbles,INTRA-DISTORTION,marbles_reference.mp4,/home/jv495/Datasets/GAIM240/marbles_reference.mp4,marbles_temporal-resolution-multiplexing_level0.mp4,temporal-resolution-multiplexing,level0,/home/jv495/Datasets/GAIM240/marbles_temporal-resolution-multiplexing_level0.mp4,marbles_temporal-resolution-multiplexing_level2.mp4,temporal-resolution-multiplexing,level2,/home/jv495/Datasets/GAIM240/marbles_temporal-resolution-multiplexing_level2.mp4
1656,marbles,INTRA-DISTORTION,marbles_reference.mp4,/home/jv495/Datasets/GAIM240/marbles_reference.mp4,marbles_temporal-resolution-multiplexing_level1.mp4,temporal-resolution-multiplexing,level1,/home/jv495/Datasets/GAIM240/marbles_temporal-resolution-multiplexing_level1.mp4,marbles_temporal-resolution-multiplexing_level2.mp4,temporal-resolution-multiplexing,level2,/home/jv495/Datasets/GAIM240/marbles_temporal-resolution-multiplexing_level2.mp4
1657,pink_room,INTRA-DISTORTION,pink_room_reference.mp4,/home/jv495/Datasets/GAIM240/pink_room_reference.mp4,pink_room_dlss_rr_level0.mp4,dlss_rr,level0,/home/jv495/Datasets/GAIM240/pink_room_dlss_rr_level0.mp4,pink_room_dlss_rr_level1.mp4,dlss_rr,level1,/home/jv495/Datasets/GAIM240/pink_room_dlss_rr_level1.mp4
1658,pink_room,INTRA-DISTORTION,pink_room_reference.mp4,/home/jv495/Datasets/GAIM240/pink_room_reference.mp4,pink_room_dlss_rr_level0.mp4,dlss_rr,level0,/home/jv495/Datasets/GAIM240/pink_room_dlss_rr_level0.mp4,pink_room_dlss_rr_level2.mp4,dlss_rr,level2,/home/jv495/Datasets/GAIM240/pink_room_dlss_rr_level2.mp4
1659,pink_room,INTER-DISTORTION,pink_room_reference.mp4,/home/jv495/Datasets/GAIM240/pink_room_reference.mp4,pink_room_dlss_rr_level0.mp4,dlss_rr,level0,/home/jv495/Datasets/GAIM240/pink_room_dlss_rr_level0.mp4,pink_room_judder_level0.mp4,judder,level0,/home/jv495/Datasets/GAIM240/pink_room_judder_level0.mp4
1660,pink_room,INTER-DISTORTION,pink_room_reference.mp4,/home/jv495/Datasets/GAIM240/pink_room_reference.mp4,pink_room_dlss_rr_level0.mp4,dlss_rr,level0,/home/jv495/Datasets/GAIM240/pink_room_dlss_rr_level0.mp4,pink_room_judder_level1.mp4,judder,level1,/home/jv495/Datasets/GAIM240/pink_room_judder_level1.mp4
1661,pink_room,INTER-DISTORTION,pink_room_reference.mp4,/home/jv495/Datasets/GAIM240/pink_room_reference.mp4,pink_room_dlss_rr_level0.mp4,dlss_rr,level0,/home/jv495/Datasets/GAIM240/pink_room_dlss_rr_level0.mp4,pink_room_judder_level2.mp4,judder,level2,/home/jv495/Datasets/GAIM240/pink_room_judder_level2.mp4
1662,pink_room,INTER-DISTORTION,pink_room_reference.mp4,/home/jv495/Datasets/GAIM240/pink_room_reference.mp4,pink_room_dlss_rr_level0.mp4,dlss_rr,level0,/home/jv495/Datasets/GAIM240/pink_room_dlss_rr_level0.mp4,pink_room_motion_noise_level0.mp4,motion_noise,level0,/home/jv495/Datasets/GAIM240/pink_room_motion_noise_level0.mp4
1663,pink_room,INTER-DISTORTION,pink_room_reference.mp4,/home/jv495/Datasets/GAIM240/pink_room_reference.mp4,pink_room_dlss_rr_level0.mp4,dlss_rr,level0,/home/jv495/Datasets/GAIM240/pink_room_dlss_rr_level0.mp4,pink_room_motion_noise_level1.mp4,motion_noise,level1,/home/jv495/Datasets/GAIM240/pink_room_motion_noise_level1.mp4
1664,pink_room,INTER-DISTORTION,pink_room_reference.mp4,/home/jv495/Datasets/GAIM240/pink_room_reference.mp4,pink_room_dlss_rr_level0.mp4,dlss_rr,level0,/home/jv495/Datasets/GAIM240/pink_room_dlss_rr_level0.mp4,pink_room_motion_noise_level2.mp4,motion_noise,level2,/home/jv495/Datasets/GAIM240/pink_room_motion_noise_level2.mp4
1665,pink_room,INTER-DISTORTION,pink_room_reference.mp4,/home/jv495/Datasets/GAIM240/pink_room_reference.mp4,pink_room_dlss_rr_level0.mp4,dlss_rr,level0,/home/jv495/Datasets/GAIM240/pink_room_dlss_rr_level0.mp4,pink_room_motion_resolution_level0.mp4,motion_resolution,level0,/home/jv495/Datasets/GAIM240/pink_room_motion_resolution_level0.mp4
1666,pink_room,INTER-DISTORTION,pink_room_reference.mp4,/home/jv495/Datasets/GAIM240/pink_room_reference.mp4,pink_room_dlss_rr_level0.mp4,dlss_rr,level0,/home/jv495/Datasets/GAIM240/pink_room_dlss_rr_level0.mp4,pink_room_motion_resolution_level1.mp4,motion_resolution,level1,/home/jv495/Datasets/GAIM240/pink_room_motion_resolution_level1.mp4
1667,pink_room,INTER-DISTORTION,pink_room_reference.mp4,/home/jv495/Datasets/GAIM240/pink_room_reference.mp4,pink_room_dlss_rr_level0.mp4,dlss_rr,level0,/home/jv495/Datasets/GAIM240/pink_room_dlss_rr_level0.mp4,pink_room_motion_resolution_level2.mp4,motion_resolution,level2,/home/jv495/Datasets/GAIM240/pink_room_motion_resolution_level2.mp4
1668,pink_room,INTER-DISTORTION,pink_room_reference.mp4,/home/jv495/Datasets/GAIM240/pink_room_reference.mp4,pink_room_dlss_rr_level0.mp4,dlss_rr,level0,/home/jv495/Datasets/GAIM240/pink_room_dlss_rr_level0.mp4,pink_room_noise_colors_level0.mp4,noise_colors,level0,/home/jv495/Datasets/GAIM240/pink_room_noise_colors_level0.mp4
1669,pink_room,INTER-DISTORTION,pink_room_reference.mp4,/home/jv495/Datasets/GAIM240/pink_room_reference.mp4,pink_room_dlss_rr_level0.mp4,dlss_rr,level0,/home/jv495/Datasets/GAIM240/pink_room_dlss_rr_level0.mp4,pink_room_noise_colors_level1.mp4,noise_colors,level1,/home/jv495/Datasets/GAIM240/pink_room_noise_colors_level1.mp4
1670,pink_room,INTER-DISTORTION,pink_room_reference.mp4,/home/jv495/Datasets/GAIM240/pink_room_reference.mp4,pink_room_dlss_rr_level0.mp4,dlss_rr,level0,/home/jv495/Datasets/GAIM240/pink_room_dlss_rr_level0.mp4,pink_room_noise_colors_level2.mp4,noise_colors,level2,/home/jv495/Datasets/GAIM240/pink_room_noise_colors_level2.mp4
1671,pink_room,INTER-DISTORTION,pink_room_reference.mp4,/home/jv495/Datasets/GAIM240/pink_room_reference.mp4,pink_room_dlss_rr_level0.mp4,dlss_rr,level0,/home/jv495/Datasets/GAIM240/pink_room_dlss_rr_level0.mp4,pink_room_restir_level0.mp4,restir,level0,/home/jv495/Datasets/GAIM240/pink_room_restir_level0.mp4
1672,pink_room,INTER-DISTORTION,pink_room_reference.mp4,/home/jv495/Datasets/GAIM240/pink_room_reference.mp4,pink_room_dlss_rr_level0.mp4,dlss_rr,level0,/home/jv495/Datasets/GAIM240/pink_room_dlss_rr_level0.mp4,pink_room_restir_level1.mp4,restir,level1,/home/jv495/Datasets/GAIM240/pink_room_restir_level1.mp4
1673,pink_room,INTER-DISTORTION,pink_room_reference.mp4,/home/jv495/Datasets/GAIM240/pink_room_reference.mp4,pink_room_dlss_rr_level0.mp4,dlss_rr,level0,/home/jv495/Datasets/GAIM240/pink_room_dlss_rr_level0.mp4,pink_room_restir_level2.mp4,restir,level2,/home/jv495/Datasets/GAIM240/pink_room_restir_level2.mp4
1674,pink_room,INTER-DISTORTION,pink_room_reference.mp4,/home/jv495/Datasets/GAIM240/pink_room_reference.mp4,pink_room_dlss_rr_level0.mp4,dlss_rr,level0,/home/jv495/Datasets/GAIM240/pink_room_dlss_rr_level0.mp4,pink_room_stutter_level0.mp4,stutter,level0,/home/jv495/Datasets/GAIM240/pink_room_stutter_level0.mp4
1675,pink_room,INTER-DISTORTION,pink_room_reference.mp4,/home/jv495/Datasets/GAIM240/pink_room_reference.mp4,pink_room_dlss_rr_level0.mp4,dlss_rr,level0,/home/jv495/Datasets/GAIM240/pink_room_dlss_rr_level0.mp4,pink_room_stutter_level1.mp4,stutter,level1,/home/jv495/Datasets/GAIM240/pink_room_stutter_level1.mp4
1676,pink_room,INTER-DISTORTION,pink_room_reference.mp4,/home/jv495/Datasets/GAIM240/pink_room_reference.mp4,pink_room_dlss_rr_level0.mp4,dlss_rr,level0,/home/jv495/Datasets/GAIM240/pink_room_dlss_rr_level0.mp4,pink_room_stutter_level2.mp4,stutter,level2,/home/jv495/Datasets/GAIM240/pink_room_stutter_level2.mp4
1677,pink_room,INTER-DISTORTION,pink_room_reference.mp4,/home/jv495/Datasets/GAIM240/pink_room_reference.mp4,pink_room_dlss_rr_level0.mp4,dlss_rr,level0,/home/jv495/Datasets/GAIM240/pink_room_dlss_rr_level0.mp4,pink_room_temporal-resolution-multiplexing_level0.mp4,temporal-resolution-multiplexing,level0,/home/jv495/Datasets/GAIM240/pink_room_temporal-resolution-multiplexing_level0.mp4
1678,pink_room,INTER-DISTORTION,pink_room_reference.mp4,/home/jv495/Datasets/GAIM240/pink_room_reference.mp4,pink_room_dlss_rr_level0.mp4,dlss_rr,level0,/home/jv495/Datasets/GAIM240/pink_room_dlss_rr_level0.mp4,pink_room_temporal-resolution-multiplexing_level1.mp4,temporal-resolution-multiplexing,level1,/home/jv495/Datasets/GAIM240/pink_room_temporal-resolution-multiplexing_level1.mp4
1679,pink_room,INTER-DISTORTION,pink_room_reference.mp4,/home/jv495/Datasets/GAIM240/pink_room_reference.mp4,pink_room_dlss_rr_level0.mp4,dlss_rr,level0,/home/jv495/Datasets/GAIM240/pink_room_dlss_rr_level0.mp4,pink_room_temporal-resolution-multiplexing_level2.mp4,temporal-resolution-multiplexing,level2,/home/jv495/Datasets/GAIM240/pink_room_temporal-resolution-multiplexing_level2.mp4
1680,pink_room,INTRA-DISTORTION,pink_room_reference.mp4,/home/jv495/Datasets/GAIM240/pink_room_reference.mp4,pink_room_dlss_rr_level1.mp4,dlss_rr,level1,/home/jv495/Datasets/GAIM240/pink_room_dlss_rr_level1.mp4,pink_room_dlss_rr_level2.mp4,dlss_rr,level2,/home/jv495/Datasets/GAIM240/pink_room_dlss_rr_level2.mp4
1681,pink_room,INTER-DISTORTION,pink_room_reference.mp4,/home/jv495/Datasets/GAIM240/pink_room_reference.mp4,pink_room_dlss_rr_level1.mp4,dlss_rr,level1,/home/jv495/Datasets/GAIM240/pink_room_dlss_rr_level1.mp4,pink_room_judder_level0.mp4,judder,level0,/home/jv495/Datasets/GAIM240/pink_room_judder_level0.mp4
1682,pink_room,INTER-DISTORTION,pink_room_reference.mp4,/home/jv495/Datasets/GAIM240/pink_room_reference.mp4,pink_room_dlss_rr_level1.mp4,dlss_rr,level1,/home/jv495/Datasets/GAIM240/pink_room_dlss_rr_level1.mp4,pink_room_judder_level1.mp4,judder,level1,/home/jv495/Datasets/GAIM240/pink_room_judder_level1.mp4
1683,pink_room,INTER-DISTORTION,pink_room_reference.mp4,/home/jv495/Datasets/GAIM240/pink_room_reference.mp4,pink_room_dlss_rr_level1.mp4,dlss_rr,level1,/home/jv495/Datasets/GAIM240/pink_room_dlss_rr_level1.mp4,pink_room_judder_level2.mp4,judder,level2,/home/jv495/Datasets/GAIM240/pink_room_judder_level2.mp4
1684,pink_room,INTER-DISTORTION,pink_room_reference.mp4,/home/jv495/Datasets/GAIM240/pink_room_reference.mp4,pink_room_dlss_rr_level1.mp4,dlss_rr,level1,/home/jv495/Datasets/GAIM240/pink_room_dlss_rr_level1.mp4,pink_room_motion_noise_level0.mp4,motion_noise,level0,/home/jv495/Datasets/GAIM240/pink_room_motion_noise_level0.mp4
1685,pink_room,INTER-DISTORTION,pink_room_reference.mp4,/home/jv495/Datasets/GAIM240/pink_room_reference.mp4,pink_room_dlss_rr_level1.mp4,dlss_rr,level1,/home/jv495/Datasets/GAIM240/pink_room_dlss_rr_level1.mp4,pink_room_motion_noise_level1.mp4,motion_noise,level1,/home/jv495/Datasets/GAIM240/pink_room_motion_noise_level1.mp4
1686,pink_room,INTER-DISTORTION,pink_room_reference.mp4,/home/jv495/Datasets/GAIM240/pink_room_reference.mp4,pink_room_dlss_rr_level1.mp4,dlss_rr,level1,/home/jv495/Datasets/GAIM240/pink_room_dlss_rr_level1.mp4,pink_room_motion_noise_level2.mp4,motion_noise,level2,/home/jv495/Datasets/GAIM240/pink_room_motion_noise_level2.mp4
1687,pink_room,INTER-DISTORTION,pink_room_reference.mp4,/home/jv495/Datasets/GAIM240/pink_room_reference.mp4,pink_room_dlss_rr_level1.mp4,dlss_rr,level1,/home/jv495/Datasets/GAIM240/pink_room_dlss_rr_level1.mp4,pink_room_motion_resolution_level0.mp4,motion_resolution,level0,/home/jv495/Datasets/GAIM240/pink_room_motion_resolution_level0.mp4
1688,pink_room,INTER-DISTORTION,pink_room_reference.mp4,/home/jv495/Datasets/GAIM240/pink_room_reference.mp4,pink_room_dlss_rr_level1.mp4,dlss_rr,level1,/home/jv495/Datasets/GAIM240/pink_room_dlss_rr_level1.mp4,pink_room_motion_resolution_level1.mp4,motion_resolution,level1,/home/jv495/Datasets/GAIM240/pink_room_motion_resolution_level1.mp4
1689,pink_room,INTER-DISTORTION,pink_room_reference.mp4,/home/jv495/Datasets/GAIM240/pink_room_reference.mp4,pink_room_dlss_rr_level1.mp4,dlss_rr,level1,/home/jv495/Datasets/GAIM240/pink_room_dlss_rr_level1.mp4,pink_room_motion_resolution_level2.mp4,motion_resolution,level2,/home/jv495/Datasets/GAIM240/pink_room_motion_resolution_level2.mp4
1690,pink_room,INTER-DISTORTION,pink_room_reference.mp4,/home/jv495/Datasets/GAIM240/pink_room_reference.mp4,pink_room_dlss_rr_level1.mp4,dlss_rr,level1,/home/jv495/Datasets/GAIM240/pink_room_dlss_rr_level1.mp4,pink_room_noise_colors_level0.mp4,noise_colors,level0,/home/jv495/Datasets/GAIM240/pink_room_noise_colors_level0.mp4
1691,pink_room,INTER-DISTORTION,pink_room_reference.mp4,/home/jv495/Datasets/GAIM240/pink_room_reference.mp4,pink_room_dlss_rr_level1.mp4,dlss_rr,level1,/home/jv495/Datasets/GAIM240/pink_room_dlss_rr_level1.mp4,pink_room_noise_colors_level1.mp4,noise_colors,level1,/home/jv495/Datasets/GAIM240/pink_room_noise_colors_level1.mp4
1692,pink_room,INTER-DISTORTION,pink_room_reference.mp4,/home/jv495/Datasets/GAIM240/pink_room_reference.mp4,pink_room_dlss_rr_level1.mp4,dlss_rr,level1,/home/jv495/Datasets/GAIM240/pink_room_dlss_rr_level1.mp4,pink_room_noise_colors_level2.mp4,noise_colors,level2,/home/jv495/Datasets/GAIM240/pink_room_noise_colors_level2.mp4
1693,pink_room,INTER-DISTORTION,pink_room_reference.mp4,/home/jv495/Datasets/GAIM240/pink_room_reference.mp4,pink_room_dlss_rr_level1.mp4,dlss_rr,level1,/home/jv495/Datasets/GAIM240/pink_room_dlss_rr_level1.mp4,pink_room_restir_level0.mp4,restir,level0,/home/jv495/Datasets/GAIM240/pink_room_restir_level0.mp4
1694,pink_room,INTER-DISTORTION,pink_room_reference.mp4,/home/jv495/Datasets/GAIM240/pink_room_reference.mp4,pink_room_dlss_rr_level1.mp4,dlss_rr,level1,/home/jv495/Datasets/GAIM240/pink_room_dlss_rr_level1.mp4,pink_room_restir_level1.mp4,restir,level1,/home/jv495/Datasets/GAIM240/pink_room_restir_level1.mp4
1695,pink_room,INTER-DISTORTION,pink_room_reference.mp4,/home/jv495/Datasets/GAIM240/pink_room_reference.mp4,pink_room_dlss_rr_level1.mp4,dlss_rr,level1,/home/jv495/Datasets/GAIM240/pink_room_dlss_rr_level1.mp4,pink_room_restir_level2.mp4,restir,level2,/home/jv495/Datasets/GAIM240/pink_room_restir_level2.mp4
1696,pink_room,INTER-DISTORTION,pink_room_reference.mp4,/home/jv495/Datasets/GAIM240/pink_room_reference.mp4,pink_room_dlss_rr_level1.mp4,dlss_rr,level1,/home/jv495/Datasets/GAIM240/pink_room_dlss_rr_level1.mp4,pink_room_stutter_level0.mp4,stutter,level0,/home/jv495/Datasets/GAIM240/pink_room_stutter_level0.mp4
1697,pink_room,INTER-DISTORTION,pink_room_reference.mp4,/home/jv495/Datasets/GAIM240/pink_room_reference.mp4,pink_room_dlss_rr_level1.mp4,dlss_rr,level1,/home/jv495/Datasets/GAIM240/pink_room_dlss_rr_level1.mp4,pink_room_stutter_level1.mp4,stutter,level1,/home/jv495/Datasets/GAIM240/pink_room_stutter_level1.mp4
1698,pink_room,INTER-DISTORTION,pink_room_reference.mp4,/home/jv495/Datasets/GAIM240/pink_room_reference.mp4,pink_room_dlss_rr_level1.mp4,dlss_rr,level1,/home/jv495/Datasets/GAIM240/pink_room_dlss_rr_level1.mp4,pink_room_stutter_level2.mp4,stutter,level2,/home/jv495/Datasets/GAIM240/pink_room_stutter_level2.mp4
1699,pink_room,INTER-DISTORTION,pink_room_reference.mp4,/home/jv495/Datasets/GAIM240/pink_room_reference.mp4,pink_room_dlss_rr_level1.mp4,dlss_rr,level1,/home/jv495/Datasets/GAIM240/pink_room_dlss_rr_level1.mp4,pink_room_temporal-resolution-multiplexing_level0.mp4,temporal-resolution-multiplexing,level0,/home/jv495/Datasets/GAIM240/pink_room_temporal-resolution-multiplexing_level0.mp4
1700,pink_room,INTER-DISTORTION,pink_room_reference.mp4,/home/jv495/Datasets/GAIM240/pink_room_reference.mp4,pink_room_dlss_rr_level1.mp4,dlss_rr,level1,/home/jv495/Datasets/GAIM240/pink_room_dlss_rr_level1.mp4,pink_room_temporal-resolution-multiplexing_level1.mp4,temporal-resolution-multiplexing,level1,/home/jv495/Datasets/GAIM240/pink_room_temporal-resolution-multiplexing_level1.mp4
1701,pink_room,INTER-DISTORTION,pink_room_reference.mp4,/home/jv495/Datasets/GAIM240/pink_room_reference.mp4,pink_room_dlss_rr_level1.mp4,dlss_rr,level1,/home/jv495/Datasets/GAIM240/pink_room_dlss_rr_level1.mp4,pink_room_temporal-resolution-multiplexing_level2.mp4,temporal-resolution-multiplexing,level2,/home/jv495/Datasets/GAIM240/pink_room_temporal-resolution-multiplexing_level2.mp4
1702,pink_room,INTER-DISTORTION,pink_room_reference.mp4,/home/jv495/Datasets/GAIM240/pink_room_reference.mp4,pink_room_dlss_rr_level2.mp4,dlss_rr,level2,/home/jv495/Datasets/GAIM240/pink_room_dlss_rr_level2.mp4,pink_room_judder_level0.mp4,judder,level0,/home/jv495/Datasets/GAIM240/pink_room_judder_level0.mp4
1703,pink_room,INTER-DISTORTION,pink_room_reference.mp4,/home/jv495/Datasets/GAIM240/pink_room_reference.mp4,pink_room_dlss_rr_level2.mp4,dlss_rr,level2,/home/jv495/Datasets/GAIM240/pink_room_dlss_rr_level2.mp4,pink_room_judder_level1.mp4,judder,level1,/home/jv495/Datasets/GAIM240/pink_room_judder_level1.mp4
1704,pink_room,INTER-DISTORTION,pink_room_reference.mp4,/home/jv495/Datasets/GAIM240/pink_room_reference.mp4,pink_room_dlss_rr_level2.mp4,dlss_rr,level2,/home/jv495/Datasets/GAIM240/pink_room_dlss_rr_level2.mp4,pink_room_judder_level2.mp4,judder,level2,/home/jv495/Datasets/GAIM240/pink_room_judder_level2.mp4
1705,pink_room,INTER-DISTORTION,pink_room_reference.mp4,/home/jv495/Datasets/GAIM240/pink_room_reference.mp4,pink_room_dlss_rr_level2.mp4,dlss_rr,level2,/home/jv495/Datasets/GAIM240/pink_room_dlss_rr_level2.mp4,pink_room_motion_noise_level0.mp4,motion_noise,level0,/home/jv495/Datasets/GAIM240/pink_room_motion_noise_level0.mp4
1706,pink_room,INTER-DISTORTION,pink_room_reference.mp4,/home/jv495/Datasets/GAIM240/pink_room_reference.mp4,pink_room_dlss_rr_level2.mp4,dlss_rr,level2,/home/jv495/Datasets/GAIM240/pink_room_dlss_rr_level2.mp4,pink_room_motion_noise_level1.mp4,motion_noise,level1,/home/jv495/Datasets/GAIM240/pink_room_motion_noise_level1.mp4
1707,pink_room,INTER-DISTORTION,pink_room_reference.mp4,/home/jv495/Datasets/GAIM240/pink_room_reference.mp4,pink_room_dlss_rr_level2.mp4,dlss_rr,level2,/home/jv495/Datasets/GAIM240/pink_room_dlss_rr_level2.mp4,pink_room_motion_noise_level2.mp4,motion_noise,level2,/home/jv495/Datasets/GAIM240/pink_room_motion_noise_level2.mp4
1708,pink_room,INTER-DISTORTION,pink_room_reference.mp4,/home/jv495/Datasets/GAIM240/pink_room_reference.mp4,pink_room_dlss_rr_level2.mp4,dlss_rr,level2,/home/jv495/Datasets/GAIM240/pink_room_dlss_rr_level2.mp4,pink_room_motion_resolution_level0.mp4,motion_resolution,level0,/home/jv495/Datasets/GAIM240/pink_room_motion_resolution_level0.mp4
1709,pink_room,INTER-DISTORTION,pink_room_reference.mp4,/home/jv495/Datasets/GAIM240/pink_room_reference.mp4,pink_room_dlss_rr_level2.mp4,dlss_rr,level2,/home/jv495/Datasets/GAIM240/pink_room_dlss_rr_level2.mp4,pink_room_motion_resolution_level1.mp4,motion_resolution,level1,/home/jv495/Datasets/GAIM240/pink_room_motion_resolution_level1.mp4
1710,pink_room,INTER-DISTORTION,pink_room_reference.mp4,/home/jv495/Datasets/GAIM240/pink_room_reference.mp4,pink_room_dlss_rr_level2.mp4,dlss_rr,level2,/home/jv495/Datasets/GAIM240/pink_room_dlss_rr_level2.mp4,pink_room_motion_resolution_level2.mp4,motion_resolution,level2,/home/jv495/Datasets/GAIM240/pink_room_motion_resolution_level2.mp4
1711,pink_room,INTER-DISTORTION,pink_room_reference.mp4,/home/jv495/Datasets/GAIM240/pink_room_reference.mp4,pink_room_dlss_rr_level2.mp4,dlss_rr,level2,/home/jv495/Datasets/GAIM240/pink_room_dlss_rr_level2.mp4,pink_room_noise_colors_level0.mp4,noise_colors,level0,/home/jv495/Datasets/GAIM240/pink_room_noise_colors_level0.mp4
1712,pink_room,INTER-DISTORTION,pink_room_reference.mp4,/home/jv495/Datasets/GAIM240/pink_room_reference.mp4,pink_room_dlss_rr_level2.mp4,dlss_rr,level2,/home/jv495/Datasets/GAIM240/pink_room_dlss_rr_level2.mp4,pink_room_noise_colors_level1.mp4,noise_colors,level1,/home/jv495/Datasets/GAIM240/pink_room_noise_colors_level1.mp4
1713,pink_room,INTER-DISTORTION,pink_room_reference.mp4,/home/jv495/Datasets/GAIM240/pink_room_reference.mp4,pink_room_dlss_rr_level2.mp4,dlss_rr,level2,/home/jv495/Datasets/GAIM240/pink_room_dlss_rr_level2.mp4,pink_room_noise_colors_level2.mp4,noise_colors,level2,/home/jv495/Datasets/GAIM240/pink_room_noise_colors_level2.mp4
1714,pink_room,INTER-DISTORTION,pink_room_reference.mp4,/home/jv495/Datasets/GAIM240/pink_room_reference.mp4,pink_room_dlss_rr_level2.mp4,dlss_rr,level2,/home/jv495/Datasets/GAIM240/pink_room_dlss_rr_level2.mp4,pink_room_restir_level0.mp4,restir,level0,/home/jv495/Datasets/GAIM240/pink_room_restir_level0.mp4
1715,pink_room,INTER-DISTORTION,pink_room_reference.mp4,/home/jv495/Datasets/GAIM240/pink_room_reference.mp4,pink_room_dlss_rr_level2.mp4,dlss_rr,level2,/home/jv495/Datasets/GAIM240/pink_room_dlss_rr_level2.mp4,pink_room_restir_level1.mp4,restir,level1,/home/jv495/Datasets/GAIM240/pink_room_restir_level1.mp4
1716,pink_room,INTER-DISTORTION,pink_room_reference.mp4,/home/jv495/Datasets/GAIM240/pink_room_reference.mp4,pink_room_dlss_rr_level2.mp4,dlss_rr,level2,/home/jv495/Datasets/GAIM240/pink_room_dlss_rr_level2.mp4,pink_room_restir_level2.mp4,restir,level2,/home/jv495/Datasets/GAIM240/pink_room_restir_level2.mp4
1717,pink_room,INTER-DISTORTION,pink_room_reference.mp4,/home/jv495/Datasets/GAIM240/pink_room_reference.mp4,pink_room_dlss_rr_level2.mp4,dlss_rr,level2,/home/jv495/Datasets/GAIM240/pink_room_dlss_rr_level2.mp4,pink_room_stutter_level0.mp4,stutter,level0,/home/jv495/Datasets/GAIM240/pink_room_stutter_level0.mp4
1718,pink_room,INTER-DISTORTION,pink_room_reference.mp4,/home/jv495/Datasets/GAIM240/pink_room_reference.mp4,pink_room_dlss_rr_level2.mp4,dlss_rr,level2,/home/jv495/Datasets/GAIM240/pink_room_dlss_rr_level2.mp4,pink_room_stutter_level1.mp4,stutter,level1,/home/jv495/Datasets/GAIM240/pink_room_stutter_level1.mp4
1719,pink_room,INTER-DISTORTION,pink_room_reference.mp4,/home/jv495/Datasets/GAIM240/pink_room_reference.mp4,pink_room_dlss_rr_level2.mp4,dlss_rr,level2,/home/jv495/Datasets/GAIM240/pink_room_dlss_rr_level2.mp4,pink_room_stutter_level2.mp4,stutter,level2,/home/jv495/Datasets/GAIM240/pink_room_stutter_level2.mp4
1720,pink_room,INTER-DISTORTION,pink_room_reference.mp4,/home/jv495/Datasets/GAIM240/pink_room_reference.mp4,pink_room_dlss_rr_level2.mp4,dlss_rr,level2,/home/jv495/Datasets/GAIM240/pink_room_dlss_rr_level2.mp4,pink_room_temporal-resolution-multiplexing_level0.mp4,temporal-resolution-multiplexing,level0,/home/jv495/Datasets/GAIM240/pink_room_temporal-resolution-multiplexing_level0.mp4
1721,pink_room,INTER-DISTORTION,pink_room_reference.mp4,/home/jv495/Datasets/GAIM240/pink_room_reference.mp4,pink_room_dlss_rr_level2.mp4,dlss_rr,level2,/home/jv495/Datasets/GAIM240/pink_room_dlss_rr_level2.mp4,pink_room_temporal-resolution-multiplexing_level1.mp4,temporal-resolution-multiplexing,level1,/home/jv495/Datasets/GAIM240/pink_room_temporal-resolution-multiplexing_level1.mp4
1722,pink_room,INTER-DISTORTION,pink_room_reference.mp4,/home/jv495/Datasets/GAIM240/pink_room_reference.mp4,pink_room_dlss_rr_level2.mp4,dlss_rr,level2,/home/jv495/Datasets/GAIM240/pink_room_dlss_rr_level2.mp4,pink_room_temporal-resolution-multiplexing_level2.mp4,temporal-resolution-multiplexing,level2,/home/jv495/Datasets/GAIM240/pink_room_temporal-resolution-multiplexing_level2.mp4
1723,pink_room,INTRA-DISTORTION,pink_room_reference.mp4,/home/jv495/Datasets/GAIM240/pink_room_reference.mp4,pink_room_judder_level0.mp4,judder,level0,/home/jv495/Datasets/GAIM240/pink_room_judder_level0.mp4,pink_room_judder_level1.mp4,judder,level1,/home/jv495/Datasets/GAIM240/pink_room_judder_level1.mp4
1724,pink_room,INTRA-DISTORTION,pink_room_reference.mp4,/home/jv495/Datasets/GAIM240/pink_room_reference.mp4,pink_room_judder_level0.mp4,judder,level0,/home/jv495/Datasets/GAIM240/pink_room_judder_level0.mp4,pink_room_judder_level2.mp4,judder,level2,/home/jv495/Datasets/GAIM240/pink_room_judder_level2.mp4
1725,pink_room,INTER-DISTORTION,pink_room_reference.mp4,/home/jv495/Datasets/GAIM240/pink_room_reference.mp4,pink_room_judder_level0.mp4,judder,level0,/home/jv495/Datasets/GAIM240/pink_room_judder_level0.mp4,pink_room_motion_noise_level0.mp4,motion_noise,level0,/home/jv495/Datasets/GAIM240/pink_room_motion_noise_level0.mp4
1726,pink_room,INTER-DISTORTION,pink_room_reference.mp4,/home/jv495/Datasets/GAIM240/pink_room_reference.mp4,pink_room_judder_level0.mp4,judder,level0,/home/jv495/Datasets/GAIM240/pink_room_judder_level0.mp4,pink_room_motion_noise_level1.mp4,motion_noise,level1,/home/jv495/Datasets/GAIM240/pink_room_motion_noise_level1.mp4
1727,pink_room,INTER-DISTORTION,pink_room_reference.mp4,/home/jv495/Datasets/GAIM240/pink_room_reference.mp4,pink_room_judder_level0.mp4,judder,level0,/home/jv495/Datasets/GAIM240/pink_room_judder_level0.mp4,pink_room_motion_noise_level2.mp4,motion_noise,level2,/home/jv495/Datasets/GAIM240/pink_room_motion_noise_level2.mp4
1728,pink_room,INTER-DISTORTION,pink_room_reference.mp4,/home/jv495/Datasets/GAIM240/pink_room_reference.mp4,pink_room_judder_level0.mp4,judder,level0,/home/jv495/Datasets/GAIM240/pink_room_judder_level0.mp4,pink_room_motion_resolution_level0.mp4,motion_resolution,level0,/home/jv495/Datasets/GAIM240/pink_room_motion_resolution_level0.mp4
1729,pink_room,INTER-DISTORTION,pink_room_reference.mp4,/home/jv495/Datasets/GAIM240/pink_room_reference.mp4,pink_room_judder_level0.mp4,judder,level0,/home/jv495/Datasets/GAIM240/pink_room_judder_level0.mp4,pink_room_motion_resolution_level1.mp4,motion_resolution,level1,/home/jv495/Datasets/GAIM240/pink_room_motion_resolution_level1.mp4
1730,pink_room,INTER-DISTORTION,pink_room_reference.mp4,/home/jv495/Datasets/GAIM240/pink_room_reference.mp4,pink_room_judder_level0.mp4,judder,level0,/home/jv495/Datasets/GAIM240/pink_room_judder_level0.mp4,pink_room_motion_resolution_level2.mp4,motion_resolution,level2,/home/jv495/Datasets/GAIM240/pink_room_motion_resolution_level2.mp4
1731,pink_room,INTER-DISTORTION,pink_room_reference.mp4,/home/jv495/Datasets/GAIM240/pink_room_reference.mp4,pink_room_judder_level0.mp4,judder,level0,/home/jv495/Datasets/GAIM240/pink_room_judder_level0.mp4,pink_room_noise_colors_level0.mp4,noise_colors,level0,/home/jv495/Datasets/GAIM240/pink_room_noise_colors_level0.mp4
1732,pink_room,INTER-DISTORTION,pink_room_reference.mp4,/home/jv495/Datasets/GAIM240/pink_room_reference.mp4,pink_room_judder_level0.mp4,judder,level0,/home/jv495/Datasets/GAIM240/pink_room_judder_level0.mp4,pink_room_noise_colors_level1.mp4,noise_colors,level1,/home/jv495/Datasets/GAIM240/pink_room_noise_colors_level1.mp4
1733,pink_room,INTER-DISTORTION,pink_room_reference.mp4,/home/jv495/Datasets/GAIM240/pink_room_reference.mp4,pink_room_judder_level0.mp4,judder,level0,/home/jv495/Datasets/GAIM240/pink_room_judder_level0.mp4,pink_room_noise_colors_level2.mp4,noise_colors,level2,/home/jv495/Datasets/GAIM240/pink_room_noise_colors_level2.mp4
1734,pink_room,INTER-DISTORTION,pink_room_reference.mp4,/home/jv495/Datasets/GAIM240/pink_room_reference.mp4,pink_room_judder_level0.mp4,judder,level0,/home/jv495/Datasets/GAIM240/pink_room_judder_level0.mp4,pink_room_restir_level0.mp4,restir,level0,/home/jv495/Datasets/GAIM240/pink_room_restir_level0.mp4
1735,pink_room,INTER-DISTORTION,pink_room_reference.mp4,/home/jv495/Datasets/GAIM240/pink_room_reference.mp4,pink_room_judder_level0.mp4,judder,level0,/home/jv495/Datasets/GAIM240/pink_room_judder_level0.mp4,pink_room_restir_level1.mp4,restir,level1,/home/jv495/Datasets/GAIM240/pink_room_restir_level1.mp4
1736,pink_room,INTER-DISTORTION,pink_room_reference.mp4,/home/jv495/Datasets/GAIM240/pink_room_reference.mp4,pink_room_judder_level0.mp4,judder,level0,/home/jv495/Datasets/GAIM240/pink_room_judder_level0.mp4,pink_room_restir_level2.mp4,restir,level2,/home/jv495/Datasets/GAIM240/pink_room_restir_level2.mp4
1737,pink_room,INTER-DISTORTION,pink_room_reference.mp4,/home/jv495/Datasets/GAIM240/pink_room_reference.mp4,pink_room_judder_level0.mp4,judder,level0,/home/jv495/Datasets/GAIM240/pink_room_judder_level0.mp4,pink_room_stutter_level0.mp4,stutter,level0,/home/jv495/Datasets/GAIM240/pink_room_stutter_level0.mp4
1738,pink_room,INTER-DISTORTION,pink_room_reference.mp4,/home/jv495/Datasets/GAIM240/pink_room_reference.mp4,pink_room_judder_level0.mp4,judder,level0,/home/jv495/Datasets/GAIM240/pink_room_judder_level0.mp4,pink_room_stutter_level1.mp4,stutter,level1,/home/jv495/Datasets/GAIM240/pink_room_stutter_level1.mp4
1739,pink_room,INTER-DISTORTION,pink_room_reference.mp4,/home/jv495/Datasets/GAIM240/pink_room_reference.mp4,pink_room_judder_level0.mp4,judder,level0,/home/jv495/Datasets/GAIM240/pink_room_judder_level0.mp4,pink_room_stutter_level2.mp4,stutter,level2,/home/jv495/Datasets/GAIM240/pink_room_stutter_level2.mp4
1740,pink_room,INTER-DISTORTION,pink_room_reference.mp4,/home/jv495/Datasets/GAIM240/pink_room_reference.mp4,pink_room_judder_level0.mp4,judder,level0,/home/jv495/Datasets/GAIM240/pink_room_judder_level0.mp4,pink_room_temporal-resolution-multiplexing_level0.mp4,temporal-resolution-multiplexing,level0,/home/jv495/Datasets/GAIM240/pink_room_temporal-resolution-multiplexing_level0.mp4
1741,pink_room,INTER-DISTORTION,pink_room_reference.mp4,/home/jv495/Datasets/GAIM240/pink_room_reference.mp4,pink_room_judder_level0.mp4,judder,level0,/home/jv495/Datasets/GAIM240/pink_room_judder_level0.mp4,pink_room_temporal-resolution-multiplexing_level1.mp4,temporal-resolution-multiplexing,level1,/home/jv495/Datasets/GAIM240/pink_room_temporal-resolution-multiplexing_level1.mp4
1742,pink_room,INTER-DISTORTION,pink_room_reference.mp4,/home/jv495/Datasets/GAIM240/pink_room_reference.mp4,pink_room_judder_level0.mp4,judder,level0,/home/jv495/Datasets/GAIM240/pink_room_judder_level0.mp4,pink_room_temporal-resolution-multiplexing_level2.mp4,temporal-resolution-multiplexing,level2,/home/jv495/Datasets/GAIM240/pink_room_temporal-resolution-multiplexing_level2.mp4
1743,pink_room,INTRA-DISTORTION,pink_room_reference.mp4,/home/jv495/Datasets/GAIM240/pink_room_reference.mp4,pink_room_judder_level1.mp4,judder,level1,/home/jv495/Datasets/GAIM240/pink_room_judder_level1.mp4,pink_room_judder_level2.mp4,judder,level2,/home/jv495/Datasets/GAIM240/pink_room_judder_level2.mp4
1744,pink_room,INTER-DISTORTION,pink_room_reference.mp4,/home/jv495/Datasets/GAIM240/pink_room_reference.mp4,pink_room_judder_level1.mp4,judder,level1,/home/jv495/Datasets/GAIM240/pink_room_judder_level1.mp4,pink_room_motion_noise_level0.mp4,motion_noise,level0,/home/jv495/Datasets/GAIM240/pink_room_motion_noise_level0.mp4
1745,pink_room,INTER-DISTORTION,pink_room_reference.mp4,/home/jv495/Datasets/GAIM240/pink_room_reference.mp4,pink_room_judder_level1.mp4,judder,level1,/home/jv495/Datasets/GAIM240/pink_room_judder_level1.mp4,pink_room_motion_noise_level1.mp4,motion_noise,level1,/home/jv495/Datasets/GAIM240/pink_room_motion_noise_level1.mp4
1746,pink_room,INTER-DISTORTION,pink_room_reference.mp4,/home/jv495/Datasets/GAIM240/pink_room_reference.mp4,pink_room_judder_level1.mp4,judder,level1,/home/jv495/Datasets/GAIM240/pink_room_judder_level1.mp4,pink_room_motion_noise_level2.mp4,motion_noise,level2,/home/jv495/Datasets/GAIM240/pink_room_motion_noise_level2.mp4
1747,pink_room,INTER-DISTORTION,pink_room_reference.mp4,/home/jv495/Datasets/GAIM240/pink_room_reference.mp4,pink_room_judder_level1.mp4,judder,level1,/home/jv495/Datasets/GAIM240/pink_room_judder_level1.mp4,pink_room_motion_resolution_level0.mp4,motion_resolution,level0,/home/jv495/Datasets/GAIM240/pink_room_motion_resolution_level0.mp4
1748,pink_room,INTER-DISTORTION,pink_room_reference.mp4,/home/jv495/Datasets/GAIM240/pink_room_reference.mp4,pink_room_judder_level1.mp4,judder,level1,/home/jv495/Datasets/GAIM240/pink_room_judder_level1.mp4,pink_room_motion_resolution_level1.mp4,motion_resolution,level1,/home/jv495/Datasets/GAIM240/pink_room_motion_resolution_level1.mp4
1749,pink_room,INTER-DISTORTION,pink_room_reference.mp4,/home/jv495/Datasets/GAIM240/pink_room_reference.mp4,pink_room_judder_level1.mp4,judder,level1,/home/jv495/Datasets/GAIM240/pink_room_judder_level1.mp4,pink_room_motion_resolution_level2.mp4,motion_resolution,level2,/home/jv495/Datasets/GAIM240/pink_room_motion_resolution_level2.mp4
1750,pink_room,INTER-DISTORTION,pink_room_reference.mp4,/home/jv495/Datasets/GAIM240/pink_room_reference.mp4,pink_room_judder_level1.mp4,judder,level1,/home/jv495/Datasets/GAIM240/pink_room_judder_level1.mp4,pink_room_noise_colors_level0.mp4,noise_colors,level0,/home/jv495/Datasets/GAIM240/pink_room_noise_colors_level0.mp4
1751,pink_room,INTER-DISTORTION,pink_room_reference.mp4,/home/jv495/Datasets/GAIM240/pink_room_reference.mp4,pink_room_judder_level1.mp4,judder,level1,/home/jv495/Datasets/GAIM240/pink_room_judder_level1.mp4,pink_room_noise_colors_level1.mp4,noise_colors,level1,/home/jv495/Datasets/GAIM240/pink_room_noise_colors_level1.mp4
1752,pink_room,INTER-DISTORTION,pink_room_reference.mp4,/home/jv495/Datasets/GAIM240/pink_room_reference.mp4,pink_room_judder_level1.mp4,judder,level1,/home/jv495/Datasets/GAIM240/pink_room_judder_level1.mp4,pink_room_noise_colors_level2.mp4,noise_colors,level2,/home/jv495/Datasets/GAIM240/pink_room_noise_colors_level2.mp4
1753,pink_room,INTER-DISTORTION,pink_room_reference.mp4,/home/jv495/Datasets/GAIM240/pink_room_reference.mp4,pink_room_judder_level1.mp4,judder,level1,/home/jv495/Datasets/GAIM240/pink_room_judder_level1.mp4,pink_room_restir_level0.mp4,restir,level0,/home/jv495/Datasets/GAIM240/pink_room_restir_level0.mp4
1754,pink_room,INTER-DISTORTION,pink_room_reference.mp4,/home/jv495/Datasets/GAIM240/pink_room_reference.mp4,pink_room_judder_level1.mp4,judder,level1,/home/jv495/Datasets/GAIM240/pink_room_judder_level1.mp4,pink_room_restir_level1.mp4,restir,level1,/home/jv495/Datasets/GAIM240/pink_room_restir_level1.mp4
1755,pink_room,INTER-DISTORTION,pink_room_reference.mp4,/home/jv495/Datasets/GAIM240/pink_room_reference.mp4,pink_room_judder_level1.mp4,judder,level1,/home/jv495/Datasets/GAIM240/pink_room_judder_level1.mp4,pink_room_restir_level2.mp4,restir,level2,/home/jv495/Datasets/GAIM240/pink_room_restir_level2.mp4
1756,pink_room,INTER-DISTORTION,pink_room_reference.mp4,/home/jv495/Datasets/GAIM240/pink_room_reference.mp4,pink_room_judder_level1.mp4,judder,level1,/home/jv495/Datasets/GAIM240/pink_room_judder_level1.mp4,pink_room_stutter_level0.mp4,stutter,level0,/home/jv495/Datasets/GAIM240/pink_room_stutter_level0.mp4
1757,pink_room,INTER-DISTORTION,pink_room_reference.mp4,/home/jv495/Datasets/GAIM240/pink_room_reference.mp4,pink_room_judder_level1.mp4,judder,level1,/home/jv495/Datasets/GAIM240/pink_room_judder_level1.mp4,pink_room_stutter_level1.mp4,stutter,level1,/home/jv495/Datasets/GAIM240/pink_room_stutter_level1.mp4
1758,pink_room,INTER-DISTORTION,pink_room_reference.mp4,/home/jv495/Datasets/GAIM240/pink_room_reference.mp4,pink_room_judder_level1.mp4,judder,level1,/home/jv495/Datasets/GAIM240/pink_room_judder_level1.mp4,pink_room_stutter_level2.mp4,stutter,level2,/home/jv495/Datasets/GAIM240/pink_room_stutter_level2.mp4
1759,pink_room,INTER-DISTORTION,pink_room_reference.mp4,/home/jv495/Datasets/GAIM240/pink_room_reference.mp4,pink_room_judder_level1.mp4,judder,level1,/home/jv495/Datasets/GAIM240/pink_room_judder_level1.mp4,pink_room_temporal-resolution-multiplexing_level0.mp4,temporal-resolution-multiplexing,level0,/home/jv495/Datasets/GAIM240/pink_room_temporal-resolution-multiplexing_level0.mp4
1760,pink_room,INTER-DISTORTION,pink_room_reference.mp4,/home/jv495/Datasets/GAIM240/pink_room_reference.mp4,pink_room_judder_level1.mp4,judder,level1,/home/jv495/Datasets/GAIM240/pink_room_judder_level1.mp4,pink_room_temporal-resolution-multiplexing_level1.mp4,temporal-resolution-multiplexing,level1,/home/jv495/Datasets/GAIM240/pink_room_temporal-resolution-multiplexing_level1.mp4
1761,pink_room,INTER-DISTORTION,pink_room_reference.mp4,/home/jv495/Datasets/GAIM240/pink_room_reference.mp4,pink_room_judder_level1.mp4,judder,level1,/home/jv495/Datasets/GAIM240/pink_room_judder_level1.mp4,pink_room_temporal-resolution-multiplexing_level2.mp4,temporal-resolution-multiplexing,level2,/home/jv495/Datasets/GAIM240/pink_room_temporal-resolution-multiplexing_level2.mp4
1762,pink_room,INTER-DISTORTION,pink_room_reference.mp4,/home/jv495/Datasets/GAIM240/pink_room_reference.mp4,pink_room_judder_level2.mp4,judder,level2,/home/jv495/Datasets/GAIM240/pink_room_judder_level2.mp4,pink_room_motion_noise_level0.mp4,motion_noise,level0,/home/jv495/Datasets/GAIM240/pink_room_motion_noise_level0.mp4
1763,pink_room,INTER-DISTORTION,pink_room_reference.mp4,/home/jv495/Datasets/GAIM240/pink_room_reference.mp4,pink_room_judder_level2.mp4,judder,level2,/home/jv495/Datasets/GAIM240/pink_room_judder_level2.mp4,pink_room_motion_noise_level1.mp4,motion_noise,level1,/home/jv495/Datasets/GAIM240/pink_room_motion_noise_level1.mp4
1764,pink_room,INTER-DISTORTION,pink_room_reference.mp4,/home/jv495/Datasets/GAIM240/pink_room_reference.mp4,pink_room_judder_level2.mp4,judder,level2,/home/jv495/Datasets/GAIM240/pink_room_judder_level2.mp4,pink_room_motion_noise_level2.mp4,motion_noise,level2,/home/jv495/Datasets/GAIM240/pink_room_motion_noise_level2.mp4
1765,pink_room,INTER-DISTORTION,pink_room_reference.mp4,/home/jv495/Datasets/GAIM240/pink_room_reference.mp4,pink_room_judder_level2.mp4,judder,level2,/home/jv495/Datasets/GAIM240/pink_room_judder_level2.mp4,pink_room_motion_resolution_level0.mp4,motion_resolution,level0,/home/jv495/Datasets/GAIM240/pink_room_motion_resolution_level0.mp4
1766,pink_room,INTER-DISTORTION,pink_room_reference.mp4,/home/jv495/Datasets/GAIM240/pink_room_reference.mp4,pink_room_judder_level2.mp4,judder,level2,/home/jv495/Datasets/GAIM240/pink_room_judder_level2.mp4,pink_room_motion_resolution_level1.mp4,motion_resolution,level1,/home/jv495/Datasets/GAIM240/pink_room_motion_resolution_level1.mp4
1767,pink_room,INTER-DISTORTION,pink_room_reference.mp4,/home/jv495/Datasets/GAIM240/pink_room_reference.mp4,pink_room_judder_level2.mp4,judder,level2,/home/jv495/Datasets/GAIM240/pink_room_judder_level2.mp4,pink_room_motion_resolution_level2.mp4,motion_resolution,level2,/home/jv495/Datasets/GAIM240/pink_room_motion_resolution_level2.mp4
1768,pink_room,INTER-DISTORTION,pink_room_reference.mp4,/home/jv495/Datasets/GAIM240/pink_room_reference.mp4,pink_room_judder_level2.mp4,judder,level2,/home/jv495/Datasets/GAIM240/pink_room_judder_level2.mp4,pink_room_noise_colors_level0.mp4,noise_colors,level0,/home/jv495/Datasets/GAIM240/pink_room_noise_colors_level0.mp4
1769,pink_room,INTER-DISTORTION,pink_room_reference.mp4,/home/jv495/Datasets/GAIM240/pink_room_reference.mp4,pink_room_judder_level2.mp4,judder,level2,/home/jv495/Datasets/GAIM240/pink_room_judder_level2.mp4,pink_room_noise_colors_level1.mp4,noise_colors,level1,/home/jv495/Datasets/GAIM240/pink_room_noise_colors_level1.mp4
1770,pink_room,INTER-DISTORTION,pink_room_reference.mp4,/home/jv495/Datasets/GAIM240/pink_room_reference.mp4,pink_room_judder_level2.mp4,judder,level2,/home/jv495/Datasets/GAIM240/pink_room_judder_level2.mp4,pink_room_noise_colors_level2.mp4,noise_colors,level2,/home/jv495/Datasets/GAIM240/pink_room_noise_colors_level2.mp4
1771,pink_room,INTER-DISTORTION,pink_room_reference.mp4,/home/jv495/Datasets/GAIM240/pink_room_reference.mp4,pink_room_judder_level2.mp4,judder,level2,/home/jv495/Datasets/GAIM240/pink_room_judder_level2.mp4,pink_room_restir_level0.mp4,restir,level0,/home/jv495/Datasets/GAIM240/pink_room_restir_level0.mp4
1772,pink_room,INTER-DISTORTION,pink_room_reference.mp4,/home/jv495/Datasets/GAIM240/pink_room_reference.mp4,pink_room_judder_level2.mp4,judder,level2,/home/jv495/Datasets/GAIM240/pink_room_judder_level2.mp4,pink_room_restir_level1.mp4,restir,level1,/home/jv495/Datasets/GAIM240/pink_room_restir_level1.mp4
1773,pink_room,INTER-DISTORTION,pink_room_reference.mp4,/home/jv495/Datasets/GAIM240/pink_room_reference.mp4,pink_room_judder_level2.mp4,judder,level2,/home/jv495/Datasets/GAIM240/pink_room_judder_level2.mp4,pink_room_restir_level2.mp4,restir,level2,/home/jv495/Datasets/GAIM240/pink_room_restir_level2.mp4
1774,pink_room,INTER-DISTORTION,pink_room_reference.mp4,/home/jv495/Datasets/GAIM240/pink_room_reference.mp4,pink_room_judder_level2.mp4,judder,level2,/home/jv495/Datasets/GAIM240/pink_room_judder_level2.mp4,pink_room_stutter_level0.mp4,stutter,level0,/home/jv495/Datasets/GAIM240/pink_room_stutter_level0.mp4
1775,pink_room,INTER-DISTORTION,pink_room_reference.mp4,/home/jv495/Datasets/GAIM240/pink_room_reference.mp4,pink_room_judder_level2.mp4,judder,level2,/home/jv495/Datasets/GAIM240/pink_room_judder_level2.mp4,pink_room_stutter_level1.mp4,stutter,level1,/home/jv495/Datasets/GAIM240/pink_room_stutter_level1.mp4
1776,pink_room,INTER-DISTORTION,pink_room_reference.mp4,/home/jv495/Datasets/GAIM240/pink_room_reference.mp4,pink_room_judder_level2.mp4,judder,level2,/home/jv495/Datasets/GAIM240/pink_room_judder_level2.mp4,pink_room_stutter_level2.mp4,stutter,level2,/home/jv495/Datasets/GAIM240/pink_room_stutter_level2.mp4
1777,pink_room,INTER-DISTORTION,pink_room_reference.mp4,/home/jv495/Datasets/GAIM240/pink_room_reference.mp4,pink_room_judder_level2.mp4,judder,level2,/home/jv495/Datasets/GAIM240/pink_room_judder_level2.mp4,pink_room_temporal-resolution-multiplexing_level0.mp4,temporal-resolution-multiplexing,level0,/home/jv495/Datasets/GAIM240/pink_room_temporal-resolution-multiplexing_level0.mp4
1778,pink_room,INTER-DISTORTION,pink_room_reference.mp4,/home/jv495/Datasets/GAIM240/pink_room_reference.mp4,pink_room_judder_level2.mp4,judder,level2,/home/jv495/Datasets/GAIM240/pink_room_judder_level2.mp4,pink_room_temporal-resolution-multiplexing_level1.mp4,temporal-resolution-multiplexing,level1,/home/jv495/Datasets/GAIM240/pink_room_temporal-resolution-multiplexing_level1.mp4
1779,pink_room,INTER-DISTORTION,pink_room_reference.mp4,/home/jv495/Datasets/GAIM240/pink_room_reference.mp4,pink_room_judder_level2.mp4,judder,level2,/home/jv495/Datasets/GAIM240/pink_room_judder_level2.mp4,pink_room_temporal-resolution-multiplexing_level2.mp4,temporal-resolution-multiplexing,level2,/home/jv495/Datasets/GAIM240/pink_room_temporal-resolution-multiplexing_level2.mp4
1780,pink_room,INTRA-DISTORTION,pink_room_reference.mp4,/home/jv495/Datasets/GAIM240/pink_room_reference.mp4,pink_room_motion_noise_level0.mp4,motion_noise,level0,/home/jv495/Datasets/GAIM240/pink_room_motion_noise_level0.mp4,pink_room_motion_noise_level1.mp4,motion_noise,level1,/home/jv495/Datasets/GAIM240/pink_room_motion_noise_level1.mp4
1781,pink_room,INTRA-DISTORTION,pink_room_reference.mp4,/home/jv495/Datasets/GAIM240/pink_room_reference.mp4,pink_room_motion_noise_level0.mp4,motion_noise,level0,/home/jv495/Datasets/GAIM240/pink_room_motion_noise_level0.mp4,pink_room_motion_noise_level2.mp4,motion_noise,level2,/home/jv495/Datasets/GAIM240/pink_room_motion_noise_level2.mp4
1782,pink_room,INTER-DISTORTION,pink_room_reference.mp4,/home/jv495/Datasets/GAIM240/pink_room_reference.mp4,pink_room_motion_noise_level0.mp4,motion_noise,level0,/home/jv495/Datasets/GAIM240/pink_room_motion_noise_level0.mp4,pink_room_motion_resolution_level0.mp4,motion_resolution,level0,/home/jv495/Datasets/GAIM240/pink_room_motion_resolution_level0.mp4
1783,pink_room,INTER-DISTORTION,pink_room_reference.mp4,/home/jv495/Datasets/GAIM240/pink_room_reference.mp4,pink_room_motion_noise_level0.mp4,motion_noise,level0,/home/jv495/Datasets/GAIM240/pink_room_motion_noise_level0.mp4,pink_room_motion_resolution_level1.mp4,motion_resolution,level1,/home/jv495/Datasets/GAIM240/pink_room_motion_resolution_level1.mp4
1784,pink_room,INTER-DISTORTION,pink_room_reference.mp4,/home/jv495/Datasets/GAIM240/pink_room_reference.mp4,pink_room_motion_noise_level0.mp4,motion_noise,level0,/home/jv495/Datasets/GAIM240/pink_room_motion_noise_level0.mp4,pink_room_motion_resolution_level2.mp4,motion_resolution,level2,/home/jv495/Datasets/GAIM240/pink_room_motion_resolution_level2.mp4
1785,pink_room,INTER-DISTORTION,pink_room_reference.mp4,/home/jv495/Datasets/GAIM240/pink_room_reference.mp4,pink_room_motion_noise_level0.mp4,motion_noise,level0,/home/jv495/Datasets/GAIM240/pink_room_motion_noise_level0.mp4,pink_room_noise_colors_level0.mp4,noise_colors,level0,/home/jv495/Datasets/GAIM240/pink_room_noise_colors_level0.mp4
1786,pink_room,INTER-DISTORTION,pink_room_reference.mp4,/home/jv495/Datasets/GAIM240/pink_room_reference.mp4,pink_room_motion_noise_level0.mp4,motion_noise,level0,/home/jv495/Datasets/GAIM240/pink_room_motion_noise_level0.mp4,pink_room_noise_colors_level1.mp4,noise_colors,level1,/home/jv495/Datasets/GAIM240/pink_room_noise_colors_level1.mp4
1787,pink_room,INTER-DISTORTION,pink_room_reference.mp4,/home/jv495/Datasets/GAIM240/pink_room_reference.mp4,pink_room_motion_noise_level0.mp4,motion_noise,level0,/home/jv495/Datasets/GAIM240/pink_room_motion_noise_level0.mp4,pink_room_noise_colors_level2.mp4,noise_colors,level2,/home/jv495/Datasets/GAIM240/pink_room_noise_colors_level2.mp4
1788,pink_room,INTER-DISTORTION,pink_room_reference.mp4,/home/jv495/Datasets/GAIM240/pink_room_reference.mp4,pink_room_motion_noise_level0.mp4,motion_noise,level0,/home/jv495/Datasets/GAIM240/pink_room_motion_noise_level0.mp4,pink_room_restir_level0.mp4,restir,level0,/home/jv495/Datasets/GAIM240/pink_room_restir_level0.mp4
1789,pink_room,INTER-DISTORTION,pink_room_reference.mp4,/home/jv495/Datasets/GAIM240/pink_room_reference.mp4,pink_room_motion_noise_level0.mp4,motion_noise,level0,/home/jv495/Datasets/GAIM240/pink_room_motion_noise_level0.mp4,pink_room_restir_level1.mp4,restir,level1,/home/jv495/Datasets/GAIM240/pink_room_restir_level1.mp4
1790,pink_room,INTER-DISTORTION,pink_room_reference.mp4,/home/jv495/Datasets/GAIM240/pink_room_reference.mp4,pink_room_motion_noise_level0.mp4,motion_noise,level0,/home/jv495/Datasets/GAIM240/pink_room_motion_noise_level0.mp4,pink_room_restir_level2.mp4,restir,level2,/home/jv495/Datasets/GAIM240/pink_room_restir_level2.mp4
1791,pink_room,INTER-DISTORTION,pink_room_reference.mp4,/home/jv495/Datasets/GAIM240/pink_room_reference.mp4,pink_room_motion_noise_level0.mp4,motion_noise,level0,/home/jv495/Datasets/GAIM240/pink_room_motion_noise_level0.mp4,pink_room_stutter_level0.mp4,stutter,level0,/home/jv495/Datasets/GAIM240/pink_room_stutter_level0.mp4
1792,pink_room,INTER-DISTORTION,pink_room_reference.mp4,/home/jv495/Datasets/GAIM240/pink_room_reference.mp4,pink_room_motion_noise_level0.mp4,motion_noise,level0,/home/jv495/Datasets/GAIM240/pink_room_motion_noise_level0.mp4,pink_room_stutter_level1.mp4,stutter,level1,/home/jv495/Datasets/GAIM240/pink_room_stutter_level1.mp4
1793,pink_room,INTER-DISTORTION,pink_room_reference.mp4,/home/jv495/Datasets/GAIM240/pink_room_reference.mp4,pink_room_motion_noise_level0.mp4,motion_noise,level0,/home/jv495/Datasets/GAIM240/pink_room_motion_noise_level0.mp4,pink_room_stutter_level2.mp4,stutter,level2,/home/jv495/Datasets/GAIM240/pink_room_stutter_level2.mp4
1794,pink_room,INTER-DISTORTION,pink_room_reference.mp4,/home/jv495/Datasets/GAIM240/pink_room_reference.mp4,pink_room_motion_noise_level0.mp4,motion_noise,level0,/home/jv495/Datasets/GAIM240/pink_room_motion_noise_level0.mp4,pink_room_temporal-resolution-multiplexing_level0.mp4,temporal-resolution-multiplexing,level0,/home/jv495/Datasets/GAIM240/pink_room_temporal-resolution-multiplexing_level0.mp4
1795,pink_room,INTER-DISTORTION,pink_room_reference.mp4,/home/jv495/Datasets/GAIM240/pink_room_reference.mp4,pink_room_motion_noise_level0.mp4,motion_noise,level0,/home/jv495/Datasets/GAIM240/pink_room_motion_noise_level0.mp4,pink_room_temporal-resolution-multiplexing_level1.mp4,temporal-resolution-multiplexing,level1,/home/jv495/Datasets/GAIM240/pink_room_temporal-resolution-multiplexing_level1.mp4
1796,pink_room,INTER-DISTORTION,pink_room_reference.mp4,/home/jv495/Datasets/GAIM240/pink_room_reference.mp4,pink_room_motion_noise_level0.mp4,motion_noise,level0,/home/jv495/Datasets/GAIM240/pink_room_motion_noise_level0.mp4,pink_room_temporal-resolution-multiplexing_level2.mp4,temporal-resolution-multiplexing,level2,/home/jv495/Datasets/GAIM240/pink_room_temporal-resolution-multiplexing_level2.mp4
1797,pink_room,INTRA-DISTORTION,pink_room_reference.mp4,/home/jv495/Datasets/GAIM240/pink_room_reference.mp4,pink_room_motion_noise_level1.mp4,motion_noise,level1,/home/jv495/Datasets/GAIM240/pink_room_motion_noise_level1.mp4,pink_room_motion_noise_level2.mp4,motion_noise,level2,/home/jv495/Datasets/GAIM240/pink_room_motion_noise_level2.mp4
1798,pink_room,INTER-DISTORTION,pink_room_reference.mp4,/home/jv495/Datasets/GAIM240/pink_room_reference.mp4,pink_room_motion_noise_level1.mp4,motion_noise,level1,/home/jv495/Datasets/GAIM240/pink_room_motion_noise_level1.mp4,pink_room_motion_resolution_level0.mp4,motion_resolution,level0,/home/jv495/Datasets/GAIM240/pink_room_motion_resolution_level0.mp4
1799,pink_room,INTER-DISTORTION,pink_room_reference.mp4,/home/jv495/Datasets/GAIM240/pink_room_reference.mp4,pink_room_motion_noise_level1.mp4,motion_noise,level1,/home/jv495/Datasets/GAIM240/pink_room_motion_noise_level1.mp4,pink_room_motion_resolution_level1.mp4,motion_resolution,level1,/home/jv495/Datasets/GAIM240/pink_room_motion_resolution_level1.mp4
1800,pink_room,INTER-DISTORTION,pink_room_reference.mp4,/home/jv495/Datasets/GAIM240/pink_room_reference.mp4,pink_room_motion_noise_level1.mp4,motion_noise,level1,/home/jv495/Datasets/GAIM240/pink_room_motion_noise_level1.mp4,pink_room_motion_resolution_level2.mp4,motion_resolution,level2,/home/jv495/Datasets/GAIM240/pink_room_motion_resolution_level2.mp4
1801,pink_room,INTER-DISTORTION,pink_room_reference.mp4,/home/jv495/Datasets/GAIM240/pink_room_reference.mp4,pink_room_motion_noise_level1.mp4,motion_noise,level1,/home/jv495/Datasets/GAIM240/pink_room_motion_noise_level1.mp4,pink_room_noise_colors_level0.mp4,noise_colors,level0,/home/jv495/Datasets/GAIM240/pink_room_noise_colors_level0.mp4
1802,pink_room,INTER-DISTORTION,pink_room_reference.mp4,/home/jv495/Datasets/GAIM240/pink_room_reference.mp4,pink_room_motion_noise_level1.mp4,motion_noise,level1,/home/jv495/Datasets/GAIM240/pink_room_motion_noise_level1.mp4,pink_room_noise_colors_level1.mp4,noise_colors,level1,/home/jv495/Datasets/GAIM240/pink_room_noise_colors_level1.mp4
1803,pink_room,INTER-DISTORTION,pink_room_reference.mp4,/home/jv495/Datasets/GAIM240/pink_room_reference.mp4,pink_room_motion_noise_level1.mp4,motion_noise,level1,/home/jv495/Datasets/GAIM240/pink_room_motion_noise_level1.mp4,pink_room_noise_colors_level2.mp4,noise_colors,level2,/home/jv495/Datasets/GAIM240/pink_room_noise_colors_level2.mp4
1804,pink_room,INTER-DISTORTION,pink_room_reference.mp4,/home/jv495/Datasets/GAIM240/pink_room_reference.mp4,pink_room_motion_noise_level1.mp4,motion_noise,level1,/home/jv495/Datasets/GAIM240/pink_room_motion_noise_level1.mp4,pink_room_restir_level0.mp4,restir,level0,/home/jv495/Datasets/GAIM240/pink_room_restir_level0.mp4
1805,pink_room,INTER-DISTORTION,pink_room_reference.mp4,/home/jv495/Datasets/GAIM240/pink_room_reference.mp4,pink_room_motion_noise_level1.mp4,motion_noise,level1,/home/jv495/Datasets/GAIM240/pink_room_motion_noise_level1.mp4,pink_room_restir_level1.mp4,restir,level1,/home/jv495/Datasets/GAIM240/pink_room_restir_level1.mp4
1806,pink_room,INTER-DISTORTION,pink_room_reference.mp4,/home/jv495/Datasets/GAIM240/pink_room_reference.mp4,pink_room_motion_noise_level1.mp4,motion_noise,level1,/home/jv495/Datasets/GAIM240/pink_room_motion_noise_level1.mp4,pink_room_restir_level2.mp4,restir,level2,/home/jv495/Datasets/GAIM240/pink_room_restir_level2.mp4
1807,pink_room,INTER-DISTORTION,pink_room_reference.mp4,/home/jv495/Datasets/GAIM240/pink_room_reference.mp4,pink_room_motion_noise_level1.mp4,motion_noise,level1,/home/jv495/Datasets/GAIM240/pink_room_motion_noise_level1.mp4,pink_room_stutter_level0.mp4,stutter,level0,/home/jv495/Datasets/GAIM240/pink_room_stutter_level0.mp4
1808,pink_room,INTER-DISTORTION,pink_room_reference.mp4,/home/jv495/Datasets/GAIM240/pink_room_reference.mp4,pink_room_motion_noise_level1.mp4,motion_noise,level1,/home/jv495/Datasets/GAIM240/pink_room_motion_noise_level1.mp4,pink_room_stutter_level1.mp4,stutter,level1,/home/jv495/Datasets/GAIM240/pink_room_stutter_level1.mp4
1809,pink_room,INTER-DISTORTION,pink_room_reference.mp4,/home/jv495/Datasets/GAIM240/pink_room_reference.mp4,pink_room_motion_noise_level1.mp4,motion_noise,level1,/home/jv495/Datasets/GAIM240/pink_room_motion_noise_level1.mp4,pink_room_stutter_level2.mp4,stutter,level2,/home/jv495/Datasets/GAIM240/pink_room_stutter_level2.mp4
1810,pink_room,INTER-DISTORTION,pink_room_reference.mp4,/home/jv495/Datasets/GAIM240/pink_room_reference.mp4,pink_room_motion_noise_level1.mp4,motion_noise,level1,/home/jv495/Datasets/GAIM240/pink_room_motion_noise_level1.mp4,pink_room_temporal-resolution-multiplexing_level0.mp4,temporal-resolution-multiplexing,level0,/home/jv495/Datasets/GAIM240/pink_room_temporal-resolution-multiplexing_level0.mp4
1811,pink_room,INTER-DISTORTION,pink_room_reference.mp4,/home/jv495/Datasets/GAIM240/pink_room_reference.mp4,pink_room_motion_noise_level1.mp4,motion_noise,level1,/home/jv495/Datasets/GAIM240/pink_room_motion_noise_level1.mp4,pink_room_temporal-resolution-multiplexing_level1.mp4,temporal-resolution-multiplexing,level1,/home/jv495/Datasets/GAIM240/pink_room_temporal-resolution-multiplexing_level1.mp4
1812,pink_room,INTER-DISTORTION,pink_room_reference.mp4,/home/jv495/Datasets/GAIM240/pink_room_reference.mp4,pink_room_motion_noise_level1.mp4,motion_noise,level1,/home/jv495/Datasets/GAIM240/pink_room_motion_noise_level1.mp4,pink_room_temporal-resolution-multiplexing_level2.mp4,temporal-resolution-multiplexing,level2,/home/jv495/Datasets/GAIM240/pink_room_temporal-resolution-multiplexing_level2.mp4
1813,pink_room,INTER-DISTORTION,pink_room_reference.mp4,/home/jv495/Datasets/GAIM240/pink_room_reference.mp4,pink_room_motion_noise_level2.mp4,motion_noise,level2,/home/jv495/Datasets/GAIM240/pink_room_motion_noise_level2.mp4,pink_room_motion_resolution_level0.mp4,motion_resolution,level0,/home/jv495/Datasets/GAIM240/pink_room_motion_resolution_level0.mp4
1814,pink_room,INTER-DISTORTION,pink_room_reference.mp4,/home/jv495/Datasets/GAIM240/pink_room_reference.mp4,pink_room_motion_noise_level2.mp4,motion_noise,level2,/home/jv495/Datasets/GAIM240/pink_room_motion_noise_level2.mp4,pink_room_motion_resolution_level1.mp4,motion_resolution,level1,/home/jv495/Datasets/GAIM240/pink_room_motion_resolution_level1.mp4
1815,pink_room,INTER-DISTORTION,pink_room_reference.mp4,/home/jv495/Datasets/GAIM240/pink_room_reference.mp4,pink_room_motion_noise_level2.mp4,motion_noise,level2,/home/jv495/Datasets/GAIM240/pink_room_motion_noise_level2.mp4,pink_room_motion_resolution_level2.mp4,motion_resolution,level2,/home/jv495/Datasets/GAIM240/pink_room_motion_resolution_level2.mp4
1816,pink_room,INTER-DISTORTION,pink_room_reference.mp4,/home/jv495/Datasets/GAIM240/pink_room_reference.mp4,pink_room_motion_noise_level2.mp4,motion_noise,level2,/home/jv495/Datasets/GAIM240/pink_room_motion_noise_level2.mp4,pink_room_noise_colors_level0.mp4,noise_colors,level0,/home/jv495/Datasets/GAIM240/pink_room_noise_colors_level0.mp4
1817,pink_room,INTER-DISTORTION,pink_room_reference.mp4,/home/jv495/Datasets/GAIM240/pink_room_reference.mp4,pink_room_motion_noise_level2.mp4,motion_noise,level2,/home/jv495/Datasets/GAIM240/pink_room_motion_noise_level2.mp4,pink_room_noise_colors_level1.mp4,noise_colors,level1,/home/jv495/Datasets/GAIM240/pink_room_noise_colors_level1.mp4
1818,pink_room,INTER-DISTORTION,pink_room_reference.mp4,/home/jv495/Datasets/GAIM240/pink_room_reference.mp4,pink_room_motion_noise_level2.mp4,motion_noise,level2,/home/jv495/Datasets/GAIM240/pink_room_motion_noise_level2.mp4,pink_room_noise_colors_level2.mp4,noise_colors,level2,/home/jv495/Datasets/GAIM240/pink_room_noise_colors_level2.mp4
1819,pink_room,INTER-DISTORTION,pink_room_reference.mp4,/home/jv495/Datasets/GAIM240/pink_room_reference.mp4,pink_room_motion_noise_level2.mp4,motion_noise,level2,/home/jv495/Datasets/GAIM240/pink_room_motion_noise_level2.mp4,pink_room_restir_level0.mp4,restir,level0,/home/jv495/Datasets/GAIM240/pink_room_restir_level0.mp4
1820,pink_room,INTER-DISTORTION,pink_room_reference.mp4,/home/jv495/Datasets/GAIM240/pink_room_reference.mp4,pink_room_motion_noise_level2.mp4,motion_noise,level2,/home/jv495/Datasets/GAIM240/pink_room_motion_noise_level2.mp4,pink_room_restir_level1.mp4,restir,level1,/home/jv495/Datasets/GAIM240/pink_room_restir_level1.mp4
1821,pink_room,INTER-DISTORTION,pink_room_reference.mp4,/home/jv495/Datasets/GAIM240/pink_room_reference.mp4,pink_room_motion_noise_level2.mp4,motion_noise,level2,/home/jv495/Datasets/GAIM240/pink_room_motion_noise_level2.mp4,pink_room_restir_level2.mp4,restir,level2,/home/jv495/Datasets/GAIM240/pink_room_restir_level2.mp4
1822,pink_room,INTER-DISTORTION,pink_room_reference.mp4,/home/jv495/Datasets/GAIM240/pink_room_reference.mp4,pink_room_motion_noise_level2.mp4,motion_noise,level2,/home/jv495/Datasets/GAIM240/pink_room_motion_noise_level2.mp4,pink_room_stutter_level0.mp4,stutter,level0,/home/jv495/Datasets/GAIM240/pink_room_stutter_level0.mp4
1823,pink_room,INTER-DISTORTION,pink_room_reference.mp4,/home/jv495/Datasets/GAIM240/pink_room_reference.mp4,pink_room_motion_noise_level2.mp4,motion_noise,level2,/home/jv495/Datasets/GAIM240/pink_room_motion_noise_level2.mp4,pink_room_stutter_level1.mp4,stutter,level1,/home/jv495/Datasets/GAIM240/pink_room_stutter_level1.mp4
1824,pink_room,INTER-DISTORTION,pink_room_reference.mp4,/home/jv495/Datasets/GAIM240/pink_room_reference.mp4,pink_room_motion_noise_level2.mp4,motion_noise,level2,/home/jv495/Datasets/GAIM240/pink_room_motion_noise_level2.mp4,pink_room_stutter_level2.mp4,stutter,level2,/home/jv495/Datasets/GAIM240/pink_room_stutter_level2.mp4
1825,pink_room,INTER-DISTORTION,pink_room_reference.mp4,/home/jv495/Datasets/GAIM240/pink_room_reference.mp4,pink_room_motion_noise_level2.mp4,motion_noise,level2,/home/jv495/Datasets/GAIM240/pink_room_motion_noise_level2.mp4,pink_room_temporal-resolution-multiplexing_level0.mp4,temporal-resolution-multiplexing,level0,/home/jv495/Datasets/GAIM240/pink_room_temporal-resolution-multiplexing_level0.mp4
1826,pink_room,INTER-DISTORTION,pink_room_reference.mp4,/home/jv495/Datasets/GAIM240/pink_room_reference.mp4,pink_room_motion_noise_level2.mp4,motion_noise,level2,/home/jv495/Datasets/GAIM240/pink_room_motion_noise_level2.mp4,pink_room_temporal-resolution-multiplexing_level1.mp4,temporal-resolution-multiplexing,level1,/home/jv495/Datasets/GAIM240/pink_room_temporal-resolution-multiplexing_level1.mp4
1827,pink_room,INTER-DISTORTION,pink_room_reference.mp4,/home/jv495/Datasets/GAIM240/pink_room_reference.mp4,pink_room_motion_noise_level2.mp4,motion_noise,level2,/home/jv495/Datasets/GAIM240/pink_room_motion_noise_level2.mp4,pink_room_temporal-resolution-multiplexing_level2.mp4,temporal-resolution-multiplexing,level2,/home/jv495/Datasets/GAIM240/pink_room_temporal-resolution-multiplexing_level2.mp4
1828,pink_room,INTRA-DISTORTION,pink_room_reference.mp4,/home/jv495/Datasets/GAIM240/pink_room_reference.mp4,pink_room_motion_resolution_level0.mp4,motion_resolution,level0,/home/jv495/Datasets/GAIM240/pink_room_motion_resolution_level0.mp4,pink_room_motion_resolution_level1.mp4,motion_resolution,level1,/home/jv495/Datasets/GAIM240/pink_room_motion_resolution_level1.mp4
1829,pink_room,INTRA-DISTORTION,pink_room_reference.mp4,/home/jv495/Datasets/GAIM240/pink_room_reference.mp4,pink_room_motion_resolution_level0.mp4,motion_resolution,level0,/home/jv495/Datasets/GAIM240/pink_room_motion_resolution_level0.mp4,pink_room_motion_resolution_level2.mp4,motion_resolution,level2,/home/jv495/Datasets/GAIM240/pink_room_motion_resolution_level2.mp4
1830,pink_room,INTER-DISTORTION,pink_room_reference.mp4,/home/jv495/Datasets/GAIM240/pink_room_reference.mp4,pink_room_motion_resolution_level0.mp4,motion_resolution,level0,/home/jv495/Datasets/GAIM240/pink_room_motion_resolution_level0.mp4,pink_room_noise_colors_level0.mp4,noise_colors,level0,/home/jv495/Datasets/GAIM240/pink_room_noise_colors_level0.mp4
1831,pink_room,INTER-DISTORTION,pink_room_reference.mp4,/home/jv495/Datasets/GAIM240/pink_room_reference.mp4,pink_room_motion_resolution_level0.mp4,motion_resolution,level0,/home/jv495/Datasets/GAIM240/pink_room_motion_resolution_level0.mp4,pink_room_noise_colors_level1.mp4,noise_colors,level1,/home/jv495/Datasets/GAIM240/pink_room_noise_colors_level1.mp4
1832,pink_room,INTER-DISTORTION,pink_room_reference.mp4,/home/jv495/Datasets/GAIM240/pink_room_reference.mp4,pink_room_motion_resolution_level0.mp4,motion_resolution,level0,/home/jv495/Datasets/GAIM240/pink_room_motion_resolution_level0.mp4,pink_room_noise_colors_level2.mp4,noise_colors,level2,/home/jv495/Datasets/GAIM240/pink_room_noise_colors_level2.mp4
1833,pink_room,INTER-DISTORTION,pink_room_reference.mp4,/home/jv495/Datasets/GAIM240/pink_room_reference.mp4,pink_room_motion_resolution_level0.mp4,motion_resolution,level0,/home/jv495/Datasets/GAIM240/pink_room_motion_resolution_level0.mp4,pink_room_restir_level0.mp4,restir,level0,/home/jv495/Datasets/GAIM240/pink_room_restir_level0.mp4
1834,pink_room,INTER-DISTORTION,pink_room_reference.mp4,/home/jv495/Datasets/GAIM240/pink_room_reference.mp4,pink_room_motion_resolution_level0.mp4,motion_resolution,level0,/home/jv495/Datasets/GAIM240/pink_room_motion_resolution_level0.mp4,pink_room_restir_level1.mp4,restir,level1,/home/jv495/Datasets/GAIM240/pink_room_restir_level1.mp4
1835,pink_room,INTER-DISTORTION,pink_room_reference.mp4,/home/jv495/Datasets/GAIM240/pink_room_reference.mp4,pink_room_motion_resolution_level0.mp4,motion_resolution,level0,/home/jv495/Datasets/GAIM240/pink_room_motion_resolution_level0.mp4,pink_room_restir_level2.mp4,restir,level2,/home/jv495/Datasets/GAIM240/pink_room_restir_level2.mp4
1836,pink_room,INTER-DISTORTION,pink_room_reference.mp4,/home/jv495/Datasets/GAIM240/pink_room_reference.mp4,pink_room_motion_resolution_level0.mp4,motion_resolution,level0,/home/jv495/Datasets/GAIM240/pink_room_motion_resolution_level0.mp4,pink_room_stutter_level0.mp4,stutter,level0,/home/jv495/Datasets/GAIM240/pink_room_stutter_level0.mp4
1837,pink_room,INTER-DISTORTION,pink_room_reference.mp4,/home/jv495/Datasets/GAIM240/pink_room_reference.mp4,pink_room_motion_resolution_level0.mp4,motion_resolution,level0,/home/jv495/Datasets/GAIM240/pink_room_motion_resolution_level0.mp4,pink_room_stutter_level1.mp4,stutter,level1,/home/jv495/Datasets/GAIM240/pink_room_stutter_level1.mp4
1838,pink_room,INTER-DISTORTION,pink_room_reference.mp4,/home/jv495/Datasets/GAIM240/pink_room_reference.mp4,pink_room_motion_resolution_level0.mp4,motion_resolution,level0,/home/jv495/Datasets/GAIM240/pink_room_motion_resolution_level0.mp4,pink_room_stutter_level2.mp4,stutter,level2,/home/jv495/Datasets/GAIM240/pink_room_stutter_level2.mp4
1839,pink_room,INTER-DISTORTION,pink_room_reference.mp4,/home/jv495/Datasets/GAIM240/pink_room_reference.mp4,pink_room_motion_resolution_level0.mp4,motion_resolution,level0,/home/jv495/Datasets/GAIM240/pink_room_motion_resolution_level0.mp4,pink_room_temporal-resolution-multiplexing_level0.mp4,temporal-resolution-multiplexing,level0,/home/jv495/Datasets/GAIM240/pink_room_temporal-resolution-multiplexing_level0.mp4
1840,pink_room,INTER-DISTORTION,pink_room_reference.mp4,/home/jv495/Datasets/GAIM240/pink_room_reference.mp4,pink_room_motion_resolution_level0.mp4,motion_resolution,level0,/home/jv495/Datasets/GAIM240/pink_room_motion_resolution_level0.mp4,pink_room_temporal-resolution-multiplexing_level1.mp4,temporal-resolution-multiplexing,level1,/home/jv495/Datasets/GAIM240/pink_room_temporal-resolution-multiplexing_level1.mp4
1841,pink_room,INTER-DISTORTION,pink_room_reference.mp4,/home/jv495/Datasets/GAIM240/pink_room_reference.mp4,pink_room_motion_resolution_level0.mp4,motion_resolution,level0,/home/jv495/Datasets/GAIM240/pink_room_motion_resolution_level0.mp4,pink_room_temporal-resolution-multiplexing_level2.mp4,temporal-resolution-multiplexing,level2,/home/jv495/Datasets/GAIM240/pink_room_temporal-resolution-multiplexing_level2.mp4
1842,pink_room,INTRA-DISTORTION,pink_room_reference.mp4,/home/jv495/Datasets/GAIM240/pink_room_reference.mp4,pink_room_motion_resolution_level1.mp4,motion_resolution,level1,/home/jv495/Datasets/GAIM240/pink_room_motion_resolution_level1.mp4,pink_room_motion_resolution_level2.mp4,motion_resolution,level2,/home/jv495/Datasets/GAIM240/pink_room_motion_resolution_level2.mp4
1843,pink_room,INTER-DISTORTION,pink_room_reference.mp4,/home/jv495/Datasets/GAIM240/pink_room_reference.mp4,pink_room_motion_resolution_level1.mp4,motion_resolution,level1,/home/jv495/Datasets/GAIM240/pink_room_motion_resolution_level1.mp4,pink_room_noise_colors_level0.mp4,noise_colors,level0,/home/jv495/Datasets/GAIM240/pink_room_noise_colors_level0.mp4
1844,pink_room,INTER-DISTORTION,pink_room_reference.mp4,/home/jv495/Datasets/GAIM240/pink_room_reference.mp4,pink_room_motion_resolution_level1.mp4,motion_resolution,level1,/home/jv495/Datasets/GAIM240/pink_room_motion_resolution_level1.mp4,pink_room_noise_colors_level1.mp4,noise_colors,level1,/home/jv495/Datasets/GAIM240/pink_room_noise_colors_level1.mp4
1845,pink_room,INTER-DISTORTION,pink_room_reference.mp4,/home/jv495/Datasets/GAIM240/pink_room_reference.mp4,pink_room_motion_resolution_level1.mp4,motion_resolution,level1,/home/jv495/Datasets/GAIM240/pink_room_motion_resolution_level1.mp4,pink_room_noise_colors_level2.mp4,noise_colors,level2,/home/jv495/Datasets/GAIM240/pink_room_noise_colors_level2.mp4
1846,pink_room,INTER-DISTORTION,pink_room_reference.mp4,/home/jv495/Datasets/GAIM240/pink_room_reference.mp4,pink_room_motion_resolution_level1.mp4,motion_resolution,level1,/home/jv495/Datasets/GAIM240/pink_room_motion_resolution_level1.mp4,pink_room_restir_level0.mp4,restir,level0,/home/jv495/Datasets/GAIM240/pink_room_restir_level0.mp4
1847,pink_room,INTER-DISTORTION,pink_room_reference.mp4,/home/jv495/Datasets/GAIM240/pink_room_reference.mp4,pink_room_motion_resolution_level1.mp4,motion_resolution,level1,/home/jv495/Datasets/GAIM240/pink_room_motion_resolution_level1.mp4,pink_room_restir_level1.mp4,restir,level1,/home/jv495/Datasets/GAIM240/pink_room_restir_level1.mp4
1848,pink_room,INTER-DISTORTION,pink_room_reference.mp4,/home/jv495/Datasets/GAIM240/pink_room_reference.mp4,pink_room_motion_resolution_level1.mp4,motion_resolution,level1,/home/jv495/Datasets/GAIM240/pink_room_motion_resolution_level1.mp4,pink_room_restir_level2.mp4,restir,level2,/home/jv495/Datasets/GAIM240/pink_room_restir_level2.mp4
1849,pink_room,INTER-DISTORTION,pink_room_reference.mp4,/home/jv495/Datasets/GAIM240/pink_room_reference.mp4,pink_room_motion_resolution_level1.mp4,motion_resolution,level1,/home/jv495/Datasets/GAIM240/pink_room_motion_resolution_level1.mp4,pink_room_stutter_level0.mp4,stutter,level0,/home/jv495/Datasets/GAIM240/pink_room_stutter_level0.mp4
1850,pink_room,INTER-DISTORTION,pink_room_reference.mp4,/home/jv495/Datasets/GAIM240/pink_room_reference.mp4,pink_room_motion_resolution_level1.mp4,motion_resolution,level1,/home/jv495/Datasets/GAIM240/pink_room_motion_resolution_level1.mp4,pink_room_stutter_level1.mp4,stutter,level1,/home/jv495/Datasets/GAIM240/pink_room_stutter_level1.mp4
1851,pink_room,INTER-DISTORTION,pink_room_reference.mp4,/home/jv495/Datasets/GAIM240/pink_room_reference.mp4,pink_room_motion_resolution_level1.mp4,motion_resolution,level1,/home/jv495/Datasets/GAIM240/pink_room_motion_resolution_level1.mp4,pink_room_stutter_level2.mp4,stutter,level2,/home/jv495/Datasets/GAIM240/pink_room_stutter_level2.mp4
1852,pink_room,INTER-DISTORTION,pink_room_reference.mp4,/home/jv495/Datasets/GAIM240/pink_room_reference.mp4,pink_room_motion_resolution_level1.mp4,motion_resolution,level1,/home/jv495/Datasets/GAIM240/pink_room_motion_resolution_level1.mp4,pink_room_temporal-resolution-multiplexing_level0.mp4,temporal-resolution-multiplexing,level0,/home/jv495/Datasets/GAIM240/pink_room_temporal-resolution-multiplexing_level0.mp4
1853,pink_room,INTER-DISTORTION,pink_room_reference.mp4,/home/jv495/Datasets/GAIM240/pink_room_reference.mp4,pink_room_motion_resolution_level1.mp4,motion_resolution,level1,/home/jv495/Datasets/GAIM240/pink_room_motion_resolution_level1.mp4,pink_room_temporal-resolution-multiplexing_level1.mp4,temporal-resolution-multiplexing,level1,/home/jv495/Datasets/GAIM240/pink_room_temporal-resolution-multiplexing_level1.mp4
1854,pink_room,INTER-DISTORTION,pink_room_reference.mp4,/home/jv495/Datasets/GAIM240/pink_room_reference.mp4,pink_room_motion_resolution_level1.mp4,motion_resolution,level1,/home/jv495/Datasets/GAIM240/pink_room_motion_resolution_level1.mp4,pink_room_temporal-resolution-multiplexing_level2.mp4,temporal-resolution-multiplexing,level2,/home/jv495/Datasets/GAIM240/pink_room_temporal-resolution-multiplexing_level2.mp4
1855,pink_room,INTER-DISTORTION,pink_room_reference.mp4,/home/jv495/Datasets/GAIM240/pink_room_reference.mp4,pink_room_motion_resolution_level2.mp4,motion_resolution,level2,/home/jv495/Datasets/GAIM240/pink_room_motion_resolution_level2.mp4,pink_room_noise_colors_level0.mp4,noise_colors,level0,/home/jv495/Datasets/GAIM240/pink_room_noise_colors_level0.mp4
1856,pink_room,INTER-DISTORTION,pink_room_reference.mp4,/home/jv495/Datasets/GAIM240/pink_room_reference.mp4,pink_room_motion_resolution_level2.mp4,motion_resolution,level2,/home/jv495/Datasets/GAIM240/pink_room_motion_resolution_level2.mp4,pink_room_noise_colors_level1.mp4,noise_colors,level1,/home/jv495/Datasets/GAIM240/pink_room_noise_colors_level1.mp4
1857,pink_room,INTER-DISTORTION,pink_room_reference.mp4,/home/jv495/Datasets/GAIM240/pink_room_reference.mp4,pink_room_motion_resolution_level2.mp4,motion_resolution,level2,/home/jv495/Datasets/GAIM240/pink_room_motion_resolution_level2.mp4,pink_room_noise_colors_level2.mp4,noise_colors,level2,/home/jv495/Datasets/GAIM240/pink_room_noise_colors_level2.mp4
1858,pink_room,INTER-DISTORTION,pink_room_reference.mp4,/home/jv495/Datasets/GAIM240/pink_room_reference.mp4,pink_room_motion_resolution_level2.mp4,motion_resolution,level2,/home/jv495/Datasets/GAIM240/pink_room_motion_resolution_level2.mp4,pink_room_restir_level0.mp4,restir,level0,/home/jv495/Datasets/GAIM240/pink_room_restir_level0.mp4
1859,pink_room,INTER-DISTORTION,pink_room_reference.mp4,/home/jv495/Datasets/GAIM240/pink_room_reference.mp4,pink_room_motion_resolution_level2.mp4,motion_resolution,level2,/home/jv495/Datasets/GAIM240/pink_room_motion_resolution_level2.mp4,pink_room_restir_level1.mp4,restir,level1,/home/jv495/Datasets/GAIM240/pink_room_restir_level1.mp4
1860,pink_room,INTER-DISTORTION,pink_room_reference.mp4,/home/jv495/Datasets/GAIM240/pink_room_reference.mp4,pink_room_motion_resolution_level2.mp4,motion_resolution,level2,/home/jv495/Datasets/GAIM240/pink_room_motion_resolution_level2.mp4,pink_room_restir_level2.mp4,restir,level2,/home/jv495/Datasets/GAIM240/pink_room_restir_level2.mp4
1861,pink_room,INTER-DISTORTION,pink_room_reference.mp4,/home/jv495/Datasets/GAIM240/pink_room_reference.mp4,pink_room_motion_resolution_level2.mp4,motion_resolution,level2,/home/jv495/Datasets/GAIM240/pink_room_motion_resolution_level2.mp4,pink_room_stutter_level0.mp4,stutter,level0,/home/jv495/Datasets/GAIM240/pink_room_stutter_level0.mp4
1862,pink_room,INTER-DISTORTION,pink_room_reference.mp4,/home/jv495/Datasets/GAIM240/pink_room_reference.mp4,pink_room_motion_resolution_level2.mp4,motion_resolution,level2,/home/jv495/Datasets/GAIM240/pink_room_motion_resolution_level2.mp4,pink_room_stutter_level1.mp4,stutter,level1,/home/jv495/Datasets/GAIM240/pink_room_stutter_level1.mp4
1863,pink_room,INTER-DISTORTION,pink_room_reference.mp4,/home/jv495/Datasets/GAIM240/pink_room_reference.mp4,pink_room_motion_resolution_level2.mp4,motion_resolution,level2,/home/jv495/Datasets/GAIM240/pink_room_motion_resolution_level2.mp4,pink_room_stutter_level2.mp4,stutter,level2,/home/jv495/Datasets/GAIM240/pink_room_stutter_level2.mp4
1864,pink_room,INTER-DISTORTION,pink_room_reference.mp4,/home/jv495/Datasets/GAIM240/pink_room_reference.mp4,pink_room_motion_resolution_level2.mp4,motion_resolution,level2,/home/jv495/Datasets/GAIM240/pink_room_motion_resolution_level2.mp4,pink_room_temporal-resolution-multiplexing_level0.mp4,temporal-resolution-multiplexing,level0,/home/jv495/Datasets/GAIM240/pink_room_temporal-resolution-multiplexing_level0.mp4
1865,pink_room,INTER-DISTORTION,pink_room_reference.mp4,/home/jv495/Datasets/GAIM240/pink_room_reference.mp4,pink_room_motion_resolution_level2.mp4,motion_resolution,level2,/home/jv495/Datasets/GAIM240/pink_room_motion_resolution_level2.mp4,pink_room_temporal-resolution-multiplexing_level1.mp4,temporal-resolution-multiplexing,level1,/home/jv495/Datasets/GAIM240/pink_room_temporal-resolution-multiplexing_level1.mp4
1866,pink_room,INTER-DISTORTION,pink_room_reference.mp4,/home/jv495/Datasets/GAIM240/pink_room_reference.mp4,pink_room_motion_resolution_level2.mp4,motion_resolution,level2,/home/jv495/Datasets/GAIM240/pink_room_motion_resolution_level2.mp4,pink_room_temporal-resolution-multiplexing_level2.mp4,temporal-resolution-multiplexing,level2,/home/jv495/Datasets/GAIM240/pink_room_temporal-resolution-multiplexing_level2.mp4
1867,pink_room,INTRA-DISTORTION,pink_room_reference.mp4,/home/jv495/Datasets/GAIM240/pink_room_reference.mp4,pink_room_noise_colors_level0.mp4,noise_colors,level0,/home/jv495/Datasets/GAIM240/pink_room_noise_colors_level0.mp4,pink_room_noise_colors_level1.mp4,noise_colors,level1,/home/jv495/Datasets/GAIM240/pink_room_noise_colors_level1.mp4
1868,pink_room,INTRA-DISTORTION,pink_room_reference.mp4,/home/jv495/Datasets/GAIM240/pink_room_reference.mp4,pink_room_noise_colors_level0.mp4,noise_colors,level0,/home/jv495/Datasets/GAIM240/pink_room_noise_colors_level0.mp4,pink_room_noise_colors_level2.mp4,noise_colors,level2,/home/jv495/Datasets/GAIM240/pink_room_noise_colors_level2.mp4
1869,pink_room,INTER-DISTORTION,pink_room_reference.mp4,/home/jv495/Datasets/GAIM240/pink_room_reference.mp4,pink_room_noise_colors_level0.mp4,noise_colors,level0,/home/jv495/Datasets/GAIM240/pink_room_noise_colors_level0.mp4,pink_room_restir_level0.mp4,restir,level0,/home/jv495/Datasets/GAIM240/pink_room_restir_level0.mp4
1870,pink_room,INTER-DISTORTION,pink_room_reference.mp4,/home/jv495/Datasets/GAIM240/pink_room_reference.mp4,pink_room_noise_colors_level0.mp4,noise_colors,level0,/home/jv495/Datasets/GAIM240/pink_room_noise_colors_level0.mp4,pink_room_restir_level1.mp4,restir,level1,/home/jv495/Datasets/GAIM240/pink_room_restir_level1.mp4
1871,pink_room,INTER-DISTORTION,pink_room_reference.mp4,/home/jv495/Datasets/GAIM240/pink_room_reference.mp4,pink_room_noise_colors_level0.mp4,noise_colors,level0,/home/jv495/Datasets/GAIM240/pink_room_noise_colors_level0.mp4,pink_room_restir_level2.mp4,restir,level2,/home/jv495/Datasets/GAIM240/pink_room_restir_level2.mp4
1872,pink_room,INTER-DISTORTION,pink_room_reference.mp4,/home/jv495/Datasets/GAIM240/pink_room_reference.mp4,pink_room_noise_colors_level0.mp4,noise_colors,level0,/home/jv495/Datasets/GAIM240/pink_room_noise_colors_level0.mp4,pink_room_stutter_level0.mp4,stutter,level0,/home/jv495/Datasets/GAIM240/pink_room_stutter_level0.mp4
1873,pink_room,INTER-DISTORTION,pink_room_reference.mp4,/home/jv495/Datasets/GAIM240/pink_room_reference.mp4,pink_room_noise_colors_level0.mp4,noise_colors,level0,/home/jv495/Datasets/GAIM240/pink_room_noise_colors_level0.mp4,pink_room_stutter_level1.mp4,stutter,level1,/home/jv495/Datasets/GAIM240/pink_room_stutter_level1.mp4
1874,pink_room,INTER-DISTORTION,pink_room_reference.mp4,/home/jv495/Datasets/GAIM240/pink_room_reference.mp4,pink_room_noise_colors_level0.mp4,noise_colors,level0,/home/jv495/Datasets/GAIM240/pink_room_noise_colors_level0.mp4,pink_room_stutter_level2.mp4,stutter,level2,/home/jv495/Datasets/GAIM240/pink_room_stutter_level2.mp4
1875,pink_room,INTER-DISTORTION,pink_room_reference.mp4,/home/jv495/Datasets/GAIM240/pink_room_reference.mp4,pink_room_noise_colors_level0.mp4,noise_colors,level0,/home/jv495/Datasets/GAIM240/pink_room_noise_colors_level0.mp4,pink_room_temporal-resolution-multiplexing_level0.mp4,temporal-resolution-multiplexing,level0,/home/jv495/Datasets/GAIM240/pink_room_temporal-resolution-multiplexing_level0.mp4
1876,pink_room,INTER-DISTORTION,pink_room_reference.mp4,/home/jv495/Datasets/GAIM240/pink_room_reference.mp4,pink_room_noise_colors_level0.mp4,noise_colors,level0,/home/jv495/Datasets/GAIM240/pink_room_noise_colors_level0.mp4,pink_room_temporal-resolution-multiplexing_level1.mp4,temporal-resolution-multiplexing,level1,/home/jv495/Datasets/GAIM240/pink_room_temporal-resolution-multiplexing_level1.mp4
1877,pink_room,INTER-DISTORTION,pink_room_reference.mp4,/home/jv495/Datasets/GAIM240/pink_room_reference.mp4,pink_room_noise_colors_level0.mp4,noise_colors,level0,/home/jv495/Datasets/GAIM240/pink_room_noise_colors_level0.mp4,pink_room_temporal-resolution-multiplexing_level2.mp4,temporal-resolution-multiplexing,level2,/home/jv495/Datasets/GAIM240/pink_room_temporal-resolution-multiplexing_level2.mp4
1878,pink_room,INTRA-DISTORTION,pink_room_reference.mp4,/home/jv495/Datasets/GAIM240/pink_room_reference.mp4,pink_room_noise_colors_level1.mp4,noise_colors,level1,/home/jv495/Datasets/GAIM240/pink_room_noise_colors_level1.mp4,pink_room_noise_colors_level2.mp4,noise_colors,level2,/home/jv495/Datasets/GAIM240/pink_room_noise_colors_level2.mp4
1879,pink_room,INTER-DISTORTION,pink_room_reference.mp4,/home/jv495/Datasets/GAIM240/pink_room_reference.mp4,pink_room_noise_colors_level1.mp4,noise_colors,level1,/home/jv495/Datasets/GAIM240/pink_room_noise_colors_level1.mp4,pink_room_restir_level0.mp4,restir,level0,/home/jv495/Datasets/GAIM240/pink_room_restir_level0.mp4
1880,pink_room,INTER-DISTORTION,pink_room_reference.mp4,/home/jv495/Datasets/GAIM240/pink_room_reference.mp4,pink_room_noise_colors_level1.mp4,noise_colors,level1,/home/jv495/Datasets/GAIM240/pink_room_noise_colors_level1.mp4,pink_room_restir_level1.mp4,restir,level1,/home/jv495/Datasets/GAIM240/pink_room_restir_level1.mp4
1881,pink_room,INTER-DISTORTION,pink_room_reference.mp4,/home/jv495/Datasets/GAIM240/pink_room_reference.mp4,pink_room_noise_colors_level1.mp4,noise_colors,level1,/home/jv495/Datasets/GAIM240/pink_room_noise_colors_level1.mp4,pink_room_restir_level2.mp4,restir,level2,/home/jv495/Datasets/GAIM240/pink_room_restir_level2.mp4
1882,pink_room,INTER-DISTORTION,pink_room_reference.mp4,/home/jv495/Datasets/GAIM240/pink_room_reference.mp4,pink_room_noise_colors_level1.mp4,noise_colors,level1,/home/jv495/Datasets/GAIM240/pink_room_noise_colors_level1.mp4,pink_room_stutter_level0.mp4,stutter,level0,/home/jv495/Datasets/GAIM240/pink_room_stutter_level0.mp4
1883,pink_room,INTER-DISTORTION,pink_room_reference.mp4,/home/jv495/Datasets/GAIM240/pink_room_reference.mp4,pink_room_noise_colors_level1.mp4,noise_colors,level1,/home/jv495/Datasets/GAIM240/pink_room_noise_colors_level1.mp4,pink_room_stutter_level1.mp4,stutter,level1,/home/jv495/Datasets/GAIM240/pink_room_stutter_level1.mp4
1884,pink_room,INTER-DISTORTION,pink_room_reference.mp4,/home/jv495/Datasets/GAIM240/pink_room_reference.mp4,pink_room_noise_colors_level1.mp4,noise_colors,level1,/home/jv495/Datasets/GAIM240/pink_room_noise_colors_level1.mp4,pink_room_stutter_level2.mp4,stutter,level2,/home/jv495/Datasets/GAIM240/pink_room_stutter_level2.mp4
1885,pink_room,INTER-DISTORTION,pink_room_reference.mp4,/home/jv495/Datasets/GAIM240/pink_room_reference.mp4,pink_room_noise_colors_level1.mp4,noise_colors,level1,/home/jv495/Datasets/GAIM240/pink_room_noise_colors_level1.mp4,pink_room_temporal-resolution-multiplexing_level0.mp4,temporal-resolution-multiplexing,level0,/home/jv495/Datasets/GAIM240/pink_room_temporal-resolution-multiplexing_level0.mp4
1886,pink_room,INTER-DISTORTION,pink_room_reference.mp4,/home/jv495/Datasets/GAIM240/pink_room_reference.mp4,pink_room_noise_colors_level1.mp4,noise_colors,level1,/home/jv495/Datasets/GAIM240/pink_room_noise_colors_level1.mp4,pink_room_temporal-resolution-multiplexing_level1.mp4,temporal-resolution-multiplexing,level1,/home/jv495/Datasets/GAIM240/pink_room_temporal-resolution-multiplexing_level1.mp4
1887,pink_room,INTER-DISTORTION,pink_room_reference.mp4,/home/jv495/Datasets/GAIM240/pink_room_reference.mp4,pink_room_noise_colors_level1.mp4,noise_colors,level1,/home/jv495/Datasets/GAIM240/pink_room_noise_colors_level1.mp4,pink_room_temporal-resolution-multiplexing_level2.mp4,temporal-resolution-multiplexing,level2,/home/jv495/Datasets/GAIM240/pink_room_temporal-resolution-multiplexing_level2.mp4
1888,pink_room,INTER-DISTORTION,pink_room_reference.mp4,/home/jv495/Datasets/GAIM240/pink_room_reference.mp4,pink_room_noise_colors_level2.mp4,noise_colors,level2,/home/jv495/Datasets/GAIM240/pink_room_noise_colors_level2.mp4,pink_room_restir_level0.mp4,restir,level0,/home/jv495/Datasets/GAIM240/pink_room_restir_level0.mp4
1889,pink_room,INTER-DISTORTION,pink_room_reference.mp4,/home/jv495/Datasets/GAIM240/pink_room_reference.mp4,pink_room_noise_colors_level2.mp4,noise_colors,level2,/home/jv495/Datasets/GAIM240/pink_room_noise_colors_level2.mp4,pink_room_restir_level1.mp4,restir,level1,/home/jv495/Datasets/GAIM240/pink_room_restir_level1.mp4
1890,pink_room,INTER-DISTORTION,pink_room_reference.mp4,/home/jv495/Datasets/GAIM240/pink_room_reference.mp4,pink_room_noise_colors_level2.mp4,noise_colors,level2,/home/jv495/Datasets/GAIM240/pink_room_noise_colors_level2.mp4,pink_room_restir_level2.mp4,restir,level2,/home/jv495/Datasets/GAIM240/pink_room_restir_level2.mp4
1891,pink_room,INTER-DISTORTION,pink_room_reference.mp4,/home/jv495/Datasets/GAIM240/pink_room_reference.mp4,pink_room_noise_colors_level2.mp4,noise_colors,level2,/home/jv495/Datasets/GAIM240/pink_room_noise_colors_level2.mp4,pink_room_stutter_level0.mp4,stutter,level0,/home/jv495/Datasets/GAIM240/pink_room_stutter_level0.mp4
1892,pink_room,INTER-DISTORTION,pink_room_reference.mp4,/home/jv495/Datasets/GAIM240/pink_room_reference.mp4,pink_room_noise_colors_level2.mp4,noise_colors,level2,/home/jv495/Datasets/GAIM240/pink_room_noise_colors_level2.mp4,pink_room_stutter_level1.mp4,stutter,level1,/home/jv495/Datasets/GAIM240/pink_room_stutter_level1.mp4
1893,pink_room,INTER-DISTORTION,pink_room_reference.mp4,/home/jv495/Datasets/GAIM240/pink_room_reference.mp4,pink_room_noise_colors_level2.mp4,noise_colors,level2,/home/jv495/Datasets/GAIM240/pink_room_noise_colors_level2.mp4,pink_room_stutter_level2.mp4,stutter,level2,/home/jv495/Datasets/GAIM240/pink_room_stutter_level2.mp4
1894,pink_room,INTER-DISTORTION,pink_room_reference.mp4,/home/jv495/Datasets/GAIM240/pink_room_reference.mp4,pink_room_noise_colors_level2.mp4,noise_colors,level2,/home/jv495/Datasets/GAIM240/pink_room_noise_colors_level2.mp4,pink_room_temporal-resolution-multiplexing_level0.mp4,temporal-resolution-multiplexing,level0,/home/jv495/Datasets/GAIM240/pink_room_temporal-resolution-multiplexing_level0.mp4
1895,pink_room,INTER-DISTORTION,pink_room_reference.mp4,/home/jv495/Datasets/GAIM240/pink_room_reference.mp4,pink_room_noise_colors_level2.mp4,noise_colors,level2,/home/jv495/Datasets/GAIM240/pink_room_noise_colors_level2.mp4,pink_room_temporal-resolution-multiplexing_level1.mp4,temporal-resolution-multiplexing,level1,/home/jv495/Datasets/GAIM240/pink_room_temporal-resolution-multiplexing_level1.mp4
1896,pink_room,INTER-DISTORTION,pink_room_reference.mp4,/home/jv495/Datasets/GAIM240/pink_room_reference.mp4,pink_room_noise_colors_level2.mp4,noise_colors,level2,/home/jv495/Datasets/GAIM240/pink_room_noise_colors_level2.mp4,pink_room_temporal-resolution-multiplexing_level2.mp4,temporal-resolution-multiplexing,level2,/home/jv495/Datasets/GAIM240/pink_room_temporal-resolution-multiplexing_level2.mp4
1897,pink_room,INTRA-DISTORTION,pink_room_reference.mp4,/home/jv495/Datasets/GAIM240/pink_room_reference.mp4,pink_room_restir_level0.mp4,restir,level0,/home/jv495/Datasets/GAIM240/pink_room_restir_level0.mp4,pink_room_restir_level1.mp4,restir,level1,/home/jv495/Datasets/GAIM240/pink_room_restir_level1.mp4
1898,pink_room,INTRA-DISTORTION,pink_room_reference.mp4,/home/jv495/Datasets/GAIM240/pink_room_reference.mp4,pink_room_restir_level0.mp4,restir,level0,/home/jv495/Datasets/GAIM240/pink_room_restir_level0.mp4,pink_room_restir_level2.mp4,restir,level2,/home/jv495/Datasets/GAIM240/pink_room_restir_level2.mp4
1899,pink_room,INTER-DISTORTION,pink_room_reference.mp4,/home/jv495/Datasets/GAIM240/pink_room_reference.mp4,pink_room_restir_level0.mp4,restir,level0,/home/jv495/Datasets/GAIM240/pink_room_restir_level0.mp4,pink_room_stutter_level0.mp4,stutter,level0,/home/jv495/Datasets/GAIM240/pink_room_stutter_level0.mp4
1900,pink_room,INTER-DISTORTION,pink_room_reference.mp4,/home/jv495/Datasets/GAIM240/pink_room_reference.mp4,pink_room_restir_level0.mp4,restir,level0,/home/jv495/Datasets/GAIM240/pink_room_restir_level0.mp4,pink_room_stutter_level1.mp4,stutter,level1,/home/jv495/Datasets/GAIM240/pink_room_stutter_level1.mp4
1901,pink_room,INTER-DISTORTION,pink_room_reference.mp4,/home/jv495/Datasets/GAIM240/pink_room_reference.mp4,pink_room_restir_level0.mp4,restir,level0,/home/jv495/Datasets/GAIM240/pink_room_restir_level0.mp4,pink_room_stutter_level2.mp4,stutter,level2,/home/jv495/Datasets/GAIM240/pink_room_stutter_level2.mp4
1902,pink_room,INTER-DISTORTION,pink_room_reference.mp4,/home/jv495/Datasets/GAIM240/pink_room_reference.mp4,pink_room_restir_level0.mp4,restir,level0,/home/jv495/Datasets/GAIM240/pink_room_restir_level0.mp4,pink_room_temporal-resolution-multiplexing_level0.mp4,temporal-resolution-multiplexing,level0,/home/jv495/Datasets/GAIM240/pink_room_temporal-resolution-multiplexing_level0.mp4
1903,pink_room,INTER-DISTORTION,pink_room_reference.mp4,/home/jv495/Datasets/GAIM240/pink_room_reference.mp4,pink_room_restir_level0.mp4,restir,level0,/home/jv495/Datasets/GAIM240/pink_room_restir_level0.mp4,pink_room_temporal-resolution-multiplexing_level1.mp4,temporal-resolution-multiplexing,level1,/home/jv495/Datasets/GAIM240/pink_room_temporal-resolution-multiplexing_level1.mp4
1904,pink_room,INTER-DISTORTION,pink_room_reference.mp4,/home/jv495/Datasets/GAIM240/pink_room_reference.mp4,pink_room_restir_level0.mp4,restir,level0,/home/jv495/Datasets/GAIM240/pink_room_restir_level0.mp4,pink_room_temporal-resolution-multiplexing_level2.mp4,temporal-resolution-multiplexing,level2,/home/jv495/Datasets/GAIM240/pink_room_temporal-resolution-multiplexing_level2.mp4
1905,pink_room,INTRA-DISTORTION,pink_room_reference.mp4,/home/jv495/Datasets/GAIM240/pink_room_reference.mp4,pink_room_restir_level1.mp4,restir,level1,/home/jv495/Datasets/GAIM240/pink_room_restir_level1.mp4,pink_room_restir_level2.mp4,restir,level2,/home/jv495/Datasets/GAIM240/pink_room_restir_level2.mp4
1906,pink_room,INTER-DISTORTION,pink_room_reference.mp4,/home/jv495/Datasets/GAIM240/pink_room_reference.mp4,pink_room_restir_level1.mp4,restir,level1,/home/jv495/Datasets/GAIM240/pink_room_restir_level1.mp4,pink_room_stutter_level0.mp4,stutter,level0,/home/jv495/Datasets/GAIM240/pink_room_stutter_level0.mp4
1907,pink_room,INTER-DISTORTION,pink_room_reference.mp4,/home/jv495/Datasets/GAIM240/pink_room_reference.mp4,pink_room_restir_level1.mp4,restir,level1,/home/jv495/Datasets/GAIM240/pink_room_restir_level1.mp4,pink_room_stutter_level1.mp4,stutter,level1,/home/jv495/Datasets/GAIM240/pink_room_stutter_level1.mp4
1908,pink_room,INTER-DISTORTION,pink_room_reference.mp4,/home/jv495/Datasets/GAIM240/pink_room_reference.mp4,pink_room_restir_level1.mp4,restir,level1,/home/jv495/Datasets/GAIM240/pink_room_restir_level1.mp4,pink_room_stutter_level2.mp4,stutter,level2,/home/jv495/Datasets/GAIM240/pink_room_stutter_level2.mp4
1909,pink_room,INTER-DISTORTION,pink_room_reference.mp4,/home/jv495/Datasets/GAIM240/pink_room_reference.mp4,pink_room_restir_level1.mp4,restir,level1,/home/jv495/Datasets/GAIM240/pink_room_restir_level1.mp4,pink_room_temporal-resolution-multiplexing_level0.mp4,temporal-resolution-multiplexing,level0,/home/jv495/Datasets/GAIM240/pink_room_temporal-resolution-multiplexing_level0.mp4
1910,pink_room,INTER-DISTORTION,pink_room_reference.mp4,/home/jv495/Datasets/GAIM240/pink_room_reference.mp4,pink_room_restir_level1.mp4,restir,level1,/home/jv495/Datasets/GAIM240/pink_room_restir_level1.mp4,pink_room_temporal-resolution-multiplexing_level1.mp4,temporal-resolution-multiplexing,level1,/home/jv495/Datasets/GAIM240/pink_room_temporal-resolution-multiplexing_level1.mp4
1911,pink_room,INTER-DISTORTION,pink_room_reference.mp4,/home/jv495/Datasets/GAIM240/pink_room_reference.mp4,pink_room_restir_level1.mp4,restir,level1,/home/jv495/Datasets/GAIM240/pink_room_restir_level1.mp4,pink_room_temporal-resolution-multiplexing_level2.mp4,temporal-resolution-multiplexing,level2,/home/jv495/Datasets/GAIM240/pink_room_temporal-resolution-multiplexing_level2.mp4
1912,pink_room,INTER-DISTORTION,pink_room_reference.mp4,/home/jv495/Datasets/GAIM240/pink_room_reference.mp4,pink_room_restir_level2.mp4,restir,level2,/home/jv495/Datasets/GAIM240/pink_room_restir_level2.mp4,pink_room_stutter_level0.mp4,stutter,level0,/home/jv495/Datasets/GAIM240/pink_room_stutter_level0.mp4
1913,pink_room,INTER-DISTORTION,pink_room_reference.mp4,/home/jv495/Datasets/GAIM240/pink_room_reference.mp4,pink_room_restir_level2.mp4,restir,level2,/home/jv495/Datasets/GAIM240/pink_room_restir_level2.mp4,pink_room_stutter_level1.mp4,stutter,level1,/home/jv495/Datasets/GAIM240/pink_room_stutter_level1.mp4
1914,pink_room,INTER-DISTORTION,pink_room_reference.mp4,/home/jv495/Datasets/GAIM240/pink_room_reference.mp4,pink_room_restir_level2.mp4,restir,level2,/home/jv495/Datasets/GAIM240/pink_room_restir_level2.mp4,pink_room_stutter_level2.mp4,stutter,level2,/home/jv495/Datasets/GAIM240/pink_room_stutter_level2.mp4
1915,pink_room,INTER-DISTORTION,pink_room_reference.mp4,/home/jv495/Datasets/GAIM240/pink_room_reference.mp4,pink_room_restir_level2.mp4,restir,level2,/home/jv495/Datasets/GAIM240/pink_room_restir_level2.mp4,pink_room_temporal-resolution-multiplexing_level0.mp4,temporal-resolution-multiplexing,level0,/home/jv495/Datasets/GAIM240/pink_room_temporal-resolution-multiplexing_level0.mp4
1916,pink_room,INTER-DISTORTION,pink_room_reference.mp4,/home/jv495/Datasets/GAIM240/pink_room_reference.mp4,pink_room_restir_level2.mp4,restir,level2,/home/jv495/Datasets/GAIM240/pink_room_restir_level2.mp4,pink_room_temporal-resolution-multiplexing_level1.mp4,temporal-resolution-multiplexing,level1,/home/jv495/Datasets/GAIM240/pink_room_temporal-resolution-multiplexing_level1.mp4
1917,pink_room,INTER-DISTORTION,pink_room_reference.mp4,/home/jv495/Datasets/GAIM240/pink_room_reference.mp4,pink_room_restir_level2.mp4,restir,level2,/home/jv495/Datasets/GAIM240/pink_room_restir_level2.mp4,pink_room_temporal-resolution-multiplexing_level2.mp4,temporal-resolution-multiplexing,level2,/home/jv495/Datasets/GAIM240/pink_room_temporal-resolution-multiplexing_level2.mp4
1918,pink_room,INTRA-DISTORTION,pink_room_reference.mp4,/home/jv495/Datasets/GAIM240/pink_room_reference.mp4,pink_room_stutter_level0.mp4,stutter,level0,/home/jv495/Datasets/GAIM240/pink_room_stutter_level0.mp4,pink_room_stutter_level1.mp4,stutter,level1,/home/jv495/Datasets/GAIM240/pink_room_stutter_level1.mp4
1919,pink_room,INTRA-DISTORTION,pink_room_reference.mp4,/home/jv495/Datasets/GAIM240/pink_room_reference.mp4,pink_room_stutter_level0.mp4,stutter,level0,/home/jv495/Datasets/GAIM240/pink_room_stutter_level0.mp4,pink_room_stutter_level2.mp4,stutter,level2,/home/jv495/Datasets/GAIM240/pink_room_stutter_level2.mp4
1920,pink_room,INTER-DISTORTION,pink_room_reference.mp4,/home/jv495/Datasets/GAIM240/pink_room_reference.mp4,pink_room_stutter_level0.mp4,stutter,level0,/home/jv495/Datasets/GAIM240/pink_room_stutter_level0.mp4,pink_room_temporal-resolution-multiplexing_level0.mp4,temporal-resolution-multiplexing,level0,/home/jv495/Datasets/GAIM240/pink_room_temporal-resolution-multiplexing_level0.mp4
1921,pink_room,INTER-DISTORTION,pink_room_reference.mp4,/home/jv495/Datasets/GAIM240/pink_room_reference.mp4,pink_room_stutter_level0.mp4,stutter,level0,/home/jv495/Datasets/GAIM240/pink_room_stutter_level0.mp4,pink_room_temporal-resolution-multiplexing_level1.mp4,temporal-resolution-multiplexing,level1,/home/jv495/Datasets/GAIM240/pink_room_temporal-resolution-multiplexing_level1.mp4
1922,pink_room,INTER-DISTORTION,pink_room_reference.mp4,/home/jv495/Datasets/GAIM240/pink_room_reference.mp4,pink_room_stutter_level0.mp4,stutter,level0,/home/jv495/Datasets/GAIM240/pink_room_stutter_level0.mp4,pink_room_temporal-resolution-multiplexing_level2.mp4,temporal-resolution-multiplexing,level2,/home/jv495/Datasets/GAIM240/pink_room_temporal-resolution-multiplexing_level2.mp4
1923,pink_room,INTRA-DISTORTION,pink_room_reference.mp4,/home/jv495/Datasets/GAIM240/pink_room_reference.mp4,pink_room_stutter_level1.mp4,stutter,level1,/home/jv495/Datasets/GAIM240/pink_room_stutter_level1.mp4,pink_room_stutter_level2.mp4,stutter,level2,/home/jv495/Datasets/GAIM240/pink_room_stutter_level2.mp4
1924,pink_room,INTER-DISTORTION,pink_room_reference.mp4,/home/jv495/Datasets/GAIM240/pink_room_reference.mp4,pink_room_stutter_level1.mp4,stutter,level1,/home/jv495/Datasets/GAIM240/pink_room_stutter_level1.mp4,pink_room_temporal-resolution-multiplexing_level0.mp4,temporal-resolution-multiplexing,level0,/home/jv495/Datasets/GAIM240/pink_room_temporal-resolution-multiplexing_level0.mp4
1925,pink_room,INTER-DISTORTION,pink_room_reference.mp4,/home/jv495/Datasets/GAIM240/pink_room_reference.mp4,pink_room_stutter_level1.mp4,stutter,level1,/home/jv495/Datasets/GAIM240/pink_room_stutter_level1.mp4,pink_room_temporal-resolution-multiplexing_level1.mp4,temporal-resolution-multiplexing,level1,/home/jv495/Datasets/GAIM240/pink_room_temporal-resolution-multiplexing_level1.mp4
1926,pink_room,INTER-DISTORTION,pink_room_reference.mp4,/home/jv495/Datasets/GAIM240/pink_room_reference.mp4,pink_room_stutter_level1.mp4,stutter,level1,/home/jv495/Datasets/GAIM240/pink_room_stutter_level1.mp4,pink_room_temporal-resolution-multiplexing_level2.mp4,temporal-resolution-multiplexing,level2,/home/jv495/Datasets/GAIM240/pink_room_temporal-resolution-multiplexing_level2.mp4
1927,pink_room,INTER-DISTORTION,pink_room_reference.mp4,/home/jv495/Datasets/GAIM240/pink_room_reference.mp4,pink_room_stutter_level2.mp4,stutter,level2,/home/jv495/Datasets/GAIM240/pink_room_stutter_level2.mp4,pink_room_temporal-resolution-multiplexing_level0.mp4,temporal-resolution-multiplexing,level0,/home/jv495/Datasets/GAIM240/pink_room_temporal-resolution-multiplexing_level0.mp4
1928,pink_room,INTER-DISTORTION,pink_room_reference.mp4,/home/jv495/Datasets/GAIM240/pink_room_reference.mp4,pink_room_stutter_level2.mp4,stutter,level2,/home/jv495/Datasets/GAIM240/pink_room_stutter_level2.mp4,pink_room_temporal-resolution-multiplexing_level1.mp4,temporal-resolution-multiplexing,level1,/home/jv495/Datasets/GAIM240/pink_room_temporal-resolution-multiplexing_level1.mp4
1929,pink_room,INTER-DISTORTION,pink_room_reference.mp4,/home/jv495/Datasets/GAIM240/pink_room_reference.mp4,pink_room_stutter_level2.mp4,stutter,level2,/home/jv495/Datasets/GAIM240/pink_room_stutter_level2.mp4,pink_room_temporal-resolution-multiplexing_level2.mp4,temporal-resolution-multiplexing,level2,/home/jv495/Datasets/GAIM240/pink_room_temporal-resolution-multiplexing_level2.mp4
1930,pink_room,INTRA-DISTORTION,pink_room_reference.mp4,/home/jv495/Datasets/GAIM240/pink_room_reference.mp4,pink_room_temporal-resolution-multiplexing_level0.mp4,temporal-resolution-multiplexing,level0,/home/jv495/Datasets/GAIM240/pink_room_temporal-resolution-multiplexing_level0.mp4,pink_room_temporal-resolution-multiplexing_level1.mp4,temporal-resolution-multiplexing,level1,/home/jv495/Datasets/GAIM240/pink_room_temporal-resolution-multiplexing_level1.mp4
1931,pink_room,INTRA-DISTORTION,pink_room_reference.mp4,/home/jv495/Datasets/GAIM240/pink_room_reference.mp4,pink_room_temporal-resolution-multiplexing_level0.mp4,temporal-resolution-multiplexing,level0,/home/jv495/Datasets/GAIM240/pink_room_temporal-resolution-multiplexing_level0.mp4,pink_room_temporal-resolution-multiplexing_level2.mp4,temporal-resolution-multiplexing,level2,/home/jv495/Datasets/GAIM240/pink_room_temporal-resolution-multiplexing_level2.mp4
1932,pink_room,INTRA-DISTORTION,pink_room_reference.mp4,/home/jv495/Datasets/GAIM240/pink_room_reference.mp4,pink_room_temporal-resolution-multiplexing_level1.mp4,temporal-resolution-multiplexing,level1,/home/jv495/Datasets/GAIM240/pink_room_temporal-resolution-multiplexing_level1.mp4,pink_room_temporal-resolution-multiplexing_level2.mp4,temporal-resolution-multiplexing,level2,/home/jv495/Datasets/GAIM240/pink_room_temporal-resolution-multiplexing_level2.mp4
1933,subway,INTRA-DISTORTION,subway_reference.mp4,/home/jv495/Datasets/GAIM240/subway_reference.mp4,subway_dlss_rr_level0.mp4,dlss_rr,level0,/home/jv495/Datasets/GAIM240/subway_dlss_rr_level0.mp4,subway_dlss_rr_level1.mp4,dlss_rr,level1,/home/jv495/Datasets/GAIM240/subway_dlss_rr_level1.mp4
1934,subway,INTRA-DISTORTION,subway_reference.mp4,/home/jv495/Datasets/GAIM240/subway_reference.mp4,subway_dlss_rr_level0.mp4,dlss_rr,level0,/home/jv495/Datasets/GAIM240/subway_dlss_rr_level0.mp4,subway_dlss_rr_level2.mp4,dlss_rr,level2,/home/jv495/Datasets/GAIM240/subway_dlss_rr_level2.mp4
1935,subway,INTER-DISTORTION,subway_reference.mp4,/home/jv495/Datasets/GAIM240/subway_reference.mp4,subway_dlss_rr_level0.mp4,dlss_rr,level0,/home/jv495/Datasets/GAIM240/subway_dlss_rr_level0.mp4,subway_judder_level0.mp4,judder,level0,/home/jv495/Datasets/GAIM240/subway_judder_level0.mp4
1936,subway,INTER-DISTORTION,subway_reference.mp4,/home/jv495/Datasets/GAIM240/subway_reference.mp4,subway_dlss_rr_level0.mp4,dlss_rr,level0,/home/jv495/Datasets/GAIM240/subway_dlss_rr_level0.mp4,subway_judder_level1.mp4,judder,level1,/home/jv495/Datasets/GAIM240/subway_judder_level1.mp4
1937,subway,INTER-DISTORTION,subway_reference.mp4,/home/jv495/Datasets/GAIM240/subway_reference.mp4,subway_dlss_rr_level0.mp4,dlss_rr,level0,/home/jv495/Datasets/GAIM240/subway_dlss_rr_level0.mp4,subway_judder_level2.mp4,judder,level2,/home/jv495/Datasets/GAIM240/subway_judder_level2.mp4
1938,subway,INTER-DISTORTION,subway_reference.mp4,/home/jv495/Datasets/GAIM240/subway_reference.mp4,subway_dlss_rr_level0.mp4,dlss_rr,level0,/home/jv495/Datasets/GAIM240/subway_dlss_rr_level0.mp4,subway_motion_noise_level0.mp4,motion_noise,level0,/home/jv495/Datasets/GAIM240/subway_motion_noise_level0.mp4
1939,subway,INTER-DISTORTION,subway_reference.mp4,/home/jv495/Datasets/GAIM240/subway_reference.mp4,subway_dlss_rr_level0.mp4,dlss_rr,level0,/home/jv495/Datasets/GAIM240/subway_dlss_rr_level0.mp4,subway_motion_noise_level1.mp4,motion_noise,level1,/home/jv495/Datasets/GAIM240/subway_motion_noise_level1.mp4
1940,subway,INTER-DISTORTION,subway_reference.mp4,/home/jv495/Datasets/GAIM240/subway_reference.mp4,subway_dlss_rr_level0.mp4,dlss_rr,level0,/home/jv495/Datasets/GAIM240/subway_dlss_rr_level0.mp4,subway_motion_noise_level2.mp4,motion_noise,level2,/home/jv495/Datasets/GAIM240/subway_motion_noise_level2.mp4
1941,subway,INTER-DISTORTION,subway_reference.mp4,/home/jv495/Datasets/GAIM240/subway_reference.mp4,subway_dlss_rr_level0.mp4,dlss_rr,level0,/home/jv495/Datasets/GAIM240/subway_dlss_rr_level0.mp4,subway_motion_resolution_level0.mp4,motion_resolution,level0,/home/jv495/Datasets/GAIM240/subway_motion_resolution_level0.mp4
1942,subway,INTER-DISTORTION,subway_reference.mp4,/home/jv495/Datasets/GAIM240/subway_reference.mp4,subway_dlss_rr_level0.mp4,dlss_rr,level0,/home/jv495/Datasets/GAIM240/subway_dlss_rr_level0.mp4,subway_motion_resolution_level1.mp4,motion_resolution,level1,/home/jv495/Datasets/GAIM240/subway_motion_resolution_level1.mp4
1943,subway,INTER-DISTORTION,subway_reference.mp4,/home/jv495/Datasets/GAIM240/subway_reference.mp4,subway_dlss_rr_level0.mp4,dlss_rr,level0,/home/jv495/Datasets/GAIM240/subway_dlss_rr_level0.mp4,subway_motion_resolution_level2.mp4,motion_resolution,level2,/home/jv495/Datasets/GAIM240/subway_motion_resolution_level2.mp4
1944,subway,INTER-DISTORTION,subway_reference.mp4,/home/jv495/Datasets/GAIM240/subway_reference.mp4,subway_dlss_rr_level0.mp4,dlss_rr,level0,/home/jv495/Datasets/GAIM240/subway_dlss_rr_level0.mp4,subway_noise_colors_level0.mp4,noise_colors,level0,/home/jv495/Datasets/GAIM240/subway_noise_colors_level0.mp4
1945,subway,INTER-DISTORTION,subway_reference.mp4,/home/jv495/Datasets/GAIM240/subway_reference.mp4,subway_dlss_rr_level0.mp4,dlss_rr,level0,/home/jv495/Datasets/GAIM240/subway_dlss_rr_level0.mp4,subway_noise_colors_level1.mp4,noise_colors,level1,/home/jv495/Datasets/GAIM240/subway_noise_colors_level1.mp4
1946,subway,INTER-DISTORTION,subway_reference.mp4,/home/jv495/Datasets/GAIM240/subway_reference.mp4,subway_dlss_rr_level0.mp4,dlss_rr,level0,/home/jv495/Datasets/GAIM240/subway_dlss_rr_level0.mp4,subway_noise_colors_level2.mp4,noise_colors,level2,/home/jv495/Datasets/GAIM240/subway_noise_colors_level2.mp4
1947,subway,INTER-DISTORTION,subway_reference.mp4,/home/jv495/Datasets/GAIM240/subway_reference.mp4,subway_dlss_rr_level0.mp4,dlss_rr,level0,/home/jv495/Datasets/GAIM240/subway_dlss_rr_level0.mp4,subway_restir_level0.mp4,restir,level0,/home/jv495/Datasets/GAIM240/subway_restir_level0.mp4
1948,subway,INTER-DISTORTION,subway_reference.mp4,/home/jv495/Datasets/GAIM240/subway_reference.mp4,subway_dlss_rr_level0.mp4,dlss_rr,level0,/home/jv495/Datasets/GAIM240/subway_dlss_rr_level0.mp4,subway_restir_level1.mp4,restir,level1,/home/jv495/Datasets/GAIM240/subway_restir_level1.mp4
1949,subway,INTER-DISTORTION,subway_reference.mp4,/home/jv495/Datasets/GAIM240/subway_reference.mp4,subway_dlss_rr_level0.mp4,dlss_rr,level0,/home/jv495/Datasets/GAIM240/subway_dlss_rr_level0.mp4,subway_restir_level2.mp4,restir,level2,/home/jv495/Datasets/GAIM240/subway_restir_level2.mp4
1950,subway,INTER-DISTORTION,subway_reference.mp4,/home/jv495/Datasets/GAIM240/subway_reference.mp4,subway_dlss_rr_level0.mp4,dlss_rr,level0,/home/jv495/Datasets/GAIM240/subway_dlss_rr_level0.mp4,subway_stutter_level0.mp4,stutter,level0,/home/jv495/Datasets/GAIM240/subway_stutter_level0.mp4
1951,subway,INTER-DISTORTION,subway_reference.mp4,/home/jv495/Datasets/GAIM240/subway_reference.mp4,subway_dlss_rr_level0.mp4,dlss_rr,level0,/home/jv495/Datasets/GAIM240/subway_dlss_rr_level0.mp4,subway_stutter_level1.mp4,stutter,level1,/home/jv495/Datasets/GAIM240/subway_stutter_level1.mp4
1952,subway,INTER-DISTORTION,subway_reference.mp4,/home/jv495/Datasets/GAIM240/subway_reference.mp4,subway_dlss_rr_level0.mp4,dlss_rr,level0,/home/jv495/Datasets/GAIM240/subway_dlss_rr_level0.mp4,subway_stutter_level2.mp4,stutter,level2,/home/jv495/Datasets/GAIM240/subway_stutter_level2.mp4
1953,subway,INTER-DISTORTION,subway_reference.mp4,/home/jv495/Datasets/GAIM240/subway_reference.mp4,subway_dlss_rr_level0.mp4,dlss_rr,level0,/home/jv495/Datasets/GAIM240/subway_dlss_rr_level0.mp4,subway_temporal-resolution-multiplexing_level0.mp4,temporal-resolution-multiplexing,level0,/home/jv495/Datasets/GAIM240/subway_temporal-resolution-multiplexing_level0.mp4
1954,subway,INTER-DISTORTION,subway_reference.mp4,/home/jv495/Datasets/GAIM240/subway_reference.mp4,subway_dlss_rr_level0.mp4,dlss_rr,level0,/home/jv495/Datasets/GAIM240/subway_dlss_rr_level0.mp4,subway_temporal-resolution-multiplexing_level1.mp4,temporal-resolution-multiplexing,level1,/home/jv495/Datasets/GAIM240/subway_temporal-resolution-multiplexing_level1.mp4
1955,subway,INTER-DISTORTION,subway_reference.mp4,/home/jv495/Datasets/GAIM240/subway_reference.mp4,subway_dlss_rr_level0.mp4,dlss_rr,level0,/home/jv495/Datasets/GAIM240/subway_dlss_rr_level0.mp4,subway_temporal-resolution-multiplexing_level2.mp4,temporal-resolution-multiplexing,level2,/home/jv495/Datasets/GAIM240/subway_temporal-resolution-multiplexing_level2.mp4
1956,subway,INTRA-DISTORTION,subway_reference.mp4,/home/jv495/Datasets/GAIM240/subway_reference.mp4,subway_dlss_rr_level1.mp4,dlss_rr,level1,/home/jv495/Datasets/GAIM240/subway_dlss_rr_level1.mp4,subway_dlss_rr_level2.mp4,dlss_rr,level2,/home/jv495/Datasets/GAIM240/subway_dlss_rr_level2.mp4
1957,subway,INTER-DISTORTION,subway_reference.mp4,/home/jv495/Datasets/GAIM240/subway_reference.mp4,subway_dlss_rr_level1.mp4,dlss_rr,level1,/home/jv495/Datasets/GAIM240/subway_dlss_rr_level1.mp4,subway_judder_level0.mp4,judder,level0,/home/jv495/Datasets/GAIM240/subway_judder_level0.mp4
1958,subway,INTER-DISTORTION,subway_reference.mp4,/home/jv495/Datasets/GAIM240/subway_reference.mp4,subway_dlss_rr_level1.mp4,dlss_rr,level1,/home/jv495/Datasets/GAIM240/subway_dlss_rr_level1.mp4,subway_judder_level1.mp4,judder,level1,/home/jv495/Datasets/GAIM240/subway_judder_level1.mp4
1959,subway,INTER-DISTORTION,subway_reference.mp4,/home/jv495/Datasets/GAIM240/subway_reference.mp4,subway_dlss_rr_level1.mp4,dlss_rr,level1,/home/jv495/Datasets/GAIM240/subway_dlss_rr_level1.mp4,subway_judder_level2.mp4,judder,level2,/home/jv495/Datasets/GAIM240/subway_judder_level2.mp4
1960,subway,INTER-DISTORTION,subway_reference.mp4,/home/jv495/Datasets/GAIM240/subway_reference.mp4,subway_dlss_rr_level1.mp4,dlss_rr,level1,/home/jv495/Datasets/GAIM240/subway_dlss_rr_level1.mp4,subway_motion_noise_level0.mp4,motion_noise,level0,/home/jv495/Datasets/GAIM240/subway_motion_noise_level0.mp4
1961,subway,INTER-DISTORTION,subway_reference.mp4,/home/jv495/Datasets/GAIM240/subway_reference.mp4,subway_dlss_rr_level1.mp4,dlss_rr,level1,/home/jv495/Datasets/GAIM240/subway_dlss_rr_level1.mp4,subway_motion_noise_level1.mp4,motion_noise,level1,/home/jv495/Datasets/GAIM240/subway_motion_noise_level1.mp4
1962,subway,INTER-DISTORTION,subway_reference.mp4,/home/jv495/Datasets/GAIM240/subway_reference.mp4,subway_dlss_rr_level1.mp4,dlss_rr,level1,/home/jv495/Datasets/GAIM240/subway_dlss_rr_level1.mp4,subway_motion_noise_level2.mp4,motion_noise,level2,/home/jv495/Datasets/GAIM240/subway_motion_noise_level2.mp4
1963,subway,INTER-DISTORTION,subway_reference.mp4,/home/jv495/Datasets/GAIM240/subway_reference.mp4,subway_dlss_rr_level1.mp4,dlss_rr,level1,/home/jv495/Datasets/GAIM240/subway_dlss_rr_level1.mp4,subway_motion_resolution_level0.mp4,motion_resolution,level0,/home/jv495/Datasets/GAIM240/subway_motion_resolution_level0.mp4
1964,subway,INTER-DISTORTION,subway_reference.mp4,/home/jv495/Datasets/GAIM240/subway_reference.mp4,subway_dlss_rr_level1.mp4,dlss_rr,level1,/home/jv495/Datasets/GAIM240/subway_dlss_rr_level1.mp4,subway_motion_resolution_level1.mp4,motion_resolution,level1,/home/jv495/Datasets/GAIM240/subway_motion_resolution_level1.mp4
1965,subway,INTER-DISTORTION,subway_reference.mp4,/home/jv495/Datasets/GAIM240/subway_reference.mp4,subway_dlss_rr_level1.mp4,dlss_rr,level1,/home/jv495/Datasets/GAIM240/subway_dlss_rr_level1.mp4,subway_motion_resolution_level2.mp4,motion_resolution,level2,/home/jv495/Datasets/GAIM240/subway_motion_resolution_level2.mp4
1966,subway,INTER-DISTORTION,subway_reference.mp4,/home/jv495/Datasets/GAIM240/subway_reference.mp4,subway_dlss_rr_level1.mp4,dlss_rr,level1,/home/jv495/Datasets/GAIM240/subway_dlss_rr_level1.mp4,subway_noise_colors_level0.mp4,noise_colors,level0,/home/jv495/Datasets/GAIM240/subway_noise_colors_level0.mp4
1967,subway,INTER-DISTORTION,subway_reference.mp4,/home/jv495/Datasets/GAIM240/subway_reference.mp4,subway_dlss_rr_level1.mp4,dlss_rr,level1,/home/jv495/Datasets/GAIM240/subway_dlss_rr_level1.mp4,subway_noise_colors_level1.mp4,noise_colors,level1,/home/jv495/Datasets/GAIM240/subway_noise_colors_level1.mp4
1968,subway,INTER-DISTORTION,subway_reference.mp4,/home/jv495/Datasets/GAIM240/subway_reference.mp4,subway_dlss_rr_level1.mp4,dlss_rr,level1,/home/jv495/Datasets/GAIM240/subway_dlss_rr_level1.mp4,subway_noise_colors_level2.mp4,noise_colors,level2,/home/jv495/Datasets/GAIM240/subway_noise_colors_level2.mp4
1969,subway,INTER-DISTORTION,subway_reference.mp4,/home/jv495/Datasets/GAIM240/subway_reference.mp4,subway_dlss_rr_level1.mp4,dlss_rr,level1,/home/jv495/Datasets/GAIM240/subway_dlss_rr_level1.mp4,subway_restir_level0.mp4,restir,level0,/home/jv495/Datasets/GAIM240/subway_restir_level0.mp4
1970,subway,INTER-DISTORTION,subway_reference.mp4,/home/jv495/Datasets/GAIM240/subway_reference.mp4,subway_dlss_rr_level1.mp4,dlss_rr,level1,/home/jv495/Datasets/GAIM240/subway_dlss_rr_level1.mp4,subway_restir_level1.mp4,restir,level1,/home/jv495/Datasets/GAIM240/subway_restir_level1.mp4
1971,subway,INTER-DISTORTION,subway_reference.mp4,/home/jv495/Datasets/GAIM240/subway_reference.mp4,subway_dlss_rr_level1.mp4,dlss_rr,level1,/home/jv495/Datasets/GAIM240/subway_dlss_rr_level1.mp4,subway_restir_level2.mp4,restir,level2,/home/jv495/Datasets/GAIM240/subway_restir_level2.mp4
1972,subway,INTER-DISTORTION,subway_reference.mp4,/home/jv495/Datasets/GAIM240/subway_reference.mp4,subway_dlss_rr_level1.mp4,dlss_rr,level1,/home/jv495/Datasets/GAIM240/subway_dlss_rr_level1.mp4,subway_stutter_level0.mp4,stutter,level0,/home/jv495/Datasets/GAIM240/subway_stutter_level0.mp4
1973,subway,INTER-DISTORTION,subway_reference.mp4,/home/jv495/Datasets/GAIM240/subway_reference.mp4,subway_dlss_rr_level1.mp4,dlss_rr,level1,/home/jv495/Datasets/GAIM240/subway_dlss_rr_level1.mp4,subway_stutter_level1.mp4,stutter,level1,/home/jv495/Datasets/GAIM240/subway_stutter_level1.mp4
1974,subway,INTER-DISTORTION,subway_reference.mp4,/home/jv495/Datasets/GAIM240/subway_reference.mp4,subway_dlss_rr_level1.mp4,dlss_rr,level1,/home/jv495/Datasets/GAIM240/subway_dlss_rr_level1.mp4,subway_stutter_level2.mp4,stutter,level2,/home/jv495/Datasets/GAIM240/subway_stutter_level2.mp4
1975,subway,INTER-DISTORTION,subway_reference.mp4,/home/jv495/Datasets/GAIM240/subway_reference.mp4,subway_dlss_rr_level1.mp4,dlss_rr,level1,/home/jv495/Datasets/GAIM240/subway_dlss_rr_level1.mp4,subway_temporal-resolution-multiplexing_level0.mp4,temporal-resolution-multiplexing,level0,/home/jv495/Datasets/GAIM240/subway_temporal-resolution-multiplexing_level0.mp4
1976,subway,INTER-DISTORTION,subway_reference.mp4,/home/jv495/Datasets/GAIM240/subway_reference.mp4,subway_dlss_rr_level1.mp4,dlss_rr,level1,/home/jv495/Datasets/GAIM240/subway_dlss_rr_level1.mp4,subway_temporal-resolution-multiplexing_level1.mp4,temporal-resolution-multiplexing,level1,/home/jv495/Datasets/GAIM240/subway_temporal-resolution-multiplexing_level1.mp4
1977,subway,INTER-DISTORTION,subway_reference.mp4,/home/jv495/Datasets/GAIM240/subway_reference.mp4,subway_dlss_rr_level1.mp4,dlss_rr,level1,/home/jv495/Datasets/GAIM240/subway_dlss_rr_level1.mp4,subway_temporal-resolution-multiplexing_level2.mp4,temporal-resolution-multiplexing,level2,/home/jv495/Datasets/GAIM240/subway_temporal-resolution-multiplexing_level2.mp4
1978,subway,INTER-DISTORTION,subway_reference.mp4,/home/jv495/Datasets/GAIM240/subway_reference.mp4,subway_dlss_rr_level2.mp4,dlss_rr,level2,/home/jv495/Datasets/GAIM240/subway_dlss_rr_level2.mp4,subway_judder_level0.mp4,judder,level0,/home/jv495/Datasets/GAIM240/subway_judder_level0.mp4
1979,subway,INTER-DISTORTION,subway_reference.mp4,/home/jv495/Datasets/GAIM240/subway_reference.mp4,subway_dlss_rr_level2.mp4,dlss_rr,level2,/home/jv495/Datasets/GAIM240/subway_dlss_rr_level2.mp4,subway_judder_level1.mp4,judder,level1,/home/jv495/Datasets/GAIM240/subway_judder_level1.mp4
1980,subway,INTER-DISTORTION,subway_reference.mp4,/home/jv495/Datasets/GAIM240/subway_reference.mp4,subway_dlss_rr_level2.mp4,dlss_rr,level2,/home/jv495/Datasets/GAIM240/subway_dlss_rr_level2.mp4,subway_judder_level2.mp4,judder,level2,/home/jv495/Datasets/GAIM240/subway_judder_level2.mp4
1981,subway,INTER-DISTORTION,subway_reference.mp4,/home/jv495/Datasets/GAIM240/subway_reference.mp4,subway_dlss_rr_level2.mp4,dlss_rr,level2,/home/jv495/Datasets/GAIM240/subway_dlss_rr_level2.mp4,subway_motion_noise_level0.mp4,motion_noise,level0,/home/jv495/Datasets/GAIM240/subway_motion_noise_level0.mp4
1982,subway,INTER-DISTORTION,subway_reference.mp4,/home/jv495/Datasets/GAIM240/subway_reference.mp4,subway_dlss_rr_level2.mp4,dlss_rr,level2,/home/jv495/Datasets/GAIM240/subway_dlss_rr_level2.mp4,subway_motion_noise_level1.mp4,motion_noise,level1,/home/jv495/Datasets/GAIM240/subway_motion_noise_level1.mp4
1983,subway,INTER-DISTORTION,subway_reference.mp4,/home/jv495/Datasets/GAIM240/subway_reference.mp4,subway_dlss_rr_level2.mp4,dlss_rr,level2,/home/jv495/Datasets/GAIM240/subway_dlss_rr_level2.mp4,subway_motion_noise_level2.mp4,motion_noise,level2,/home/jv495/Datasets/GAIM240/subway_motion_noise_level2.mp4
1984,subway,INTER-DISTORTION,subway_reference.mp4,/home/jv495/Datasets/GAIM240/subway_reference.mp4,subway_dlss_rr_level2.mp4,dlss_rr,level2,/home/jv495/Datasets/GAIM240/subway_dlss_rr_level2.mp4,subway_motion_resolution_level0.mp4,motion_resolution,level0,/home/jv495/Datasets/GAIM240/subway_motion_resolution_level0.mp4
1985,subway,INTER-DISTORTION,subway_reference.mp4,/home/jv495/Datasets/GAIM240/subway_reference.mp4,subway_dlss_rr_level2.mp4,dlss_rr,level2,/home/jv495/Datasets/GAIM240/subway_dlss_rr_level2.mp4,subway_motion_resolution_level1.mp4,motion_resolution,level1,/home/jv495/Datasets/GAIM240/subway_motion_resolution_level1.mp4
1986,subway,INTER-DISTORTION,subway_reference.mp4,/home/jv495/Datasets/GAIM240/subway_reference.mp4,subway_dlss_rr_level2.mp4,dlss_rr,level2,/home/jv495/Datasets/GAIM240/subway_dlss_rr_level2.mp4,subway_motion_resolution_level2.mp4,motion_resolution,level2,/home/jv495/Datasets/GAIM240/subway_motion_resolution_level2.mp4
1987,subway,INTER-DISTORTION,subway_reference.mp4,/home/jv495/Datasets/GAIM240/subway_reference.mp4,subway_dlss_rr_level2.mp4,dlss_rr,level2,/home/jv495/Datasets/GAIM240/subway_dlss_rr_level2.mp4,subway_noise_colors_level0.mp4,noise_colors,level0,/home/jv495/Datasets/GAIM240/subway_noise_colors_level0.mp4
1988,subway,INTER-DISTORTION,subway_reference.mp4,/home/jv495/Datasets/GAIM240/subway_reference.mp4,subway_dlss_rr_level2.mp4,dlss_rr,level2,/home/jv495/Datasets/GAIM240/subway_dlss_rr_level2.mp4,subway_noise_colors_level1.mp4,noise_colors,level1,/home/jv495/Datasets/GAIM240/subway_noise_colors_level1.mp4
1989,subway,INTER-DISTORTION,subway_reference.mp4,/home/jv495/Datasets/GAIM240/subway_reference.mp4,subway_dlss_rr_level2.mp4,dlss_rr,level2,/home/jv495/Datasets/GAIM240/subway_dlss_rr_level2.mp4,subway_noise_colors_level2.mp4,noise_colors,level2,/home/jv495/Datasets/GAIM240/subway_noise_colors_level2.mp4
1990,subway,INTER-DISTORTION,subway_reference.mp4,/home/jv495/Datasets/GAIM240/subway_reference.mp4,subway_dlss_rr_level2.mp4,dlss_rr,level2,/home/jv495/Datasets/GAIM240/subway_dlss_rr_level2.mp4,subway_restir_level0.mp4,restir,level0,/home/jv495/Datasets/GAIM240/subway_restir_level0.mp4
1991,subway,INTER-DISTORTION,subway_reference.mp4,/home/jv495/Datasets/GAIM240/subway_reference.mp4,subway_dlss_rr_level2.mp4,dlss_rr,level2,/home/jv495/Datasets/GAIM240/subway_dlss_rr_level2.mp4,subway_restir_level1.mp4,restir,level1,/home/jv495/Datasets/GAIM240/subway_restir_level1.mp4
1992,subway,INTER-DISTORTION,subway_reference.mp4,/home/jv495/Datasets/GAIM240/subway_reference.mp4,subway_dlss_rr_level2.mp4,dlss_rr,level2,/home/jv495/Datasets/GAIM240/subway_dlss_rr_level2.mp4,subway_restir_level2.mp4,restir,level2,/home/jv495/Datasets/GAIM240/subway_restir_level2.mp4
1993,subway,INTER-DISTORTION,subway_reference.mp4,/home/jv495/Datasets/GAIM240/subway_reference.mp4,subway_dlss_rr_level2.mp4,dlss_rr,level2,/home/jv495/Datasets/GAIM240/subway_dlss_rr_level2.mp4,subway_stutter_level0.mp4,stutter,level0,/home/jv495/Datasets/GAIM240/subway_stutter_level0.mp4
1994,subway,INTER-DISTORTION,subway_reference.mp4,/home/jv495/Datasets/GAIM240/subway_reference.mp4,subway_dlss_rr_level2.mp4,dlss_rr,level2,/home/jv495/Datasets/GAIM240/subway_dlss_rr_level2.mp4,subway_stutter_level1.mp4,stutter,level1,/home/jv495/Datasets/GAIM240/subway_stutter_level1.mp4
1995,subway,INTER-DISTORTION,subway_reference.mp4,/home/jv495/Datasets/GAIM240/subway_reference.mp4,subway_dlss_rr_level2.mp4,dlss_rr,level2,/home/jv495/Datasets/GAIM240/subway_dlss_rr_level2.mp4,subway_stutter_level2.mp4,stutter,level2,/home/jv495/Datasets/GAIM240/subway_stutter_level2.mp4
1996,subway,INTER-DISTORTION,subway_reference.mp4,/home/jv495/Datasets/GAIM240/subway_reference.mp4,subway_dlss_rr_level2.mp4,dlss_rr,level2,/home/jv495/Datasets/GAIM240/subway_dlss_rr_level2.mp4,subway_temporal-resolution-multiplexing_level0.mp4,temporal-resolution-multiplexing,level0,/home/jv495/Datasets/GAIM240/subway_temporal-resolution-multiplexing_level0.mp4
1997,subway,INTER-DISTORTION,subway_reference.mp4,/home/jv495/Datasets/GAIM240/subway_reference.mp4,subway_dlss_rr_level2.mp4,dlss_rr,level2,/home/jv495/Datasets/GAIM240/subway_dlss_rr_level2.mp4,subway_temporal-resolution-multiplexing_level1.mp4,temporal-resolution-multiplexing,level1,/home/jv495/Datasets/GAIM240/subway_temporal-resolution-multiplexing_level1.mp4
1998,subway,INTER-DISTORTION,subway_reference.mp4,/home/jv495/Datasets/GAIM240/subway_reference.mp4,subway_dlss_rr_level2.mp4,dlss_rr,level2,/home/jv495/Datasets/GAIM240/subway_dlss_rr_level2.mp4,subway_temporal-resolution-multiplexing_level2.mp4,temporal-resolution-multiplexing,level2,/home/jv495/Datasets/GAIM240/subway_temporal-resolution-multiplexing_level2.mp4
1999,subway,INTRA-DISTORTION,subway_reference.mp4,/home/jv495/Datasets/GAIM240/subway_reference.mp4,subway_judder_level0.mp4,judder,level0,/home/jv495/Datasets/GAIM240/subway_judder_level0.mp4,subway_judder_level1.mp4,judder,level1,/home/jv495/Datasets/GAIM240/subway_judder_level1.mp4
2000,subway,INTRA-DISTORTION,subway_reference.mp4,/home/jv495/Datasets/GAIM240/subway_reference.mp4,subway_judder_level0.mp4,judder,level0,/home/jv495/Datasets/GAIM240/subway_judder_level0.mp4,subway_judder_level2.mp4,judder,level2,/home/jv495/Datasets/GAIM240/subway_judder_level2.mp4
2001,subway,INTER-DISTORTION,subway_reference.mp4,/home/jv495/Datasets/GAIM240/subway_reference.mp4,subway_judder_level0.mp4,judder,level0,/home/jv495/Datasets/GAIM240/subway_judder_level0.mp4,subway_motion_noise_level0.mp4,motion_noise,level0,/home/jv495/Datasets/GAIM240/subway_motion_noise_level0.mp4
2002,subway,INTER-DISTORTION,subway_reference.mp4,/home/jv495/Datasets/GAIM240/subway_reference.mp4,subway_judder_level0.mp4,judder,level0,/home/jv495/Datasets/GAIM240/subway_judder_level0.mp4,subway_motion_noise_level1.mp4,motion_noise,level1,/home/jv495/Datasets/GAIM240/subway_motion_noise_level1.mp4
2003,subway,INTER-DISTORTION,subway_reference.mp4,/home/jv495/Datasets/GAIM240/subway_reference.mp4,subway_judder_level0.mp4,judder,level0,/home/jv495/Datasets/GAIM240/subway_judder_level0.mp4,subway_motion_noise_level2.mp4,motion_noise,level2,/home/jv495/Datasets/GAIM240/subway_motion_noise_level2.mp4
2004,subway,INTER-DISTORTION,subway_reference.mp4,/home/jv495/Datasets/GAIM240/subway_reference.mp4,subway_judder_level0.mp4,judder,level0,/home/jv495/Datasets/GAIM240/subway_judder_level0.mp4,subway_motion_resolution_level0.mp4,motion_resolution,level0,/home/jv495/Datasets/GAIM240/subway_motion_resolution_level0.mp4
2005,subway,INTER-DISTORTION,subway_reference.mp4,/home/jv495/Datasets/GAIM240/subway_reference.mp4,subway_judder_level0.mp4,judder,level0,/home/jv495/Datasets/GAIM240/subway_judder_level0.mp4,subway_motion_resolution_level1.mp4,motion_resolution,level1,/home/jv495/Datasets/GAIM240/subway_motion_resolution_level1.mp4
2006,subway,INTER-DISTORTION,subway_reference.mp4,/home/jv495/Datasets/GAIM240/subway_reference.mp4,subway_judder_level0.mp4,judder,level0,/home/jv495/Datasets/GAIM240/subway_judder_level0.mp4,subway_motion_resolution_level2.mp4,motion_resolution,level2,/home/jv495/Datasets/GAIM240/subway_motion_resolution_level2.mp4
2007,subway,INTER-DISTORTION,subway_reference.mp4,/home/jv495/Datasets/GAIM240/subway_reference.mp4,subway_judder_level0.mp4,judder,level0,/home/jv495/Datasets/GAIM240/subway_judder_level0.mp4,subway_noise_colors_level0.mp4,noise_colors,level0,/home/jv495/Datasets/GAIM240/subway_noise_colors_level0.mp4
2008,subway,INTER-DISTORTION,subway_reference.mp4,/home/jv495/Datasets/GAIM240/subway_reference.mp4,subway_judder_level0.mp4,judder,level0,/home/jv495/Datasets/GAIM240/subway_judder_level0.mp4,subway_noise_colors_level1.mp4,noise_colors,level1,/home/jv495/Datasets/GAIM240/subway_noise_colors_level1.mp4
2009,subway,INTER-DISTORTION,subway_reference.mp4,/home/jv495/Datasets/GAIM240/subway_reference.mp4,subway_judder_level0.mp4,judder,level0,/home/jv495/Datasets/GAIM240/subway_judder_level0.mp4,subway_noise_colors_level2.mp4,noise_colors,level2,/home/jv495/Datasets/GAIM240/subway_noise_colors_level2.mp4
2010,subway,INTER-DISTORTION,subway_reference.mp4,/home/jv495/Datasets/GAIM240/subway_reference.mp4,subway_judder_level0.mp4,judder,level0,/home/jv495/Datasets/GAIM240/subway_judder_level0.mp4,subway_restir_level0.mp4,restir,level0,/home/jv495/Datasets/GAIM240/subway_restir_level0.mp4
2011,subway,INTER-DISTORTION,subway_reference.mp4,/home/jv495/Datasets/GAIM240/subway_reference.mp4,subway_judder_level0.mp4,judder,level0,/home/jv495/Datasets/GAIM240/subway_judder_level0.mp4,subway_restir_level1.mp4,restir,level1,/home/jv495/Datasets/GAIM240/subway_restir_level1.mp4
2012,subway,INTER-DISTORTION,subway_reference.mp4,/home/jv495/Datasets/GAIM240/subway_reference.mp4,subway_judder_level0.mp4,judder,level0,/home/jv495/Datasets/GAIM240/subway_judder_level0.mp4,subway_restir_level2.mp4,restir,level2,/home/jv495/Datasets/GAIM240/subway_restir_level2.mp4
2013,subway,INTER-DISTORTION,subway_reference.mp4,/home/jv495/Datasets/GAIM240/subway_reference.mp4,subway_judder_level0.mp4,judder,level0,/home/jv495/Datasets/GAIM240/subway_judder_level0.mp4,subway_stutter_level0.mp4,stutter,level0,/home/jv495/Datasets/GAIM240/subway_stutter_level0.mp4
2014,subway,INTER-DISTORTION,subway_reference.mp4,/home/jv495/Datasets/GAIM240/subway_reference.mp4,subway_judder_level0.mp4,judder,level0,/home/jv495/Datasets/GAIM240/subway_judder_level0.mp4,subway_stutter_level1.mp4,stutter,level1,/home/jv495/Datasets/GAIM240/subway_stutter_level1.mp4
2015,subway,INTER-DISTORTION,subway_reference.mp4,/home/jv495/Datasets/GAIM240/subway_reference.mp4,subway_judder_level0.mp4,judder,level0,/home/jv495/Datasets/GAIM240/subway_judder_level0.mp4,subway_stutter_level2.mp4,stutter,level2,/home/jv495/Datasets/GAIM240/subway_stutter_level2.mp4
2016,subway,INTER-DISTORTION,subway_reference.mp4,/home/jv495/Datasets/GAIM240/subway_reference.mp4,subway_judder_level0.mp4,judder,level0,/home/jv495/Datasets/GAIM240/subway_judder_level0.mp4,subway_temporal-resolution-multiplexing_level0.mp4,temporal-resolution-multiplexing,level0,/home/jv495/Datasets/GAIM240/subway_temporal-resolution-multiplexing_level0.mp4
2017,subway,INTER-DISTORTION,subway_reference.mp4,/home/jv495/Datasets/GAIM240/subway_reference.mp4,subway_judder_level0.mp4,judder,level0,/home/jv495/Datasets/GAIM240/subway_judder_level0.mp4,subway_temporal-resolution-multiplexing_level1.mp4,temporal-resolution-multiplexing,level1,/home/jv495/Datasets/GAIM240/subway_temporal-resolution-multiplexing_level1.mp4
2018,subway,INTER-DISTORTION,subway_reference.mp4,/home/jv495/Datasets/GAIM240/subway_reference.mp4,subway_judder_level0.mp4,judder,level0,/home/jv495/Datasets/GAIM240/subway_judder_level0.mp4,subway_temporal-resolution-multiplexing_level2.mp4,temporal-resolution-multiplexing,level2,/home/jv495/Datasets/GAIM240/subway_temporal-resolution-multiplexing_level2.mp4
2019,subway,INTRA-DISTORTION,subway_reference.mp4,/home/jv495/Datasets/GAIM240/subway_reference.mp4,subway_judder_level1.mp4,judder,level1,/home/jv495/Datasets/GAIM240/subway_judder_level1.mp4,subway_judder_level2.mp4,judder,level2,/home/jv495/Datasets/GAIM240/subway_judder_level2.mp4
2020,subway,INTER-DISTORTION,subway_reference.mp4,/home/jv495/Datasets/GAIM240/subway_reference.mp4,subway_judder_level1.mp4,judder,level1,/home/jv495/Datasets/GAIM240/subway_judder_level1.mp4,subway_motion_noise_level0.mp4,motion_noise,level0,/home/jv495/Datasets/GAIM240/subway_motion_noise_level0.mp4
2021,subway,INTER-DISTORTION,subway_reference.mp4,/home/jv495/Datasets/GAIM240/subway_reference.mp4,subway_judder_level1.mp4,judder,level1,/home/jv495/Datasets/GAIM240/subway_judder_level1.mp4,subway_motion_noise_level1.mp4,motion_noise,level1,/home/jv495/Datasets/GAIM240/subway_motion_noise_level1.mp4
2022,subway,INTER-DISTORTION,subway_reference.mp4,/home/jv495/Datasets/GAIM240/subway_reference.mp4,subway_judder_level1.mp4,judder,level1,/home/jv495/Datasets/GAIM240/subway_judder_level1.mp4,subway_motion_noise_level2.mp4,motion_noise,level2,/home/jv495/Datasets/GAIM240/subway_motion_noise_level2.mp4
2023,subway,INTER-DISTORTION,subway_reference.mp4,/home/jv495/Datasets/GAIM240/subway_reference.mp4,subway_judder_level1.mp4,judder,level1,/home/jv495/Datasets/GAIM240/subway_judder_level1.mp4,subway_motion_resolution_level0.mp4,motion_resolution,level0,/home/jv495/Datasets/GAIM240/subway_motion_resolution_level0.mp4
2024,subway,INTER-DISTORTION,subway_reference.mp4,/home/jv495/Datasets/GAIM240/subway_reference.mp4,subway_judder_level1.mp4,judder,level1,/home/jv495/Datasets/GAIM240/subway_judder_level1.mp4,subway_motion_resolution_level1.mp4,motion_resolution,level1,/home/jv495/Datasets/GAIM240/subway_motion_resolution_level1.mp4
2025,subway,INTER-DISTORTION,subway_reference.mp4,/home/jv495/Datasets/GAIM240/subway_reference.mp4,subway_judder_level1.mp4,judder,level1,/home/jv495/Datasets/GAIM240/subway_judder_level1.mp4,subway_motion_resolution_level2.mp4,motion_resolution,level2,/home/jv495/Datasets/GAIM240/subway_motion_resolution_level2.mp4
2026,subway,INTER-DISTORTION,subway_reference.mp4,/home/jv495/Datasets/GAIM240/subway_reference.mp4,subway_judder_level1.mp4,judder,level1,/home/jv495/Datasets/GAIM240/subway_judder_level1.mp4,subway_noise_colors_level0.mp4,noise_colors,level0,/home/jv495/Datasets/GAIM240/subway_noise_colors_level0.mp4
2027,subway,INTER-DISTORTION,subway_reference.mp4,/home/jv495/Datasets/GAIM240/subway_reference.mp4,subway_judder_level1.mp4,judder,level1,/home/jv495/Datasets/GAIM240/subway_judder_level1.mp4,subway_noise_colors_level1.mp4,noise_colors,level1,/home/jv495/Datasets/GAIM240/subway_noise_colors_level1.mp4
2028,subway,INTER-DISTORTION,subway_reference.mp4,/home/jv495/Datasets/GAIM240/subway_reference.mp4,subway_judder_level1.mp4,judder,level1,/home/jv495/Datasets/GAIM240/subway_judder_level1.mp4,subway_noise_colors_level2.mp4,noise_colors,level2,/home/jv495/Datasets/GAIM240/subway_noise_colors_level2.mp4
2029,subway,INTER-DISTORTION,subway_reference.mp4,/home/jv495/Datasets/GAIM240/subway_reference.mp4,subway_judder_level1.mp4,judder,level1,/home/jv495/Datasets/GAIM240/subway_judder_level1.mp4,subway_restir_level0.mp4,restir,level0,/home/jv495/Datasets/GAIM240/subway_restir_level0.mp4
2030,subway,INTER-DISTORTION,subway_reference.mp4,/home/jv495/Datasets/GAIM240/subway_reference.mp4,subway_judder_level1.mp4,judder,level1,/home/jv495/Datasets/GAIM240/subway_judder_level1.mp4,subway_restir_level1.mp4,restir,level1,/home/jv495/Datasets/GAIM240/subway_restir_level1.mp4
2031,subway,INTER-DISTORTION,subway_reference.mp4,/home/jv495/Datasets/GAIM240/subway_reference.mp4,subway_judder_level1.mp4,judder,level1,/home/jv495/Datasets/GAIM240/subway_judder_level1.mp4,subway_restir_level2.mp4,restir,level2,/home/jv495/Datasets/GAIM240/subway_restir_level2.mp4
2032,subway,INTER-DISTORTION,subway_reference.mp4,/home/jv495/Datasets/GAIM240/subway_reference.mp4,subway_judder_level1.mp4,judder,level1,/home/jv495/Datasets/GAIM240/subway_judder_level1.mp4,subway_stutter_level0.mp4,stutter,level0,/home/jv495/Datasets/GAIM240/subway_stutter_level0.mp4
2033,subway,INTER-DISTORTION,subway_reference.mp4,/home/jv495/Datasets/GAIM240/subway_reference.mp4,subway_judder_level1.mp4,judder,level1,/home/jv495/Datasets/GAIM240/subway_judder_level1.mp4,subway_stutter_level1.mp4,stutter,level1,/home/jv495/Datasets/GAIM240/subway_stutter_level1.mp4
2034,subway,INTER-DISTORTION,subway_reference.mp4,/home/jv495/Datasets/GAIM240/subway_reference.mp4,subway_judder_level1.mp4,judder,level1,/home/jv495/Datasets/GAIM240/subway_judder_level1.mp4,subway_stutter_level2.mp4,stutter,level2,/home/jv495/Datasets/GAIM240/subway_stutter_level2.mp4
2035,subway,INTER-DISTORTION,subway_reference.mp4,/home/jv495/Datasets/GAIM240/subway_reference.mp4,subway_judder_level1.mp4,judder,level1,/home/jv495/Datasets/GAIM240/subway_judder_level1.mp4,subway_temporal-resolution-multiplexing_level0.mp4,temporal-resolution-multiplexing,level0,/home/jv495/Datasets/GAIM240/subway_temporal-resolution-multiplexing_level0.mp4
2036,subway,INTER-DISTORTION,subway_reference.mp4,/home/jv495/Datasets/GAIM240/subway_reference.mp4,subway_judder_level1.mp4,judder,level1,/home/jv495/Datasets/GAIM240/subway_judder_level1.mp4,subway_temporal-resolution-multiplexing_level1.mp4,temporal-resolution-multiplexing,level1,/home/jv495/Datasets/GAIM240/subway_temporal-resolution-multiplexing_level1.mp4
2037,subway,INTER-DISTORTION,subway_reference.mp4,/home/jv495/Datasets/GAIM240/subway_reference.mp4,subway_judder_level1.mp4,judder,level1,/home/jv495/Datasets/GAIM240/subway_judder_level1.mp4,subway_temporal-resolution-multiplexing_level2.mp4,temporal-resolution-multiplexing,level2,/home/jv495/Datasets/GAIM240/subway_temporal-resolution-multiplexing_level2.mp4
2038,subway,INTER-DISTORTION,subway_reference.mp4,/home/jv495/Datasets/GAIM240/subway_reference.mp4,subway_judder_level2.mp4,judder,level2,/home/jv495/Datasets/GAIM240/subway_judder_level2.mp4,subway_motion_noise_level0.mp4,motion_noise,level0,/home/jv495/Datasets/GAIM240/subway_motion_noise_level0.mp4
2039,subway,INTER-DISTORTION,subway_reference.mp4,/home/jv495/Datasets/GAIM240/subway_reference.mp4,subway_judder_level2.mp4,judder,level2,/home/jv495/Datasets/GAIM240/subway_judder_level2.mp4,subway_motion_noise_level1.mp4,motion_noise,level1,/home/jv495/Datasets/GAIM240/subway_motion_noise_level1.mp4
2040,subway,INTER-DISTORTION,subway_reference.mp4,/home/jv495/Datasets/GAIM240/subway_reference.mp4,subway_judder_level2.mp4,judder,level2,/home/jv495/Datasets/GAIM240/subway_judder_level2.mp4,subway_motion_noise_level2.mp4,motion_noise,level2,/home/jv495/Datasets/GAIM240/subway_motion_noise_level2.mp4
2041,subway,INTER-DISTORTION,subway_reference.mp4,/home/jv495/Datasets/GAIM240/subway_reference.mp4,subway_judder_level2.mp4,judder,level2,/home/jv495/Datasets/GAIM240/subway_judder_level2.mp4,subway_motion_resolution_level0.mp4,motion_resolution,level0,/home/jv495/Datasets/GAIM240/subway_motion_resolution_level0.mp4
2042,subway,INTER-DISTORTION,subway_reference.mp4,/home/jv495/Datasets/GAIM240/subway_reference.mp4,subway_judder_level2.mp4,judder,level2,/home/jv495/Datasets/GAIM240/subway_judder_level2.mp4,subway_motion_resolution_level1.mp4,motion_resolution,level1,/home/jv495/Datasets/GAIM240/subway_motion_resolution_level1.mp4
2043,subway,INTER-DISTORTION,subway_reference.mp4,/home/jv495/Datasets/GAIM240/subway_reference.mp4,subway_judder_level2.mp4,judder,level2,/home/jv495/Datasets/GAIM240/subway_judder_level2.mp4,subway_motion_resolution_level2.mp4,motion_resolution,level2,/home/jv495/Datasets/GAIM240/subway_motion_resolution_level2.mp4
2044,subway,INTER-DISTORTION,subway_reference.mp4,/home/jv495/Datasets/GAIM240/subway_reference.mp4,subway_judder_level2.mp4,judder,level2,/home/jv495/Datasets/GAIM240/subway_judder_level2.mp4,subway_noise_colors_level0.mp4,noise_colors,level0,/home/jv495/Datasets/GAIM240/subway_noise_colors_level0.mp4
2045,subway,INTER-DISTORTION,subway_reference.mp4,/home/jv495/Datasets/GAIM240/subway_reference.mp4,subway_judder_level2.mp4,judder,level2,/home/jv495/Datasets/GAIM240/subway_judder_level2.mp4,subway_noise_colors_level1.mp4,noise_colors,level1,/home/jv495/Datasets/GAIM240/subway_noise_colors_level1.mp4
2046,subway,INTER-DISTORTION,subway_reference.mp4,/home/jv495/Datasets/GAIM240/subway_reference.mp4,subway_judder_level2.mp4,judder,level2,/home/jv495/Datasets/GAIM240/subway_judder_level2.mp4,subway_noise_colors_level2.mp4,noise_colors,level2,/home/jv495/Datasets/GAIM240/subway_noise_colors_level2.mp4
2047,subway,INTER-DISTORTION,subway_reference.mp4,/home/jv495/Datasets/GAIM240/subway_reference.mp4,subway_judder_level2.mp4,judder,level2,/home/jv495/Datasets/GAIM240/subway_judder_level2.mp4,subway_restir_level0.mp4,restir,level0,/home/jv495/Datasets/GAIM240/subway_restir_level0.mp4
2048,subway,INTER-DISTORTION,subway_reference.mp4,/home/jv495/Datasets/GAIM240/subway_reference.mp4,subway_judder_level2.mp4,judder,level2,/home/jv495/Datasets/GAIM240/subway_judder_level2.mp4,subway_restir_level1.mp4,restir,level1,/home/jv495/Datasets/GAIM240/subway_restir_level1.mp4
2049,subway,INTER-DISTORTION,subway_reference.mp4,/home/jv495/Datasets/GAIM240/subway_reference.mp4,subway_judder_level2.mp4,judder,level2,/home/jv495/Datasets/GAIM240/subway_judder_level2.mp4,subway_restir_level2.mp4,restir,level2,/home/jv495/Datasets/GAIM240/subway_restir_level2.mp4
2050,subway,INTER-DISTORTION,subway_reference.mp4,/home/jv495/Datasets/GAIM240/subway_reference.mp4,subway_judder_level2.mp4,judder,level2,/home/jv495/Datasets/GAIM240/subway_judder_level2.mp4,subway_stutter_level0.mp4,stutter,level0,/home/jv495/Datasets/GAIM240/subway_stutter_level0.mp4
2051,subway,INTER-DISTORTION,subway_reference.mp4,/home/jv495/Datasets/GAIM240/subway_reference.mp4,subway_judder_level2.mp4,judder,level2,/home/jv495/Datasets/GAIM240/subway_judder_level2.mp4,subway_stutter_level1.mp4,stutter,level1,/home/jv495/Datasets/GAIM240/subway_stutter_level1.mp4
2052,subway,INTER-DISTORTION,subway_reference.mp4,/home/jv495/Datasets/GAIM240/subway_reference.mp4,subway_judder_level2.mp4,judder,level2,/home/jv495/Datasets/GAIM240/subway_judder_level2.mp4,subway_stutter_level2.mp4,stutter,level2,/home/jv495/Datasets/GAIM240/subway_stutter_level2.mp4
2053,subway,INTER-DISTORTION,subway_reference.mp4,/home/jv495/Datasets/GAIM240/subway_reference.mp4,subway_judder_level2.mp4,judder,level2,/home/jv495/Datasets/GAIM240/subway_judder_level2.mp4,subway_temporal-resolution-multiplexing_level0.mp4,temporal-resolution-multiplexing,level0,/home/jv495/Datasets/GAIM240/subway_temporal-resolution-multiplexing_level0.mp4
2054,subway,INTER-DISTORTION,subway_reference.mp4,/home/jv495/Datasets/GAIM240/subway_reference.mp4,subway_judder_level2.mp4,judder,level2,/home/jv495/Datasets/GAIM240/subway_judder_level2.mp4,subway_temporal-resolution-multiplexing_level1.mp4,temporal-resolution-multiplexing,level1,/home/jv495/Datasets/GAIM240/subway_temporal-resolution-multiplexing_level1.mp4
2055,subway,INTER-DISTORTION,subway_reference.mp4,/home/jv495/Datasets/GAIM240/subway_reference.mp4,subway_judder_level2.mp4,judder,level2,/home/jv495/Datasets/GAIM240/subway_judder_level2.mp4,subway_temporal-resolution-multiplexing_level2.mp4,temporal-resolution-multiplexing,level2,/home/jv495/Datasets/GAIM240/subway_temporal-resolution-multiplexing_level2.mp4
2056,subway,INTRA-DISTORTION,subway_reference.mp4,/home/jv495/Datasets/GAIM240/subway_reference.mp4,subway_motion_noise_level0.mp4,motion_noise,level0,/home/jv495/Datasets/GAIM240/subway_motion_noise_level0.mp4,subway_motion_noise_level1.mp4,motion_noise,level1,/home/jv495/Datasets/GAIM240/subway_motion_noise_level1.mp4
2057,subway,INTRA-DISTORTION,subway_reference.mp4,/home/jv495/Datasets/GAIM240/subway_reference.mp4,subway_motion_noise_level0.mp4,motion_noise,level0,/home/jv495/Datasets/GAIM240/subway_motion_noise_level0.mp4,subway_motion_noise_level2.mp4,motion_noise,level2,/home/jv495/Datasets/GAIM240/subway_motion_noise_level2.mp4
2058,subway,INTER-DISTORTION,subway_reference.mp4,/home/jv495/Datasets/GAIM240/subway_reference.mp4,subway_motion_noise_level0.mp4,motion_noise,level0,/home/jv495/Datasets/GAIM240/subway_motion_noise_level0.mp4,subway_motion_resolution_level0.mp4,motion_resolution,level0,/home/jv495/Datasets/GAIM240/subway_motion_resolution_level0.mp4
2059,subway,INTER-DISTORTION,subway_reference.mp4,/home/jv495/Datasets/GAIM240/subway_reference.mp4,subway_motion_noise_level0.mp4,motion_noise,level0,/home/jv495/Datasets/GAIM240/subway_motion_noise_level0.mp4,subway_motion_resolution_level1.mp4,motion_resolution,level1,/home/jv495/Datasets/GAIM240/subway_motion_resolution_level1.mp4
2060,subway,INTER-DISTORTION,subway_reference.mp4,/home/jv495/Datasets/GAIM240/subway_reference.mp4,subway_motion_noise_level0.mp4,motion_noise,level0,/home/jv495/Datasets/GAIM240/subway_motion_noise_level0.mp4,subway_motion_resolution_level2.mp4,motion_resolution,level2,/home/jv495/Datasets/GAIM240/subway_motion_resolution_level2.mp4
2061,subway,INTER-DISTORTION,subway_reference.mp4,/home/jv495/Datasets/GAIM240/subway_reference.mp4,subway_motion_noise_level0.mp4,motion_noise,level0,/home/jv495/Datasets/GAIM240/subway_motion_noise_level0.mp4,subway_noise_colors_level0.mp4,noise_colors,level0,/home/jv495/Datasets/GAIM240/subway_noise_colors_level0.mp4
2062,subway,INTER-DISTORTION,subway_reference.mp4,/home/jv495/Datasets/GAIM240/subway_reference.mp4,subway_motion_noise_level0.mp4,motion_noise,level0,/home/jv495/Datasets/GAIM240/subway_motion_noise_level0.mp4,subway_noise_colors_level1.mp4,noise_colors,level1,/home/jv495/Datasets/GAIM240/subway_noise_colors_level1.mp4
2063,subway,INTER-DISTORTION,subway_reference.mp4,/home/jv495/Datasets/GAIM240/subway_reference.mp4,subway_motion_noise_level0.mp4,motion_noise,level0,/home/jv495/Datasets/GAIM240/subway_motion_noise_level0.mp4,subway_noise_colors_level2.mp4,noise_colors,level2,/home/jv495/Datasets/GAIM240/subway_noise_colors_level2.mp4
2064,subway,INTER-DISTORTION,subway_reference.mp4,/home/jv495/Datasets/GAIM240/subway_reference.mp4,subway_motion_noise_level0.mp4,motion_noise,level0,/home/jv495/Datasets/GAIM240/subway_motion_noise_level0.mp4,subway_restir_level0.mp4,restir,level0,/home/jv495/Datasets/GAIM240/subway_restir_level0.mp4
2065,subway,INTER-DISTORTION,subway_reference.mp4,/home/jv495/Datasets/GAIM240/subway_reference.mp4,subway_motion_noise_level0.mp4,motion_noise,level0,/home/jv495/Datasets/GAIM240/subway_motion_noise_level0.mp4,subway_restir_level1.mp4,restir,level1,/home/jv495/Datasets/GAIM240/subway_restir_level1.mp4
2066,subway,INTER-DISTORTION,subway_reference.mp4,/home/jv495/Datasets/GAIM240/subway_reference.mp4,subway_motion_noise_level0.mp4,motion_noise,level0,/home/jv495/Datasets/GAIM240/subway_motion_noise_level0.mp4,subway_restir_level2.mp4,restir,level2,/home/jv495/Datasets/GAIM240/subway_restir_level2.mp4
2067,subway,INTER-DISTORTION,subway_reference.mp4,/home/jv495/Datasets/GAIM240/subway_reference.mp4,subway_motion_noise_level0.mp4,motion_noise,level0,/home/jv495/Datasets/GAIM240/subway_motion_noise_level0.mp4,subway_stutter_level0.mp4,stutter,level0,/home/jv495/Datasets/GAIM240/subway_stutter_level0.mp4
2068,subway,INTER-DISTORTION,subway_reference.mp4,/home/jv495/Datasets/GAIM240/subway_reference.mp4,subway_motion_noise_level0.mp4,motion_noise,level0,/home/jv495/Datasets/GAIM240/subway_motion_noise_level0.mp4,subway_stutter_level1.mp4,stutter,level1,/home/jv495/Datasets/GAIM240/subway_stutter_level1.mp4
2069,subway,INTER-DISTORTION,subway_reference.mp4,/home/jv495/Datasets/GAIM240/subway_reference.mp4,subway_motion_noise_level0.mp4,motion_noise,level0,/home/jv495/Datasets/GAIM240/subway_motion_noise_level0.mp4,subway_stutter_level2.mp4,stutter,level2,/home/jv495/Datasets/GAIM240/subway_stutter_level2.mp4
2070,subway,INTER-DISTORTION,subway_reference.mp4,/home/jv495/Datasets/GAIM240/subway_reference.mp4,subway_motion_noise_level0.mp4,motion_noise,level0,/home/jv495/Datasets/GAIM240/subway_motion_noise_level0.mp4,subway_temporal-resolution-multiplexing_level0.mp4,temporal-resolution-multiplexing,level0,/home/jv495/Datasets/GAIM240/subway_temporal-resolution-multiplexing_level0.mp4
2071,subway,INTER-DISTORTION,subway_reference.mp4,/home/jv495/Datasets/GAIM240/subway_reference.mp4,subway_motion_noise_level0.mp4,motion_noise,level0,/home/jv495/Datasets/GAIM240/subway_motion_noise_level0.mp4,subway_temporal-resolution-multiplexing_level1.mp4,temporal-resolution-multiplexing,level1,/home/jv495/Datasets/GAIM240/subway_temporal-resolution-multiplexing_level1.mp4
2072,subway,INTER-DISTORTION,subway_reference.mp4,/home/jv495/Datasets/GAIM240/subway_reference.mp4,subway_motion_noise_level0.mp4,motion_noise,level0,/home/jv495/Datasets/GAIM240/subway_motion_noise_level0.mp4,subway_temporal-resolution-multiplexing_level2.mp4,temporal-resolution-multiplexing,level2,/home/jv495/Datasets/GAIM240/subway_temporal-resolution-multiplexing_level2.mp4
2073,subway,INTRA-DISTORTION,subway_reference.mp4,/home/jv495/Datasets/GAIM240/subway_reference.mp4,subway_motion_noise_level1.mp4,motion_noise,level1,/home/jv495/Datasets/GAIM240/subway_motion_noise_level1.mp4,subway_motion_noise_level2.mp4,motion_noise,level2,/home/jv495/Datasets/GAIM240/subway_motion_noise_level2.mp4
2074,subway,INTER-DISTORTION,subway_reference.mp4,/home/jv495/Datasets/GAIM240/subway_reference.mp4,subway_motion_noise_level1.mp4,motion_noise,level1,/home/jv495/Datasets/GAIM240/subway_motion_noise_level1.mp4,subway_motion_resolution_level0.mp4,motion_resolution,level0,/home/jv495/Datasets/GAIM240/subway_motion_resolution_level0.mp4
2075,subway,INTER-DISTORTION,subway_reference.mp4,/home/jv495/Datasets/GAIM240/subway_reference.mp4,subway_motion_noise_level1.mp4,motion_noise,level1,/home/jv495/Datasets/GAIM240/subway_motion_noise_level1.mp4,subway_motion_resolution_level1.mp4,motion_resolution,level1,/home/jv495/Datasets/GAIM240/subway_motion_resolution_level1.mp4
2076,subway,INTER-DISTORTION,subway_reference.mp4,/home/jv495/Datasets/GAIM240/subway_reference.mp4,subway_motion_noise_level1.mp4,motion_noise,level1,/home/jv495/Datasets/GAIM240/subway_motion_noise_level1.mp4,subway_motion_resolution_level2.mp4,motion_resolution,level2,/home/jv495/Datasets/GAIM240/subway_motion_resolution_level2.mp4
2077,subway,INTER-DISTORTION,subway_reference.mp4,/home/jv495/Datasets/GAIM240/subway_reference.mp4,subway_motion_noise_level1.mp4,motion_noise,level1,/home/jv495/Datasets/GAIM240/subway_motion_noise_level1.mp4,subway_noise_colors_level0.mp4,noise_colors,level0,/home/jv495/Datasets/GAIM240/subway_noise_colors_level0.mp4
2078,subway,INTER-DISTORTION,subway_reference.mp4,/home/jv495/Datasets/GAIM240/subway_reference.mp4,subway_motion_noise_level1.mp4,motion_noise,level1,/home/jv495/Datasets/GAIM240/subway_motion_noise_level1.mp4,subway_noise_colors_level1.mp4,noise_colors,level1,/home/jv495/Datasets/GAIM240/subway_noise_colors_level1.mp4
2079,subway,INTER-DISTORTION,subway_reference.mp4,/home/jv495/Datasets/GAIM240/subway_reference.mp4,subway_motion_noise_level1.mp4,motion_noise,level1,/home/jv495/Datasets/GAIM240/subway_motion_noise_level1.mp4,subway_noise_colors_level2.mp4,noise_colors,level2,/home/jv495/Datasets/GAIM240/subway_noise_colors_level2.mp4
2080,subway,INTER-DISTORTION,subway_reference.mp4,/home/jv495/Datasets/GAIM240/subway_reference.mp4,subway_motion_noise_level1.mp4,motion_noise,level1,/home/jv495/Datasets/GAIM240/subway_motion_noise_level1.mp4,subway_restir_level0.mp4,restir,level0,/home/jv495/Datasets/GAIM240/subway_restir_level0.mp4
2081,subway,INTER-DISTORTION,subway_reference.mp4,/home/jv495/Datasets/GAIM240/subway_reference.mp4,subway_motion_noise_level1.mp4,motion_noise,level1,/home/jv495/Datasets/GAIM240/subway_motion_noise_level1.mp4,subway_restir_level1.mp4,restir,level1,/home/jv495/Datasets/GAIM240/subway_restir_level1.mp4
2082,subway,INTER-DISTORTION,subway_reference.mp4,/home/jv495/Datasets/GAIM240/subway_reference.mp4,subway_motion_noise_level1.mp4,motion_noise,level1,/home/jv495/Datasets/GAIM240/subway_motion_noise_level1.mp4,subway_restir_level2.mp4,restir,level2,/home/jv495/Datasets/GAIM240/subway_restir_level2.mp4
2083,subway,INTER-DISTORTION,subway_reference.mp4,/home/jv495/Datasets/GAIM240/subway_reference.mp4,subway_motion_noise_level1.mp4,motion_noise,level1,/home/jv495/Datasets/GAIM240/subway_motion_noise_level1.mp4,subway_stutter_level0.mp4,stutter,level0,/home/jv495/Datasets/GAIM240/subway_stutter_level0.mp4
2084,subway,INTER-DISTORTION,subway_reference.mp4,/home/jv495/Datasets/GAIM240/subway_reference.mp4,subway_motion_noise_level1.mp4,motion_noise,level1,/home/jv495/Datasets/GAIM240/subway_motion_noise_level1.mp4,subway_stutter_level1.mp4,stutter,level1,/home/jv495/Datasets/GAIM240/subway_stutter_level1.mp4
2085,subway,INTER-DISTORTION,subway_reference.mp4,/home/jv495/Datasets/GAIM240/subway_reference.mp4,subway_motion_noise_level1.mp4,motion_noise,level1,/home/jv495/Datasets/GAIM240/subway_motion_noise_level1.mp4,subway_stutter_level2.mp4,stutter,level2,/home/jv495/Datasets/GAIM240/subway_stutter_level2.mp4
2086,subway,INTER-DISTORTION,subway_reference.mp4,/home/jv495/Datasets/GAIM240/subway_reference.mp4,subway_motion_noise_level1.mp4,motion_noise,level1,/home/jv495/Datasets/GAIM240/subway_motion_noise_level1.mp4,subway_temporal-resolution-multiplexing_level0.mp4,temporal-resolution-multiplexing,level0,/home/jv495/Datasets/GAIM240/subway_temporal-resolution-multiplexing_level0.mp4
2087,subway,INTER-DISTORTION,subway_reference.mp4,/home/jv495/Datasets/GAIM240/subway_reference.mp4,subway_motion_noise_level1.mp4,motion_noise,level1,/home/jv495/Datasets/GAIM240/subway_motion_noise_level1.mp4,subway_temporal-resolution-multiplexing_level1.mp4,temporal-resolution-multiplexing,level1,/home/jv495/Datasets/GAIM240/subway_temporal-resolution-multiplexing_level1.mp4
2088,subway,INTER-DISTORTION,subway_reference.mp4,/home/jv495/Datasets/GAIM240/subway_reference.mp4,subway_motion_noise_level1.mp4,motion_noise,level1,/home/jv495/Datasets/GAIM240/subway_motion_noise_level1.mp4,subway_temporal-resolution-multiplexing_level2.mp4,temporal-resolution-multiplexing,level2,/home/jv495/Datasets/GAIM240/subway_temporal-resolution-multiplexing_level2.mp4
2089,subway,INTER-DISTORTION,subway_reference.mp4,/home/jv495/Datasets/GAIM240/subway_reference.mp4,subway_motion_noise_level2.mp4,motion_noise,level2,/home/jv495/Datasets/GAIM240/subway_motion_noise_level2.mp4,subway_motion_resolution_level0.mp4,motion_resolution,level0,/home/jv495/Datasets/GAIM240/subway_motion_resolution_level0.mp4
2090,subway,INTER-DISTORTION,subway_reference.mp4,/home/jv495/Datasets/GAIM240/subway_reference.mp4,subway_motion_noise_level2.mp4,motion_noise,level2,/home/jv495/Datasets/GAIM240/subway_motion_noise_level2.mp4,subway_motion_resolution_level1.mp4,motion_resolution,level1,/home/jv495/Datasets/GAIM240/subway_motion_resolution_level1.mp4
2091,subway,INTER-DISTORTION,subway_reference.mp4,/home/jv495/Datasets/GAIM240/subway_reference.mp4,subway_motion_noise_level2.mp4,motion_noise,level2,/home/jv495/Datasets/GAIM240/subway_motion_noise_level2.mp4,subway_motion_resolution_level2.mp4,motion_resolution,level2,/home/jv495/Datasets/GAIM240/subway_motion_resolution_level2.mp4
2092,subway,INTER-DISTORTION,subway_reference.mp4,/home/jv495/Datasets/GAIM240/subway_reference.mp4,subway_motion_noise_level2.mp4,motion_noise,level2,/home/jv495/Datasets/GAIM240/subway_motion_noise_level2.mp4,subway_noise_colors_level0.mp4,noise_colors,level0,/home/jv495/Datasets/GAIM240/subway_noise_colors_level0.mp4
2093,subway,INTER-DISTORTION,subway_reference.mp4,/home/jv495/Datasets/GAIM240/subway_reference.mp4,subway_motion_noise_level2.mp4,motion_noise,level2,/home/jv495/Datasets/GAIM240/subway_motion_noise_level2.mp4,subway_noise_colors_level1.mp4,noise_colors,level1,/home/jv495/Datasets/GAIM240/subway_noise_colors_level1.mp4
2094,subway,INTER-DISTORTION,subway_reference.mp4,/home/jv495/Datasets/GAIM240/subway_reference.mp4,subway_motion_noise_level2.mp4,motion_noise,level2,/home/jv495/Datasets/GAIM240/subway_motion_noise_level2.mp4,subway_noise_colors_level2.mp4,noise_colors,level2,/home/jv495/Datasets/GAIM240/subway_noise_colors_level2.mp4
2095,subway,INTER-DISTORTION,subway_reference.mp4,/home/jv495/Datasets/GAIM240/subway_reference.mp4,subway_motion_noise_level2.mp4,motion_noise,level2,/home/jv495/Datasets/GAIM240/subway_motion_noise_level2.mp4,subway_restir_level0.mp4,restir,level0,/home/jv495/Datasets/GAIM240/subway_restir_level0.mp4
2096,subway,INTER-DISTORTION,subway_reference.mp4,/home/jv495/Datasets/GAIM240/subway_reference.mp4,subway_motion_noise_level2.mp4,motion_noise,level2,/home/jv495/Datasets/GAIM240/subway_motion_noise_level2.mp4,subway_restir_level1.mp4,restir,level1,/home/jv495/Datasets/GAIM240/subway_restir_level1.mp4
2097,subway,INTER-DISTORTION,subway_reference.mp4,/home/jv495/Datasets/GAIM240/subway_reference.mp4,subway_motion_noise_level2.mp4,motion_noise,level2,/home/jv495/Datasets/GAIM240/subway_motion_noise_level2.mp4,subway_restir_level2.mp4,restir,level2,/home/jv495/Datasets/GAIM240/subway_restir_level2.mp4
2098,subway,INTER-DISTORTION,subway_reference.mp4,/home/jv495/Datasets/GAIM240/subway_reference.mp4,subway_motion_noise_level2.mp4,motion_noise,level2,/home/jv495/Datasets/GAIM240/subway_motion_noise_level2.mp4,subway_stutter_level0.mp4,stutter,level0,/home/jv495/Datasets/GAIM240/subway_stutter_level0.mp4
2099,subway,INTER-DISTORTION,subway_reference.mp4,/home/jv495/Datasets/GAIM240/subway_reference.mp4,subway_motion_noise_level2.mp4,motion_noise,level2,/home/jv495/Datasets/GAIM240/subway_motion_noise_level2.mp4,subway_stutter_level1.mp4,stutter,level1,/home/jv495/Datasets/GAIM240/subway_stutter_level1.mp4
2100,subway,INTER-DISTORTION,subway_reference.mp4,/home/jv495/Datasets/GAIM240/subway_reference.mp4,subway_motion_noise_level2.mp4,motion_noise,level2,/home/jv495/Datasets/GAIM240/subway_motion_noise_level2.mp4,subway_stutter_level2.mp4,stutter,level2,/home/jv495/Datasets/GAIM240/subway_stutter_level2.mp4
2101,subway,INTER-DISTORTION,subway_reference.mp4,/home/jv495/Datasets/GAIM240/subway_reference.mp4,subway_motion_noise_level2.mp4,motion_noise,level2,/home/jv495/Datasets/GAIM240/subway_motion_noise_level2.mp4,subway_temporal-resolution-multiplexing_level0.mp4,temporal-resolution-multiplexing,level0,/home/jv495/Datasets/GAIM240/subway_temporal-resolution-multiplexing_level0.mp4
2102,subway,INTER-DISTORTION,subway_reference.mp4,/home/jv495/Datasets/GAIM240/subway_reference.mp4,subway_motion_noise_level2.mp4,motion_noise,level2,/home/jv495/Datasets/GAIM240/subway_motion_noise_level2.mp4,subway_temporal-resolution-multiplexing_level1.mp4,temporal-resolution-multiplexing,level1,/home/jv495/Datasets/GAIM240/subway_temporal-resolution-multiplexing_level1.mp4
2103,subway,INTER-DISTORTION,subway_reference.mp4,/home/jv495/Datasets/GAIM240/subway_reference.mp4,subway_motion_noise_level2.mp4,motion_noise,level2,/home/jv495/Datasets/GAIM240/subway_motion_noise_level2.mp4,subway_temporal-resolution-multiplexing_level2.mp4,temporal-resolution-multiplexing,level2,/home/jv495/Datasets/GAIM240/subway_temporal-resolution-multiplexing_level2.mp4
2104,subway,INTRA-DISTORTION,subway_reference.mp4,/home/jv495/Datasets/GAIM240/subway_reference.mp4,subway_motion_resolution_level0.mp4,motion_resolution,level0,/home/jv495/Datasets/GAIM240/subway_motion_resolution_level0.mp4,subway_motion_resolution_level1.mp4,motion_resolution,level1,/home/jv495/Datasets/GAIM240/subway_motion_resolution_level1.mp4
2105,subway,INTRA-DISTORTION,subway_reference.mp4,/home/jv495/Datasets/GAIM240/subway_reference.mp4,subway_motion_resolution_level0.mp4,motion_resolution,level0,/home/jv495/Datasets/GAIM240/subway_motion_resolution_level0.mp4,subway_motion_resolution_level2.mp4,motion_resolution,level2,/home/jv495/Datasets/GAIM240/subway_motion_resolution_level2.mp4
2106,subway,INTER-DISTORTION,subway_reference.mp4,/home/jv495/Datasets/GAIM240/subway_reference.mp4,subway_motion_resolution_level0.mp4,motion_resolution,level0,/home/jv495/Datasets/GAIM240/subway_motion_resolution_level0.mp4,subway_noise_colors_level0.mp4,noise_colors,level0,/home/jv495/Datasets/GAIM240/subway_noise_colors_level0.mp4
2107,subway,INTER-DISTORTION,subway_reference.mp4,/home/jv495/Datasets/GAIM240/subway_reference.mp4,subway_motion_resolution_level0.mp4,motion_resolution,level0,/home/jv495/Datasets/GAIM240/subway_motion_resolution_level0.mp4,subway_noise_colors_level1.mp4,noise_colors,level1,/home/jv495/Datasets/GAIM240/subway_noise_colors_level1.mp4
2108,subway,INTER-DISTORTION,subway_reference.mp4,/home/jv495/Datasets/GAIM240/subway_reference.mp4,subway_motion_resolution_level0.mp4,motion_resolution,level0,/home/jv495/Datasets/GAIM240/subway_motion_resolution_level0.mp4,subway_noise_colors_level2.mp4,noise_colors,level2,/home/jv495/Datasets/GAIM240/subway_noise_colors_level2.mp4
2109,subway,INTER-DISTORTION,subway_reference.mp4,/home/jv495/Datasets/GAIM240/subway_reference.mp4,subway_motion_resolution_level0.mp4,motion_resolution,level0,/home/jv495/Datasets/GAIM240/subway_motion_resolution_level0.mp4,subway_restir_level0.mp4,restir,level0,/home/jv495/Datasets/GAIM240/subway_restir_level0.mp4
2110,subway,INTER-DISTORTION,subway_reference.mp4,/home/jv495/Datasets/GAIM240/subway_reference.mp4,subway_motion_resolution_level0.mp4,motion_resolution,level0,/home/jv495/Datasets/GAIM240/subway_motion_resolution_level0.mp4,subway_restir_level1.mp4,restir,level1,/home/jv495/Datasets/GAIM240/subway_restir_level1.mp4
2111,subway,INTER-DISTORTION,subway_reference.mp4,/home/jv495/Datasets/GAIM240/subway_reference.mp4,subway_motion_resolution_level0.mp4,motion_resolution,level0,/home/jv495/Datasets/GAIM240/subway_motion_resolution_level0.mp4,subway_restir_level2.mp4,restir,level2,/home/jv495/Datasets/GAIM240/subway_restir_level2.mp4
2112,subway,INTER-DISTORTION,subway_reference.mp4,/home/jv495/Datasets/GAIM240/subway_reference.mp4,subway_motion_resolution_level0.mp4,motion_resolution,level0,/home/jv495/Datasets/GAIM240/subway_motion_resolution_level0.mp4,subway_stutter_level0.mp4,stutter,level0,/home/jv495/Datasets/GAIM240/subway_stutter_level0.mp4
2113,subway,INTER-DISTORTION,subway_reference.mp4,/home/jv495/Datasets/GAIM240/subway_reference.mp4,subway_motion_resolution_level0.mp4,motion_resolution,level0,/home/jv495/Datasets/GAIM240/subway_motion_resolution_level0.mp4,subway_stutter_level1.mp4,stutter,level1,/home/jv495/Datasets/GAIM240/subway_stutter_level1.mp4
2114,subway,INTER-DISTORTION,subway_reference.mp4,/home/jv495/Datasets/GAIM240/subway_reference.mp4,subway_motion_resolution_level0.mp4,motion_resolution,level0,/home/jv495/Datasets/GAIM240/subway_motion_resolution_level0.mp4,subway_stutter_level2.mp4,stutter,level2,/home/jv495/Datasets/GAIM240/subway_stutter_level2.mp4
2115,subway,INTER-DISTORTION,subway_reference.mp4,/home/jv495/Datasets/GAIM240/subway_reference.mp4,subway_motion_resolution_level0.mp4,motion_resolution,level0,/home/jv495/Datasets/GAIM240/subway_motion_resolution_level0.mp4,subway_temporal-resolution-multiplexing_level0.mp4,temporal-resolution-multiplexing,level0,/home/jv495/Datasets/GAIM240/subway_temporal-resolution-multiplexing_level0.mp4
2116,subway,INTER-DISTORTION,subway_reference.mp4,/home/jv495/Datasets/GAIM240/subway_reference.mp4,subway_motion_resolution_level0.mp4,motion_resolution,level0,/home/jv495/Datasets/GAIM240/subway_motion_resolution_level0.mp4,subway_temporal-resolution-multiplexing_level1.mp4,temporal-resolution-multiplexing,level1,/home/jv495/Datasets/GAIM240/subway_temporal-resolution-multiplexing_level1.mp4
2117,subway,INTER-DISTORTION,subway_reference.mp4,/home/jv495/Datasets/GAIM240/subway_reference.mp4,subway_motion_resolution_level0.mp4,motion_resolution,level0,/home/jv495/Datasets/GAIM240/subway_motion_resolution_level0.mp4,subway_temporal-resolution-multiplexing_level2.mp4,temporal-resolution-multiplexing,level2,/home/jv495/Datasets/GAIM240/subway_temporal-resolution-multiplexing_level2.mp4
2118,subway,INTRA-DISTORTION,subway_reference.mp4,/home/jv495/Datasets/GAIM240/subway_reference.mp4,subway_motion_resolution_level1.mp4,motion_resolution,level1,/home/jv495/Datasets/GAIM240/subway_motion_resolution_level1.mp4,subway_motion_resolution_level2.mp4,motion_resolution,level2,/home/jv495/Datasets/GAIM240/subway_motion_resolution_level2.mp4
2119,subway,INTER-DISTORTION,subway_reference.mp4,/home/jv495/Datasets/GAIM240/subway_reference.mp4,subway_motion_resolution_level1.mp4,motion_resolution,level1,/home/jv495/Datasets/GAIM240/subway_motion_resolution_level1.mp4,subway_noise_colors_level0.mp4,noise_colors,level0,/home/jv495/Datasets/GAIM240/subway_noise_colors_level0.mp4
2120,subway,INTER-DISTORTION,subway_reference.mp4,/home/jv495/Datasets/GAIM240/subway_reference.mp4,subway_motion_resolution_level1.mp4,motion_resolution,level1,/home/jv495/Datasets/GAIM240/subway_motion_resolution_level1.mp4,subway_noise_colors_level1.mp4,noise_colors,level1,/home/jv495/Datasets/GAIM240/subway_noise_colors_level1.mp4
2121,subway,INTER-DISTORTION,subway_reference.mp4,/home/jv495/Datasets/GAIM240/subway_reference.mp4,subway_motion_resolution_level1.mp4,motion_resolution,level1,/home/jv495/Datasets/GAIM240/subway_motion_resolution_level1.mp4,subway_noise_colors_level2.mp4,noise_colors,level2,/home/jv495/Datasets/GAIM240/subway_noise_colors_level2.mp4
2122,subway,INTER-DISTORTION,subway_reference.mp4,/home/jv495/Datasets/GAIM240/subway_reference.mp4,subway_motion_resolution_level1.mp4,motion_resolution,level1,/home/jv495/Datasets/GAIM240/subway_motion_resolution_level1.mp4,subway_restir_level0.mp4,restir,level0,/home/jv495/Datasets/GAIM240/subway_restir_level0.mp4
2123,subway,INTER-DISTORTION,subway_reference.mp4,/home/jv495/Datasets/GAIM240/subway_reference.mp4,subway_motion_resolution_level1.mp4,motion_resolution,level1,/home/jv495/Datasets/GAIM240/subway_motion_resolution_level1.mp4,subway_restir_level1.mp4,restir,level1,/home/jv495/Datasets/GAIM240/subway_restir_level1.mp4
2124,subway,INTER-DISTORTION,subway_reference.mp4,/home/jv495/Datasets/GAIM240/subway_reference.mp4,subway_motion_resolution_level1.mp4,motion_resolution,level1,/home/jv495/Datasets/GAIM240/subway_motion_resolution_level1.mp4,subway_restir_level2.mp4,restir,level2,/home/jv495/Datasets/GAIM240/subway_restir_level2.mp4
2125,subway,INTER-DISTORTION,subway_reference.mp4,/home/jv495/Datasets/GAIM240/subway_reference.mp4,subway_motion_resolution_level1.mp4,motion_resolution,level1,/home/jv495/Datasets/GAIM240/subway_motion_resolution_level1.mp4,subway_stutter_level0.mp4,stutter,level0,/home/jv495/Datasets/GAIM240/subway_stutter_level0.mp4
2126,subway,INTER-DISTORTION,subway_reference.mp4,/home/jv495/Datasets/GAIM240/subway_reference.mp4,subway_motion_resolution_level1.mp4,motion_resolution,level1,/home/jv495/Datasets/GAIM240/subway_motion_resolution_level1.mp4,subway_stutter_level1.mp4,stutter,level1,/home/jv495/Datasets/GAIM240/subway_stutter_level1.mp4
2127,subway,INTER-DISTORTION,subway_reference.mp4,/home/jv495/Datasets/GAIM240/subway_reference.mp4,subway_motion_resolution_level1.mp4,motion_resolution,level1,/home/jv495/Datasets/GAIM240/subway_motion_resolution_level1.mp4,subway_stutter_level2.mp4,stutter,level2,/home/jv495/Datasets/GAIM240/subway_stutter_level2.mp4
2128,subway,INTER-DISTORTION,subway_reference.mp4,/home/jv495/Datasets/GAIM240/subway_reference.mp4,subway_motion_resolution_level1.mp4,motion_resolution,level1,/home/jv495/Datasets/GAIM240/subway_motion_resolution_level1.mp4,subway_temporal-resolution-multiplexing_level0.mp4,temporal-resolution-multiplexing,level0,/home/jv495/Datasets/GAIM240/subway_temporal-resolution-multiplexing_level0.mp4
2129,subway,INTER-DISTORTION,subway_reference.mp4,/home/jv495/Datasets/GAIM240/subway_reference.mp4,subway_motion_resolution_level1.mp4,motion_resolution,level1,/home/jv495/Datasets/GAIM240/subway_motion_resolution_level1.mp4,subway_temporal-resolution-multiplexing_level1.mp4,temporal-resolution-multiplexing,level1,/home/jv495/Datasets/GAIM240/subway_temporal-resolution-multiplexing_level1.mp4
2130,subway,INTER-DISTORTION,subway_reference.mp4,/home/jv495/Datasets/GAIM240/subway_reference.mp4,subway_motion_resolution_level1.mp4,motion_resolution,level1,/home/jv495/Datasets/GAIM240/subway_motion_resolution_level1.mp4,subway_temporal-resolution-multiplexing_level2.mp4,temporal-resolution-multiplexing,level2,/home/jv495/Datasets/GAIM240/subway_temporal-resolution-multiplexing_level2.mp4
2131,subway,INTER-DISTORTION,subway_reference.mp4,/home/jv495/Datasets/GAIM240/subway_reference.mp4,subway_motion_resolution_level2.mp4,motion_resolution,level2,/home/jv495/Datasets/GAIM240/subway_motion_resolution_level2.mp4,subway_noise_colors_level0.mp4,noise_colors,level0,/home/jv495/Datasets/GAIM240/subway_noise_colors_level0.mp4
2132,subway,INTER-DISTORTION,subway_reference.mp4,/home/jv495/Datasets/GAIM240/subway_reference.mp4,subway_motion_resolution_level2.mp4,motion_resolution,level2,/home/jv495/Datasets/GAIM240/subway_motion_resolution_level2.mp4,subway_noise_colors_level1.mp4,noise_colors,level1,/home/jv495/Datasets/GAIM240/subway_noise_colors_level1.mp4
2133,subway,INTER-DISTORTION,subway_reference.mp4,/home/jv495/Datasets/GAIM240/subway_reference.mp4,subway_motion_resolution_level2.mp4,motion_resolution,level2,/home/jv495/Datasets/GAIM240/subway_motion_resolution_level2.mp4,subway_noise_colors_level2.mp4,noise_colors,level2,/home/jv495/Datasets/GAIM240/subway_noise_colors_level2.mp4
2134,subway,INTER-DISTORTION,subway_reference.mp4,/home/jv495/Datasets/GAIM240/subway_reference.mp4,subway_motion_resolution_level2.mp4,motion_resolution,level2,/home/jv495/Datasets/GAIM240/subway_motion_resolution_level2.mp4,subway_restir_level0.mp4,restir,level0,/home/jv495/Datasets/GAIM240/subway_restir_level0.mp4
2135,subway,INTER-DISTORTION,subway_reference.mp4,/home/jv495/Datasets/GAIM240/subway_reference.mp4,subway_motion_resolution_level2.mp4,motion_resolution,level2,/home/jv495/Datasets/GAIM240/subway_motion_resolution_level2.mp4,subway_restir_level1.mp4,restir,level1,/home/jv495/Datasets/GAIM240/subway_restir_level1.mp4
2136,subway,INTER-DISTORTION,subway_reference.mp4,/home/jv495/Datasets/GAIM240/subway_reference.mp4,subway_motion_resolution_level2.mp4,motion_resolution,level2,/home/jv495/Datasets/GAIM240/subway_motion_resolution_level2.mp4,subway_restir_level2.mp4,restir,level2,/home/jv495/Datasets/GAIM240/subway_restir_level2.mp4
2137,subway,INTER-DISTORTION,subway_reference.mp4,/home/jv495/Datasets/GAIM240/subway_reference.mp4,subway_motion_resolution_level2.mp4,motion_resolution,level2,/home/jv495/Datasets/GAIM240/subway_motion_resolution_level2.mp4,subway_stutter_level0.mp4,stutter,level0,/home/jv495/Datasets/GAIM240/subway_stutter_level0.mp4
2138,subway,INTER-DISTORTION,subway_reference.mp4,/home/jv495/Datasets/GAIM240/subway_reference.mp4,subway_motion_resolution_level2.mp4,motion_resolution,level2,/home/jv495/Datasets/GAIM240/subway_motion_resolution_level2.mp4,subway_stutter_level1.mp4,stutter,level1,/home/jv495/Datasets/GAIM240/subway_stutter_level1.mp4
2139,subway,INTER-DISTORTION,subway_reference.mp4,/home/jv495/Datasets/GAIM240/subway_reference.mp4,subway_motion_resolution_level2.mp4,motion_resolution,level2,/home/jv495/Datasets/GAIM240/subway_motion_resolution_level2.mp4,subway_stutter_level2.mp4,stutter,level2,/home/jv495/Datasets/GAIM240/subway_stutter_level2.mp4
2140,subway,INTER-DISTORTION,subway_reference.mp4,/home/jv495/Datasets/GAIM240/subway_reference.mp4,subway_motion_resolution_level2.mp4,motion_resolution,level2,/home/jv495/Datasets/GAIM240/subway_motion_resolution_level2.mp4,subway_temporal-resolution-multiplexing_level0.mp4,temporal-resolution-multiplexing,level0,/home/jv495/Datasets/GAIM240/subway_temporal-resolution-multiplexing_level0.mp4
2141,subway,INTER-DISTORTION,subway_reference.mp4,/home/jv495/Datasets/GAIM240/subway_reference.mp4,subway_motion_resolution_level2.mp4,motion_resolution,level2,/home/jv495/Datasets/GAIM240/subway_motion_resolution_level2.mp4,subway_temporal-resolution-multiplexing_level1.mp4,temporal-resolution-multiplexing,level1,/home/jv495/Datasets/GAIM240/subway_temporal-resolution-multiplexing_level1.mp4
2142,subway,INTER-DISTORTION,subway_reference.mp4,/home/jv495/Datasets/GAIM240/subway_reference.mp4,subway_motion_resolution_level2.mp4,motion_resolution,level2,/home/jv495/Datasets/GAIM240/subway_motion_resolution_level2.mp4,subway_temporal-resolution-multiplexing_level2.mp4,temporal-resolution-multiplexing,level2,/home/jv495/Datasets/GAIM240/subway_temporal-resolution-multiplexing_level2.mp4
2143,subway,INTRA-DISTORTION,subway_reference.mp4,/home/jv495/Datasets/GAIM240/subway_reference.mp4,subway_noise_colors_level0.mp4,noise_colors,level0,/home/jv495/Datasets/GAIM240/subway_noise_colors_level0.mp4,subway_noise_colors_level1.mp4,noise_colors,level1,/home/jv495/Datasets/GAIM240/subway_noise_colors_level1.mp4
2144,subway,INTRA-DISTORTION,subway_reference.mp4,/home/jv495/Datasets/GAIM240/subway_reference.mp4,subway_noise_colors_level0.mp4,noise_colors,level0,/home/jv495/Datasets/GAIM240/subway_noise_colors_level0.mp4,subway_noise_colors_level2.mp4,noise_colors,level2,/home/jv495/Datasets/GAIM240/subway_noise_colors_level2.mp4
2145,subway,INTER-DISTORTION,subway_reference.mp4,/home/jv495/Datasets/GAIM240/subway_reference.mp4,subway_noise_colors_level0.mp4,noise_colors,level0,/home/jv495/Datasets/GAIM240/subway_noise_colors_level0.mp4,subway_restir_level0.mp4,restir,level0,/home/jv495/Datasets/GAIM240/subway_restir_level0.mp4
2146,subway,INTER-DISTORTION,subway_reference.mp4,/home/jv495/Datasets/GAIM240/subway_reference.mp4,subway_noise_colors_level0.mp4,noise_colors,level0,/home/jv495/Datasets/GAIM240/subway_noise_colors_level0.mp4,subway_restir_level1.mp4,restir,level1,/home/jv495/Datasets/GAIM240/subway_restir_level1.mp4
2147,subway,INTER-DISTORTION,subway_reference.mp4,/home/jv495/Datasets/GAIM240/subway_reference.mp4,subway_noise_colors_level0.mp4,noise_colors,level0,/home/jv495/Datasets/GAIM240/subway_noise_colors_level0.mp4,subway_restir_level2.mp4,restir,level2,/home/jv495/Datasets/GAIM240/subway_restir_level2.mp4
2148,subway,INTER-DISTORTION,subway_reference.mp4,/home/jv495/Datasets/GAIM240/subway_reference.mp4,subway_noise_colors_level0.mp4,noise_colors,level0,/home/jv495/Datasets/GAIM240/subway_noise_colors_level0.mp4,subway_stutter_level0.mp4,stutter,level0,/home/jv495/Datasets/GAIM240/subway_stutter_level0.mp4
2149,subway,INTER-DISTORTION,subway_reference.mp4,/home/jv495/Datasets/GAIM240/subway_reference.mp4,subway_noise_colors_level0.mp4,noise_colors,level0,/home/jv495/Datasets/GAIM240/subway_noise_colors_level0.mp4,subway_stutter_level1.mp4,stutter,level1,/home/jv495/Datasets/GAIM240/subway_stutter_level1.mp4
2150,subway,INTER-DISTORTION,subway_reference.mp4,/home/jv495/Datasets/GAIM240/subway_reference.mp4,subway_noise_colors_level0.mp4,noise_colors,level0,/home/jv495/Datasets/GAIM240/subway_noise_colors_level0.mp4,subway_stutter_level2.mp4,stutter,level2,/home/jv495/Datasets/GAIM240/subway_stutter_level2.mp4
2151,subway,INTER-DISTORTION,subway_reference.mp4,/home/jv495/Datasets/GAIM240/subway_reference.mp4,subway_noise_colors_level0.mp4,noise_colors,level0,/home/jv495/Datasets/GAIM240/subway_noise_colors_level0.mp4,subway_temporal-resolution-multiplexing_level0.mp4,temporal-resolution-multiplexing,level0,/home/jv495/Datasets/GAIM240/subway_temporal-resolution-multiplexing_level0.mp4
2152,subway,INTER-DISTORTION,subway_reference.mp4,/home/jv495/Datasets/GAIM240/subway_reference.mp4,subway_noise_colors_level0.mp4,noise_colors,level0,/home/jv495/Datasets/GAIM240/subway_noise_colors_level0.mp4,subway_temporal-resolution-multiplexing_level1.mp4,temporal-resolution-multiplexing,level1,/home/jv495/Datasets/GAIM240/subway_temporal-resolution-multiplexing_level1.mp4
2153,subway,INTER-DISTORTION,subway_reference.mp4,/home/jv495/Datasets/GAIM240/subway_reference.mp4,subway_noise_colors_level0.mp4,noise_colors,level0,/home/jv495/Datasets/GAIM240/subway_noise_colors_level0.mp4,subway_temporal-resolution-multiplexing_level2.mp4,temporal-resolution-multiplexing,level2,/home/jv495/Datasets/GAIM240/subway_temporal-resolution-multiplexing_level2.mp4
2154,subway,INTRA-DISTORTION,subway_reference.mp4,/home/jv495/Datasets/GAIM240/subway_reference.mp4,subway_noise_colors_level1.mp4,noise_colors,level1,/home/jv495/Datasets/GAIM240/subway_noise_colors_level1.mp4,subway_noise_colors_level2.mp4,noise_colors,level2,/home/jv495/Datasets/GAIM240/subway_noise_colors_level2.mp4
2155,subway,INTER-DISTORTION,subway_reference.mp4,/home/jv495/Datasets/GAIM240/subway_reference.mp4,subway_noise_colors_level1.mp4,noise_colors,level1,/home/jv495/Datasets/GAIM240/subway_noise_colors_level1.mp4,subway_restir_level0.mp4,restir,level0,/home/jv495/Datasets/GAIM240/subway_restir_level0.mp4
2156,subway,INTER-DISTORTION,subway_reference.mp4,/home/jv495/Datasets/GAIM240/subway_reference.mp4,subway_noise_colors_level1.mp4,noise_colors,level1,/home/jv495/Datasets/GAIM240/subway_noise_colors_level1.mp4,subway_restir_level1.mp4,restir,level1,/home/jv495/Datasets/GAIM240/subway_restir_level1.mp4
2157,subway,INTER-DISTORTION,subway_reference.mp4,/home/jv495/Datasets/GAIM240/subway_reference.mp4,subway_noise_colors_level1.mp4,noise_colors,level1,/home/jv495/Datasets/GAIM240/subway_noise_colors_level1.mp4,subway_restir_level2.mp4,restir,level2,/home/jv495/Datasets/GAIM240/subway_restir_level2.mp4
2158,subway,INTER-DISTORTION,subway_reference.mp4,/home/jv495/Datasets/GAIM240/subway_reference.mp4,subway_noise_colors_level1.mp4,noise_colors,level1,/home/jv495/Datasets/GAIM240/subway_noise_colors_level1.mp4,subway_stutter_level0.mp4,stutter,level0,/home/jv495/Datasets/GAIM240/subway_stutter_level0.mp4
2159,subway,INTER-DISTORTION,subway_reference.mp4,/home/jv495/Datasets/GAIM240/subway_reference.mp4,subway_noise_colors_level1.mp4,noise_colors,level1,/home/jv495/Datasets/GAIM240/subway_noise_colors_level1.mp4,subway_stutter_level1.mp4,stutter,level1,/home/jv495/Datasets/GAIM240/subway_stutter_level1.mp4
2160,subway,INTER-DISTORTION,subway_reference.mp4,/home/jv495/Datasets/GAIM240/subway_reference.mp4,subway_noise_colors_level1.mp4,noise_colors,level1,/home/jv495/Datasets/GAIM240/subway_noise_colors_level1.mp4,subway_stutter_level2.mp4,stutter,level2,/home/jv495/Datasets/GAIM240/subway_stutter_level2.mp4
2161,subway,INTER-DISTORTION,subway_reference.mp4,/home/jv495/Datasets/GAIM240/subway_reference.mp4,subway_noise_colors_level1.mp4,noise_colors,level1,/home/jv495/Datasets/GAIM240/subway_noise_colors_level1.mp4,subway_temporal-resolution-multiplexing_level0.mp4,temporal-resolution-multiplexing,level0,/home/jv495/Datasets/GAIM240/subway_temporal-resolution-multiplexing_level0.mp4
2162,subway,INTER-DISTORTION,subway_reference.mp4,/home/jv495/Datasets/GAIM240/subway_reference.mp4,subway_noise_colors_level1.mp4,noise_colors,level1,/home/jv495/Datasets/GAIM240/subway_noise_colors_level1.mp4,subway_temporal-resolution-multiplexing_level1.mp4,temporal-resolution-multiplexing,level1,/home/jv495/Datasets/GAIM240/subway_temporal-resolution-multiplexing_level1.mp4
2163,subway,INTER-DISTORTION,subway_reference.mp4,/home/jv495/Datasets/GAIM240/subway_reference.mp4,subway_noise_colors_level1.mp4,noise_colors,level1,/home/jv495/Datasets/GAIM240/subway_noise_colors_level1.mp4,subway_temporal-resolution-multiplexing_level2.mp4,temporal-resolution-multiplexing,level2,/home/jv495/Datasets/GAIM240/subway_temporal-resolution-multiplexing_level2.mp4
2164,subway,INTER-DISTORTION,subway_reference.mp4,/home/jv495/Datasets/GAIM240/subway_reference.mp4,subway_noise_colors_level2.mp4,noise_colors,level2,/home/jv495/Datasets/GAIM240/subway_noise_colors_level2.mp4,subway_restir_level0.mp4,restir,level0,/home/jv495/Datasets/GAIM240/subway_restir_level0.mp4
2165,subway,INTER-DISTORTION,subway_reference.mp4,/home/jv495/Datasets/GAIM240/subway_reference.mp4,subway_noise_colors_level2.mp4,noise_colors,level2,/home/jv495/Datasets/GAIM240/subway_noise_colors_level2.mp4,subway_restir_level1.mp4,restir,level1,/home/jv495/Datasets/GAIM240/subway_restir_level1.mp4
2166,subway,INTER-DISTORTION,subway_reference.mp4,/home/jv495/Datasets/GAIM240/subway_reference.mp4,subway_noise_colors_level2.mp4,noise_colors,level2,/home/jv495/Datasets/GAIM240/subway_noise_colors_level2.mp4,subway_restir_level2.mp4,restir,level2,/home/jv495/Datasets/GAIM240/subway_restir_level2.mp4
2167,subway,INTER-DISTORTION,subway_reference.mp4,/home/jv495/Datasets/GAIM240/subway_reference.mp4,subway_noise_colors_level2.mp4,noise_colors,level2,/home/jv495/Datasets/GAIM240/subway_noise_colors_level2.mp4,subway_stutter_level0.mp4,stutter,level0,/home/jv495/Datasets/GAIM240/subway_stutter_level0.mp4
2168,subway,INTER-DISTORTION,subway_reference.mp4,/home/jv495/Datasets/GAIM240/subway_reference.mp4,subway_noise_colors_level2.mp4,noise_colors,level2,/home/jv495/Datasets/GAIM240/subway_noise_colors_level2.mp4,subway_stutter_level1.mp4,stutter,level1,/home/jv495/Datasets/GAIM240/subway_stutter_level1.mp4
2169,subway,INTER-DISTORTION,subway_reference.mp4,/home/jv495/Datasets/GAIM240/subway_reference.mp4,subway_noise_colors_level2.mp4,noise_colors,level2,/home/jv495/Datasets/GAIM240/subway_noise_colors_level2.mp4,subway_stutter_level2.mp4,stutter,level2,/home/jv495/Datasets/GAIM240/subway_stutter_level2.mp4
2170,subway,INTER-DISTORTION,subway_reference.mp4,/home/jv495/Datasets/GAIM240/subway_reference.mp4,subway_noise_colors_level2.mp4,noise_colors,level2,/home/jv495/Datasets/GAIM240/subway_noise_colors_level2.mp4,subway_temporal-resolution-multiplexing_level0.mp4,temporal-resolution-multiplexing,level0,/home/jv495/Datasets/GAIM240/subway_temporal-resolution-multiplexing_level0.mp4
2171,subway,INTER-DISTORTION,subway_reference.mp4,/home/jv495/Datasets/GAIM240/subway_reference.mp4,subway_noise_colors_level2.mp4,noise_colors,level2,/home/jv495/Datasets/GAIM240/subway_noise_colors_level2.mp4,subway_temporal-resolution-multiplexing_level1.mp4,temporal-resolution-multiplexing,level1,/home/jv495/Datasets/GAIM240/subway_temporal-resolution-multiplexing_level1.mp4
2172,subway,INTER-DISTORTION,subway_reference.mp4,/home/jv495/Datasets/GAIM240/subway_reference.mp4,subway_noise_colors_level2.mp4,noise_colors,level2,/home/jv495/Datasets/GAIM240/subway_noise_colors_level2.mp4,subway_temporal-resolution-multiplexing_level2.mp4,temporal-resolution-multiplexing,level2,/home/jv495/Datasets/GAIM240/subway_temporal-resolution-multiplexing_level2.mp4
2173,subway,INTRA-DISTORTION,subway_reference.mp4,/home/jv495/Datasets/GAIM240/subway_reference.mp4,subway_restir_level0.mp4,restir,level0,/home/jv495/Datasets/GAIM240/subway_restir_level0.mp4,subway_restir_level1.mp4,restir,level1,/home/jv495/Datasets/GAIM240/subway_restir_level1.mp4
2174,subway,INTRA-DISTORTION,subway_reference.mp4,/home/jv495/Datasets/GAIM240/subway_reference.mp4,subway_restir_level0.mp4,restir,level0,/home/jv495/Datasets/GAIM240/subway_restir_level0.mp4,subway_restir_level2.mp4,restir,level2,/home/jv495/Datasets/GAIM240/subway_restir_level2.mp4
2175,subway,INTER-DISTORTION,subway_reference.mp4,/home/jv495/Datasets/GAIM240/subway_reference.mp4,subway_restir_level0.mp4,restir,level0,/home/jv495/Datasets/GAIM240/subway_restir_level0.mp4,subway_stutter_level0.mp4,stutter,level0,/home/jv495/Datasets/GAIM240/subway_stutter_level0.mp4
2176,subway,INTER-DISTORTION,subway_reference.mp4,/home/jv495/Datasets/GAIM240/subway_reference.mp4,subway_restir_level0.mp4,restir,level0,/home/jv495/Datasets/GAIM240/subway_restir_level0.mp4,subway_stutter_level1.mp4,stutter,level1,/home/jv495/Datasets/GAIM240/subway_stutter_level1.mp4
2177,subway,INTER-DISTORTION,subway_reference.mp4,/home/jv495/Datasets/GAIM240/subway_reference.mp4,subway_restir_level0.mp4,restir,level0,/home/jv495/Datasets/GAIM240/subway_restir_level0.mp4,subway_stutter_level2.mp4,stutter,level2,/home/jv495/Datasets/GAIM240/subway_stutter_level2.mp4
2178,subway,INTER-DISTORTION,subway_reference.mp4,/home/jv495/Datasets/GAIM240/subway_reference.mp4,subway_restir_level0.mp4,restir,level0,/home/jv495/Datasets/GAIM240/subway_restir_level0.mp4,subway_temporal-resolution-multiplexing_level0.mp4,temporal-resolution-multiplexing,level0,/home/jv495/Datasets/GAIM240/subway_temporal-resolution-multiplexing_level0.mp4
2179,subway,INTER-DISTORTION,subway_reference.mp4,/home/jv495/Datasets/GAIM240/subway_reference.mp4,subway_restir_level0.mp4,restir,level0,/home/jv495/Datasets/GAIM240/subway_restir_level0.mp4,subway_temporal-resolution-multiplexing_level1.mp4,temporal-resolution-multiplexing,level1,/home/jv495/Datasets/GAIM240/subway_temporal-resolution-multiplexing_level1.mp4
2180,subway,INTER-DISTORTION,subway_reference.mp4,/home/jv495/Datasets/GAIM240/subway_reference.mp4,subway_restir_level0.mp4,restir,level0,/home/jv495/Datasets/GAIM240/subway_restir_level0.mp4,subway_temporal-resolution-multiplexing_level2.mp4,temporal-resolution-multiplexing,level2,/home/jv495/Datasets/GAIM240/subway_temporal-resolution-multiplexing_level2.mp4
2181,subway,INTRA-DISTORTION,subway_reference.mp4,/home/jv495/Datasets/GAIM240/subway_reference.mp4,subway_restir_level1.mp4,restir,level1,/home/jv495/Datasets/GAIM240/subway_restir_level1.mp4,subway_restir_level2.mp4,restir,level2,/home/jv495/Datasets/GAIM240/subway_restir_level2.mp4
2182,subway,INTER-DISTORTION,subway_reference.mp4,/home/jv495/Datasets/GAIM240/subway_reference.mp4,subway_restir_level1.mp4,restir,level1,/home/jv495/Datasets/GAIM240/subway_restir_level1.mp4,subway_stutter_level0.mp4,stutter,level0,/home/jv495/Datasets/GAIM240/subway_stutter_level0.mp4
2183,subway,INTER-DISTORTION,subway_reference.mp4,/home/jv495/Datasets/GAIM240/subway_reference.mp4,subway_restir_level1.mp4,restir,level1,/home/jv495/Datasets/GAIM240/subway_restir_level1.mp4,subway_stutter_level1.mp4,stutter,level1,/home/jv495/Datasets/GAIM240/subway_stutter_level1.mp4
2184,subway,INTER-DISTORTION,subway_reference.mp4,/home/jv495/Datasets/GAIM240/subway_reference.mp4,subway_restir_level1.mp4,restir,level1,/home/jv495/Datasets/GAIM240/subway_restir_level1.mp4,subway_stutter_level2.mp4,stutter,level2,/home/jv495/Datasets/GAIM240/subway_stutter_level2.mp4
2185,subway,INTER-DISTORTION,subway_reference.mp4,/home/jv495/Datasets/GAIM240/subway_reference.mp4,subway_restir_level1.mp4,restir,level1,/home/jv495/Datasets/GAIM240/subway_restir_level1.mp4,subway_temporal-resolution-multiplexing_level0.mp4,temporal-resolution-multiplexing,level0,/home/jv495/Datasets/GAIM240/subway_temporal-resolution-multiplexing_level0.mp4
2186,subway,INTER-DISTORTION,subway_reference.mp4,/home/jv495/Datasets/GAIM240/subway_reference.mp4,subway_restir_level1.mp4,restir,level1,/home/jv495/Datasets/GAIM240/subway_restir_level1.mp4,subway_temporal-resolution-multiplexing_level1.mp4,temporal-resolution-multiplexing,level1,/home/jv495/Datasets/GAIM240/subway_temporal-resolution-multiplexing_level1.mp4
2187,subway,INTER-DISTORTION,subway_reference.mp4,/home/jv495/Datasets/GAIM240/subway_reference.mp4,subway_restir_level1.mp4,restir,level1,/home/jv495/Datasets/GAIM240/subway_restir_level1.mp4,subway_temporal-resolution-multiplexing_level2.mp4,temporal-resolution-multiplexing,level2,/home/jv495/Datasets/GAIM240/subway_temporal-resolution-multiplexing_level2.mp4
2188,subway,INTER-DISTORTION,subway_reference.mp4,/home/jv495/Datasets/GAIM240/subway_reference.mp4,subway_restir_level2.mp4,restir,level2,/home/jv495/Datasets/GAIM240/subway_restir_level2.mp4,subway_stutter_level0.mp4,stutter,level0,/home/jv495/Datasets/GAIM240/subway_stutter_level0.mp4
2189,subway,INTER-DISTORTION,subway_reference.mp4,/home/jv495/Datasets/GAIM240/subway_reference.mp4,subway_restir_level2.mp4,restir,level2,/home/jv495/Datasets/GAIM240/subway_restir_level2.mp4,subway_stutter_level1.mp4,stutter,level1,/home/jv495/Datasets/GAIM240/subway_stutter_level1.mp4
2190,subway,INTER-DISTORTION,subway_reference.mp4,/home/jv495/Datasets/GAIM240/subway_reference.mp4,subway_restir_level2.mp4,restir,level2,/home/jv495/Datasets/GAIM240/subway_restir_level2.mp4,subway_stutter_level2.mp4,stutter,level2,/home/jv495/Datasets/GAIM240/subway_stutter_level2.mp4
2191,subway,INTER-DISTORTION,subway_reference.mp4,/home/jv495/Datasets/GAIM240/subway_reference.mp4,subway_restir_level2.mp4,restir,level2,/home/jv495/Datasets/GAIM240/subway_restir_level2.mp4,subway_temporal-resolution-multiplexing_level0.mp4,temporal-resolution-multiplexing,level0,/home/jv495/Datasets/GAIM240/subway_temporal-resolution-multiplexing_level0.mp4
2192,subway,INTER-DISTORTION,subway_reference.mp4,/home/jv495/Datasets/GAIM240/subway_reference.mp4,subway_restir_level2.mp4,restir,level2,/home/jv495/Datasets/GAIM240/subway_restir_level2.mp4,subway_temporal-resolution-multiplexing_level1.mp4,temporal-resolution-multiplexing,level1,/home/jv495/Datasets/GAIM240/subway_temporal-resolution-multiplexing_level1.mp4
2193,subway,INTER-DISTORTION,subway_reference.mp4,/home/jv495/Datasets/GAIM240/subway_reference.mp4,subway_restir_level2.mp4,restir,level2,/home/jv495/Datasets/GAIM240/subway_restir_level2.mp4,subway_temporal-resolution-multiplexing_level2.mp4,temporal-resolution-multiplexing,level2,/home/jv495/Datasets/GAIM240/subway_temporal-resolution-multiplexing_level2.mp4
2194,subway,INTRA-DISTORTION,subway_reference.mp4,/home/jv495/Datasets/GAIM240/subway_reference.mp4,subway_stutter_level0.mp4,stutter,level0,/home/jv495/Datasets/GAIM240/subway_stutter_level0.mp4,subway_stutter_level1.mp4,stutter,level1,/home/jv495/Datasets/GAIM240/subway_stutter_level1.mp4
2195,subway,INTRA-DISTORTION,subway_reference.mp4,/home/jv495/Datasets/GAIM240/subway_reference.mp4,subway_stutter_level0.mp4,stutter,level0,/home/jv495/Datasets/GAIM240/subway_stutter_level0.mp4,subway_stutter_level2.mp4,stutter,level2,/home/jv495/Datasets/GAIM240/subway_stutter_level2.mp4
2196,subway,INTER-DISTORTION,subway_reference.mp4,/home/jv495/Datasets/GAIM240/subway_reference.mp4,subway_stutter_level0.mp4,stutter,level0,/home/jv495/Datasets/GAIM240/subway_stutter_level0.mp4,subway_temporal-resolution-multiplexing_level0.mp4,temporal-resolution-multiplexing,level0,/home/jv495/Datasets/GAIM240/subway_temporal-resolution-multiplexing_level0.mp4
2197,subway,INTER-DISTORTION,subway_reference.mp4,/home/jv495/Datasets/GAIM240/subway_reference.mp4,subway_stutter_level0.mp4,stutter,level0,/home/jv495/Datasets/GAIM240/subway_stutter_level0.mp4,subway_temporal-resolution-multiplexing_level1.mp4,temporal-resolution-multiplexing,level1,/home/jv495/Datasets/GAIM240/subway_temporal-resolution-multiplexing_level1.mp4
2198,subway,INTER-DISTORTION,subway_reference.mp4,/home/jv495/Datasets/GAIM240/subway_reference.mp4,subway_stutter_level0.mp4,stutter,level0,/home/jv495/Datasets/GAIM240/subway_stutter_level0.mp4,subway_temporal-resolution-multiplexing_level2.mp4,temporal-resolution-multiplexing,level2,/home/jv495/Datasets/GAIM240/subway_temporal-resolution-multiplexing_level2.mp4
2199,subway,INTRA-DISTORTION,subway_reference.mp4,/home/jv495/Datasets/GAIM240/subway_reference.mp4,subway_stutter_level1.mp4,stutter,level1,/home/jv495/Datasets/GAIM240/subway_stutter_level1.mp4,subway_stutter_level2.mp4,stutter,level2,/home/jv495/Datasets/GAIM240/subway_stutter_level2.mp4
2200,subway,INTER-DISTORTION,subway_reference.mp4,/home/jv495/Datasets/GAIM240/subway_reference.mp4,subway_stutter_level1.mp4,stutter,level1,/home/jv495/Datasets/GAIM240/subway_stutter_level1.mp4,subway_temporal-resolution-multiplexing_level0.mp4,temporal-resolution-multiplexing,level0,/home/jv495/Datasets/GAIM240/subway_temporal-resolution-multiplexing_level0.mp4
2201,subway,INTER-DISTORTION,subway_reference.mp4,/home/jv495/Datasets/GAIM240/subway_reference.mp4,subway_stutter_level1.mp4,stutter,level1,/home/jv495/Datasets/GAIM240/subway_stutter_level1.mp4,subway_temporal-resolution-multiplexing_level1.mp4,temporal-resolution-multiplexing,level1,/home/jv495/Datasets/GAIM240/subway_temporal-resolution-multiplexing_level1.mp4
2202,subway,INTER-DISTORTION,subway_reference.mp4,/home/jv495/Datasets/GAIM240/subway_reference.mp4,subway_stutter_level1.mp4,stutter,level1,/home/jv495/Datasets/GAIM240/subway_stutter_level1.mp4,subway_temporal-resolution-multiplexing_level2.mp4,temporal-resolution-multiplexing,level2,/home/jv495/Datasets/GAIM240/subway_temporal-resolution-multiplexing_level2.mp4
2203,subway,INTER-DISTORTION,subway_reference.mp4,/home/jv495/Datasets/GAIM240/subway_reference.mp4,subway_stutter_level2.mp4,stutter,level2,/home/jv495/Datasets/GAIM240/subway_stutter_level2.mp4,subway_temporal-resolution-multiplexing_level0.mp4,temporal-resolution-multiplexing,level0,/home/jv495/Datasets/GAIM240/subway_temporal-resolution-multiplexing_level0.mp4
2204,subway,INTER-DISTORTION,subway_reference.mp4,/home/jv495/Datasets/GAIM240/subway_reference.mp4,subway_stutter_level2.mp4,stutter,level2,/home/jv495/Datasets/GAIM240/subway_stutter_level2.mp4,subway_temporal-resolution-multiplexing_level1.mp4,temporal-resolution-multiplexing,level1,/home/jv495/Datasets/GAIM240/subway_temporal-resolution-multiplexing_level1.mp4
2205,subway,INTER-DISTORTION,subway_reference.mp4,/home/jv495/Datasets/GAIM240/subway_reference.mp4,subway_stutter_level2.mp4,stutter,level2,/home/jv495/Datasets/GAIM240/subway_stutter_level2.mp4,subway_temporal-resolution-multiplexing_level2.mp4,temporal-resolution-multiplexing,level2,/home/jv495/Datasets/GAIM240/subway_temporal-resolution-multiplexing_level2.mp4
2206,subway,INTRA-DISTORTION,subway_reference.mp4,/home/jv495/Datasets/GAIM240/subway_reference.mp4,subway_temporal-resolution-multiplexing_level0.mp4,temporal-resolution-multiplexing,level0,/home/jv495/Datasets/GAIM240/subway_temporal-resolution-multiplexing_level0.mp4,subway_temporal-resolution-multiplexing_level1.mp4,temporal-resolution-multiplexing,level1,/home/jv495/Datasets/GAIM240/subway_temporal-resolution-multiplexing_level1.mp4
2207,subway,INTRA-DISTORTION,subway_reference.mp4,/home/jv495/Datasets/GAIM240/subway_reference.mp4,subway_temporal-resolution-multiplexing_level0.mp4,temporal-resolution-multiplexing,level0,/home/jv495/Datasets/GAIM240/subway_temporal-resolution-multiplexing_level0.mp4,subway_temporal-resolution-multiplexing_level2.mp4,temporal-resolution-multiplexing,level2,/home/jv495/Datasets/GAIM240/subway_temporal-resolution-multiplexing_level2.mp4
2208,subway,INTRA-DISTORTION,subway_reference.mp4,/home/jv495/Datasets/GAIM240/subway_reference.mp4,subway_temporal-resolution-multiplexing_level1.mp4,temporal-resolution-multiplexing,level1,/home/jv495/Datasets/GAIM240/subway_temporal-resolution-multiplexing_level1.mp4,subway_temporal-resolution-multiplexing_level2.mp4,temporal-resolution-multiplexing,level2,/home/jv495/Datasets/GAIM240/subway_temporal-resolution-multiplexing_level2.mp4
2209,zeroday,INTRA-DISTORTION,zeroday_reference.mp4,/home/jv495/Datasets/GAIM240/zeroday_reference.mp4,zeroday_dlss_rr_level0.mp4,dlss_rr,level0,/home/jv495/Datasets/GAIM240/zeroday_dlss_rr_level0.mp4,zeroday_dlss_rr_level1.mp4,dlss_rr,level1,/home/jv495/Datasets/GAIM240/zeroday_dlss_rr_level1.mp4
2210,zeroday,INTRA-DISTORTION,zeroday_reference.mp4,/home/jv495/Datasets/GAIM240/zeroday_reference.mp4,zeroday_dlss_rr_level0.mp4,dlss_rr,level0,/home/jv495/Datasets/GAIM240/zeroday_dlss_rr_level0.mp4,zeroday_dlss_rr_level2.mp4,dlss_rr,level2,/home/jv495/Datasets/GAIM240/zeroday_dlss_rr_level2.mp4
2211,zeroday,INTER-DISTORTION,zeroday_reference.mp4,/home/jv495/Datasets/GAIM240/zeroday_reference.mp4,zeroday_dlss_rr_level0.mp4,dlss_rr,level0,/home/jv495/Datasets/GAIM240/zeroday_dlss_rr_level0.mp4,zeroday_judder_level0.mp4,judder,level0,/home/jv495/Datasets/GAIM240/zeroday_judder_level0.mp4
2212,zeroday,INTER-DISTORTION,zeroday_reference.mp4,/home/jv495/Datasets/GAIM240/zeroday_reference.mp4,zeroday_dlss_rr_level0.mp4,dlss_rr,level0,/home/jv495/Datasets/GAIM240/zeroday_dlss_rr_level0.mp4,zeroday_judder_level1.mp4,judder,level1,/home/jv495/Datasets/GAIM240/zeroday_judder_level1.mp4
2213,zeroday,INTER-DISTORTION,zeroday_reference.mp4,/home/jv495/Datasets/GAIM240/zeroday_reference.mp4,zeroday_dlss_rr_level0.mp4,dlss_rr,level0,/home/jv495/Datasets/GAIM240/zeroday_dlss_rr_level0.mp4,zeroday_judder_level2.mp4,judder,level2,/home/jv495/Datasets/GAIM240/zeroday_judder_level2.mp4
2214,zeroday,INTER-DISTORTION,zeroday_reference.mp4,/home/jv495/Datasets/GAIM240/zeroday_reference.mp4,zeroday_dlss_rr_level0.mp4,dlss_rr,level0,/home/jv495/Datasets/GAIM240/zeroday_dlss_rr_level0.mp4,zeroday_motion_noise_level0.mp4,motion_noise,level0,/home/jv495/Datasets/GAIM240/zeroday_motion_noise_level0.mp4
2215,zeroday,INTER-DISTORTION,zeroday_reference.mp4,/home/jv495/Datasets/GAIM240/zeroday_reference.mp4,zeroday_dlss_rr_level0.mp4,dlss_rr,level0,/home/jv495/Datasets/GAIM240/zeroday_dlss_rr_level0.mp4,zeroday_motion_noise_level1.mp4,motion_noise,level1,/home/jv495/Datasets/GAIM240/zeroday_motion_noise_level1.mp4
2216,zeroday,INTER-DISTORTION,zeroday_reference.mp4,/home/jv495/Datasets/GAIM240/zeroday_reference.mp4,zeroday_dlss_rr_level0.mp4,dlss_rr,level0,/home/jv495/Datasets/GAIM240/zeroday_dlss_rr_level0.mp4,zeroday_motion_noise_level2.mp4,motion_noise,level2,/home/jv495/Datasets/GAIM240/zeroday_motion_noise_level2.mp4
2217,zeroday,INTER-DISTORTION,zeroday_reference.mp4,/home/jv495/Datasets/GAIM240/zeroday_reference.mp4,zeroday_dlss_rr_level0.mp4,dlss_rr,level0,/home/jv495/Datasets/GAIM240/zeroday_dlss_rr_level0.mp4,zeroday_motion_resolution_level0.mp4,motion_resolution,level0,/home/jv495/Datasets/GAIM240/zeroday_motion_resolution_level0.mp4
2218,zeroday,INTER-DISTORTION,zeroday_reference.mp4,/home/jv495/Datasets/GAIM240/zeroday_reference.mp4,zeroday_dlss_rr_level0.mp4,dlss_rr,level0,/home/jv495/Datasets/GAIM240/zeroday_dlss_rr_level0.mp4,zeroday_motion_resolution_level1.mp4,motion_resolution,level1,/home/jv495/Datasets/GAIM240/zeroday_motion_resolution_level1.mp4
2219,zeroday,INTER-DISTORTION,zeroday_reference.mp4,/home/jv495/Datasets/GAIM240/zeroday_reference.mp4,zeroday_dlss_rr_level0.mp4,dlss_rr,level0,/home/jv495/Datasets/GAIM240/zeroday_dlss_rr_level0.mp4,zeroday_motion_resolution_level2.mp4,motion_resolution,level2,/home/jv495/Datasets/GAIM240/zeroday_motion_resolution_level2.mp4
2220,zeroday,INTER-DISTORTION,zeroday_reference.mp4,/home/jv495/Datasets/GAIM240/zeroday_reference.mp4,zeroday_dlss_rr_level0.mp4,dlss_rr,level0,/home/jv495/Datasets/GAIM240/zeroday_dlss_rr_level0.mp4,zeroday_noise_colors_level0.mp4,noise_colors,level0,/home/jv495/Datasets/GAIM240/zeroday_noise_colors_level0.mp4
2221,zeroday,INTER-DISTORTION,zeroday_reference.mp4,/home/jv495/Datasets/GAIM240/zeroday_reference.mp4,zeroday_dlss_rr_level0.mp4,dlss_rr,level0,/home/jv495/Datasets/GAIM240/zeroday_dlss_rr_level0.mp4,zeroday_noise_colors_level1.mp4,noise_colors,level1,/home/jv495/Datasets/GAIM240/zeroday_noise_colors_level1.mp4
2222,zeroday,INTER-DISTORTION,zeroday_reference.mp4,/home/jv495/Datasets/GAIM240/zeroday_reference.mp4,zeroday_dlss_rr_level0.mp4,dlss_rr,level0,/home/jv495/Datasets/GAIM240/zeroday_dlss_rr_level0.mp4,zeroday_noise_colors_level2.mp4,noise_colors,level2,/home/jv495/Datasets/GAIM240/zeroday_noise_colors_level2.mp4
2223,zeroday,INTER-DISTORTION,zeroday_reference.mp4,/home/jv495/Datasets/GAIM240/zeroday_reference.mp4,zeroday_dlss_rr_level0.mp4,dlss_rr,level0,/home/jv495/Datasets/GAIM240/zeroday_dlss_rr_level0.mp4,zeroday_restir_level0.mp4,restir,level0,/home/jv495/Datasets/GAIM240/zeroday_restir_level0.mp4
2224,zeroday,INTER-DISTORTION,zeroday_reference.mp4,/home/jv495/Datasets/GAIM240/zeroday_reference.mp4,zeroday_dlss_rr_level0.mp4,dlss_rr,level0,/home/jv495/Datasets/GAIM240/zeroday_dlss_rr_level0.mp4,zeroday_restir_level1.mp4,restir,level1,/home/jv495/Datasets/GAIM240/zeroday_restir_level1.mp4
2225,zeroday,INTER-DISTORTION,zeroday_reference.mp4,/home/jv495/Datasets/GAIM240/zeroday_reference.mp4,zeroday_dlss_rr_level0.mp4,dlss_rr,level0,/home/jv495/Datasets/GAIM240/zeroday_dlss_rr_level0.mp4,zeroday_restir_level2.mp4,restir,level2,/home/jv495/Datasets/GAIM240/zeroday_restir_level2.mp4
2226,zeroday,INTER-DISTORTION,zeroday_reference.mp4,/home/jv495/Datasets/GAIM240/zeroday_reference.mp4,zeroday_dlss_rr_level0.mp4,dlss_rr,level0,/home/jv495/Datasets/GAIM240/zeroday_dlss_rr_level0.mp4,zeroday_stutter_level0.mp4,stutter,level0,/home/jv495/Datasets/GAIM240/zeroday_stutter_level0.mp4
2227,zeroday,INTER-DISTORTION,zeroday_reference.mp4,/home/jv495/Datasets/GAIM240/zeroday_reference.mp4,zeroday_dlss_rr_level0.mp4,dlss_rr,level0,/home/jv495/Datasets/GAIM240/zeroday_dlss_rr_level0.mp4,zeroday_stutter_level1.mp4,stutter,level1,/home/jv495/Datasets/GAIM240/zeroday_stutter_level1.mp4
2228,zeroday,INTER-DISTORTION,zeroday_reference.mp4,/home/jv495/Datasets/GAIM240/zeroday_reference.mp4,zeroday_dlss_rr_level0.mp4,dlss_rr,level0,/home/jv495/Datasets/GAIM240/zeroday_dlss_rr_level0.mp4,zeroday_stutter_level2.mp4,stutter,level2,/home/jv495/Datasets/GAIM240/zeroday_stutter_level2.mp4
2229,zeroday,INTER-DISTORTION,zeroday_reference.mp4,/home/jv495/Datasets/GAIM240/zeroday_reference.mp4,zeroday_dlss_rr_level0.mp4,dlss_rr,level0,/home/jv495/Datasets/GAIM240/zeroday_dlss_rr_level0.mp4,zeroday_temporal-resolution-multiplexing_level0.mp4,temporal-resolution-multiplexing,level0,/home/jv495/Datasets/GAIM240/zeroday_temporal-resolution-multiplexing_level0.mp4
2230,zeroday,INTER-DISTORTION,zeroday_reference.mp4,/home/jv495/Datasets/GAIM240/zeroday_reference.mp4,zeroday_dlss_rr_level0.mp4,dlss_rr,level0,/home/jv495/Datasets/GAIM240/zeroday_dlss_rr_level0.mp4,zeroday_temporal-resolution-multiplexing_level1.mp4,temporal-resolution-multiplexing,level1,/home/jv495/Datasets/GAIM240/zeroday_temporal-resolution-multiplexing_level1.mp4
2231,zeroday,INTER-DISTORTION,zeroday_reference.mp4,/home/jv495/Datasets/GAIM240/zeroday_reference.mp4,zeroday_dlss_rr_level0.mp4,dlss_rr,level0,/home/jv495/Datasets/GAIM240/zeroday_dlss_rr_level0.mp4,zeroday_temporal-resolution-multiplexing_level2.mp4,temporal-resolution-multiplexing,level2,/home/jv495/Datasets/GAIM240/zeroday_temporal-resolution-multiplexing_level2.mp4
2232,zeroday,INTRA-DISTORTION,zeroday_reference.mp4,/home/jv495/Datasets/GAIM240/zeroday_reference.mp4,zeroday_dlss_rr_level1.mp4,dlss_rr,level1,/home/jv495/Datasets/GAIM240/zeroday_dlss_rr_level1.mp4,zeroday_dlss_rr_level2.mp4,dlss_rr,level2,/home/jv495/Datasets/GAIM240/zeroday_dlss_rr_level2.mp4
2233,zeroday,INTER-DISTORTION,zeroday_reference.mp4,/home/jv495/Datasets/GAIM240/zeroday_reference.mp4,zeroday_dlss_rr_level1.mp4,dlss_rr,level1,/home/jv495/Datasets/GAIM240/zeroday_dlss_rr_level1.mp4,zeroday_judder_level0.mp4,judder,level0,/home/jv495/Datasets/GAIM240/zeroday_judder_level0.mp4
2234,zeroday,INTER-DISTORTION,zeroday_reference.mp4,/home/jv495/Datasets/GAIM240/zeroday_reference.mp4,zeroday_dlss_rr_level1.mp4,dlss_rr,level1,/home/jv495/Datasets/GAIM240/zeroday_dlss_rr_level1.mp4,zeroday_judder_level1.mp4,judder,level1,/home/jv495/Datasets/GAIM240/zeroday_judder_level1.mp4
2235,zeroday,INTER-DISTORTION,zeroday_reference.mp4,/home/jv495/Datasets/GAIM240/zeroday_reference.mp4,zeroday_dlss_rr_level1.mp4,dlss_rr,level1,/home/jv495/Datasets/GAIM240/zeroday_dlss_rr_level1.mp4,zeroday_judder_level2.mp4,judder,level2,/home/jv495/Datasets/GAIM240/zeroday_judder_level2.mp4
2236,zeroday,INTER-DISTORTION,zeroday_reference.mp4,/home/jv495/Datasets/GAIM240/zeroday_reference.mp4,zeroday_dlss_rr_level1.mp4,dlss_rr,level1,/home/jv495/Datasets/GAIM240/zeroday_dlss_rr_level1.mp4,zeroday_motion_noise_level0.mp4,motion_noise,level0,/home/jv495/Datasets/GAIM240/zeroday_motion_noise_level0.mp4
2237,zeroday,INTER-DISTORTION,zeroday_reference.mp4,/home/jv495/Datasets/GAIM240/zeroday_reference.mp4,zeroday_dlss_rr_level1.mp4,dlss_rr,level1,/home/jv495/Datasets/GAIM240/zeroday_dlss_rr_level1.mp4,zeroday_motion_noise_level1.mp4,motion_noise,level1,/home/jv495/Datasets/GAIM240/zeroday_motion_noise_level1.mp4
2238,zeroday,INTER-DISTORTION,zeroday_reference.mp4,/home/jv495/Datasets/GAIM240/zeroday_reference.mp4,zeroday_dlss_rr_level1.mp4,dlss_rr,level1,/home/jv495/Datasets/GAIM240/zeroday_dlss_rr_level1.mp4,zeroday_motion_noise_level2.mp4,motion_noise,level2,/home/jv495/Datasets/GAIM240/zeroday_motion_noise_level2.mp4
2239,zeroday,INTER-DISTORTION,zeroday_reference.mp4,/home/jv495/Datasets/GAIM240/zeroday_reference.mp4,zeroday_dlss_rr_level1.mp4,dlss_rr,level1,/home/jv495/Datasets/GAIM240/zeroday_dlss_rr_level1.mp4,zeroday_motion_resolution_level0.mp4,motion_resolution,level0,/home/jv495/Datasets/GAIM240/zeroday_motion_resolution_level0.mp4
2240,zeroday,INTER-DISTORTION,zeroday_reference.mp4,/home/jv495/Datasets/GAIM240/zeroday_reference.mp4,zeroday_dlss_rr_level1.mp4,dlss_rr,level1,/home/jv495/Datasets/GAIM240/zeroday_dlss_rr_level1.mp4,zeroday_motion_resolution_level1.mp4,motion_resolution,level1,/home/jv495/Datasets/GAIM240/zeroday_motion_resolution_level1.mp4
2241,zeroday,INTER-DISTORTION,zeroday_reference.mp4,/home/jv495/Datasets/GAIM240/zeroday_reference.mp4,zeroday_dlss_rr_level1.mp4,dlss_rr,level1,/home/jv495/Datasets/GAIM240/zeroday_dlss_rr_level1.mp4,zeroday_motion_resolution_level2.mp4,motion_resolution,level2,/home/jv495/Datasets/GAIM240/zeroday_motion_resolution_level2.mp4
2242,zeroday,INTER-DISTORTION,zeroday_reference.mp4,/home/jv495/Datasets/GAIM240/zeroday_reference.mp4,zeroday_dlss_rr_level1.mp4,dlss_rr,level1,/home/jv495/Datasets/GAIM240/zeroday_dlss_rr_level1.mp4,zeroday_noise_colors_level0.mp4,noise_colors,level0,/home/jv495/Datasets/GAIM240/zeroday_noise_colors_level0.mp4
2243,zeroday,INTER-DISTORTION,zeroday_reference.mp4,/home/jv495/Datasets/GAIM240/zeroday_reference.mp4,zeroday_dlss_rr_level1.mp4,dlss_rr,level1,/home/jv495/Datasets/GAIM240/zeroday_dlss_rr_level1.mp4,zeroday_noise_colors_level1.mp4,noise_colors,level1,/home/jv495/Datasets/GAIM240/zeroday_noise_colors_level1.mp4
2244,zeroday,INTER-DISTORTION,zeroday_reference.mp4,/home/jv495/Datasets/GAIM240/zeroday_reference.mp4,zeroday_dlss_rr_level1.mp4,dlss_rr,level1,/home/jv495/Datasets/GAIM240/zeroday_dlss_rr_level1.mp4,zeroday_noise_colors_level2.mp4,noise_colors,level2,/home/jv495/Datasets/GAIM240/zeroday_noise_colors_level2.mp4
2245,zeroday,INTER-DISTORTION,zeroday_reference.mp4,/home/jv495/Datasets/GAIM240/zeroday_reference.mp4,zeroday_dlss_rr_level1.mp4,dlss_rr,level1,/home/jv495/Datasets/GAIM240/zeroday_dlss_rr_level1.mp4,zeroday_restir_level0.mp4,restir,level0,/home/jv495/Datasets/GAIM240/zeroday_restir_level0.mp4
2246,zeroday,INTER-DISTORTION,zeroday_reference.mp4,/home/jv495/Datasets/GAIM240/zeroday_reference.mp4,zeroday_dlss_rr_level1.mp4,dlss_rr,level1,/home/jv495/Datasets/GAIM240/zeroday_dlss_rr_level1.mp4,zeroday_restir_level1.mp4,restir,level1,/home/jv495/Datasets/GAIM240/zeroday_restir_level1.mp4
2247,zeroday,INTER-DISTORTION,zeroday_reference.mp4,/home/jv495/Datasets/GAIM240/zeroday_reference.mp4,zeroday_dlss_rr_level1.mp4,dlss_rr,level1,/home/jv495/Datasets/GAIM240/zeroday_dlss_rr_level1.mp4,zeroday_restir_level2.mp4,restir,level2,/home/jv495/Datasets/GAIM240/zeroday_restir_level2.mp4
2248,zeroday,INTER-DISTORTION,zeroday_reference.mp4,/home/jv495/Datasets/GAIM240/zeroday_reference.mp4,zeroday_dlss_rr_level1.mp4,dlss_rr,level1,/home/jv495/Datasets/GAIM240/zeroday_dlss_rr_level1.mp4,zeroday_stutter_level0.mp4,stutter,level0,/home/jv495/Datasets/GAIM240/zeroday_stutter_level0.mp4
2249,zeroday,INTER-DISTORTION,zeroday_reference.mp4,/home/jv495/Datasets/GAIM240/zeroday_reference.mp4,zeroday_dlss_rr_level1.mp4,dlss_rr,level1,/home/jv495/Datasets/GAIM240/zeroday_dlss_rr_level1.mp4,zeroday_stutter_level1.mp4,stutter,level1,/home/jv495/Datasets/GAIM240/zeroday_stutter_level1.mp4
2250,zeroday,INTER-DISTORTION,zeroday_reference.mp4,/home/jv495/Datasets/GAIM240/zeroday_reference.mp4,zeroday_dlss_rr_level1.mp4,dlss_rr,level1,/home/jv495/Datasets/GAIM240/zeroday_dlss_rr_level1.mp4,zeroday_stutter_level2.mp4,stutter,level2,/home/jv495/Datasets/GAIM240/zeroday_stutter_level2.mp4
2251,zeroday,INTER-DISTORTION,zeroday_reference.mp4,/home/jv495/Datasets/GAIM240/zeroday_reference.mp4,zeroday_dlss_rr_level1.mp4,dlss_rr,level1,/home/jv495/Datasets/GAIM240/zeroday_dlss_rr_level1.mp4,zeroday_temporal-resolution-multiplexing_level0.mp4,temporal-resolution-multiplexing,level0,/home/jv495/Datasets/GAIM240/zeroday_temporal-resolution-multiplexing_level0.mp4
2252,zeroday,INTER-DISTORTION,zeroday_reference.mp4,/home/jv495/Datasets/GAIM240/zeroday_reference.mp4,zeroday_dlss_rr_level1.mp4,dlss_rr,level1,/home/jv495/Datasets/GAIM240/zeroday_dlss_rr_level1.mp4,zeroday_temporal-resolution-multiplexing_level1.mp4,temporal-resolution-multiplexing,level1,/home/jv495/Datasets/GAIM240/zeroday_temporal-resolution-multiplexing_level1.mp4
2253,zeroday,INTER-DISTORTION,zeroday_reference.mp4,/home/jv495/Datasets/GAIM240/zeroday_reference.mp4,zeroday_dlss_rr_level1.mp4,dlss_rr,level1,/home/jv495/Datasets/GAIM240/zeroday_dlss_rr_level1.mp4,zeroday_temporal-resolution-multiplexing_level2.mp4,temporal-resolution-multiplexing,level2,/home/jv495/Datasets/GAIM240/zeroday_temporal-resolution-multiplexing_level2.mp4
2254,zeroday,INTER-DISTORTION,zeroday_reference.mp4,/home/jv495/Datasets/GAIM240/zeroday_reference.mp4,zeroday_dlss_rr_level2.mp4,dlss_rr,level2,/home/jv495/Datasets/GAIM240/zeroday_dlss_rr_level2.mp4,zeroday_judder_level0.mp4,judder,level0,/home/jv495/Datasets/GAIM240/zeroday_judder_level0.mp4
2255,zeroday,INTER-DISTORTION,zeroday_reference.mp4,/home/jv495/Datasets/GAIM240/zeroday_reference.mp4,zeroday_dlss_rr_level2.mp4,dlss_rr,level2,/home/jv495/Datasets/GAIM240/zeroday_dlss_rr_level2.mp4,zeroday_judder_level1.mp4,judder,level1,/home/jv495/Datasets/GAIM240/zeroday_judder_level1.mp4
2256,zeroday,INTER-DISTORTION,zeroday_reference.mp4,/home/jv495/Datasets/GAIM240/zeroday_reference.mp4,zeroday_dlss_rr_level2.mp4,dlss_rr,level2,/home/jv495/Datasets/GAIM240/zeroday_dlss_rr_level2.mp4,zeroday_judder_level2.mp4,judder,level2,/home/jv495/Datasets/GAIM240/zeroday_judder_level2.mp4
2257,zeroday,INTER-DISTORTION,zeroday_reference.mp4,/home/jv495/Datasets/GAIM240/zeroday_reference.mp4,zeroday_dlss_rr_level2.mp4,dlss_rr,level2,/home/jv495/Datasets/GAIM240/zeroday_dlss_rr_level2.mp4,zeroday_motion_noise_level0.mp4,motion_noise,level0,/home/jv495/Datasets/GAIM240/zeroday_motion_noise_level0.mp4
2258,zeroday,INTER-DISTORTION,zeroday_reference.mp4,/home/jv495/Datasets/GAIM240/zeroday_reference.mp4,zeroday_dlss_rr_level2.mp4,dlss_rr,level2,/home/jv495/Datasets/GAIM240/zeroday_dlss_rr_level2.mp4,zeroday_motion_noise_level1.mp4,motion_noise,level1,/home/jv495/Datasets/GAIM240/zeroday_motion_noise_level1.mp4
2259,zeroday,INTER-DISTORTION,zeroday_reference.mp4,/home/jv495/Datasets/GAIM240/zeroday_reference.mp4,zeroday_dlss_rr_level2.mp4,dlss_rr,level2,/home/jv495/Datasets/GAIM240/zeroday_dlss_rr_level2.mp4,zeroday_motion_noise_level2.mp4,motion_noise,level2,/home/jv495/Datasets/GAIM240/zeroday_motion_noise_level2.mp4
2260,zeroday,INTER-DISTORTION,zeroday_reference.mp4,/home/jv495/Datasets/GAIM240/zeroday_reference.mp4,zeroday_dlss_rr_level2.mp4,dlss_rr,level2,/home/jv495/Datasets/GAIM240/zeroday_dlss_rr_level2.mp4,zeroday_motion_resolution_level0.mp4,motion_resolution,level0,/home/jv495/Datasets/GAIM240/zeroday_motion_resolution_level0.mp4
2261,zeroday,INTER-DISTORTION,zeroday_reference.mp4,/home/jv495/Datasets/GAIM240/zeroday_reference.mp4,zeroday_dlss_rr_level2.mp4,dlss_rr,level2,/home/jv495/Datasets/GAIM240/zeroday_dlss_rr_level2.mp4,zeroday_motion_resolution_level1.mp4,motion_resolution,level1,/home/jv495/Datasets/GAIM240/zeroday_motion_resolution_level1.mp4
2262,zeroday,INTER-DISTORTION,zeroday_reference.mp4,/home/jv495/Datasets/GAIM240/zeroday_reference.mp4,zeroday_dlss_rr_level2.mp4,dlss_rr,level2,/home/jv495/Datasets/GAIM240/zeroday_dlss_rr_level2.mp4,zeroday_motion_resolution_level2.mp4,motion_resolution,level2,/home/jv495/Datasets/GAIM240/zeroday_motion_resolution_level2.mp4
2263,zeroday,INTER-DISTORTION,zeroday_reference.mp4,/home/jv495/Datasets/GAIM240/zeroday_reference.mp4,zeroday_dlss_rr_level2.mp4,dlss_rr,level2,/home/jv495/Datasets/GAIM240/zeroday_dlss_rr_level2.mp4,zeroday_noise_colors_level0.mp4,noise_colors,level0,/home/jv495/Datasets/GAIM240/zeroday_noise_colors_level0.mp4
2264,zeroday,INTER-DISTORTION,zeroday_reference.mp4,/home/jv495/Datasets/GAIM240/zeroday_reference.mp4,zeroday_dlss_rr_level2.mp4,dlss_rr,level2,/home/jv495/Datasets/GAIM240/zeroday_dlss_rr_level2.mp4,zeroday_noise_colors_level1.mp4,noise_colors,level1,/home/jv495/Datasets/GAIM240/zeroday_noise_colors_level1.mp4
2265,zeroday,INTER-DISTORTION,zeroday_reference.mp4,/home/jv495/Datasets/GAIM240/zeroday_reference.mp4,zeroday_dlss_rr_level2.mp4,dlss_rr,level2,/home/jv495/Datasets/GAIM240/zeroday_dlss_rr_level2.mp4,zeroday_noise_colors_level2.mp4,noise_colors,level2,/home/jv495/Datasets/GAIM240/zeroday_noise_colors_level2.mp4
2266,zeroday,INTER-DISTORTION,zeroday_reference.mp4,/home/jv495/Datasets/GAIM240/zeroday_reference.mp4,zeroday_dlss_rr_level2.mp4,dlss_rr,level2,/home/jv495/Datasets/GAIM240/zeroday_dlss_rr_level2.mp4,zeroday_restir_level0.mp4,restir,level0,/home/jv495/Datasets/GAIM240/zeroday_restir_level0.mp4
2267,zeroday,INTER-DISTORTION,zeroday_reference.mp4,/home/jv495/Datasets/GAIM240/zeroday_reference.mp4,zeroday_dlss_rr_level2.mp4,dlss_rr,level2,/home/jv495/Datasets/GAIM240/zeroday_dlss_rr_level2.mp4,zeroday_restir_level1.mp4,restir,level1,/home/jv495/Datasets/GAIM240/zeroday_restir_level1.mp4
2268,zeroday,INTER-DISTORTION,zeroday_reference.mp4,/home/jv495/Datasets/GAIM240/zeroday_reference.mp4,zeroday_dlss_rr_level2.mp4,dlss_rr,level2,/home/jv495/Datasets/GAIM240/zeroday_dlss_rr_level2.mp4,zeroday_restir_level2.mp4,restir,level2,/home/jv495/Datasets/GAIM240/zeroday_restir_level2.mp4
2269,zeroday,INTER-DISTORTION,zeroday_reference.mp4,/home/jv495/Datasets/GAIM240/zeroday_reference.mp4,zeroday_dlss_rr_level2.mp4,dlss_rr,level2,/home/jv495/Datasets/GAIM240/zeroday_dlss_rr_level2.mp4,zeroday_stutter_level0.mp4,stutter,level0,/home/jv495/Datasets/GAIM240/zeroday_stutter_level0.mp4
2270,zeroday,INTER-DISTORTION,zeroday_reference.mp4,/home/jv495/Datasets/GAIM240/zeroday_reference.mp4,zeroday_dlss_rr_level2.mp4,dlss_rr,level2,/home/jv495/Datasets/GAIM240/zeroday_dlss_rr_level2.mp4,zeroday_stutter_level1.mp4,stutter,level1,/home/jv495/Datasets/GAIM240/zeroday_stutter_level1.mp4
2271,zeroday,INTER-DISTORTION,zeroday_reference.mp4,/home/jv495/Datasets/GAIM240/zeroday_reference.mp4,zeroday_dlss_rr_level2.mp4,dlss_rr,level2,/home/jv495/Datasets/GAIM240/zeroday_dlss_rr_level2.mp4,zeroday_stutter_level2.mp4,stutter,level2,/home/jv495/Datasets/GAIM240/zeroday_stutter_level2.mp4
2272,zeroday,INTER-DISTORTION,zeroday_reference.mp4,/home/jv495/Datasets/GAIM240/zeroday_reference.mp4,zeroday_dlss_rr_level2.mp4,dlss_rr,level2,/home/jv495/Datasets/GAIM240/zeroday_dlss_rr_level2.mp4,zeroday_temporal-resolution-multiplexing_level0.mp4,temporal-resolution-multiplexing,level0,/home/jv495/Datasets/GAIM240/zeroday_temporal-resolution-multiplexing_level0.mp4
2273,zeroday,INTER-DISTORTION,zeroday_reference.mp4,/home/jv495/Datasets/GAIM240/zeroday_reference.mp4,zeroday_dlss_rr_level2.mp4,dlss_rr,level2,/home/jv495/Datasets/GAIM240/zeroday_dlss_rr_level2.mp4,zeroday_temporal-resolution-multiplexing_level1.mp4,temporal-resolution-multiplexing,level1,/home/jv495/Datasets/GAIM240/zeroday_temporal-resolution-multiplexing_level1.mp4
2274,zeroday,INTER-DISTORTION,zeroday_reference.mp4,/home/jv495/Datasets/GAIM240/zeroday_reference.mp4,zeroday_dlss_rr_level2.mp4,dlss_rr,level2,/home/jv495/Datasets/GAIM240/zeroday_dlss_rr_level2.mp4,zeroday_temporal-resolution-multiplexing_level2.mp4,temporal-resolution-multiplexing,level2,/home/jv495/Datasets/GAIM240/zeroday_temporal-resolution-multiplexing_level2.mp4
2275,zeroday,INTRA-DISTORTION,zeroday_reference.mp4,/home/jv495/Datasets/GAIM240/zeroday_reference.mp4,zeroday_judder_level0.mp4,judder,level0,/home/jv495/Datasets/GAIM240/zeroday_judder_level0.mp4,zeroday_judder_level1.mp4,judder,level1,/home/jv495/Datasets/GAIM240/zeroday_judder_level1.mp4
2276,zeroday,INTRA-DISTORTION,zeroday_reference.mp4,/home/jv495/Datasets/GAIM240/zeroday_reference.mp4,zeroday_judder_level0.mp4,judder,level0,/home/jv495/Datasets/GAIM240/zeroday_judder_level0.mp4,zeroday_judder_level2.mp4,judder,level2,/home/jv495/Datasets/GAIM240/zeroday_judder_level2.mp4
2277,zeroday,INTER-DISTORTION,zeroday_reference.mp4,/home/jv495/Datasets/GAIM240/zeroday_reference.mp4,zeroday_judder_level0.mp4,judder,level0,/home/jv495/Datasets/GAIM240/zeroday_judder_level0.mp4,zeroday_motion_noise_level0.mp4,motion_noise,level0,/home/jv495/Datasets/GAIM240/zeroday_motion_noise_level0.mp4
2278,zeroday,INTER-DISTORTION,zeroday_reference.mp4,/home/jv495/Datasets/GAIM240/zeroday_reference.mp4,zeroday_judder_level0.mp4,judder,level0,/home/jv495/Datasets/GAIM240/zeroday_judder_level0.mp4,zeroday_motion_noise_level1.mp4,motion_noise,level1,/home/jv495/Datasets/GAIM240/zeroday_motion_noise_level1.mp4
2279,zeroday,INTER-DISTORTION,zeroday_reference.mp4,/home/jv495/Datasets/GAIM240/zeroday_reference.mp4,zeroday_judder_level0.mp4,judder,level0,/home/jv495/Datasets/GAIM240/zeroday_judder_level0.mp4,zeroday_motion_noise_level2.mp4,motion_noise,level2,/home/jv495/Datasets/GAIM240/zeroday_motion_noise_level2.mp4
2280,zeroday,INTER-DISTORTION,zeroday_reference.mp4,/home/jv495/Datasets/GAIM240/zeroday_reference.mp4,zeroday_judder_level0.mp4,judder,level0,/home/jv495/Datasets/GAIM240/zeroday_judder_level0.mp4,zeroday_motion_resolution_level0.mp4,motion_resolution,level0,/home/jv495/Datasets/GAIM240/zeroday_motion_resolution_level0.mp4
2281,zeroday,INTER-DISTORTION,zeroday_reference.mp4,/home/jv495/Datasets/GAIM240/zeroday_reference.mp4,zeroday_judder_level0.mp4,judder,level0,/home/jv495/Datasets/GAIM240/zeroday_judder_level0.mp4,zeroday_motion_resolution_level1.mp4,motion_resolution,level1,/home/jv495/Datasets/GAIM240/zeroday_motion_resolution_level1.mp4
2282,zeroday,INTER-DISTORTION,zeroday_reference.mp4,/home/jv495/Datasets/GAIM240/zeroday_reference.mp4,zeroday_judder_level0.mp4,judder,level0,/home/jv495/Datasets/GAIM240/zeroday_judder_level0.mp4,zeroday_motion_resolution_level2.mp4,motion_resolution,level2,/home/jv495/Datasets/GAIM240/zeroday_motion_resolution_level2.mp4
2283,zeroday,INTER-DISTORTION,zeroday_reference.mp4,/home/jv495/Datasets/GAIM240/zeroday_reference.mp4,zeroday_judder_level0.mp4,judder,level0,/home/jv495/Datasets/GAIM240/zeroday_judder_level0.mp4,zeroday_noise_colors_level0.mp4,noise_colors,level0,/home/jv495/Datasets/GAIM240/zeroday_noise_colors_level0.mp4
2284,zeroday,INTER-DISTORTION,zeroday_reference.mp4,/home/jv495/Datasets/GAIM240/zeroday_reference.mp4,zeroday_judder_level0.mp4,judder,level0,/home/jv495/Datasets/GAIM240/zeroday_judder_level0.mp4,zeroday_noise_colors_level1.mp4,noise_colors,level1,/home/jv495/Datasets/GAIM240/zeroday_noise_colors_level1.mp4
2285,zeroday,INTER-DISTORTION,zeroday_reference.mp4,/home/jv495/Datasets/GAIM240/zeroday_reference.mp4,zeroday_judder_level0.mp4,judder,level0,/home/jv495/Datasets/GAIM240/zeroday_judder_level0.mp4,zeroday_noise_colors_level2.mp4,noise_colors,level2,/home/jv495/Datasets/GAIM240/zeroday_noise_colors_level2.mp4
2286,zeroday,INTER-DISTORTION,zeroday_reference.mp4,/home/jv495/Datasets/GAIM240/zeroday_reference.mp4,zeroday_judder_level0.mp4,judder,level0,/home/jv495/Datasets/GAIM240/zeroday_judder_level0.mp4,zeroday_restir_level0.mp4,restir,level0,/home/jv495/Datasets/GAIM240/zeroday_restir_level0.mp4
2287,zeroday,INTER-DISTORTION,zeroday_reference.mp4,/home/jv495/Datasets/GAIM240/zeroday_reference.mp4,zeroday_judder_level0.mp4,judder,level0,/home/jv495/Datasets/GAIM240/zeroday_judder_level0.mp4,zeroday_restir_level1.mp4,restir,level1,/home/jv495/Datasets/GAIM240/zeroday_restir_level1.mp4
2288,zeroday,INTER-DISTORTION,zeroday_reference.mp4,/home/jv495/Datasets/GAIM240/zeroday_reference.mp4,zeroday_judder_level0.mp4,judder,level0,/home/jv495/Datasets/GAIM240/zeroday_judder_level0.mp4,zeroday_restir_level2.mp4,restir,level2,/home/jv495/Datasets/GAIM240/zeroday_restir_level2.mp4
2289,zeroday,INTER-DISTORTION,zeroday_reference.mp4,/home/jv495/Datasets/GAIM240/zeroday_reference.mp4,zeroday_judder_level0.mp4,judder,level0,/home/jv495/Datasets/GAIM240/zeroday_judder_level0.mp4,zeroday_stutter_level0.mp4,stutter,level0,/home/jv495/Datasets/GAIM240/zeroday_stutter_level0.mp4
2290,zeroday,INTER-DISTORTION,zeroday_reference.mp4,/home/jv495/Datasets/GAIM240/zeroday_reference.mp4,zeroday_judder_level0.mp4,judder,level0,/home/jv495/Datasets/GAIM240/zeroday_judder_level0.mp4,zeroday_stutter_level1.mp4,stutter,level1,/home/jv495/Datasets/GAIM240/zeroday_stutter_level1.mp4
2291,zeroday,INTER-DISTORTION,zeroday_reference.mp4,/home/jv495/Datasets/GAIM240/zeroday_reference.mp4,zeroday_judder_level0.mp4,judder,level0,/home/jv495/Datasets/GAIM240/zeroday_judder_level0.mp4,zeroday_stutter_level2.mp4,stutter,level2,/home/jv495/Datasets/GAIM240/zeroday_stutter_level2.mp4
2292,zeroday,INTER-DISTORTION,zeroday_reference.mp4,/home/jv495/Datasets/GAIM240/zeroday_reference.mp4,zeroday_judder_level0.mp4,judder,level0,/home/jv495/Datasets/GAIM240/zeroday_judder_level0.mp4,zeroday_temporal-resolution-multiplexing_level0.mp4,temporal-resolution-multiplexing,level0,/home/jv495/Datasets/GAIM240/zeroday_temporal-resolution-multiplexing_level0.mp4
2293,zeroday,INTER-DISTORTION,zeroday_reference.mp4,/home/jv495/Datasets/GAIM240/zeroday_reference.mp4,zeroday_judder_level0.mp4,judder,level0,/home/jv495/Datasets/GAIM240/zeroday_judder_level0.mp4,zeroday_temporal-resolution-multiplexing_level1.mp4,temporal-resolution-multiplexing,level1,/home/jv495/Datasets/GAIM240/zeroday_temporal-resolution-multiplexing_level1.mp4
2294,zeroday,INTER-DISTORTION,zeroday_reference.mp4,/home/jv495/Datasets/GAIM240/zeroday_reference.mp4,zeroday_judder_level0.mp4,judder,level0,/home/jv495/Datasets/GAIM240/zeroday_judder_level0.mp4,zeroday_temporal-resolution-multiplexing_level2.mp4,temporal-resolution-multiplexing,level2,/home/jv495/Datasets/GAIM240/zeroday_temporal-resolution-multiplexing_level2.mp4
2295,zeroday,INTRA-DISTORTION,zeroday_reference.mp4,/home/jv495/Datasets/GAIM240/zeroday_reference.mp4,zeroday_judder_level1.mp4,judder,level1,/home/jv495/Datasets/GAIM240/zeroday_judder_level1.mp4,zeroday_judder_level2.mp4,judder,level2,/home/jv495/Datasets/GAIM240/zeroday_judder_level2.mp4
2296,zeroday,INTER-DISTORTION,zeroday_reference.mp4,/home/jv495/Datasets/GAIM240/zeroday_reference.mp4,zeroday_judder_level1.mp4,judder,level1,/home/jv495/Datasets/GAIM240/zeroday_judder_level1.mp4,zeroday_motion_noise_level0.mp4,motion_noise,level0,/home/jv495/Datasets/GAIM240/zeroday_motion_noise_level0.mp4
2297,zeroday,INTER-DISTORTION,zeroday_reference.mp4,/home/jv495/Datasets/GAIM240/zeroday_reference.mp4,zeroday_judder_level1.mp4,judder,level1,/home/jv495/Datasets/GAIM240/zeroday_judder_level1.mp4,zeroday_motion_noise_level1.mp4,motion_noise,level1,/home/jv495/Datasets/GAIM240/zeroday_motion_noise_level1.mp4
2298,zeroday,INTER-DISTORTION,zeroday_reference.mp4,/home/jv495/Datasets/GAIM240/zeroday_reference.mp4,zeroday_judder_level1.mp4,judder,level1,/home/jv495/Datasets/GAIM240/zeroday_judder_level1.mp4,zeroday_motion_noise_level2.mp4,motion_noise,level2,/home/jv495/Datasets/GAIM240/zeroday_motion_noise_level2.mp4
2299,zeroday,INTER-DISTORTION,zeroday_reference.mp4,/home/jv495/Datasets/GAIM240/zeroday_reference.mp4,zeroday_judder_level1.mp4,judder,level1,/home/jv495/Datasets/GAIM240/zeroday_judder_level1.mp4,zeroday_motion_resolution_level0.mp4,motion_resolution,level0,/home/jv495/Datasets/GAIM240/zeroday_motion_resolution_level0.mp4
2300,zeroday,INTER-DISTORTION,zeroday_reference.mp4,/home/jv495/Datasets/GAIM240/zeroday_reference.mp4,zeroday_judder_level1.mp4,judder,level1,/home/jv495/Datasets/GAIM240/zeroday_judder_level1.mp4,zeroday_motion_resolution_level1.mp4,motion_resolution,level1,/home/jv495/Datasets/GAIM240/zeroday_motion_resolution_level1.mp4
2301,zeroday,INTER-DISTORTION,zeroday_reference.mp4,/home/jv495/Datasets/GAIM240/zeroday_reference.mp4,zeroday_judder_level1.mp4,judder,level1,/home/jv495/Datasets/GAIM240/zeroday_judder_level1.mp4,zeroday_motion_resolution_level2.mp4,motion_resolution,level2,/home/jv495/Datasets/GAIM240/zeroday_motion_resolution_level2.mp4
2302,zeroday,INTER-DISTORTION,zeroday_reference.mp4,/home/jv495/Datasets/GAIM240/zeroday_reference.mp4,zeroday_judder_level1.mp4,judder,level1,/home/jv495/Datasets/GAIM240/zeroday_judder_level1.mp4,zeroday_noise_colors_level0.mp4,noise_colors,level0,/home/jv495/Datasets/GAIM240/zeroday_noise_colors_level0.mp4
2303,zeroday,INTER-DISTORTION,zeroday_reference.mp4,/home/jv495/Datasets/GAIM240/zeroday_reference.mp4,zeroday_judder_level1.mp4,judder,level1,/home/jv495/Datasets/GAIM240/zeroday_judder_level1.mp4,zeroday_noise_colors_level1.mp4,noise_colors,level1,/home/jv495/Datasets/GAIM240/zeroday_noise_colors_level1.mp4
2304,zeroday,INTER-DISTORTION,zeroday_reference.mp4,/home/jv495/Datasets/GAIM240/zeroday_reference.mp4,zeroday_judder_level1.mp4,judder,level1,/home/jv495/Datasets/GAIM240/zeroday_judder_level1.mp4,zeroday_noise_colors_level2.mp4,noise_colors,level2,/home/jv495/Datasets/GAIM240/zeroday_noise_colors_level2.mp4
2305,zeroday,INTER-DISTORTION,zeroday_reference.mp4,/home/jv495/Datasets/GAIM240/zeroday_reference.mp4,zeroday_judder_level1.mp4,judder,level1,/home/jv495/Datasets/GAIM240/zeroday_judder_level1.mp4,zeroday_restir_level0.mp4,restir,level0,/home/jv495/Datasets/GAIM240/zeroday_restir_level0.mp4
2306,zeroday,INTER-DISTORTION,zeroday_reference.mp4,/home/jv495/Datasets/GAIM240/zeroday_reference.mp4,zeroday_judder_level1.mp4,judder,level1,/home/jv495/Datasets/GAIM240/zeroday_judder_level1.mp4,zeroday_restir_level1.mp4,restir,level1,/home/jv495/Datasets/GAIM240/zeroday_restir_level1.mp4
2307,zeroday,INTER-DISTORTION,zeroday_reference.mp4,/home/jv495/Datasets/GAIM240/zeroday_reference.mp4,zeroday_judder_level1.mp4,judder,level1,/home/jv495/Datasets/GAIM240/zeroday_judder_level1.mp4,zeroday_restir_level2.mp4,restir,level2,/home/jv495/Datasets/GAIM240/zeroday_restir_level2.mp4
2308,zeroday,INTER-DISTORTION,zeroday_reference.mp4,/home/jv495/Datasets/GAIM240/zeroday_reference.mp4,zeroday_judder_level1.mp4,judder,level1,/home/jv495/Datasets/GAIM240/zeroday_judder_level1.mp4,zeroday_stutter_level0.mp4,stutter,level0,/home/jv495/Datasets/GAIM240/zeroday_stutter_level0.mp4
2309,zeroday,INTER-DISTORTION,zeroday_reference.mp4,/home/jv495/Datasets/GAIM240/zeroday_reference.mp4,zeroday_judder_level1.mp4,judder,level1,/home/jv495/Datasets/GAIM240/zeroday_judder_level1.mp4,zeroday_stutter_level1.mp4,stutter,level1,/home/jv495/Datasets/GAIM240/zeroday_stutter_level1.mp4
2310,zeroday,INTER-DISTORTION,zeroday_reference.mp4,/home/jv495/Datasets/GAIM240/zeroday_reference.mp4,zeroday_judder_level1.mp4,judder,level1,/home/jv495/Datasets/GAIM240/zeroday_judder_level1.mp4,zeroday_stutter_level2.mp4,stutter,level2,/home/jv495/Datasets/GAIM240/zeroday_stutter_level2.mp4
2311,zeroday,INTER-DISTORTION,zeroday_reference.mp4,/home/jv495/Datasets/GAIM240/zeroday_reference.mp4,zeroday_judder_level1.mp4,judder,level1,/home/jv495/Datasets/GAIM240/zeroday_judder_level1.mp4,zeroday_temporal-resolution-multiplexing_level0.mp4,temporal-resolution-multiplexing,level0,/home/jv495/Datasets/GAIM240/zeroday_temporal-resolution-multiplexing_level0.mp4
2312,zeroday,INTER-DISTORTION,zeroday_reference.mp4,/home/jv495/Datasets/GAIM240/zeroday_reference.mp4,zeroday_judder_level1.mp4,judder,level1,/home/jv495/Datasets/GAIM240/zeroday_judder_level1.mp4,zeroday_temporal-resolution-multiplexing_level1.mp4,temporal-resolution-multiplexing,level1,/home/jv495/Datasets/GAIM240/zeroday_temporal-resolution-multiplexing_level1.mp4
2313,zeroday,INTER-DISTORTION,zeroday_reference.mp4,/home/jv495/Datasets/GAIM240/zeroday_reference.mp4,zeroday_judder_level1.mp4,judder,level1,/home/jv495/Datasets/GAIM240/zeroday_judder_level1.mp4,zeroday_temporal-resolution-multiplexing_level2.mp4,temporal-resolution-multiplexing,level2,/home/jv495/Datasets/GAIM240/zeroday_temporal-resolution-multiplexing_level2.mp4
2314,zeroday,INTER-DISTORTION,zeroday_reference.mp4,/home/jv495/Datasets/GAIM240/zeroday_reference.mp4,zeroday_judder_level2.mp4,judder,level2,/home/jv495/Datasets/GAIM240/zeroday_judder_level2.mp4,zeroday_motion_noise_level0.mp4,motion_noise,level0,/home/jv495/Datasets/GAIM240/zeroday_motion_noise_level0.mp4
2315,zeroday,INTER-DISTORTION,zeroday_reference.mp4,/home/jv495/Datasets/GAIM240/zeroday_reference.mp4,zeroday_judder_level2.mp4,judder,level2,/home/jv495/Datasets/GAIM240/zeroday_judder_level2.mp4,zeroday_motion_noise_level1.mp4,motion_noise,level1,/home/jv495/Datasets/GAIM240/zeroday_motion_noise_level1.mp4
2316,zeroday,INTER-DISTORTION,zeroday_reference.mp4,/home/jv495/Datasets/GAIM240/zeroday_reference.mp4,zeroday_judder_level2.mp4,judder,level2,/home/jv495/Datasets/GAIM240/zeroday_judder_level2.mp4,zeroday_motion_noise_level2.mp4,motion_noise,level2,/home/jv495/Datasets/GAIM240/zeroday_motion_noise_level2.mp4
2317,zeroday,INTER-DISTORTION,zeroday_reference.mp4,/home/jv495/Datasets/GAIM240/zeroday_reference.mp4,zeroday_judder_level2.mp4,judder,level2,/home/jv495/Datasets/GAIM240/zeroday_judder_level2.mp4,zeroday_motion_resolution_level0.mp4,motion_resolution,level0,/home/jv495/Datasets/GAIM240/zeroday_motion_resolution_level0.mp4
2318,zeroday,INTER-DISTORTION,zeroday_reference.mp4,/home/jv495/Datasets/GAIM240/zeroday_reference.mp4,zeroday_judder_level2.mp4,judder,level2,/home/jv495/Datasets/GAIM240/zeroday_judder_level2.mp4,zeroday_motion_resolution_level1.mp4,motion_resolution,level1,/home/jv495/Datasets/GAIM240/zeroday_motion_resolution_level1.mp4
2319,zeroday,INTER-DISTORTION,zeroday_reference.mp4,/home/jv495/Datasets/GAIM240/zeroday_reference.mp4,zeroday_judder_level2.mp4,judder,level2,/home/jv495/Datasets/GAIM240/zeroday_judder_level2.mp4,zeroday_motion_resolution_level2.mp4,motion_resolution,level2,/home/jv495/Datasets/GAIM240/zeroday_motion_resolution_level2.mp4
2320,zeroday,INTER-DISTORTION,zeroday_reference.mp4,/home/jv495/Datasets/GAIM240/zeroday_reference.mp4,zeroday_judder_level2.mp4,judder,level2,/home/jv495/Datasets/GAIM240/zeroday_judder_level2.mp4,zeroday_noise_colors_level0.mp4,noise_colors,level0,/home/jv495/Datasets/GAIM240/zeroday_noise_colors_level0.mp4
2321,zeroday,INTER-DISTORTION,zeroday_reference.mp4,/home/jv495/Datasets/GAIM240/zeroday_reference.mp4,zeroday_judder_level2.mp4,judder,level2,/home/jv495/Datasets/GAIM240/zeroday_judder_level2.mp4,zeroday_noise_colors_level1.mp4,noise_colors,level1,/home/jv495/Datasets/GAIM240/zeroday_noise_colors_level1.mp4
2322,zeroday,INTER-DISTORTION,zeroday_reference.mp4,/home/jv495/Datasets/GAIM240/zeroday_reference.mp4,zeroday_judder_level2.mp4,judder,level2,/home/jv495/Datasets/GAIM240/zeroday_judder_level2.mp4,zeroday_noise_colors_level2.mp4,noise_colors,level2,/home/jv495/Datasets/GAIM240/zeroday_noise_colors_level2.mp4
2323,zeroday,INTER-DISTORTION,zeroday_reference.mp4,/home/jv495/Datasets/GAIM240/zeroday_reference.mp4,zeroday_judder_level2.mp4,judder,level2,/home/jv495/Datasets/GAIM240/zeroday_judder_level2.mp4,zeroday_restir_level0.mp4,restir,level0,/home/jv495/Datasets/GAIM240/zeroday_restir_level0.mp4
2324,zeroday,INTER-DISTORTION,zeroday_reference.mp4,/home/jv495/Datasets/GAIM240/zeroday_reference.mp4,zeroday_judder_level2.mp4,judder,level2,/home/jv495/Datasets/GAIM240/zeroday_judder_level2.mp4,zeroday_restir_level1.mp4,restir,level1,/home/jv495/Datasets/GAIM240/zeroday_restir_level1.mp4
2325,zeroday,INTER-DISTORTION,zeroday_reference.mp4,/home/jv495/Datasets/GAIM240/zeroday_reference.mp4,zeroday_judder_level2.mp4,judder,level2,/home/jv495/Datasets/GAIM240/zeroday_judder_level2.mp4,zeroday_restir_level2.mp4,restir,level2,/home/jv495/Datasets/GAIM240/zeroday_restir_level2.mp4
2326,zeroday,INTER-DISTORTION,zeroday_reference.mp4,/home/jv495/Datasets/GAIM240/zeroday_reference.mp4,zeroday_judder_level2.mp4,judder,level2,/home/jv495/Datasets/GAIM240/zeroday_judder_level2.mp4,zeroday_stutter_level0.mp4,stutter,level0,/home/jv495/Datasets/GAIM240/zeroday_stutter_level0.mp4
2327,zeroday,INTER-DISTORTION,zeroday_reference.mp4,/home/jv495/Datasets/GAIM240/zeroday_reference.mp4,zeroday_judder_level2.mp4,judder,level2,/home/jv495/Datasets/GAIM240/zeroday_judder_level2.mp4,zeroday_stutter_level1.mp4,stutter,level1,/home/jv495/Datasets/GAIM240/zeroday_stutter_level1.mp4
2328,zeroday,INTER-DISTORTION,zeroday_reference.mp4,/home/jv495/Datasets/GAIM240/zeroday_reference.mp4,zeroday_judder_level2.mp4,judder,level2,/home/jv495/Datasets/GAIM240/zeroday_judder_level2.mp4,zeroday_stutter_level2.mp4,stutter,level2,/home/jv495/Datasets/GAIM240/zeroday_stutter_level2.mp4
2329,zeroday,INTER-DISTORTION,zeroday_reference.mp4,/home/jv495/Datasets/GAIM240/zeroday_reference.mp4,zeroday_judder_level2.mp4,judder,level2,/home/jv495/Datasets/GAIM240/zeroday_judder_level2.mp4,zeroday_temporal-resolution-multiplexing_level0.mp4,temporal-resolution-multiplexing,level0,/home/jv495/Datasets/GAIM240/zeroday_temporal-resolution-multiplexing_level0.mp4
2330,zeroday,INTER-DISTORTION,zeroday_reference.mp4,/home/jv495/Datasets/GAIM240/zeroday_reference.mp4,zeroday_judder_level2.mp4,judder,level2,/home/jv495/Datasets/GAIM240/zeroday_judder_level2.mp4,zeroday_temporal-resolution-multiplexing_level1.mp4,temporal-resolution-multiplexing,level1,/home/jv495/Datasets/GAIM240/zeroday_temporal-resolution-multiplexing_level1.mp4
2331,zeroday,INTER-DISTORTION,zeroday_reference.mp4,/home/jv495/Datasets/GAIM240/zeroday_reference.mp4,zeroday_judder_level2.mp4,judder,level2,/home/jv495/Datasets/GAIM240/zeroday_judder_level2.mp4,zeroday_temporal-resolution-multiplexing_level2.mp4,temporal-resolution-multiplexing,level2,/home/jv495/Datasets/GAIM240/zeroday_temporal-resolution-multiplexing_level2.mp4
2332,zeroday,INTRA-DISTORTION,zeroday_reference.mp4,/home/jv495/Datasets/GAIM240/zeroday_reference.mp4,zeroday_motion_noise_level0.mp4,motion_noise,level0,/home/jv495/Datasets/GAIM240/zeroday_motion_noise_level0.mp4,zeroday_motion_noise_level1.mp4,motion_noise,level1,/home/jv495/Datasets/GAIM240/zeroday_motion_noise_level1.mp4
2333,zeroday,INTRA-DISTORTION,zeroday_reference.mp4,/home/jv495/Datasets/GAIM240/zeroday_reference.mp4,zeroday_motion_noise_level0.mp4,motion_noise,level0,/home/jv495/Datasets/GAIM240/zeroday_motion_noise_level0.mp4,zeroday_motion_noise_level2.mp4,motion_noise,level2,/home/jv495/Datasets/GAIM240/zeroday_motion_noise_level2.mp4
2334,zeroday,INTER-DISTORTION,zeroday_reference.mp4,/home/jv495/Datasets/GAIM240/zeroday_reference.mp4,zeroday_motion_noise_level0.mp4,motion_noise,level0,/home/jv495/Datasets/GAIM240/zeroday_motion_noise_level0.mp4,zeroday_motion_resolution_level0.mp4,motion_resolution,level0,/home/jv495/Datasets/GAIM240/zeroday_motion_resolution_level0.mp4
2335,zeroday,INTER-DISTORTION,zeroday_reference.mp4,/home/jv495/Datasets/GAIM240/zeroday_reference.mp4,zeroday_motion_noise_level0.mp4,motion_noise,level0,/home/jv495/Datasets/GAIM240/zeroday_motion_noise_level0.mp4,zeroday_motion_resolution_level1.mp4,motion_resolution,level1,/home/jv495/Datasets/GAIM240/zeroday_motion_resolution_level1.mp4
2336,zeroday,INTER-DISTORTION,zeroday_reference.mp4,/home/jv495/Datasets/GAIM240/zeroday_reference.mp4,zeroday_motion_noise_level0.mp4,motion_noise,level0,/home/jv495/Datasets/GAIM240/zeroday_motion_noise_level0.mp4,zeroday_motion_resolution_level2.mp4,motion_resolution,level2,/home/jv495/Datasets/GAIM240/zeroday_motion_resolution_level2.mp4
2337,zeroday,INTER-DISTORTION,zeroday_reference.mp4,/home/jv495/Datasets/GAIM240/zeroday_reference.mp4,zeroday_motion_noise_level0.mp4,motion_noise,level0,/home/jv495/Datasets/GAIM240/zeroday_motion_noise_level0.mp4,zeroday_noise_colors_level0.mp4,noise_colors,level0,/home/jv495/Datasets/GAIM240/zeroday_noise_colors_level0.mp4
2338,zeroday,INTER-DISTORTION,zeroday_reference.mp4,/home/jv495/Datasets/GAIM240/zeroday_reference.mp4,zeroday_motion_noise_level0.mp4,motion_noise,level0,/home/jv495/Datasets/GAIM240/zeroday_motion_noise_level0.mp4,zeroday_noise_colors_level1.mp4,noise_colors,level1,/home/jv495/Datasets/GAIM240/zeroday_noise_colors_level1.mp4
2339,zeroday,INTER-DISTORTION,zeroday_reference.mp4,/home/jv495/Datasets/GAIM240/zeroday_reference.mp4,zeroday_motion_noise_level0.mp4,motion_noise,level0,/home/jv495/Datasets/GAIM240/zeroday_motion_noise_level0.mp4,zeroday_noise_colors_level2.mp4,noise_colors,level2,/home/jv495/Datasets/GAIM240/zeroday_noise_colors_level2.mp4
2340,zeroday,INTER-DISTORTION,zeroday_reference.mp4,/home/jv495/Datasets/GAIM240/zeroday_reference.mp4,zeroday_motion_noise_level0.mp4,motion_noise,level0,/home/jv495/Datasets/GAIM240/zeroday_motion_noise_level0.mp4,zeroday_restir_level0.mp4,restir,level0,/home/jv495/Datasets/GAIM240/zeroday_restir_level0.mp4
2341,zeroday,INTER-DISTORTION,zeroday_reference.mp4,/home/jv495/Datasets/GAIM240/zeroday_reference.mp4,zeroday_motion_noise_level0.mp4,motion_noise,level0,/home/jv495/Datasets/GAIM240/zeroday_motion_noise_level0.mp4,zeroday_restir_level1.mp4,restir,level1,/home/jv495/Datasets/GAIM240/zeroday_restir_level1.mp4
2342,zeroday,INTER-DISTORTION,zeroday_reference.mp4,/home/jv495/Datasets/GAIM240/zeroday_reference.mp4,zeroday_motion_noise_level0.mp4,motion_noise,level0,/home/jv495/Datasets/GAIM240/zeroday_motion_noise_level0.mp4,zeroday_restir_level2.mp4,restir,level2,/home/jv495/Datasets/GAIM240/zeroday_restir_level2.mp4
2343,zeroday,INTER-DISTORTION,zeroday_reference.mp4,/home/jv495/Datasets/GAIM240/zeroday_reference.mp4,zeroday_motion_noise_level0.mp4,motion_noise,level0,/home/jv495/Datasets/GAIM240/zeroday_motion_noise_level0.mp4,zeroday_stutter_level0.mp4,stutter,level0,/home/jv495/Datasets/GAIM240/zeroday_stutter_level0.mp4
2344,zeroday,INTER-DISTORTION,zeroday_reference.mp4,/home/jv495/Datasets/GAIM240/zeroday_reference.mp4,zeroday_motion_noise_level0.mp4,motion_noise,level0,/home/jv495/Datasets/GAIM240/zeroday_motion_noise_level0.mp4,zeroday_stutter_level1.mp4,stutter,level1,/home/jv495/Datasets/GAIM240/zeroday_stutter_level1.mp4
2345,zeroday,INTER-DISTORTION,zeroday_reference.mp4,/home/jv495/Datasets/GAIM240/zeroday_reference.mp4,zeroday_motion_noise_level0.mp4,motion_noise,level0,/home/jv495/Datasets/GAIM240/zeroday_motion_noise_level0.mp4,zeroday_stutter_level2.mp4,stutter,level2,/home/jv495/Datasets/GAIM240/zeroday_stutter_level2.mp4
2346,zeroday,INTER-DISTORTION,zeroday_reference.mp4,/home/jv495/Datasets/GAIM240/zeroday_reference.mp4,zeroday_motion_noise_level0.mp4,motion_noise,level0,/home/jv495/Datasets/GAIM240/zeroday_motion_noise_level0.mp4,zeroday_temporal-resolution-multiplexing_level0.mp4,temporal-resolution-multiplexing,level0,/home/jv495/Datasets/GAIM240/zeroday_temporal-resolution-multiplexing_level0.mp4
2347,zeroday,INTER-DISTORTION,zeroday_reference.mp4,/home/jv495/Datasets/GAIM240/zeroday_reference.mp4,zeroday_motion_noise_level0.mp4,motion_noise,level0,/home/jv495/Datasets/GAIM240/zeroday_motion_noise_level0.mp4,zeroday_temporal-resolution-multiplexing_level1.mp4,temporal-resolution-multiplexing,level1,/home/jv495/Datasets/GAIM240/zeroday_temporal-resolution-multiplexing_level1.mp4
2348,zeroday,INTER-DISTORTION,zeroday_reference.mp4,/home/jv495/Datasets/GAIM240/zeroday_reference.mp4,zeroday_motion_noise_level0.mp4,motion_noise,level0,/home/jv495/Datasets/GAIM240/zeroday_motion_noise_level0.mp4,zeroday_temporal-resolution-multiplexing_level2.mp4,temporal-resolution-multiplexing,level2,/home/jv495/Datasets/GAIM240/zeroday_temporal-resolution-multiplexing_level2.mp4
2349,zeroday,INTRA-DISTORTION,zeroday_reference.mp4,/home/jv495/Datasets/GAIM240/zeroday_reference.mp4,zeroday_motion_noise_level1.mp4,motion_noise,level1,/home/jv495/Datasets/GAIM240/zeroday_motion_noise_level1.mp4,zeroday_motion_noise_level2.mp4,motion_noise,level2,/home/jv495/Datasets/GAIM240/zeroday_motion_noise_level2.mp4
2350,zeroday,INTER-DISTORTION,zeroday_reference.mp4,/home/jv495/Datasets/GAIM240/zeroday_reference.mp4,zeroday_motion_noise_level1.mp4,motion_noise,level1,/home/jv495/Datasets/GAIM240/zeroday_motion_noise_level1.mp4,zeroday_motion_resolution_level0.mp4,motion_resolution,level0,/home/jv495/Datasets/GAIM240/zeroday_motion_resolution_level0.mp4
2351,zeroday,INTER-DISTORTION,zeroday_reference.mp4,/home/jv495/Datasets/GAIM240/zeroday_reference.mp4,zeroday_motion_noise_level1.mp4,motion_noise,level1,/home/jv495/Datasets/GAIM240/zeroday_motion_noise_level1.mp4,zeroday_motion_resolution_level1.mp4,motion_resolution,level1,/home/jv495/Datasets/GAIM240/zeroday_motion_resolution_level1.mp4
2352,zeroday,INTER-DISTORTION,zeroday_reference.mp4,/home/jv495/Datasets/GAIM240/zeroday_reference.mp4,zeroday_motion_noise_level1.mp4,motion_noise,level1,/home/jv495/Datasets/GAIM240/zeroday_motion_noise_level1.mp4,zeroday_motion_resolution_level2.mp4,motion_resolution,level2,/home/jv495/Datasets/GAIM240/zeroday_motion_resolution_level2.mp4
2353,zeroday,INTER-DISTORTION,zeroday_reference.mp4,/home/jv495/Datasets/GAIM240/zeroday_reference.mp4,zeroday_motion_noise_level1.mp4,motion_noise,level1,/home/jv495/Datasets/GAIM240/zeroday_motion_noise_level1.mp4,zeroday_noise_colors_level0.mp4,noise_colors,level0,/home/jv495/Datasets/GAIM240/zeroday_noise_colors_level0.mp4
2354,zeroday,INTER-DISTORTION,zeroday_reference.mp4,/home/jv495/Datasets/GAIM240/zeroday_reference.mp4,zeroday_motion_noise_level1.mp4,motion_noise,level1,/home/jv495/Datasets/GAIM240/zeroday_motion_noise_level1.mp4,zeroday_noise_colors_level1.mp4,noise_colors,level1,/home/jv495/Datasets/GAIM240/zeroday_noise_colors_level1.mp4
2355,zeroday,INTER-DISTORTION,zeroday_reference.mp4,/home/jv495/Datasets/GAIM240/zeroday_reference.mp4,zeroday_motion_noise_level1.mp4,motion_noise,level1,/home/jv495/Datasets/GAIM240/zeroday_motion_noise_level1.mp4,zeroday_noise_colors_level2.mp4,noise_colors,level2,/home/jv495/Datasets/GAIM240/zeroday_noise_colors_level2.mp4
2356,zeroday,INTER-DISTORTION,zeroday_reference.mp4,/home/jv495/Datasets/GAIM240/zeroday_reference.mp4,zeroday_motion_noise_level1.mp4,motion_noise,level1,/home/jv495/Datasets/GAIM240/zeroday_motion_noise_level1.mp4,zeroday_restir_level0.mp4,restir,level0,/home/jv495/Datasets/GAIM240/zeroday_restir_level0.mp4
2357,zeroday,INTER-DISTORTION,zeroday_reference.mp4,/home/jv495/Datasets/GAIM240/zeroday_reference.mp4,zeroday_motion_noise_level1.mp4,motion_noise,level1,/home/jv495/Datasets/GAIM240/zeroday_motion_noise_level1.mp4,zeroday_restir_level1.mp4,restir,level1,/home/jv495/Datasets/GAIM240/zeroday_restir_level1.mp4
2358,zeroday,INTER-DISTORTION,zeroday_reference.mp4,/home/jv495/Datasets/GAIM240/zeroday_reference.mp4,zeroday_motion_noise_level1.mp4,motion_noise,level1,/home/jv495/Datasets/GAIM240/zeroday_motion_noise_level1.mp4,zeroday_restir_level2.mp4,restir,level2,/home/jv495/Datasets/GAIM240/zeroday_restir_level2.mp4
2359,zeroday,INTER-DISTORTION,zeroday_reference.mp4,/home/jv495/Datasets/GAIM240/zeroday_reference.mp4,zeroday_motion_noise_level1.mp4,motion_noise,level1,/home/jv495/Datasets/GAIM240/zeroday_motion_noise_level1.mp4,zeroday_stutter_level0.mp4,stutter,level0,/home/jv495/Datasets/GAIM240/zeroday_stutter_level0.mp4
2360,zeroday,INTER-DISTORTION,zeroday_reference.mp4,/home/jv495/Datasets/GAIM240/zeroday_reference.mp4,zeroday_motion_noise_level1.mp4,motion_noise,level1,/home/jv495/Datasets/GAIM240/zeroday_motion_noise_level1.mp4,zeroday_stutter_level1.mp4,stutter,level1,/home/jv495/Datasets/GAIM240/zeroday_stutter_level1.mp4
2361,zeroday,INTER-DISTORTION,zeroday_reference.mp4,/home/jv495/Datasets/GAIM240/zeroday_reference.mp4,zeroday_motion_noise_level1.mp4,motion_noise,level1,/home/jv495/Datasets/GAIM240/zeroday_motion_noise_level1.mp4,zeroday_stutter_level2.mp4,stutter,level2,/home/jv495/Datasets/GAIM240/zeroday_stutter_level2.mp4
2362,zeroday,INTER-DISTORTION,zeroday_reference.mp4,/home/jv495/Datasets/GAIM240/zeroday_reference.mp4,zeroday_motion_noise_level1.mp4,motion_noise,level1,/home/jv495/Datasets/GAIM240/zeroday_motion_noise_level1.mp4,zeroday_temporal-resolution-multiplexing_level0.mp4,temporal-resolution-multiplexing,level0,/home/jv495/Datasets/GAIM240/zeroday_temporal-resolution-multiplexing_level0.mp4
2363,zeroday,INTER-DISTORTION,zeroday_reference.mp4,/home/jv495/Datasets/GAIM240/zeroday_reference.mp4,zeroday_motion_noise_level1.mp4,motion_noise,level1,/home/jv495/Datasets/GAIM240/zeroday_motion_noise_level1.mp4,zeroday_temporal-resolution-multiplexing_level1.mp4,temporal-resolution-multiplexing,level1,/home/jv495/Datasets/GAIM240/zeroday_temporal-resolution-multiplexing_level1.mp4
2364,zeroday,INTER-DISTORTION,zeroday_reference.mp4,/home/jv495/Datasets/GAIM240/zeroday_reference.mp4,zeroday_motion_noise_level1.mp4,motion_noise,level1,/home/jv495/Datasets/GAIM240/zeroday_motion_noise_level1.mp4,zeroday_temporal-resolution-multiplexing_level2.mp4,temporal-resolution-multiplexing,level2,/home/jv495/Datasets/GAIM240/zeroday_temporal-resolution-multiplexing_level2.mp4
2365,zeroday,INTER-DISTORTION,zeroday_reference.mp4,/home/jv495/Datasets/GAIM240/zeroday_reference.mp4,zeroday_motion_noise_level2.mp4,motion_noise,level2,/home/jv495/Datasets/GAIM240/zeroday_motion_noise_level2.mp4,zeroday_motion_resolution_level0.mp4,motion_resolution,level0,/home/jv495/Datasets/GAIM240/zeroday_motion_resolution_level0.mp4
2366,zeroday,INTER-DISTORTION,zeroday_reference.mp4,/home/jv495/Datasets/GAIM240/zeroday_reference.mp4,zeroday_motion_noise_level2.mp4,motion_noise,level2,/home/jv495/Datasets/GAIM240/zeroday_motion_noise_level2.mp4,zeroday_motion_resolution_level1.mp4,motion_resolution,level1,/home/jv495/Datasets/GAIM240/zeroday_motion_resolution_level1.mp4
2367,zeroday,INTER-DISTORTION,zeroday_reference.mp4,/home/jv495/Datasets/GAIM240/zeroday_reference.mp4,zeroday_motion_noise_level2.mp4,motion_noise,level2,/home/jv495/Datasets/GAIM240/zeroday_motion_noise_level2.mp4,zeroday_motion_resolution_level2.mp4,motion_resolution,level2,/home/jv495/Datasets/GAIM240/zeroday_motion_resolution_level2.mp4
2368,zeroday,INTER-DISTORTION,zeroday_reference.mp4,/home/jv495/Datasets/GAIM240/zeroday_reference.mp4,zeroday_motion_noise_level2.mp4,motion_noise,level2,/home/jv495/Datasets/GAIM240/zeroday_motion_noise_level2.mp4,zeroday_noise_colors_level0.mp4,noise_colors,level0,/home/jv495/Datasets/GAIM240/zeroday_noise_colors_level0.mp4
2369,zeroday,INTER-DISTORTION,zeroday_reference.mp4,/home/jv495/Datasets/GAIM240/zeroday_reference.mp4,zeroday_motion_noise_level2.mp4,motion_noise,level2,/home/jv495/Datasets/GAIM240/zeroday_motion_noise_level2.mp4,zeroday_noise_colors_level1.mp4,noise_colors,level1,/home/jv495/Datasets/GAIM240/zeroday_noise_colors_level1.mp4
2370,zeroday,INTER-DISTORTION,zeroday_reference.mp4,/home/jv495/Datasets/GAIM240/zeroday_reference.mp4,zeroday_motion_noise_level2.mp4,motion_noise,level2,/home/jv495/Datasets/GAIM240/zeroday_motion_noise_level2.mp4,zeroday_noise_colors_level2.mp4,noise_colors,level2,/home/jv495/Datasets/GAIM240/zeroday_noise_colors_level2.mp4
2371,zeroday,INTER-DISTORTION,zeroday_reference.mp4,/home/jv495/Datasets/GAIM240/zeroday_reference.mp4,zeroday_motion_noise_level2.mp4,motion_noise,level2,/home/jv495/Datasets/GAIM240/zeroday_motion_noise_level2.mp4,zeroday_restir_level0.mp4,restir,level0,/home/jv495/Datasets/GAIM240/zeroday_restir_level0.mp4
2372,zeroday,INTER-DISTORTION,zeroday_reference.mp4,/home/jv495/Datasets/GAIM240/zeroday_reference.mp4,zeroday_motion_noise_level2.mp4,motion_noise,level2,/home/jv495/Datasets/GAIM240/zeroday_motion_noise_level2.mp4,zeroday_restir_level1.mp4,restir,level1,/home/jv495/Datasets/GAIM240/zeroday_restir_level1.mp4
2373,zeroday,INTER-DISTORTION,zeroday_reference.mp4,/home/jv495/Datasets/GAIM240/zeroday_reference.mp4,zeroday_motion_noise_level2.mp4,motion_noise,level2,/home/jv495/Datasets/GAIM240/zeroday_motion_noise_level2.mp4,zeroday_restir_level2.mp4,restir,level2,/home/jv495/Datasets/GAIM240/zeroday_restir_level2.mp4
2374,zeroday,INTER-DISTORTION,zeroday_reference.mp4,/home/jv495/Datasets/GAIM240/zeroday_reference.mp4,zeroday_motion_noise_level2.mp4,motion_noise,level2,/home/jv495/Datasets/GAIM240/zeroday_motion_noise_level2.mp4,zeroday_stutter_level0.mp4,stutter,level0,/home/jv495/Datasets/GAIM240/zeroday_stutter_level0.mp4
2375,zeroday,INTER-DISTORTION,zeroday_reference.mp4,/home/jv495/Datasets/GAIM240/zeroday_reference.mp4,zeroday_motion_noise_level2.mp4,motion_noise,level2,/home/jv495/Datasets/GAIM240/zeroday_motion_noise_level2.mp4,zeroday_stutter_level1.mp4,stutter,level1,/home/jv495/Datasets/GAIM240/zeroday_stutter_level1.mp4
2376,zeroday,INTER-DISTORTION,zeroday_reference.mp4,/home/jv495/Datasets/GAIM240/zeroday_reference.mp4,zeroday_motion_noise_level2.mp4,motion_noise,level2,/home/jv495/Datasets/GAIM240/zeroday_motion_noise_level2.mp4,zeroday_stutter_level2.mp4,stutter,level2,/home/jv495/Datasets/GAIM240/zeroday_stutter_level2.mp4
2377,zeroday,INTER-DISTORTION,zeroday_reference.mp4,/home/jv495/Datasets/GAIM240/zeroday_reference.mp4,zeroday_motion_noise_level2.mp4,motion_noise,level2,/home/jv495/Datasets/GAIM240/zeroday_motion_noise_level2.mp4,zeroday_temporal-resolution-multiplexing_level0.mp4,temporal-resolution-multiplexing,level0,/home/jv495/Datasets/GAIM240/zeroday_temporal-resolution-multiplexing_level0.mp4
2378,zeroday,INTER-DISTORTION,zeroday_reference.mp4,/home/jv495/Datasets/GAIM240/zeroday_reference.mp4,zeroday_motion_noise_level2.mp4,motion_noise,level2,/home/jv495/Datasets/GAIM240/zeroday_motion_noise_level2.mp4,zeroday_temporal-resolution-multiplexing_level1.mp4,temporal-resolution-multiplexing,level1,/home/jv495/Datasets/GAIM240/zeroday_temporal-resolution-multiplexing_level1.mp4
2379,zeroday,INTER-DISTORTION,zeroday_reference.mp4,/home/jv495/Datasets/GAIM240/zeroday_reference.mp4,zeroday_motion_noise_level2.mp4,motion_noise,level2,/home/jv495/Datasets/GAIM240/zeroday_motion_noise_level2.mp4,zeroday_temporal-resolution-multiplexing_level2.mp4,temporal-resolution-multiplexing,level2,/home/jv495/Datasets/GAIM240/zeroday_temporal-resolution-multiplexing_level2.mp4
2380,zeroday,INTRA-DISTORTION,zeroday_reference.mp4,/home/jv495/Datasets/GAIM240/zeroday_reference.mp4,zeroday_motion_resolution_level0.mp4,motion_resolution,level0,/home/jv495/Datasets/GAIM240/zeroday_motion_resolution_level0.mp4,zeroday_motion_resolution_level1.mp4,motion_resolution,level1,/home/jv495/Datasets/GAIM240/zeroday_motion_resolution_level1.mp4
2381,zeroday,INTRA-DISTORTION,zeroday_reference.mp4,/home/jv495/Datasets/GAIM240/zeroday_reference.mp4,zeroday_motion_resolution_level0.mp4,motion_resolution,level0,/home/jv495/Datasets/GAIM240/zeroday_motion_resolution_level0.mp4,zeroday_motion_resolution_level2.mp4,motion_resolution,level2,/home/jv495/Datasets/GAIM240/zeroday_motion_resolution_level2.mp4
2382,zeroday,INTER-DISTORTION,zeroday_reference.mp4,/home/jv495/Datasets/GAIM240/zeroday_reference.mp4,zeroday_motion_resolution_level0.mp4,motion_resolution,level0,/home/jv495/Datasets/GAIM240/zeroday_motion_resolution_level0.mp4,zeroday_noise_colors_level0.mp4,noise_colors,level0,/home/jv495/Datasets/GAIM240/zeroday_noise_colors_level0.mp4
2383,zeroday,INTER-DISTORTION,zeroday_reference.mp4,/home/jv495/Datasets/GAIM240/zeroday_reference.mp4,zeroday_motion_resolution_level0.mp4,motion_resolution,level0,/home/jv495/Datasets/GAIM240/zeroday_motion_resolution_level0.mp4,zeroday_noise_colors_level1.mp4,noise_colors,level1,/home/jv495/Datasets/GAIM240/zeroday_noise_colors_level1.mp4
2384,zeroday,INTER-DISTORTION,zeroday_reference.mp4,/home/jv495/Datasets/GAIM240/zeroday_reference.mp4,zeroday_motion_resolution_level0.mp4,motion_resolution,level0,/home/jv495/Datasets/GAIM240/zeroday_motion_resolution_level0.mp4,zeroday_noise_colors_level2.mp4,noise_colors,level2,/home/jv495/Datasets/GAIM240/zeroday_noise_colors_level2.mp4
2385,zeroday,INTER-DISTORTION,zeroday_reference.mp4,/home/jv495/Datasets/GAIM240/zeroday_reference.mp4,zeroday_motion_resolution_level0.mp4,motion_resolution,level0,/home/jv495/Datasets/GAIM240/zeroday_motion_resolution_level0.mp4,zeroday_restir_level0.mp4,restir,level0,/home/jv495/Datasets/GAIM240/zeroday_restir_level0.mp4
2386,zeroday,INTER-DISTORTION,zeroday_reference.mp4,/home/jv495/Datasets/GAIM240/zeroday_reference.mp4,zeroday_motion_resolution_level0.mp4,motion_resolution,level0,/home/jv495/Datasets/GAIM240/zeroday_motion_resolution_level0.mp4,zeroday_restir_level1.mp4,restir,level1,/home/jv495/Datasets/GAIM240/zeroday_restir_level1.mp4
2387,zeroday,INTER-DISTORTION,zeroday_reference.mp4,/home/jv495/Datasets/GAIM240/zeroday_reference.mp4,zeroday_motion_resolution_level0.mp4,motion_resolution,level0,/home/jv495/Datasets/GAIM240/zeroday_motion_resolution_level0.mp4,zeroday_restir_level2.mp4,restir,level2,/home/jv495/Datasets/GAIM240/zeroday_restir_level2.mp4
2388,zeroday,INTER-DISTORTION,zeroday_reference.mp4,/home/jv495/Datasets/GAIM240/zeroday_reference.mp4,zeroday_motion_resolution_level0.mp4,motion_resolution,level0,/home/jv495/Datasets/GAIM240/zeroday_motion_resolution_level0.mp4,zeroday_stutter_level0.mp4,stutter,level0,/home/jv495/Datasets/GAIM240/zeroday_stutter_level0.mp4
2389,zeroday,INTER-DISTORTION,zeroday_reference.mp4,/home/jv495/Datasets/GAIM240/zeroday_reference.mp4,zeroday_motion_resolution_level0.mp4,motion_resolution,level0,/home/jv495/Datasets/GAIM240/zeroday_motion_resolution_level0.mp4,zeroday_stutter_level1.mp4,stutter,level1,/home/jv495/Datasets/GAIM240/zeroday_stutter_level1.mp4
2390,zeroday,INTER-DISTORTION,zeroday_reference.mp4,/home/jv495/Datasets/GAIM240/zeroday_reference.mp4,zeroday_motion_resolution_level0.mp4,motion_resolution,level0,/home/jv495/Datasets/GAIM240/zeroday_motion_resolution_level0.mp4,zeroday_stutter_level2.mp4,stutter,level2,/home/jv495/Datasets/GAIM240/zeroday_stutter_level2.mp4
2391,zeroday,INTER-DISTORTION,zeroday_reference.mp4,/home/jv495/Datasets/GAIM240/zeroday_reference.mp4,zeroday_motion_resolution_level0.mp4,motion_resolution,level0,/home/jv495/Datasets/GAIM240/zeroday_motion_resolution_level0.mp4,zeroday_temporal-resolution-multiplexing_level0.mp4,temporal-resolution-multiplexing,level0,/home/jv495/Datasets/GAIM240/zeroday_temporal-resolution-multiplexing_level0.mp4
2392,zeroday,INTER-DISTORTION,zeroday_reference.mp4,/home/jv495/Datasets/GAIM240/zeroday_reference.mp4,zeroday_motion_resolution_level0.mp4,motion_resolution,level0,/home/jv495/Datasets/GAIM240/zeroday_motion_resolution_level0.mp4,zeroday_temporal-resolution-multiplexing_level1.mp4,temporal-resolution-multiplexing,level1,/home/jv495/Datasets/GAIM240/zeroday_temporal-resolution-multiplexing_level1.mp4
2393,zeroday,INTER-DISTORTION,zeroday_reference.mp4,/home/jv495/Datasets/GAIM240/zeroday_reference.mp4,zeroday_motion_resolution_level0.mp4,motion_resolution,level0,/home/jv495/Datasets/GAIM240/zeroday_motion_resolution_level0.mp4,zeroday_temporal-resolution-multiplexing_level2.mp4,temporal-resolution-multiplexing,level2,/home/jv495/Datasets/GAIM240/zeroday_temporal-resolution-multiplexing_level2.mp4
2394,zeroday,INTRA-DISTORTION,zeroday_reference.mp4,/home/jv495/Datasets/GAIM240/zeroday_reference.mp4,zeroday_motion_resolution_level1.mp4,motion_resolution,level1,/home/jv495/Datasets/GAIM240/zeroday_motion_resolution_level1.mp4,zeroday_motion_resolution_level2.mp4,motion_resolution,level2,/home/jv495/Datasets/GAIM240/zeroday_motion_resolution_level2.mp4
2395,zeroday,INTER-DISTORTION,zeroday_reference.mp4,/home/jv495/Datasets/GAIM240/zeroday_reference.mp4,zeroday_motion_resolution_level1.mp4,motion_resolution,level1,/home/jv495/Datasets/GAIM240/zeroday_motion_resolution_level1.mp4,zeroday_noise_colors_level0.mp4,noise_colors,level0,/home/jv495/Datasets/GAIM240/zeroday_noise_colors_level0.mp4
2396,zeroday,INTER-DISTORTION,zeroday_reference.mp4,/home/jv495/Datasets/GAIM240/zeroday_reference.mp4,zeroday_motion_resolution_level1.mp4,motion_resolution,level1,/home/jv495/Datasets/GAIM240/zeroday_motion_resolution_level1.mp4,zeroday_noise_colors_level1.mp4,noise_colors,level1,/home/jv495/Datasets/GAIM240/zeroday_noise_colors_level1.mp4
2397,zeroday,INTER-DISTORTION,zeroday_reference.mp4,/home/jv495/Datasets/GAIM240/zeroday_reference.mp4,zeroday_motion_resolution_level1.mp4,motion_resolution,level1,/home/jv495/Datasets/GAIM240/zeroday_motion_resolution_level1.mp4,zeroday_noise_colors_level2.mp4,noise_colors,level2,/home/jv495/Datasets/GAIM240/zeroday_noise_colors_level2.mp4
2398,zeroday,INTER-DISTORTION,zeroday_reference.mp4,/home/jv495/Datasets/GAIM240/zeroday_reference.mp4,zeroday_motion_resolution_level1.mp4,motion_resolution,level1,/home/jv495/Datasets/GAIM240/zeroday_motion_resolution_level1.mp4,zeroday_restir_level0.mp4,restir,level0,/home/jv495/Datasets/GAIM240/zeroday_restir_level0.mp4
2399,zeroday,INTER-DISTORTION,zeroday_reference.mp4,/home/jv495/Datasets/GAIM240/zeroday_reference.mp4,zeroday_motion_resolution_level1.mp4,motion_resolution,level1,/home/jv495/Datasets/GAIM240/zeroday_motion_resolution_level1.mp4,zeroday_restir_level1.mp4,restir,level1,/home/jv495/Datasets/GAIM240/zeroday_restir_level1.mp4
2400,zeroday,INTER-DISTORTION,zeroday_reference.mp4,/home/jv495/Datasets/GAIM240/zeroday_reference.mp4,zeroday_motion_resolution_level1.mp4,motion_resolution,level1,/home/jv495/Datasets/GAIM240/zeroday_motion_resolution_level1.mp4,zeroday_restir_level2.mp4,restir,level2,/home/jv495/Datasets/GAIM240/zeroday_restir_level2.mp4
2401,zeroday,INTER-DISTORTION,zeroday_reference.mp4,/home/jv495/Datasets/GAIM240/zeroday_reference.mp4,zeroday_motion_resolution_level1.mp4,motion_resolution,level1,/home/jv495/Datasets/GAIM240/zeroday_motion_resolution_level1.mp4,zeroday_stutter_level0.mp4,stutter,level0,/home/jv495/Datasets/GAIM240/zeroday_stutter_level0.mp4
2402,zeroday,INTER-DISTORTION,zeroday_reference.mp4,/home/jv495/Datasets/GAIM240/zeroday_reference.mp4,zeroday_motion_resolution_level1.mp4,motion_resolution,level1,/home/jv495/Datasets/GAIM240/zeroday_motion_resolution_level1.mp4,zeroday_stutter_level1.mp4,stutter,level1,/home/jv495/Datasets/GAIM240/zeroday_stutter_level1.mp4
2403,zeroday,INTER-DISTORTION,zeroday_reference.mp4,/home/jv495/Datasets/GAIM240/zeroday_reference.mp4,zeroday_motion_resolution_level1.mp4,motion_resolution,level1,/home/jv495/Datasets/GAIM240/zeroday_motion_resolution_level1.mp4,zeroday_stutter_level2.mp4,stutter,level2,/home/jv495/Datasets/GAIM240/zeroday_stutter_level2.mp4
2404,zeroday,INTER-DISTORTION,zeroday_reference.mp4,/home/jv495/Datasets/GAIM240/zeroday_reference.mp4,zeroday_motion_resolution_level1.mp4,motion_resolution,level1,/home/jv495/Datasets/GAIM240/zeroday_motion_resolution_level1.mp4,zeroday_temporal-resolution-multiplexing_level0.mp4,temporal-resolution-multiplexing,level0,/home/jv495/Datasets/GAIM240/zeroday_temporal-resolution-multiplexing_level0.mp4
2405,zeroday,INTER-DISTORTION,zeroday_reference.mp4,/home/jv495/Datasets/GAIM240/zeroday_reference.mp4,zeroday_motion_resolution_level1.mp4,motion_resolution,level1,/home/jv495/Datasets/GAIM240/zeroday_motion_resolution_level1.mp4,zeroday_temporal-resolution-multiplexing_level1.mp4,temporal-resolution-multiplexing,level1,/home/jv495/Datasets/GAIM240/zeroday_temporal-resolution-multiplexing_level1.mp4
2406,zeroday,INTER-DISTORTION,zeroday_reference.mp4,/home/jv495/Datasets/GAIM240/zeroday_reference.mp4,zeroday_motion_resolution_level1.mp4,motion_resolution,level1,/home/jv495/Datasets/GAIM240/zeroday_motion_resolution_level1.mp4,zeroday_temporal-resolution-multiplexing_level2.mp4,temporal-resolution-multiplexing,level2,/home/jv495/Datasets/GAIM240/zeroday_temporal-resolution-multiplexing_level2.mp4
2407,zeroday,INTER-DISTORTION,zeroday_reference.mp4,/home/jv495/Datasets/GAIM240/zeroday_reference.mp4,zeroday_motion_resolution_level2.mp4,motion_resolution,level2,/home/jv495/Datasets/GAIM240/zeroday_motion_resolution_level2.mp4,zeroday_noise_colors_level0.mp4,noise_colors,level0,/home/jv495/Datasets/GAIM240/zeroday_noise_colors_level0.mp4
2408,zeroday,INTER-DISTORTION,zeroday_reference.mp4,/home/jv495/Datasets/GAIM240/zeroday_reference.mp4,zeroday_motion_resolution_level2.mp4,motion_resolution,level2,/home/jv495/Datasets/GAIM240/zeroday_motion_resolution_level2.mp4,zeroday_noise_colors_level1.mp4,noise_colors,level1,/home/jv495/Datasets/GAIM240/zeroday_noise_colors_level1.mp4
2409,zeroday,INTER-DISTORTION,zeroday_reference.mp4,/home/jv495/Datasets/GAIM240/zeroday_reference.mp4,zeroday_motion_resolution_level2.mp4,motion_resolution,level2,/home/jv495/Datasets/GAIM240/zeroday_motion_resolution_level2.mp4,zeroday_noise_colors_level2.mp4,noise_colors,level2,/home/jv495/Datasets/GAIM240/zeroday_noise_colors_level2.mp4
2410,zeroday,INTER-DISTORTION,zeroday_reference.mp4,/home/jv495/Datasets/GAIM240/zeroday_reference.mp4,zeroday_motion_resolution_level2.mp4,motion_resolution,level2,/home/jv495/Datasets/GAIM240/zeroday_motion_resolution_level2.mp4,zeroday_restir_level0.mp4,restir,level0,/home/jv495/Datasets/GAIM240/zeroday_restir_level0.mp4
2411,zeroday,INTER-DISTORTION,zeroday_reference.mp4,/home/jv495/Datasets/GAIM240/zeroday_reference.mp4,zeroday_motion_resolution_level2.mp4,motion_resolution,level2,/home/jv495/Datasets/GAIM240/zeroday_motion_resolution_level2.mp4,zeroday_restir_level1.mp4,restir,level1,/home/jv495/Datasets/GAIM240/zeroday_restir_level1.mp4
2412,zeroday,INTER-DISTORTION,zeroday_reference.mp4,/home/jv495/Datasets/GAIM240/zeroday_reference.mp4,zeroday_motion_resolution_level2.mp4,motion_resolution,level2,/home/jv495/Datasets/GAIM240/zeroday_motion_resolution_level2.mp4,zeroday_restir_level2.mp4,restir,level2,/home/jv495/Datasets/GAIM240/zeroday_restir_level2.mp4
2413,zeroday,INTER-DISTORTION,zeroday_reference.mp4,/home/jv495/Datasets/GAIM240/zeroday_reference.mp4,zeroday_motion_resolution_level2.mp4,motion_resolution,level2,/home/jv495/Datasets/GAIM240/zeroday_motion_resolution_level2.mp4,zeroday_stutter_level0.mp4,stutter,level0,/home/jv495/Datasets/GAIM240/zeroday_stutter_level0.mp4
2414,zeroday,INTER-DISTORTION,zeroday_reference.mp4,/home/jv495/Datasets/GAIM240/zeroday_reference.mp4,zeroday_motion_resolution_level2.mp4,motion_resolution,level2,/home/jv495/Datasets/GAIM240/zeroday_motion_resolution_level2.mp4,zeroday_stutter_level1.mp4,stutter,level1,/home/jv495/Datasets/GAIM240/zeroday_stutter_level1.mp4
2415,zeroday,INTER-DISTORTION,zeroday_reference.mp4,/home/jv495/Datasets/GAIM240/zeroday_reference.mp4,zeroday_motion_resolution_level2.mp4,motion_resolution,level2,/home/jv495/Datasets/GAIM240/zeroday_motion_resolution_level2.mp4,zeroday_stutter_level2.mp4,stutter,level2,/home/jv495/Datasets/GAIM240/zeroday_stutter_level2.mp4
2416,zeroday,INTER-DISTORTION,zeroday_reference.mp4,/home/jv495/Datasets/GAIM240/zeroday_reference.mp4,zeroday_motion_resolution_level2.mp4,motion_resolution,level2,/home/jv495/Datasets/GAIM240/zeroday_motion_resolution_level2.mp4,zeroday_temporal-resolution-multiplexing_level0.mp4,temporal-resolution-multiplexing,level0,/home/jv495/Datasets/GAIM240/zeroday_temporal-resolution-multiplexing_level0.mp4
2417,zeroday,INTER-DISTORTION,zeroday_reference.mp4,/home/jv495/Datasets/GAIM240/zeroday_reference.mp4,zeroday_motion_resolution_level2.mp4,motion_resolution,level2,/home/jv495/Datasets/GAIM240/zeroday_motion_resolution_level2.mp4,zeroday_temporal-resolution-multiplexing_level1.mp4,temporal-resolution-multiplexing,level1,/home/jv495/Datasets/GAIM240/zeroday_temporal-resolution-multiplexing_level1.mp4
2418,zeroday,INTER-DISTORTION,zeroday_reference.mp4,/home/jv495/Datasets/GAIM240/zeroday_reference.mp4,zeroday_motion_resolution_level2.mp4,motion_resolution,level2,/home/jv495/Datasets/GAIM240/zeroday_motion_resolution_level2.mp4,zeroday_temporal-resolution-multiplexing_level2.mp4,temporal-resolution-multiplexing,level2,/home/jv495/Datasets/GAIM240/zeroday_temporal-resolution-multiplexing_level2.mp4
2419,zeroday,INTRA-DISTORTION,zeroday_reference.mp4,/home/jv495/Datasets/GAIM240/zeroday_reference.mp4,zeroday_noise_colors_level0.mp4,noise_colors,level0,/home/jv495/Datasets/GAIM240/zeroday_noise_colors_level0.mp4,zeroday_noise_colors_level1.mp4,noise_colors,level1,/home/jv495/Datasets/GAIM240/zeroday_noise_colors_level1.mp4
2420,zeroday,INTRA-DISTORTION,zeroday_reference.mp4,/home/jv495/Datasets/GAIM240/zeroday_reference.mp4,zeroday_noise_colors_level0.mp4,noise_colors,level0,/home/jv495/Datasets/GAIM240/zeroday_noise_colors_level0.mp4,zeroday_noise_colors_level2.mp4,noise_colors,level2,/home/jv495/Datasets/GAIM240/zeroday_noise_colors_level2.mp4
2421,zeroday,INTER-DISTORTION,zeroday_reference.mp4,/home/jv495/Datasets/GAIM240/zeroday_reference.mp4,zeroday_noise_colors_level0.mp4,noise_colors,level0,/home/jv495/Datasets/GAIM240/zeroday_noise_colors_level0.mp4,zeroday_restir_level0.mp4,restir,level0,/home/jv495/Datasets/GAIM240/zeroday_restir_level0.mp4
2422,zeroday,INTER-DISTORTION,zeroday_reference.mp4,/home/jv495/Datasets/GAIM240/zeroday_reference.mp4,zeroday_noise_colors_level0.mp4,noise_colors,level0,/home/jv495/Datasets/GAIM240/zeroday_noise_colors_level0.mp4,zeroday_restir_level1.mp4,restir,level1,/home/jv495/Datasets/GAIM240/zeroday_restir_level1.mp4
2423,zeroday,INTER-DISTORTION,zeroday_reference.mp4,/home/jv495/Datasets/GAIM240/zeroday_reference.mp4,zeroday_noise_colors_level0.mp4,noise_colors,level0,/home/jv495/Datasets/GAIM240/zeroday_noise_colors_level0.mp4,zeroday_restir_level2.mp4,restir,level2,/home/jv495/Datasets/GAIM240/zeroday_restir_level2.mp4
2424,zeroday,INTER-DISTORTION,zeroday_reference.mp4,/home/jv495/Datasets/GAIM240/zeroday_reference.mp4,zeroday_noise_colors_level0.mp4,noise_colors,level0,/home/jv495/Datasets/GAIM240/zeroday_noise_colors_level0.mp4,zeroday_stutter_level0.mp4,stutter,level0,/home/jv495/Datasets/GAIM240/zeroday_stutter_level0.mp4
2425,zeroday,INTER-DISTORTION,zeroday_reference.mp4,/home/jv495/Datasets/GAIM240/zeroday_reference.mp4,zeroday_noise_colors_level0.mp4,noise_colors,level0,/home/jv495/Datasets/GAIM240/zeroday_noise_colors_level0.mp4,zeroday_stutter_level1.mp4,stutter,level1,/home/jv495/Datasets/GAIM240/zeroday_stutter_level1.mp4
2426,zeroday,INTER-DISTORTION,zeroday_reference.mp4,/home/jv495/Datasets/GAIM240/zeroday_reference.mp4,zeroday_noise_colors_level0.mp4,noise_colors,level0,/home/jv495/Datasets/GAIM240/zeroday_noise_colors_level0.mp4,zeroday_stutter_level2.mp4,stutter,level2,/home/jv495/Datasets/GAIM240/zeroday_stutter_level2.mp4
2427,zeroday,INTER-DISTORTION,zeroday_reference.mp4,/home/jv495/Datasets/GAIM240/zeroday_reference.mp4,zeroday_noise_colors_level0.mp4,noise_colors,level0,/home/jv495/Datasets/GAIM240/zeroday_noise_colors_level0.mp4,zeroday_temporal-resolution-multiplexing_level0.mp4,temporal-resolution-multiplexing,level0,/home/jv495/Datasets/GAIM240/zeroday_temporal-resolution-multiplexing_level0.mp4
2428,zeroday,INTER-DISTORTION,zeroday_reference.mp4,/home/jv495/Datasets/GAIM240/zeroday_reference.mp4,zeroday_noise_colors_level0.mp4,noise_colors,level0,/home/jv495/Datasets/GAIM240/zeroday_noise_colors_level0.mp4,zeroday_temporal-resolution-multiplexing_level1.mp4,temporal-resolution-multiplexing,level1,/home/jv495/Datasets/GAIM240/zeroday_temporal-resolution-multiplexing_level1.mp4
2429,zeroday,INTER-DISTORTION,zeroday_reference.mp4,/home/jv495/Datasets/GAIM240/zeroday_reference.mp4,zeroday_noise_colors_level0.mp4,noise_colors,level0,/home/jv495/Datasets/GAIM240/zeroday_noise_colors_level0.mp4,zeroday_temporal-resolution-multiplexing_level2.mp4,temporal-resolution-multiplexing,level2,/home/jv495/Datasets/GAIM240/zeroday_temporal-resolution-multiplexing_level2.mp4
2430,zeroday,INTRA-DISTORTION,zeroday_reference.mp4,/home/jv495/Datasets/GAIM240/zeroday_reference.mp4,zeroday_noise_colors_level1.mp4,noise_colors,level1,/home/jv495/Datasets/GAIM240/zeroday_noise_colors_level1.mp4,zeroday_noise_colors_level2.mp4,noise_colors,level2,/home/jv495/Datasets/GAIM240/zeroday_noise_colors_level2.mp4
2431,zeroday,INTER-DISTORTION,zeroday_reference.mp4,/home/jv495/Datasets/GAIM240/zeroday_reference.mp4,zeroday_noise_colors_level1.mp4,noise_colors,level1,/home/jv495/Datasets/GAIM240/zeroday_noise_colors_level1.mp4,zeroday_restir_level0.mp4,restir,level0,/home/jv495/Datasets/GAIM240/zeroday_restir_level0.mp4
2432,zeroday,INTER-DISTORTION,zeroday_reference.mp4,/home/jv495/Datasets/GAIM240/zeroday_reference.mp4,zeroday_noise_colors_level1.mp4,noise_colors,level1,/home/jv495/Datasets/GAIM240/zeroday_noise_colors_level1.mp4,zeroday_restir_level1.mp4,restir,level1,/home/jv495/Datasets/GAIM240/zeroday_restir_level1.mp4
2433,zeroday,INTER-DISTORTION,zeroday_reference.mp4,/home/jv495/Datasets/GAIM240/zeroday_reference.mp4,zeroday_noise_colors_level1.mp4,noise_colors,level1,/home/jv495/Datasets/GAIM240/zeroday_noise_colors_level1.mp4,zeroday_restir_level2.mp4,restir,level2,/home/jv495/Datasets/GAIM240/zeroday_restir_level2.mp4
2434,zeroday,INTER-DISTORTION,zeroday_reference.mp4,/home/jv495/Datasets/GAIM240/zeroday_reference.mp4,zeroday_noise_colors_level1.mp4,noise_colors,level1,/home/jv495/Datasets/GAIM240/zeroday_noise_colors_level1.mp4,zeroday_stutter_level0.mp4,stutter,level0,/home/jv495/Datasets/GAIM240/zeroday_stutter_level0.mp4
2435,zeroday,INTER-DISTORTION,zeroday_reference.mp4,/home/jv495/Datasets/GAIM240/zeroday_reference.mp4,zeroday_noise_colors_level1.mp4,noise_colors,level1,/home/jv495/Datasets/GAIM240/zeroday_noise_colors_level1.mp4,zeroday_stutter_level1.mp4,stutter,level1,/home/jv495/Datasets/GAIM240/zeroday_stutter_level1.mp4
2436,zeroday,INTER-DISTORTION,zeroday_reference.mp4,/home/jv495/Datasets/GAIM240/zeroday_reference.mp4,zeroday_noise_colors_level1.mp4,noise_colors,level1,/home/jv495/Datasets/GAIM240/zeroday_noise_colors_level1.mp4,zeroday_stutter_level2.mp4,stutter,level2,/home/jv495/Datasets/GAIM240/zeroday_stutter_level2.mp4
2437,zeroday,INTER-DISTORTION,zeroday_reference.mp4,/home/jv495/Datasets/GAIM240/zeroday_reference.mp4,zeroday_noise_colors_level1.mp4,noise_colors,level1,/home/jv495/Datasets/GAIM240/zeroday_noise_colors_level1.mp4,zeroday_temporal-resolution-multiplexing_level0.mp4,temporal-resolution-multiplexing,level0,/home/jv495/Datasets/GAIM240/zeroday_temporal-resolution-multiplexing_level0.mp4
2438,zeroday,INTER-DISTORTION,zeroday_reference.mp4,/home/jv495/Datasets/GAIM240/zeroday_reference.mp4,zeroday_noise_colors_level1.mp4,noise_colors,level1,/home/jv495/Datasets/GAIM240/zeroday_noise_colors_level1.mp4,zeroday_temporal-resolution-multiplexing_level1.mp4,temporal-resolution-multiplexing,level1,/home/jv495/Datasets/GAIM240/zeroday_temporal-resolution-multiplexing_level1.mp4
2439,zeroday,INTER-DISTORTION,zeroday_reference.mp4,/home/jv495/Datasets/GAIM240/zeroday_reference.mp4,zeroday_noise_colors_level1.mp4,noise_colors,level1,/home/jv495/Datasets/GAIM240/zeroday_noise_colors_level1.mp4,zeroday_temporal-resolution-multiplexing_level2.mp4,temporal-resolution-multiplexing,level2,/home/jv495/Datasets/GAIM240/zeroday_temporal-resolution-multiplexing_level2.mp4
2440,zeroday,INTER-DISTORTION,zeroday_reference.mp4,/home/jv495/Datasets/GAIM240/zeroday_reference.mp4,zeroday_noise_colors_level2.mp4,noise_colors,level2,/home/jv495/Datasets/GAIM240/zeroday_noise_colors_level2.mp4,zeroday_restir_level0.mp4,restir,level0,/home/jv495/Datasets/GAIM240/zeroday_restir_level0.mp4
2441,zeroday,INTER-DISTORTION,zeroday_reference.mp4,/home/jv495/Datasets/GAIM240/zeroday_reference.mp4,zeroday_noise_colors_level2.mp4,noise_colors,level2,/home/jv495/Datasets/GAIM240/zeroday_noise_colors_level2.mp4,zeroday_restir_level1.mp4,restir,level1,/home/jv495/Datasets/GAIM240/zeroday_restir_level1.mp4
2442,zeroday,INTER-DISTORTION,zeroday_reference.mp4,/home/jv495/Datasets/GAIM240/zeroday_reference.mp4,zeroday_noise_colors_level2.mp4,noise_colors,level2,/home/jv495/Datasets/GAIM240/zeroday_noise_colors_level2.mp4,zeroday_restir_level2.mp4,restir,level2,/home/jv495/Datasets/GAIM240/zeroday_restir_level2.mp4
2443,zeroday,INTER-DISTORTION,zeroday_reference.mp4,/home/jv495/Datasets/GAIM240/zeroday_reference.mp4,zeroday_noise_colors_level2.mp4,noise_colors,level2,/home/jv495/Datasets/GAIM240/zeroday_noise_colors_level2.mp4,zeroday_stutter_level0.mp4,stutter,level0,/home/jv495/Datasets/GAIM240/zeroday_stutter_level0.mp4
2444,zeroday,INTER-DISTORTION,zeroday_reference.mp4,/home/jv495/Datasets/GAIM240/zeroday_reference.mp4,zeroday_noise_colors_level2.mp4,noise_colors,level2,/home/jv495/Datasets/GAIM240/zeroday_noise_colors_level2.mp4,zeroday_stutter_level1.mp4,stutter,level1,/home/jv495/Datasets/GAIM240/zeroday_stutter_level1.mp4
2445,zeroday,INTER-DISTORTION,zeroday_reference.mp4,/home/jv495/Datasets/GAIM240/zeroday_reference.mp4,zeroday_noise_colors_level2.mp4,noise_colors,level2,/home/jv495/Datasets/GAIM240/zeroday_noise_colors_level2.mp4,zeroday_stutter_level2.mp4,stutter,level2,/home/jv495/Datasets/GAIM240/zeroday_stutter_level2.mp4
2446,zeroday,INTER-DISTORTION,zeroday_reference.mp4,/home/jv495/Datasets/GAIM240/zeroday_reference.mp4,zeroday_noise_colors_level2.mp4,noise_colors,level2,/home/jv495/Datasets/GAIM240/zeroday_noise_colors_level2.mp4,zeroday_temporal-resolution-multiplexing_level0.mp4,temporal-resolution-multiplexing,level0,/home/jv495/Datasets/GAIM240/zeroday_temporal-resolution-multiplexing_level0.mp4
2447,zeroday,INTER-DISTORTION,zeroday_reference.mp4,/home/jv495/Datasets/GAIM240/zeroday_reference.mp4,zeroday_noise_colors_level2.mp4,noise_colors,level2,/home/jv495/Datasets/GAIM240/zeroday_noise_colors_level2.mp4,zeroday_temporal-resolution-multiplexing_level1.mp4,temporal-resolution-multiplexing,level1,/home/jv495/Datasets/GAIM240/zeroday_temporal-resolution-multiplexing_level1.mp4
2448,zeroday,INTER-DISTORTION,zeroday_reference.mp4,/home/jv495/Datasets/GAIM240/zeroday_reference.mp4,zeroday_noise_colors_level2.mp4,noise_colors,level2,/home/jv495/Datasets/GAIM240/zeroday_noise_colors_level2.mp4,zeroday_temporal-resolution-multiplexing_level2.mp4,temporal-resolution-multiplexing,level2,/home/jv495/Datasets/GAIM240/zeroday_temporal-resolution-multiplexing_level2.mp4
2449,zeroday,INTRA-DISTORTION,zeroday_reference.mp4,/home/jv495/Datasets/GAIM240/zeroday_reference.mp4,zeroday_restir_level0.mp4,restir,level0,/home/jv495/Datasets/GAIM240/zeroday_restir_level0.mp4,zeroday_restir_level1.mp4,restir,level1,/home/jv495/Datasets/GAIM240/zeroday_restir_level1.mp4
2450,zeroday,INTRA-DISTORTION,zeroday_reference.mp4,/home/jv495/Datasets/GAIM240/zeroday_reference.mp4,zeroday_restir_level0.mp4,restir,level0,/home/jv495/Datasets/GAIM240/zeroday_restir_level0.mp4,zeroday_restir_level2.mp4,restir,level2,/home/jv495/Datasets/GAIM240/zeroday_restir_level2.mp4
2451,zeroday,INTER-DISTORTION,zeroday_reference.mp4,/home/jv495/Datasets/GAIM240/zeroday_reference.mp4,zeroday_restir_level0.mp4,restir,level0,/home/jv495/Datasets/GAIM240/zeroday_restir_level0.mp4,zeroday_stutter_level0.mp4,stutter,level0,/home/jv495/Datasets/GAIM240/zeroday_stutter_level0.mp4
2452,zeroday,INTER-DISTORTION,zeroday_reference.mp4,/home/jv495/Datasets/GAIM240/zeroday_reference.mp4,zeroday_restir_level0.mp4,restir,level0,/home/jv495/Datasets/GAIM240/zeroday_restir_level0.mp4,zeroday_stutter_level1.mp4,stutter,level1,/home/jv495/Datasets/GAIM240/zeroday_stutter_level1.mp4
2453,zeroday,INTER-DISTORTION,zeroday_reference.mp4,/home/jv495/Datasets/GAIM240/zeroday_reference.mp4,zeroday_restir_level0.mp4,restir,level0,/home/jv495/Datasets/GAIM240/zeroday_restir_level0.mp4,zeroday_stutter_level2.mp4,stutter,level2,/home/jv495/Datasets/GAIM240/zeroday_stutter_level2.mp4
2454,zeroday,INTER-DISTORTION,zeroday_reference.mp4,/home/jv495/Datasets/GAIM240/zeroday_reference.mp4,zeroday_restir_level0.mp4,restir,level0,/home/jv495/Datasets/GAIM240/zeroday_restir_level0.mp4,zeroday_temporal-resolution-multiplexing_level0.mp4,temporal-resolution-multiplexing,level0,/home/jv495/Datasets/GAIM240/zeroday_temporal-resolution-multiplexing_level0.mp4
2455,zeroday,INTER-DISTORTION,zeroday_reference.mp4,/home/jv495/Datasets/GAIM240/zeroday_reference.mp4,zeroday_restir_level0.mp4,restir,level0,/home/jv495/Datasets/GAIM240/zeroday_restir_level0.mp4,zeroday_temporal-resolution-multiplexing_level1.mp4,temporal-resolution-multiplexing,level1,/home/jv495/Datasets/GAIM240/zeroday_temporal-resolution-multiplexing_level1.mp4
2456,zeroday,INTER-DISTORTION,zeroday_reference.mp4,/home/jv495/Datasets/GAIM240/zeroday_reference.mp4,zeroday_restir_level0.mp4,restir,level0,/home/jv495/Datasets/GAIM240/zeroday_restir_level0.mp4,zeroday_temporal-resolution-multiplexing_level2.mp4,temporal-resolution-multiplexing,level2,/home/jv495/Datasets/GAIM240/zeroday_temporal-resolution-multiplexing_level2.mp4
2457,zeroday,INTRA-DISTORTION,zeroday_reference.mp4,/home/jv495/Datasets/GAIM240/zeroday_reference.mp4,zeroday_restir_level1.mp4,restir,level1,/home/jv495/Datasets/GAIM240/zeroday_restir_level1.mp4,zeroday_restir_level2.mp4,restir,level2,/home/jv495/Datasets/GAIM240/zeroday_restir_level2.mp4
2458,zeroday,INTER-DISTORTION,zeroday_reference.mp4,/home/jv495/Datasets/GAIM240/zeroday_reference.mp4,zeroday_restir_level1.mp4,restir,level1,/home/jv495/Datasets/GAIM240/zeroday_restir_level1.mp4,zeroday_stutter_level0.mp4,stutter,level0,/home/jv495/Datasets/GAIM240/zeroday_stutter_level0.mp4
2459,zeroday,INTER-DISTORTION,zeroday_reference.mp4,/home/jv495/Datasets/GAIM240/zeroday_reference.mp4,zeroday_restir_level1.mp4,restir,level1,/home/jv495/Datasets/GAIM240/zeroday_restir_level1.mp4,zeroday_stutter_level1.mp4,stutter,level1,/home/jv495/Datasets/GAIM240/zeroday_stutter_level1.mp4
2460,zeroday,INTER-DISTORTION,zeroday_reference.mp4,/home/jv495/Datasets/GAIM240/zeroday_reference.mp4,zeroday_restir_level1.mp4,restir,level1,/home/jv495/Datasets/GAIM240/zeroday_restir_level1.mp4,zeroday_stutter_level2.mp4,stutter,level2,/home/jv495/Datasets/GAIM240/zeroday_stutter_level2.mp4
2461,zeroday,INTER-DISTORTION,zeroday_reference.mp4,/home/jv495/Datasets/GAIM240/zeroday_reference.mp4,zeroday_restir_level1.mp4,restir,level1,/home/jv495/Datasets/GAIM240/zeroday_restir_level1.mp4,zeroday_temporal-resolution-multiplexing_level0.mp4,temporal-resolution-multiplexing,level0,/home/jv495/Datasets/GAIM240/zeroday_temporal-resolution-multiplexing_level0.mp4
2462,zeroday,INTER-DISTORTION,zeroday_reference.mp4,/home/jv495/Datasets/GAIM240/zeroday_reference.mp4,zeroday_restir_level1.mp4,restir,level1,/home/jv495/Datasets/GAIM240/zeroday_restir_level1.mp4,zeroday_temporal-resolution-multiplexing_level1.mp4,temporal-resolution-multiplexing,level1,/home/jv495/Datasets/GAIM240/zeroday_temporal-resolution-multiplexing_level1.mp4
2463,zeroday,INTER-DISTORTION,zeroday_reference.mp4,/home/jv495/Datasets/GAIM240/zeroday_reference.mp4,zeroday_restir_level1.mp4,restir,level1,/home/jv495/Datasets/GAIM240/zeroday_restir_level1.mp4,zeroday_temporal-resolution-multiplexing_level2.mp4,temporal-resolution-multiplexing,level2,/home/jv495/Datasets/GAIM240/zeroday_temporal-resolution-multiplexing_level2.mp4
2464,zeroday,INTER-DISTORTION,zeroday_reference.mp4,/home/jv495/Datasets/GAIM240/zeroday_reference.mp4,zeroday_restir_level2.mp4,restir,level2,/home/jv495/Datasets/GAIM240/zeroday_restir_level2.mp4,zeroday_stutter_level0.mp4,stutter,level0,/home/jv495/Datasets/GAIM240/zeroday_stutter_level0.mp4
2465,zeroday,INTER-DISTORTION,zeroday_reference.mp4,/home/jv495/Datasets/GAIM240/zeroday_reference.mp4,zeroday_restir_level2.mp4,restir,level2,/home/jv495/Datasets/GAIM240/zeroday_restir_level2.mp4,zeroday_stutter_level1.mp4,stutter,level1,/home/jv495/Datasets/GAIM240/zeroday_stutter_level1.mp4
2466,zeroday,INTER-DISTORTION,zeroday_reference.mp4,/home/jv495/Datasets/GAIM240/zeroday_reference.mp4,zeroday_restir_level2.mp4,restir,level2,/home/jv495/Datasets/GAIM240/zeroday_restir_level2.mp4,zeroday_stutter_level2.mp4,stutter,level2,/home/jv495/Datasets/GAIM240/zeroday_stutter_level2.mp4
2467,zeroday,INTER-DISTORTION,zeroday_reference.mp4,/home/jv495/Datasets/GAIM240/zeroday_reference.mp4,zeroday_restir_level2.mp4,restir,level2,/home/jv495/Datasets/GAIM240/zeroday_restir_level2.mp4,zeroday_temporal-resolution-multiplexing_level0.mp4,temporal-resolution-multiplexing,level0,/home/jv495/Datasets/GAIM240/zeroday_temporal-resolution-multiplexing_level0.mp4
2468,zeroday,INTER-DISTORTION,zeroday_reference.mp4,/home/jv495/Datasets/GAIM240/zeroday_reference.mp4,zeroday_restir_level2.mp4,restir,level2,/home/jv495/Datasets/GAIM240/zeroday_restir_level2.mp4,zeroday_temporal-resolution-multiplexing_level1.mp4,temporal-resolution-multiplexing,level1,/home/jv495/Datasets/GAIM240/zeroday_temporal-resolution-multiplexing_level1.mp4
2469,zeroday,INTER-DISTORTION,zeroday_reference.mp4,/home/jv495/Datasets/GAIM240/zeroday_reference.mp4,zeroday_restir_level2.mp4,restir,level2,/home/jv495/Datasets/GAIM240/zeroday_restir_level2.mp4,zeroday_temporal-resolution-multiplexing_level2.mp4,temporal-resolution-multiplexing,level2,/home/jv495/Datasets/GAIM240/zeroday_temporal-resolution-multiplexing_level2.mp4
2470,zeroday,INTRA-DISTORTION,zeroday_reference.mp4,/home/jv495/Datasets/GAIM240/zeroday_reference.mp4,zeroday_stutter_level0.mp4,stutter,level0,/home/jv495/Datasets/GAIM240/zeroday_stutter_level0.mp4,zeroday_stutter_level1.mp4,stutter,level1,/home/jv495/Datasets/GAIM240/zeroday_stutter_level1.mp4
2471,zeroday,INTRA-DISTORTION,zeroday_reference.mp4,/home/jv495/Datasets/GAIM240/zeroday_reference.mp4,zeroday_stutter_level0.mp4,stutter,level0,/home/jv495/Datasets/GAIM240/zeroday_stutter_level0.mp4,zeroday_stutter_level2.mp4,stutter,level2,/home/jv495/Datasets/GAIM240/zeroday_stutter_level2.mp4
2472,zeroday,INTER-DISTORTION,zeroday_reference.mp4,/home/jv495/Datasets/GAIM240/zeroday_reference.mp4,zeroday_stutter_level0.mp4,stutter,level0,/home/jv495/Datasets/GAIM240/zeroday_stutter_level0.mp4,zeroday_temporal-resolution-multiplexing_level0.mp4,temporal-resolution-multiplexing,level0,/home/jv495/Datasets/GAIM240/zeroday_temporal-resolution-multiplexing_level0.mp4
2473,zeroday,INTER-DISTORTION,zeroday_reference.mp4,/home/jv495/Datasets/GAIM240/zeroday_reference.mp4,zeroday_stutter_level0.mp4,stutter,level0,/home/jv495/Datasets/GAIM240/zeroday_stutter_level0.mp4,zeroday_temporal-resolution-multiplexing_level1.mp4,temporal-resolution-multiplexing,level1,/home/jv495/Datasets/GAIM240/zeroday_temporal-resolution-multiplexing_level1.mp4
2474,zeroday,INTER-DISTORTION,zeroday_reference.mp4,/home/jv495/Datasets/GAIM240/zeroday_reference.mp4,zeroday_stutter_level0.mp4,stutter,level0,/home/jv495/Datasets/GAIM240/zeroday_stutter_level0.mp4,zeroday_temporal-resolution-multiplexing_level2.mp4,temporal-resolution-multiplexing,level2,/home/jv495/Datasets/GAIM240/zeroday_temporal-resolution-multiplexing_level2.mp4
2475,zeroday,INTRA-DISTORTION,zeroday_reference.mp4,/home/jv495/Datasets/GAIM240/zeroday_reference.mp4,zeroday_stutter_level1.mp4,stutter,level1,/home/jv495/Datasets/GAIM240/zeroday_stutter_level1.mp4,zeroday_stutter_level2.mp4,stutter,level2,/home/jv495/Datasets/GAIM240/zeroday_stutter_level2.mp4
2476,zeroday,INTER-DISTORTION,zeroday_reference.mp4,/home/jv495/Datasets/GAIM240/zeroday_reference.mp4,zeroday_stutter_level1.mp4,stutter,level1,/home/jv495/Datasets/GAIM240/zeroday_stutter_level1.mp4,zeroday_temporal-resolution-multiplexing_level0.mp4,temporal-resolution-multiplexing,level0,/home/jv495/Datasets/GAIM240/zeroday_temporal-resolution-multiplexing_level0.mp4
2477,zeroday,INTER-DISTORTION,zeroday_reference.mp4,/home/jv495/Datasets/GAIM240/zeroday_reference.mp4,zeroday_stutter_level1.mp4,stutter,level1,/home/jv495/Datasets/GAIM240/zeroday_stutter_level1.mp4,zeroday_temporal-resolution-multiplexing_level1.mp4,temporal-resolution-multiplexing,level1,/home/jv495/Datasets/GAIM240/zeroday_temporal-resolution-multiplexing_level1.mp4
2478,zeroday,INTER-DISTORTION,zeroday_reference.mp4,/home/jv495/Datasets/GAIM240/zeroday_reference.mp4,zeroday_stutter_level1.mp4,stutter,level1,/home/jv495/Datasets/GAIM240/zeroday_stutter_level1.mp4,zeroday_temporal-resolution-multiplexing_level2.mp4,temporal-resolution-multiplexing,level2,/home/jv495/Datasets/GAIM240/zeroday_temporal-resolution-multiplexing_level2.mp4
2479,zeroday,INTER-DISTORTION,zeroday_reference.mp4,/home/jv495/Datasets/GAIM240/zeroday_reference.mp4,zeroday_stutter_level2.mp4,stutter,level2,/home/jv495/Datasets/GAIM240/zeroday_stutter_level2.mp4,zeroday_temporal-resolution-multiplexing_level0.mp4,temporal-resolution-multiplexing,level0,/home/jv495/Datasets/GAIM240/zeroday_temporal-resolution-multiplexing_level0.mp4
2480,zeroday,INTER-DISTORTION,zeroday_reference.mp4,/home/jv495/Datasets/GAIM240/zeroday_reference.mp4,zeroday_stutter_level2.mp4,stutter,level2,/home/jv495/Datasets/GAIM240/zeroday_stutter_level2.mp4,zeroday_temporal-resolution-multiplexing_level1.mp4,temporal-resolution-multiplexing,level1,/home/jv495/Datasets/GAIM240/zeroday_temporal-resolution-multiplexing_level1.mp4
2481,zeroday,INTER-DISTORTION,zeroday_reference.mp4,/home/jv495/Datasets/GAIM240/zeroday_reference.mp4,zeroday_stutter_level2.mp4,stutter,level2,/home/jv495/Datasets/GAIM240/zeroday_stutter_level2.mp4,zeroday_temporal-resolution-multiplexing_level2.mp4,temporal-resolution-multiplexing,level2,/home/jv495/Datasets/GAIM240/zeroday_temporal-resolution-multiplexing_level2.mp4
2482,zeroday,INTRA-DISTORTION,zeroday_reference.mp4,/home/jv495/Datasets/GAIM240/zeroday_reference.mp4,zeroday_temporal-resolution-multiplexing_level0.mp4,temporal-resolution-multiplexing,level0,/home/jv495/Datasets/GAIM240/zeroday_temporal-resolution-multiplexing_level0.mp4,zeroday_temporal-resolution-multiplexing_level1.mp4,temporal-resolution-multiplexing,level1,/home/jv495/Datasets/GAIM240/zeroday_temporal-resolution-multiplexing_level1.mp4
2483,zeroday,INTRA-DISTORTION,zeroday_reference.mp4,/home/jv495/Datasets/GAIM240/zeroday_reference.mp4,zeroday_temporal-resolution-multiplexing_level0.mp4,temporal-resolution-multiplexing,level0,/home/jv495/Datasets/GAIM240/zeroday_temporal-resolution-multiplexing_level0.mp4,zeroday_temporal-resolution-multiplexing_level2.mp4,temporal-resolution-multiplexing,level2,/home/jv495/Datasets/GAIM240/zeroday_temporal-resolution-multiplexing_level2.mp4
2484,zeroday,INTRA-DISTORTION,zeroday_reference.mp4,/home/jv495/Datasets/GAIM240/zeroday_reference.mp4,zeroday_temporal-resolution-multiplexing_level1.mp4,temporal-resolution-multiplexing,level1,/home/jv495/Datasets/GAIM240/zeroday_temporal-resolution-multiplexing_level1.mp4,zeroday_temporal-resolution-multiplexing_level2.mp4,temporal-resolution-multiplexing,level2,/home/jv495/Datasets/GAIM240/zeroday_temporal-resolution-multiplexing_level2.mp4
