SubjectID,TrialNumber,Scene,LeftCondition,RightCondition,ChosenSide,ChosenCondition,RejectedCondition,ResponseTime_sec,PresentationFPS
2,1,bistro_exterior,bistro_exterior:motion_noise_level2,bistro_exterior:temporal-resolution-multiplexing_level1,RIGHT,bistro_exterior:temporal-resolution-multiplexing_level1,bistro_exterior:motion_noise_level2,9.4181,240.02
2,2,pink_room,pink_room:dlss_rr_level1,pink_room:duration_flicker_level1,LEFT,pink_room:dlss_rr_level1,pink_room:duration_flicker_level1,7.6543,240.0
2,3,marbles,marbles:motion_noise_level1,marbles:dlss_rr_level1,LEFT,marbles:motion_noise_level1,marbles:dlss_rr_level1,17.3584,240.0
2,4,bistro_exterior,bistro_exterior:duration_flicker_level2,bistro_exterior:duration_flicker_level0,RIGHT,bistro_exterior:duration_flicker_level0,bistro_exterior:duration_flicker_level2,19.7441,239.97
2,5,subway,subway:reference,subway:temporal-resolution-multiplexing_level0,RIGHT,subway:temporal-resolution-multiplexing_level0,subway:reference,16.5417,240.0
2,6,pink_room,pink_room:noise_colors_level0,pink_room:motion_noise_level1,RIGHT,pink_room:motion_noise_level1,pink_room:noise_colors_level0,10.5793,240.0
2,7,landscape,landscape:noise_colors_level2,landscape:temporal-resolution-multiplexing_level2,RIGHT,landscape:temporal-resolution-multiplexing_level2,landscape:noise_colors_level2,7.4418,240.0
2,8,pink_room,pink_room:motion_resolution_level1,pink_room:temporal-resolution-multiplexing_level2,LEFT,pink_room:motion_resolution_level1,pink_room:temporal-resolution-multiplexing_level2,15.2927,239.99
2,9,classroom,classroom:duration_flicker_level2,classroom:duration_flicker_level0,RIGHT,classroom:duration_flicker_level0,classroom:duration_flicker_level2,12.2001,240.0
2,10,zeroday,zeroday:dlss_rr_level1,zeroday:duration_flicker_level0,RIGHT,zeroday:duration_flicker_level0,zeroday:dlss_rr_level1,13.9421,240.0
2,11,classroom,classroom:judder_level2,classroom:restir_level0,RIGHT,classroom:restir_level0,classroom:judder_level2,11.3709,240.0
2,12,bistro_interior,bistro_interior:motion_resolution_level2,bistro_interior:restir_level2,RIGHT,bistro_interior:restir_level2,bistro_interior:motion_resolution_level2,6.3209,240.0
2,13,subway,subway:judder_level2,subway:stutter_level2,LEFT,subway:judder_level2,subway:stutter_level2,11.3667,240.0
2,14,subway,subway:motion_resolution_level0,subway:dlss_rr_level0,LEFT,subway:motion_resolution_level0,subway:dlss_rr_level0,12.5258,239.98
2,15,marbles,marbles:motion_noise_level2,marbles:temporal-resolution-multiplexing_level1,RIGHT,marbles:temporal-resolution-multiplexing_level1,marbles:motion_noise_level2,4.2299,239.96
2,16,attic,attic:noise_colors_level0,attic:motion_resolution_level0,LEFT,attic:noise_colors_level0,attic:motion_resolution_level0,19.0524,239.97
2,17,pink_room,pink_room:restir_level2,pink_room:dlss_rr_level0,RIGHT,pink_room:dlss_rr_level0,pink_room:restir_level2,3.2917,240.0
2,18,landscape,landscape:temporal-resolution-multiplexing_level1,landscape:motion_resolution_level0,LEFT,landscape:temporal-resolution-multiplexing_level1,landscape:motion_resolution_level0,14.5417,240.0
2,19,subway,subway:temporal-resolution-multiplexing_level1,subway:motion_noise_level1,LEFT,subway:temporal-resolution-multiplexing_level1,subway:motion_noise_level1,3.5253,239.98
2,20,landscape,landscape:noise_colors_level0,landscape:judder_level1,LEFT,landscape:noise_colors_level0,landscape:judder_level1,13.9876,240.0
2,21,pink_room,pink_room:dlss_rr_level0,pink_room:duration_flicker_level0,LEFT,pink_room:dlss_rr_level0,pink_room:duration_flicker_level0,7.671,240.0
2,22,subway,subway:restir_level2,subway:restir_level1,RIGHT,subway:restir_level1,subway:restir_level2,13.8417,240.0
2,23,bistro_interior,bistro_interior:stutter_level2,bistro_interior:restir_level0,RIGHT,bistro_interior:restir_level0,bistro_interior:stutter_level2,3.3962,239.97
2,24,landscape,landscape:motion_noise_level2,landscape:restir_level2,RIGHT,landscape:restir_level2,landscape:motion_noise_level2,5.6834,240.01
2,25,bistro_interior,bistro_interior:motion_noise_level2,bistro_interior:motion_noise_level1,RIGHT,bistro_interior:motion_noise_level1,bistro_interior:motion_noise_level2,14.4834,240.0
2,26,marbles,marbles:dlss_rr_level0,marbles:restir_level0,LEFT,marbles:dlss_rr_level0,marbles:restir_level0,16.2895,239.97
2,27,zeroday,zeroday:dlss_rr_level0,zeroday:temporal-resolution-multiplexing_level1,RIGHT,zeroday:temporal-resolution-multiplexing_level1,zeroday:dlss_rr_level0,11.3137,239.98
2,28,zeroday,zeroday:motion_noise_level2,zeroday:temporal-resolution-multiplexing_level0,RIGHT,zeroday:temporal-resolution-multiplexing_level0,zeroday:motion_noise_level2,3.2879,239.97
2,29,bistro_exterior,bistro_exterior:judder_level1,bistro_exterior:stutter_level1,RIGHT,bistro_exterior:stutter_level1,bistro_exterior:judder_level1,10.6888,239.97
2,30,marbles,marbles:reference,marbles:noise_colors_level0,RIGHT,marbles:noise_colors_level0,marbles:reference,12.3555,239.98
2,31,subway,subway:dlss_rr_level0,subway:duration_flicker_level1,RIGHT,subway:duration_flicker_level1,subway:dlss_rr_level0,9.4375,240.0
2,32,subway,subway:judder_level0,subway:stutter_level0,LEFT,subway:judder_level0,subway:stutter_level0,11.7584,240.0
2,33,bistro_interior,bistro_interior:duration_flicker_level1,bistro_interior:judder_level1,LEFT,bistro_interior:duration_flicker_level1,bistro_interior:judder_level1,5.1167,240.0
2,34,bistro_interior,bistro_interior:motion_noise_level1,bistro_interior:judder_level1,LEFT,bistro_interior:motion_noise_level1,bistro_interior:judder_level1,2.925,240.01
2,35,zeroday,zeroday:duration_flicker_level2,zeroday:restir_level0,RIGHT,zeroday:restir_level0,zeroday:duration_flicker_level2,7.275,240.0
2,36,subway,subway:motion_noise_level1,subway:motion_noise_level0,RIGHT,subway:motion_noise_level0,subway:motion_noise_level1,7.025,240.0
2,37,landscape,landscape:judder_level2,landscape:noise_colors_level2,RIGHT,landscape:noise_colors_level2,landscape:judder_level2,3.8044,239.98
2,38,classroom,classroom:judder_level0,classroom:duration_flicker_level0,LEFT,classroom:judder_level0,classroom:duration_flicker_level0,6.4625,240.0
2,39,landscape,landscape:noise_colors_level2,landscape:dlss_rr_level1,RIGHT,landscape:dlss_rr_level1,landscape:noise_colors_level2,8.4292,240.0
2,40,landscape,landscape:stutter_level1,landscape:motion_noise_level1,RIGHT,landscape:motion_noise_level1,landscape:stutter_level1,7.2592,239.98
2,41,subway,subway:judder_level2,subway:restir_level0,LEFT,subway:judder_level2,subway:restir_level0,2.4376,240.01
2,42,bistro_exterior,bistro_exterior:judder_level2,bistro_exterior:dlss_rr_level2,LEFT,bistro_exterior:judder_level2,bistro_exterior:dlss_rr_level2,4.7084,240.0
2,43,marbles,marbles:dlss_rr_level1,marbles:noise_colors_level1,LEFT,marbles:dlss_rr_level1,marbles:noise_colors_level1,4.0083,240.0
2,44,landscape,landscape:stutter_level0,landscape:judder_level0,RIGHT,landscape:judder_level0,landscape:stutter_level0,6.2922,239.98
2,45,bistro_interior,bistro_interior:temporal-resolution-multiplexing_level2,bistro_interior:duration_flicker_level2,RIGHT,bistro_interior:duration_flicker_level2,bistro_interior:temporal-resolution-multiplexing_level2,2.4125,240.0
2,46,bistro_exterior,bistro_exterior:restir_level2,bistro_exterior:judder_level1,RIGHT,bistro_exterior:judder_level1,bistro_exterior:restir_level2,7.5212,239.99
2,47,subway,subway:motion_resolution_level2,subway:motion_noise_level1,RIGHT,subway:motion_noise_level1,subway:motion_resolution_level2,5.4168,240.0
2,48,marbles,marbles:dlss_rr_level2,marbles:noise_colors_level2,LEFT,marbles:dlss_rr_level2,marbles:noise_colors_level2,6.8667,240.0
2,49,zeroday,zeroday:judder_level0,zeroday:stutter_level1,RIGHT,zeroday:stutter_level1,zeroday:judder_level0,10.1459,240.0
2,50,subway,subway:dlss_rr_level0,subway:judder_level0,RIGHT,subway:judder_level0,subway:dlss_rr_level0,10.8292,240.0
2,51,bistro_exterior,bistro_exterior:motion_noise_level2,bistro_exterior:judder_level0,RIGHT,bistro_exterior:judder_level0,bistro_exterior:motion_noise_level2,10.4042,240.0
2,52,bistro_interior,bistro_interior:reference,bistro_interior:temporal-resolution-multiplexing_level0,RIGHT,bistro_interior:temporal-resolution-multiplexing_level0,bistro_interior:reference,3.9667,240.01
2,53,marbles,marbles:restir_level1,marbles:duration_flicker_level2,LEFT,marbles:restir_level1,marbles:duration_flicker_level2,3.2,240.01
2,54,marbles,marbles:duration_flicker_level0,marbles:judder_level1,RIGHT,marbles:judder_level1,marbles:duration_flicker_level0,3.175,240.0
2,55,bistro_interior,bistro_interior:dlss_rr_level1,bistro_interior:temporal-resolution-multiplexing_level2,RIGHT,bistro_interior:temporal-resolution-multiplexing_level2,bistro_interior:dlss_rr_level1,3.3542,240.0
2,56,pink_room,pink_room:motion_resolution_level1,pink_room:motion_resolution_level2,LEFT,pink_room:motion_resolution_level1,pink_room:motion_resolution_level2,16.7625,240.0
2,57,marbles,marbles:temporal-resolution-multiplexing_level1,marbles:stutter_level1,LEFT,marbles:temporal-resolution-multiplexing_level1,marbles:stutter_level1,15.8302,239.98
2,58,bistro_exterior,bistro_exterior:duration_flicker_level0,bistro_exterior:restir_level2,LEFT,bistro_exterior:duration_flicker_level0,bistro_exterior:restir_level2,1.6,240.01
2,59,bistro_interior,bistro_interior:duration_flicker_level0,bistro_interior:stutter_level0,LEFT,bistro_interior:duration_flicker_level0,bistro_interior:stutter_level0,7.9543,240.0
2,60,zeroday,zeroday:temporal-resolution-multiplexing_level1,zeroday:stutter_level0,RIGHT,zeroday:stutter_level0,zeroday:temporal-resolution-multiplexing_level1,10.9542,240.0
2,61,classroom,classroom:motion_noise_level0,classroom:duration_flicker_level0,LEFT,classroom:motion_noise_level0,classroom:duration_flicker_level0,2.8917,240.01
2,62,bistro_exterior,bistro_exterior:dlss_rr_level1,bistro_exterior:motion_noise_level2,LEFT,bistro_exterior:dlss_rr_level1,bistro_exterior:motion_noise_level2,2.2709,240.02
2,63,landscape,landscape:dlss_rr_level0,landscape:dlss_rr_level1,RIGHT,landscape:dlss_rr_level1,landscape:dlss_rr_level0,10.8375,240.0
2,64,bistro_exterior,bistro_exterior:motion_resolution_level1,bistro_exterior:dlss_rr_level0,RIGHT,bistro_exterior:dlss_rr_level0,bistro_exterior:motion_resolution_level1,2.9463,239.97
2,65,pink_room,pink_room:stutter_level0,pink_room:motion_noise_level0,RIGHT,pink_room:motion_noise_level0,pink_room:stutter_level0,13.4667,240.0
2,66,bistro_exterior,bistro_exterior:stutter_level0,bistro_exterior:noise_colors_level0,RIGHT,bistro_exterior:noise_colors_level0,bistro_exterior:stutter_level0,12.8167,240.0
2,67,bistro_interior,bistro_interior:stutter_level0,bistro_interior:duration_flicker_level1,RIGHT,bistro_interior:duration_flicker_level1,bistro_interior:stutter_level0,6.8417,240.0
2,68,bistro_exterior,bistro_exterior:dlss_rr_level0,bistro_exterior:duration_flicker_level0,RIGHT,bistro_exterior:duration_flicker_level0,bistro_exterior:dlss_rr_level0,4.8757,239.97
2,69,pink_room,pink_room:dlss_rr_level0,pink_room:temporal-resolution-multiplexing_level1,RIGHT,pink_room:temporal-resolution-multiplexing_level1,pink_room:dlss_rr_level0,7.5042,240.0
2,70,marbles,marbles:temporal-resolution-multiplexing_level1,marbles:duration_flicker_level0,LEFT,marbles:temporal-resolution-multiplexing_level1,marbles:duration_flicker_level0,6.7508,239.97
2,71,bistro_exterior,bistro_exterior:judder_level2,bistro_exterior:motion_resolution_level1,LEFT,bistro_exterior:judder_level2,bistro_exterior:motion_resolution_level1,2.8375,240.01
2,72,subway,subway:motion_resolution_level1,subway:duration_flicker_level1,LEFT,subway:motion_resolution_level1,subway:duration_flicker_level1,4.3584,240.0
2,73,pink_room,pink_room:motion_noise_level0,pink_room:motion_noise_level1,RIGHT,pink_room:motion_noise_level1,pink_room:motion_noise_level0,3.963,239.97
2,74,bistro_interior,bistro_interior:stutter_level2,bistro_interior:dlss_rr_level2,RIGHT,bistro_interior:dlss_rr_level2,bistro_interior:stutter_level2,6.7292,240.0
2,75,attic,attic:dlss_rr_level2,attic:stutter_level2,RIGHT,attic:stutter_level2,attic:dlss_rr_level2,3.4334,240.01
2,76,landscape,landscape:duration_flicker_level1,landscape:duration_flicker_level0,RIGHT,landscape:duration_flicker_level0,landscape:duration_flicker_level1,12.1459,240.0
2,77,zeroday,zeroday:dlss_rr_level1,zeroday:dlss_rr_level2,LEFT,zeroday:dlss_rr_level1,zeroday:dlss_rr_level2,6.1292,240.0
2,78,bistro_interior,bistro_interior:noise_colors_level1,bistro_interior:duration_flicker_level1,LEFT,bistro_interior:noise_colors_level1,bistro_interior:duration_flicker_level1,4.5334,240.01
2,79,bistro_interior,bistro_interior:temporal-resolution-multiplexing_level1,bistro_interior:noise_colors_level1,RIGHT,bistro_interior:noise_colors_level1,bistro_interior:temporal-resolution-multiplexing_level1,8.65,240.0
2,80,attic,attic:duration_flicker_level2,attic:temporal-resolution-multiplexing_level1,RIGHT,attic:temporal-resolution-multiplexing_level1,attic:duration_flicker_level2,4.1501,240.0
2,81,bistro_exterior,bistro_exterior:dlss_rr_level0,bistro_exterior:motion_noise_level2,RIGHT,bistro_exterior:motion_noise_level2,bistro_exterior:dlss_rr_level0,4.0132,239.97
2,82,classroom,classroom:temporal-resolution-multiplexing_level1,classroom:restir_level1,LEFT,classroom:temporal-resolution-multiplexing_level1,classroom:restir_level1,7.5753,239.99
2,83,bistro_interior,bistro_interior:motion_resolution_level1,bistro_interior:motion_resolution_level0,RIGHT,bistro_interior:motion_resolution_level0,bistro_interior:motion_resolution_level1,9.547,239.97
2,84,landscape,landscape:judder_level0,landscape:stutter_level1,RIGHT,landscape:stutter_level1,landscape:judder_level0,6.6921,239.98
2,85,marbles,marbles:duration_flicker_level1,marbles:judder_level2,RIGHT,marbles:judder_level2,marbles:duration_flicker_level1,3.4214,239.96
2,86,attic,attic:duration_flicker_level1,attic:dlss_rr_level0,RIGHT,attic:dlss_rr_level0,attic:duration_flicker_level1,6.2464,239.98
2,87,pink_room,pink_room:dlss_rr_level0,pink_room:dlss_rr_level2,LEFT,pink_room:dlss_rr_level0,pink_room:dlss_rr_level2,8.4504,239.99
2,88,bistro_interior,bistro_interior:duration_flicker_level0,bistro_interior:temporal-resolution-multiplexing_level0,RIGHT,bistro_interior:temporal-resolution-multiplexing_level0,bistro_interior:duration_flicker_level0,8.625,240.01
2,89,zeroday,zeroday:reference,zeroday:stutter_level1,RIGHT,zeroday:stutter_level1,zeroday:reference,10.5838,239.99
2,90,marbles,marbles:temporal-resolution-multiplexing_level0,marbles:reference,RIGHT,marbles:reference,marbles:temporal-resolution-multiplexing_level0,8.7084,240.0
2,91,marbles,marbles:motion_resolution_level1,marbles:motion_resolution_level2,LEFT,marbles:motion_resolution_level1,marbles:motion_resolution_level2,2.7334,240.01
2,92,attic,attic:dlss_rr_level0,attic:stutter_level2,RIGHT,attic:stutter_level2,attic:dlss_rr_level0,3.467,239.98
2,93,landscape,landscape:judder_level0,landscape:judder_level1,RIGHT,landscape:judder_level1,landscape:judder_level0,6.4549,239.98
2,94,marbles,marbles:duration_flicker_level1,marbles:stutter_level2,RIGHT,marbles:stutter_level2,marbles:duration_flicker_level1,4.2959,240.0
2,95,subway,subway:motion_noise_level2,subway:noise_colors_level2,LEFT,subway:motion_noise_level2,subway:noise_colors_level2,4.6292,240.01
2,96,marbles,marbles:motion_resolution_level1,marbles:temporal-resolution-multiplexing_level2,RIGHT,marbles:temporal-resolution-multiplexing_level2,marbles:motion_resolution_level1,7.1968,239.97
2,97,bistro_exterior,bistro_exterior:motion_noise_level0,bistro_exterior:judder_level0,RIGHT,bistro_exterior:judder_level0,bistro_exterior:motion_noise_level0,9.9305,239.97
2,98,classroom,classroom:dlss_rr_level0,classroom:dlss_rr_level1,RIGHT,classroom:dlss_rr_level1,classroom:dlss_rr_level0,15.8125,240.0
2,99,classroom,classroom:noise_colors_level0,classroom:restir_level0,RIGHT,classroom:restir_level0,classroom:noise_colors_level0,12.6917,240.0
2,100,landscape,landscape:temporal-resolution-multiplexing_level0,landscape:motion_noise_level2,RIGHT,landscape:motion_noise_level2,landscape:temporal-resolution-multiplexing_level0,9.7376,240.0
2,101,marbles,marbles:restir_level2,marbles:motion_resolution_level0,RIGHT,marbles:motion_resolution_level0,marbles:restir_level2,6.2417,240.01
2,102,bistro_interior,bistro_interior:motion_resolution_level1,bistro_interior:motion_resolution_level2,LEFT,bistro_interior:motion_resolution_level1,bistro_interior:motion_resolution_level2,22.7459,240.0
2,103,bistro_exterior,bistro_exterior:noise_colors_level0,bistro_exterior:motion_noise_level0,LEFT,bistro_exterior:noise_colors_level0,bistro_exterior:motion_noise_level0,13.1837,239.99
2,104,landscape,landscape:stutter_level2,landscape:motion_resolution_level2,LEFT,landscape:stutter_level2,landscape:motion_resolution_level2,3.8835,240.01
2,105,pink_room,pink_room:dlss_rr_level0,pink_room:noise_colors_level1,LEFT,pink_room:dlss_rr_level0,pink_room:noise_colors_level1,9.2625,240.0
2,106,bistro_exterior,bistro_exterior:judder_level0,bistro_exterior:temporal-resolution-multiplexing_level0,RIGHT,bistro_exterior:temporal-resolution-multiplexing_level0,bistro_exterior:judder_level0,8.7675,239.98
2,107,marbles,marbles:temporal-resolution-multiplexing_level0,marbles:restir_level0,RIGHT,marbles:restir_level0,marbles:temporal-resolution-multiplexing_level0,20.1316,239.97
2,108,attic,attic:duration_flicker_level2,attic:motion_resolution_level2,LEFT,attic:duration_flicker_level2,attic:motion_resolution_level2,2.4545,239.97
2,109,pink_room,pink_room:motion_noise_level2,pink_room:motion_noise_level1,LEFT,pink_room:motion_noise_level2,pink_room:motion_noise_level1,6.6709,240.0
2,110,classroom,classroom:motion_noise_level2,classroom:duration_flicker_level2,LEFT,classroom:motion_noise_level2,classroom:duration_flicker_level2,2.6917,240.01
2,111,marbles,marbles:temporal-resolution-multiplexing_level1,marbles:duration_flicker_level2,LEFT,marbles:temporal-resolution-multiplexing_level1,marbles:duration_flicker_level2,2.0042,240.01
2,112,attic,attic:motion_noise_level1,attic:judder_level2,LEFT,attic:motion_noise_level1,attic:judder_level2,11.2792,240.0
2,113,zeroday,zeroday:judder_level2,zeroday:temporal-resolution-multiplexing_level1,LEFT,zeroday:judder_level2,zeroday:temporal-resolution-multiplexing_level1,10.9,240.0
2,114,landscape,landscape:duration_flicker_level0,landscape:noise_colors_level2,RIGHT,landscape:noise_colors_level2,landscape:duration_flicker_level0,2.3125,240.01
2,115,subway,subway:stutter_level1,subway:reference,RIGHT,subway:reference,subway:stutter_level1,9.3417,240.0
2,116,pink_room,pink_room:restir_level0,pink_room:restir_level1,RIGHT,pink_room:restir_level1,pink_room:restir_level0,13.4084,240.0
2,117,attic,attic:judder_level0,attic:stutter_level1,RIGHT,attic:stutter_level1,attic:judder_level0,7.375,240.0
2,118,attic,attic:restir_level0,attic:stutter_level2,RIGHT,attic:stutter_level2,attic:restir_level0,3.5584,240.0
2,119,marbles,marbles:stutter_level0,marbles:dlss_rr_level1,RIGHT,marbles:dlss_rr_level1,marbles:stutter_level0,7.4084,240.0
2,120,classroom,classroom:motion_resolution_level1,classroom:motion_noise_level2,RIGHT,classroom:motion_noise_level2,classroom:motion_resolution_level1,3.9334,240.0
2,121,bistro_exterior,bistro_exterior:restir_level1,bistro_exterior:motion_noise_level2,RIGHT,bistro_exterior:motion_noise_level2,bistro_exterior:restir_level1,10.4265,239.97
2,122,landscape,landscape:duration_flicker_level2,landscape:dlss_rr_level1,RIGHT,landscape:dlss_rr_level1,landscape:duration_flicker_level2,2.2042,240.01
2,123,marbles,marbles:restir_level1,marbles:stutter_level2,LEFT,marbles:restir_level1,marbles:stutter_level2,4.3167,240.0
2,124,pink_room,pink_room:motion_noise_level2,pink_room:judder_level2,RIGHT,pink_room:judder_level2,pink_room:motion_noise_level2,11.3167,240.0
2,125,bistro_exterior,bistro_exterior:stutter_level0,bistro_exterior:reference,RIGHT,bistro_exterior:reference,bistro_exterior:stutter_level0,5.4129,239.99
2,126,subway,subway:noise_colors_level0,subway:dlss_rr_level0,LEFT,subway:noise_colors_level0,subway:dlss_rr_level0,5.1878,239.99
2,127,bistro_interior,bistro_interior:noise_colors_level1,bistro_interior:stutter_level1,LEFT,bistro_interior:noise_colors_level1,bistro_interior:stutter_level1,2.8045,239.98
2,128,bistro_exterior,bistro_exterior:motion_noise_level2,bistro_exterior:duration_flicker_level1,LEFT,bistro_exterior:motion_noise_level2,bistro_exterior:duration_flicker_level1,4.0667,240.0
2,129,bistro_interior,bistro_interior:motion_noise_level0,bistro_interior:duration_flicker_level2,LEFT,bistro_interior:motion_noise_level0,bistro_interior:duration_flicker_level2,7.45,240.0
2,130,pink_room,pink_room:motion_noise_level0,pink_room:reference,LEFT,pink_room:motion_noise_level0,pink_room:reference,8.7167,240.0
2,131,bistro_exterior,bistro_exterior:dlss_rr_level0,bistro_exterior:motion_resolution_level0,LEFT,bistro_exterior:dlss_rr_level0,bistro_exterior:motion_resolution_level0,1.8043,240.01
2,132,classroom,classroom:stutter_level1,classroom:judder_level0,RIGHT,classroom:judder_level0,classroom:stutter_level1,4.5334,240.01
2,133,subway,subway:dlss_rr_level0,subway:noise_colors_level1,RIGHT,subway:noise_colors_level1,subway:dlss_rr_level0,9.4292,240.0
2,134,subway,subway:judder_level1,subway:motion_resolution_level1,LEFT,subway:judder_level1,subway:motion_resolution_level1,1.5209,240.0
2,135,marbles,marbles:motion_resolution_level0,marbles:noise_colors_level1,RIGHT,marbles:noise_colors_level1,marbles:motion_resolution_level0,4.4631,239.97
2,136,landscape,landscape:stutter_level1,landscape:restir_level1,RIGHT,landscape:restir_level1,landscape:stutter_level1,10.6584,240.0
2,137,zeroday,zeroday:stutter_level0,zeroday:motion_noise_level0,RIGHT,zeroday:motion_noise_level0,zeroday:stutter_level0,12.4375,240.0
2,138,zeroday,zeroday:duration_flicker_level0,zeroday:dlss_rr_level0,LEFT,zeroday:duration_flicker_level0,zeroday:dlss_rr_level0,15.3917,240.0
2,139,classroom,classroom:motion_resolution_level1,classroom:restir_level1,RIGHT,classroom:restir_level1,classroom:motion_resolution_level1,2.0375,240.01
2,140,attic,attic:stutter_level1,attic:noise_colors_level0,RIGHT,attic:noise_colors_level0,attic:stutter_level1,7.7917,240.0
2,141,classroom,classroom:noise_colors_level2,classroom:motion_resolution_level1,LEFT,classroom:noise_colors_level2,classroom:motion_resolution_level1,6.4917,240.0
2,142,zeroday,zeroday:temporal-resolution-multiplexing_level1,zeroday:noise_colors_level0,RIGHT,zeroday:noise_colors_level0,zeroday:temporal-resolution-multiplexing_level1,6.575,240.0
2,143,classroom,classroom:reference,classroom:noise_colors_level0,LEFT,classroom:reference,classroom:noise_colors_level0,6.7625,240.0
2,144,attic,attic:temporal-resolution-multiplexing_level2,attic:motion_resolution_level2,LEFT,attic:temporal-resolution-multiplexing_level2,attic:motion_resolution_level2,2.2917,240.01
2,145,marbles,marbles:dlss_rr_level1,marbles:temporal-resolution-multiplexing_level1,LEFT,marbles:dlss_rr_level1,marbles:temporal-resolution-multiplexing_level1,7.1751,240.0
2,146,marbles,marbles:restir_level0,marbles:judder_level0,LEFT,marbles:restir_level0,marbles:judder_level0,4.5088,239.99
2,147,landscape,landscape:restir_level0,landscape:stutter_level1,RIGHT,landscape:stutter_level1,landscape:restir_level0,5.5341,239.97
2,148,attic,attic:judder_level1,attic:judder_level2,RIGHT,attic:judder_level2,attic:judder_level1,4.4125,240.01
2,149,bistro_exterior,bistro_exterior:dlss_rr_level2,bistro_exterior:temporal-resolution-multiplexing_level2,LEFT,bistro_exterior:dlss_rr_level2,bistro_exterior:temporal-resolution-multiplexing_level2,8.2542,240.0
2,150,bistro_exterior,bistro_exterior:motion_noise_level0,bistro_exterior:motion_noise_level1,LEFT,bistro_exterior:motion_noise_level0,bistro_exterior:motion_noise_level1,9.7597,239.97
2,151,attic,attic:temporal-resolution-multiplexing_level0,attic:judder_level2,LEFT,attic:temporal-resolution-multiplexing_level0,attic:judder_level2,3.0667,240.01
2,152,classroom,classroom:dlss_rr_level2,classroom:dlss_rr_level1,LEFT,classroom:dlss_rr_level2,classroom:dlss_rr_level1,6.4715,239.98
2,153,zeroday,zeroday:duration_flicker_level2,zeroday:dlss_rr_level2,RIGHT,zeroday:dlss_rr_level2,zeroday:duration_flicker_level2,2.7667,240.0
2,154,zeroday,zeroday:motion_resolution_level1,zeroday:motion_resolution_level2,LEFT,zeroday:motion_resolution_level1,zeroday:motion_resolution_level2,1.8959,240.01
2,155,landscape,landscape:motion_noise_level0,landscape:restir_level1,RIGHT,landscape:restir_level1,landscape:motion_noise_level0,4.625,240.0
2,156,bistro_exterior,bistro_exterior:motion_resolution_level2,bistro_exterior:dlss_rr_level2,RIGHT,bistro_exterior:dlss_rr_level2,bistro_exterior:motion_resolution_level2,2.625,240.01
2,157,pink_room,pink_room:temporal-resolution-multiplexing_level1,pink_room:motion_noise_level2,RIGHT,pink_room:motion_noise_level2,pink_room:temporal-resolution-multiplexing_level1,3.025,240.01
2,158,pink_room,pink_room:judder_level2,pink_room:restir_level0,RIGHT,pink_room:restir_level0,pink_room:judder_level2,2.9875,240.0
2,159,bistro_interior,bistro_interior:duration_flicker_level2,bistro_interior:motion_noise_level1,LEFT,bistro_interior:duration_flicker_level2,bistro_interior:motion_noise_level1,3.0129,239.98
2,160,zeroday,zeroday:temporal-resolution-multiplexing_level1,zeroday:noise_colors_level2,LEFT,zeroday:temporal-resolution-multiplexing_level1,zeroday:noise_colors_level2,6.0042,240.0
2,161,subway,subway:temporal-resolution-multiplexing_level2,subway:stutter_level2,RIGHT,subway:stutter_level2,subway:temporal-resolution-multiplexing_level2,2.4334,240.02
2,162,landscape,landscape:motion_resolution_level2,landscape:duration_flicker_level0,RIGHT,landscape:duration_flicker_level0,landscape:motion_resolution_level2,1.7125,240.02
2,163,pink_room,pink_room:motion_resolution_level1,pink_room:noise_colors_level2,RIGHT,pink_room:noise_colors_level2,pink_room:motion_resolution_level1,2.1834,240.01
2,164,classroom,classroom:duration_flicker_level0,classroom:duration_flicker_level1,LEFT,classroom:duration_flicker_level0,classroom:duration_flicker_level1,9.3628,240.0
2,165,attic,attic:motion_noise_level2,attic:temporal-resolution-multiplexing_level0,RIGHT,attic:temporal-resolution-multiplexing_level0,attic:motion_noise_level2,13.8214,239.99
2,166,subway,subway:motion_noise_level2,subway:duration_flicker_level2,RIGHT,subway:duration_flicker_level2,subway:motion_noise_level2,3.1375,240.01
2,167,bistro_exterior,bistro_exterior:motion_resolution_level2,bistro_exterior:stutter_level2,RIGHT,bistro_exterior:stutter_level2,bistro_exterior:motion_resolution_level2,1.8543,240.0
2,168,bistro_exterior,bistro_exterior:duration_flicker_level0,bistro_exterior:noise_colors_level1,RIGHT,bistro_exterior:noise_colors_level1,bistro_exterior:duration_flicker_level0,3.8337,239.98
2,169,zeroday,zeroday:dlss_rr_level1,zeroday:motion_noise_level1,LEFT,zeroday:dlss_rr_level1,zeroday:motion_noise_level1,9.847,239.97
2,170,pink_room,pink_room:motion_resolution_level0,pink_room:dlss_rr_level0,LEFT,pink_room:motion_resolution_level0,pink_room:dlss_rr_level0,4.0506,239.96
2,171,zeroday,zeroday:stutter_level2,zeroday:restir_level2,LEFT,zeroday:stutter_level2,zeroday:restir_level2,1.2917,240.01
2,172,zeroday,zeroday:judder_level1,zeroday:temporal-resolution-multiplexing_level1,RIGHT,zeroday:temporal-resolution-multiplexing_level1,zeroday:judder_level1,10.1542,240.0
2,173,subway,subway:duration_flicker_level1,subway:motion_noise_level1,RIGHT,subway:motion_noise_level1,subway:duration_flicker_level1,3.7751,240.01
2,174,bistro_exterior,bistro_exterior:noise_colors_level2,bistro_exterior:motion_resolution_level1,LEFT,bistro_exterior:noise_colors_level2,bistro_exterior:motion_resolution_level1,3.475,240.0
2,175,attic,attic:motion_noise_level0,attic:stutter_level1,LEFT,attic:motion_noise_level0,attic:stutter_level1,10.3421,239.99
2,176,landscape,landscape:motion_resolution_level2,landscape:motion_resolution_level1,RIGHT,landscape:motion_resolution_level1,landscape:motion_resolution_level2,1.4125,240.02
2,177,zeroday,zeroday:restir_level2,zeroday:motion_resolution_level2,LEFT,zeroday:restir_level2,zeroday:motion_resolution_level2,2.4542,240.01
2,178,landscape,landscape:motion_noise_level2,landscape:restir_level0,RIGHT,landscape:restir_level0,landscape:motion_noise_level2,1.8917,240.01
2,179,subway,subway:judder_level2,subway:temporal-resolution-multiplexing_level1,LEFT,subway:judder_level2,subway:temporal-resolution-multiplexing_level1,3.4917,240.01
2,180,pink_room,pink_room:motion_noise_level2,pink_room:stutter_level2,LEFT,pink_room:motion_noise_level2,pink_room:stutter_level2,2.7963,239.97
2,181,zeroday,zeroday:noise_colors_level1,zeroday:dlss_rr_level1,RIGHT,zeroday:dlss_rr_level1,zeroday:noise_colors_level1,7.9667,240.0
2,182,attic,attic:reference,attic:motion_resolution_level0,LEFT,attic:reference,attic:motion_resolution_level0,6.2167,240.0
2,183,bistro_interior,bistro_interior:stutter_level0,bistro_interior:noise_colors_level0,RIGHT,bistro_interior:noise_colors_level0,bistro_interior:stutter_level0,2.1167,240.01
2,184,classroom,classroom:dlss_rr_level0,classroom:noise_colors_level1,LEFT,classroom:dlss_rr_level0,classroom:noise_colors_level1,7.4917,240.0
2,185,classroom,classroom:judder_level2,classroom:stutter_level0,RIGHT,classroom:stutter_level0,classroom:judder_level2,2.1667,240.01
2,186,subway,subway:stutter_level1,subway:motion_resolution_level0,LEFT,subway:stutter_level1,subway:motion_resolution_level0,6.196,239.99
2,187,bistro_exterior,bistro_exterior:restir_level0,bistro_exterior:noise_colors_level0,RIGHT,bistro_exterior:noise_colors_level0,bistro_exterior:restir_level0,5.255,239.97
2,188,classroom,classroom:stutter_level2,classroom:motion_noise_level2,RIGHT,classroom:motion_noise_level2,classroom:stutter_level2,1.892,239.97
2,189,subway,subway:dlss_rr_level1,subway:motion_noise_level1,RIGHT,subway:motion_noise_level1,subway:dlss_rr_level1,6.3292,240.0
2,190,pink_room,pink_room:duration_flicker_level1,pink_room:dlss_rr_level2,RIGHT,pink_room:dlss_rr_level2,pink_room:duration_flicker_level1,2.6417,240.01
2,191,pink_room,pink_room:stutter_level1,pink_room:judder_level2,RIGHT,pink_room:judder_level2,pink_room:stutter_level1,5.0423,239.97
2,192,landscape,landscape:noise_colors_level1,landscape:noise_colors_level2,RIGHT,landscape:noise_colors_level2,landscape:noise_colors_level1,1.9542,240.02
2,193,landscape,landscape:temporal-resolution-multiplexing_level1,landscape:dlss_rr_level2,RIGHT,landscape:dlss_rr_level2,landscape:temporal-resolution-multiplexing_level1,7.1375,240.0
2,194,classroom,classroom:restir_level0,classroom:temporal-resolution-multiplexing_level0,RIGHT,classroom:temporal-resolution-multiplexing_level0,classroom:restir_level0,10.9418,240.0
2,195,marbles,marbles:dlss_rr_level2,marbles:motion_resolution_level1,LEFT,marbles:dlss_rr_level2,marbles:motion_resolution_level1,4.0715,239.97
2,196,classroom,classroom:motion_resolution_level1,classroom:restir_level2,RIGHT,classroom:restir_level2,classroom:motion_resolution_level1,1.375,240.01
2,197,landscape,landscape:restir_level0,landscape:temporal-resolution-multiplexing_level1,RIGHT,landscape:temporal-resolution-multiplexing_level1,landscape:restir_level0,6.4875,240.01
2,198,landscape,landscape:motion_noise_level2,landscape:reference,RIGHT,landscape:reference,landscape:motion_noise_level2,9.28,239.98
2,199,zeroday,zeroday:stutter_level2,zeroday:restir_level1,RIGHT,zeroday:restir_level1,zeroday:stutter_level2,9.6334,240.0
2,200,landscape,landscape:noise_colors_level2,landscape:temporal-resolution-multiplexing_level1,RIGHT,landscape:temporal-resolution-multiplexing_level1,landscape:noise_colors_level2,6.2758,239.97
2,201,pink_room,pink_room:temporal-resolution-multiplexing_level0,pink_room:restir_level0,LEFT,pink_room:temporal-resolution-multiplexing_level0,pink_room:restir_level0,4.9917,240.0
2,202,attic,attic:judder_level2,attic:noise_colors_level1,RIGHT,attic:noise_colors_level1,attic:judder_level2,6.78,239.98
2,203,marbles,marbles:stutter_level0,marbles:dlss_rr_level0,RIGHT,marbles:dlss_rr_level0,marbles:stutter_level0,7.5625,240.0
2,204,subway,subway:judder_level1,subway:duration_flicker_level0,LEFT,subway:judder_level1,subway:duration_flicker_level0,7.9042,240.0
2,205,subway,subway:motion_resolution_level2,subway:restir_level1,LEFT,subway:motion_resolution_level2,subway:restir_level1,3.2087,239.98
2,206,bistro_interior,bistro_interior:temporal-resolution-multiplexing_level2,bistro_interior:restir_level1,LEFT,bistro_interior:temporal-resolution-multiplexing_level2,bistro_interior:restir_level1,4.1542,240.01
2,207,marbles,marbles:noise_colors_level2,marbles:restir_level2,RIGHT,marbles:restir_level2,marbles:noise_colors_level2,7.2885,239.97
2,208,bistro_interior,bistro_interior:stutter_level2,bistro_interior:noise_colors_level2,RIGHT,bistro_interior:noise_colors_level2,bistro_interior:stutter_level2,2.0042,239.99
2,209,bistro_interior,bistro_interior:dlss_rr_level2,bistro_interior:restir_level2,LEFT,bistro_interior:dlss_rr_level2,bistro_interior:restir_level2,4.0751,240.01
2,210,zeroday,zeroday:duration_flicker_level2,zeroday:duration_flicker_level1,LEFT,zeroday:duration_flicker_level2,zeroday:duration_flicker_level1,14.1727,239.97
2,211,classroom,classroom:motion_resolution_level0,classroom:dlss_rr_level1,RIGHT,classroom:dlss_rr_level1,classroom:motion_resolution_level0,2.0167,240.01
2,212,bistro_interior,bistro_interior:judder_level0,bistro_interior:duration_flicker_level1,RIGHT,bistro_interior:duration_flicker_level1,bistro_interior:judder_level0,3.7292,240.0
2,213,zeroday,zeroday:motion_noise_level2,zeroday:judder_level1,RIGHT,zeroday:judder_level1,zeroday:motion_noise_level2,3.3792,240.01
2,214,subway,subway:dlss_rr_level2,subway:motion_noise_level1,RIGHT,subway:motion_noise_level1,subway:dlss_rr_level2,5.2667,240.01
2,215,pink_room,pink_room:motion_noise_level1,pink_room:judder_level0,RIGHT,pink_room:judder_level0,pink_room:motion_noise_level1,5.1792,240.01
2,216,subway,subway:temporal-resolution-multiplexing_level2,subway:duration_flicker_level2,RIGHT,subway:duration_flicker_level2,subway:temporal-resolution-multiplexing_level2,1.9542,240.02
2,217,bistro_interior,bistro_interior:judder_level2,bistro_interior:judder_level0,RIGHT,bistro_interior:judder_level0,bistro_interior:judder_level2,4.7834,240.0
2,218,pink_room,pink_room:noise_colors_level2,pink_room:duration_flicker_level1,LEFT,pink_room:noise_colors_level2,pink_room:duration_flicker_level1,2.5167,240.01
2,219,attic,attic:motion_resolution_level1,attic:noise_colors_level2,RIGHT,attic:noise_colors_level2,attic:motion_resolution_level1,2.8792,240.01
2,220,bistro_interior,bistro_interior:noise_colors_level2,bistro_interior:dlss_rr_level0,LEFT,bistro_interior:noise_colors_level2,bistro_interior:dlss_rr_level0,2.2042,240.01
2,221,classroom,classroom:judder_level2,classroom:motion_resolution_level0,LEFT,classroom:judder_level2,classroom:motion_resolution_level0,4.1,240.01
2,222,classroom,classroom:motion_resolution_level2,classroom:noise_colors_level2,RIGHT,classroom:noise_colors_level2,classroom:motion_resolution_level2,1.8459,240.0
2,223,marbles,marbles:dlss_rr_level1,marbles:motion_noise_level0,RIGHT,marbles:motion_noise_level0,marbles:dlss_rr_level1,7.5625,240.0
2,224,attic,attic:dlss_rr_level1,attic:stutter_level2,RIGHT,attic:stutter_level2,attic:dlss_rr_level1,1.9834,240.0
2,225,zeroday,zeroday:temporal-resolution-multiplexing_level2,zeroday:restir_level2,RIGHT,zeroday:restir_level2,zeroday:temporal-resolution-multiplexing_level2,3.8083,240.01
2,226,attic,attic:dlss_rr_level1,attic:temporal-resolution-multiplexing_level2,LEFT,attic:dlss_rr_level1,attic:temporal-resolution-multiplexing_level2,2.6252,239.98
2,227,zeroday,zeroday:stutter_level0,zeroday:judder_level0,LEFT,zeroday:stutter_level0,zeroday:judder_level0,5.0417,240.0
2,228,classroom,classroom:dlss_rr_level1,classroom:duration_flicker_level0,LEFT,classroom:dlss_rr_level1,classroom:duration_flicker_level0,2.3917,240.01
2,229,zeroday,zeroday:duration_flicker_level2,zeroday:stutter_level2,LEFT,zeroday:duration_flicker_level2,zeroday:stutter_level2,11.275,240.0
2,230,classroom,classroom:temporal-resolution-multiplexing_level2,classroom:restir_level2,RIGHT,classroom:restir_level2,classroom:temporal-resolution-multiplexing_level2,2.5251,240.01
2,231,bistro_interior,bistro_interior:restir_level2,bistro_interior:restir_level1,RIGHT,bistro_interior:restir_level1,bistro_interior:restir_level2,4.9792,240.01
2,232,zeroday,zeroday:duration_flicker_level2,zeroday:motion_resolution_level0,RIGHT,zeroday:motion_resolution_level0,zeroday:duration_flicker_level2,2.2042,240.02
2,233,attic,attic:motion_noise_level0,attic:judder_level2,RIGHT,attic:judder_level2,attic:motion_noise_level0,5.5709,240.0
2,234,classroom,classroom:motion_noise_level1,classroom:motion_resolution_level0,RIGHT,classroom:motion_resolution_level0,classroom:motion_noise_level1,2.5459,240.0
2,235,classroom,classroom:judder_level1,classroom:duration_flicker_level0,LEFT,classroom:judder_level1,classroom:duration_flicker_level0,3.6292,240.01
2,236,pink_room,pink_room:dlss_rr_level1,pink_room:duration_flicker_level2,LEFT,pink_room:dlss_rr_level1,pink_room:duration_flicker_level2,2.9042,240.01
2,237,attic,attic:duration_flicker_level1,attic:temporal-resolution-multiplexing_level0,RIGHT,attic:temporal-resolution-multiplexing_level0,attic:duration_flicker_level1,2.95,240.0
2,238,attic,attic:stutter_level0,attic:judder_level2,LEFT,attic:stutter_level0,attic:judder_level2,9.2053,239.97
2,239,pink_room,pink_room:judder_level1,pink_room:reference,RIGHT,pink_room:reference,pink_room:judder_level1,4.875,240.0
2,240,attic,attic:temporal-resolution-multiplexing_level2,attic:restir_level2,RIGHT,attic:restir_level2,attic:temporal-resolution-multiplexing_level2,2.446,239.98
2,241,attic,attic:duration_flicker_level0,attic:duration_flicker_level1,RIGHT,attic:duration_flicker_level1,attic:duration_flicker_level0,7.2709,240.0
2,242,attic,attic:stutter_level2,attic:restir_level1,LEFT,attic:stutter_level2,attic:restir_level1,2.0,240.0
2,243,attic,attic:noise_colors_level2,attic:duration_flicker_level1,RIGHT,attic:duration_flicker_level1,attic:noise_colors_level2,5.83,239.97
3,1,marbles,marbles:motion_resolution_level1,marbles:motion_resolution_level2,LEFT,marbles:motion_resolution_level1,marbles:motion_resolution_level2,9.5099,240.03
3,2,classroom,classroom:noise_colors_level0,classroom:dlss_rr_level1,LEFT,classroom:noise_colors_level0,classroom:dlss_rr_level1,36.1588,239.97
3,3,landscape,landscape:motion_noise_level1,landscape:stutter_level0,LEFT,landscape:motion_noise_level1,landscape:stutter_level0,12.3387,239.98
3,4,marbles,marbles:noise_colors_level2,marbles:duration_flicker_level2,RIGHT,marbles:duration_flicker_level2,marbles:noise_colors_level2,6.546,240.0
3,5,pink_room,pink_room:temporal-resolution-multiplexing_level1,pink_room:stutter_level1,LEFT,pink_room:temporal-resolution-multiplexing_level1,pink_room:stutter_level1,7.3134,239.97
3,6,zeroday,zeroday:motion_noise_level1,zeroday:duration_flicker_level0,LEFT,zeroday:motion_noise_level1,zeroday:duration_flicker_level0,9.4555,239.97
3,7,bistro_exterior,bistro_exterior:duration_flicker_level0,bistro_exterior:duration_flicker_level1,RIGHT,bistro_exterior:duration_flicker_level1,bistro_exterior:duration_flicker_level0,5.3591,239.97
3,8,attic,attic:stutter_level2,attic:duration_flicker_level2,LEFT,attic:stutter_level2,attic:duration_flicker_level2,3.3126,240.01
3,9,marbles,marbles:stutter_level0,marbles:temporal-resolution-multiplexing_level1,LEFT,marbles:stutter_level0,marbles:temporal-resolution-multiplexing_level1,6.2426,239.97
3,10,marbles,marbles:judder_level2,marbles:motion_noise_level2,LEFT,marbles:judder_level2,marbles:motion_noise_level2,6.9003,239.99
3,11,pink_room,pink_room:duration_flicker_level1,pink_room:motion_resolution_level1,LEFT,pink_room:duration_flicker_level1,pink_room:motion_resolution_level1,11.4013,239.98
3,12,bistro_exterior,bistro_exterior:reference,bistro_exterior:noise_colors_level0,RIGHT,bistro_exterior:noise_colors_level0,bistro_exterior:reference,7.3125,240.0
3,13,bistro_interior,bistro_interior:restir_level2,bistro_interior:motion_resolution_level0,RIGHT,bistro_interior:motion_resolution_level0,bistro_interior:restir_level2,3.8542,240.0
3,14,pink_room,pink_room:stutter_level0,pink_room:reference,RIGHT,pink_room:reference,pink_room:stutter_level0,7.6459,240.0
3,15,marbles,marbles:motion_noise_level0,marbles:motion_noise_level1,RIGHT,marbles:motion_noise_level1,marbles:motion_noise_level0,6.3135,239.96
3,16,landscape,landscape:motion_resolution_level0,landscape:judder_level2,LEFT,landscape:motion_resolution_level0,landscape:judder_level2,5.0504,239.98
3,17,zeroday,zeroday:stutter_level2,zeroday:dlss_rr_level2,LEFT,zeroday:stutter_level2,zeroday:dlss_rr_level2,2.3,240.01
3,18,zeroday,zeroday:motion_resolution_level1,zeroday:motion_resolution_level2,LEFT,zeroday:motion_resolution_level1,zeroday:motion_resolution_level2,6.7917,240.01
3,19,bistro_exterior,bistro_exterior:noise_colors_level1,bistro_exterior:dlss_rr_level1,LEFT,bistro_exterior:noise_colors_level1,bistro_exterior:dlss_rr_level1,5.3667,240.01
3,20,subway,subway:stutter_level1,subway:reference,LEFT,subway:stutter_level1,subway:reference,7.5876,240.0
3,21,subway,subway:stutter_level2,subway:dlss_rr_level0,LEFT,subway:stutter_level2,subway:dlss_rr_level0,6.8292,240.0
3,22,bistro_exterior,bistro_exterior:judder_level2,bistro_exterior:restir_level2,LEFT,bistro_exterior:judder_level2,bistro_exterior:restir_level2,5.3209,240.0
3,23,marbles,marbles:judder_level1,marbles:judder_level2,LEFT,marbles:judder_level1,marbles:judder_level2,12.5016,239.97
3,24,bistro_interior,bistro_interior:motion_resolution_level1,bistro_interior:stutter_level2,RIGHT,bistro_interior:stutter_level2,bistro_interior:motion_resolution_level1,1.8584,240.01
3,25,bistro_interior,bistro_interior:reference,bistro_interior:temporal-resolution-multiplexing_level0,LEFT,bistro_interior:reference,bistro_interior:temporal-resolution-multiplexing_level0,7.5792,240.01
3,26,attic,attic:motion_noise_level1,attic:stutter_level0,LEFT,attic:motion_noise_level1,attic:stutter_level0,6.1377,240.0
3,27,subway,subway:motion_resolution_level2,subway:duration_flicker_level1,RIGHT,subway:duration_flicker_level1,subway:motion_resolution_level2,3.8875,240.01
3,28,attic,attic:duration_flicker_level2,attic:restir_level1,LEFT,attic:duration_flicker_level2,attic:restir_level1,3.2671,239.97
3,29,landscape,landscape:stutter_level2,landscape:duration_flicker_level2,RIGHT,landscape:duration_flicker_level2,landscape:stutter_level2,1.7625,240.0
3,30,pink_room,pink_room:stutter_level0,pink_room:temporal-resolution-multiplexing_level0,RIGHT,pink_room:temporal-resolution-multiplexing_level0,pink_room:stutter_level0,3.3709,240.0
3,31,subway,subway:restir_level0,subway:restir_level2,LEFT,subway:restir_level0,subway:restir_level2,3.6417,240.0
3,32,landscape,landscape:duration_flicker_level0,landscape:dlss_rr_level0,RIGHT,landscape:dlss_rr_level0,landscape:duration_flicker_level0,3.05,240.01
3,33,subway,subway:restir_level1,subway:dlss_rr_level2,RIGHT,subway:dlss_rr_level2,subway:restir_level1,1.3042,240.03
3,34,landscape,landscape:duration_flicker_level1,landscape:restir_level0,RIGHT,landscape:restir_level0,landscape:duration_flicker_level1,2.1334,240.02
3,35,subway,subway:duration_flicker_level2,subway:temporal-resolution-multiplexing_level1,LEFT,subway:duration_flicker_level2,subway:temporal-resolution-multiplexing_level1,5.0959,240.0
3,36,zeroday,zeroday:temporal-resolution-multiplexing_level2,zeroday:motion_resolution_level1,LEFT,zeroday:temporal-resolution-multiplexing_level2,zeroday:motion_resolution_level1,4.75,240.0
3,37,landscape,landscape:duration_flicker_level1,landscape:duration_flicker_level2,LEFT,landscape:duration_flicker_level1,landscape:duration_flicker_level2,9.0959,240.0
3,38,classroom,classroom:motion_resolution_level2,classroom:motion_resolution_level1,RIGHT,classroom:motion_resolution_level1,classroom:motion_resolution_level2,1.2209,240.03
3,39,landscape,landscape:stutter_level0,landscape:judder_level0,RIGHT,landscape:judder_level0,landscape:stutter_level0,5.4875,240.0
3,40,bistro_exterior,bistro_exterior:temporal-resolution-multiplexing_level2,bistro_exterior:motion_resolution_level2,LEFT,bistro_exterior:temporal-resolution-multiplexing_level2,bistro_exterior:motion_resolution_level2,2.5417,240.01
3,41,marbles,marbles:judder_level2,marbles:judder_level0,RIGHT,marbles:judder_level0,marbles:judder_level2,4.4543,240.0
3,42,bistro_exterior,bistro_exterior:motion_resolution_level0,bistro_exterior:judder_level2,RIGHT,bistro_exterior:judder_level2,bistro_exterior:motion_resolution_level0,3.2055,239.62
3,43,marbles,marbles:restir_level0,marbles:noise_colors_level0,RIGHT,marbles:noise_colors_level0,marbles:restir_level0,5.0711,239.99
3,44,zeroday,zeroday:noise_colors_level2,zeroday:judder_level0,LEFT,zeroday:noise_colors_level2,zeroday:judder_level0,8.8459,240.0
3,45,bistro_exterior,bistro_exterior:noise_colors_level2,bistro_exterior:dlss_rr_level1,RIGHT,bistro_exterior:dlss_rr_level1,bistro_exterior:noise_colors_level2,3.9215,239.96
3,46,attic,attic:motion_noise_level1,attic:motion_resolution_level0,LEFT,attic:motion_noise_level1,attic:motion_resolution_level0,9.5886,239.97
3,47,zeroday,zeroday:motion_noise_level1,zeroday:judder_level2,LEFT,zeroday:motion_noise_level1,zeroday:judder_level2,7.0209,240.0
3,48,pink_room,pink_room:restir_level1,pink_room:judder_level2,RIGHT,pink_room:judder_level2,pink_room:restir_level1,7.275,240.0
3,49,bistro_interior,bistro_interior:temporal-resolution-multiplexing_level1,bistro_interior:temporal-resolution-multiplexing_level2,LEFT,bistro_interior:temporal-resolution-multiplexing_level1,bistro_interior:temporal-resolution-multiplexing_level2,1.3375,240.01
3,50,bistro_exterior,bistro_exterior:dlss_rr_level1,bistro_exterior:judder_level2,RIGHT,bistro_exterior:judder_level2,bistro_exterior:dlss_rr_level1,5.4125,240.0
3,51,pink_room,pink_room:noise_colors_level1,pink_room:temporal-resolution-multiplexing_level1,LEFT,pink_room:noise_colors_level1,pink_room:temporal-resolution-multiplexing_level1,5.3754,239.98
3,52,bistro_exterior,bistro_exterior:restir_level0,bistro_exterior:stutter_level0,RIGHT,bistro_exterior:stutter_level0,bistro_exterior:restir_level0,4.4798,239.97
3,53,zeroday,zeroday:duration_flicker_level1,zeroday:judder_level0,RIGHT,zeroday:judder_level0,zeroday:duration_flicker_level1,4.45,240.0
3,54,classroom,classroom:duration_flicker_level0,classroom:restir_level2,LEFT,classroom:duration_flicker_level0,classroom:restir_level2,1.8334,240.01
3,55,zeroday,zeroday:judder_level0,zeroday:duration_flicker_level0,LEFT,zeroday:judder_level0,zeroday:duration_flicker_level0,5.05,240.0
3,56,landscape,landscape:motion_noise_level2,landscape:judder_level2,RIGHT,landscape:judder_level2,landscape:motion_noise_level2,4.4084,240.01
3,57,attic,attic:noise_colors_level0,attic:judder_level0,RIGHT,attic:judder_level0,attic:noise_colors_level0,5.675,240.0
3,58,pink_room,pink_room:noise_colors_level2,pink_room:restir_level2,LEFT,pink_room:noise_colors_level2,pink_room:restir_level2,2.6917,240.01
3,59,marbles,marbles:judder_level0,marbles:temporal-resolution-multiplexing_level0,RIGHT,marbles:temporal-resolution-multiplexing_level0,marbles:judder_level0,2.1794,239.99
3,60,subway,subway:dlss_rr_level1,subway:motion_resolution_level2,LEFT,subway:dlss_rr_level1,subway:motion_resolution_level2,1.625,240.02
3,61,marbles,marbles:duration_flicker_level0,marbles:stutter_level2,RIGHT,marbles:stutter_level2,marbles:duration_flicker_level0,6.1467,239.97
3,62,classroom,classroom:motion_resolution_level1,classroom:duration_flicker_level2,RIGHT,classroom:duration_flicker_level2,classroom:motion_resolution_level1,7.7709,240.0
3,63,subway,subway:restir_level0,subway:temporal-resolution-multiplexing_level2,LEFT,subway:restir_level0,subway:temporal-resolution-multiplexing_level2,4.3542,240.0
3,64,marbles,marbles:motion_resolution_level0,marbles:stutter_level2,LEFT,marbles:motion_resolution_level0,marbles:stutter_level2,5.1337,239.98
3,65,zeroday,zeroday:dlss_rr_level0,zeroday:dlss_rr_level2,LEFT,zeroday:dlss_rr_level0,zeroday:dlss_rr_level2,4.663,239.97
3,66,bistro_interior,bistro_interior:dlss_rr_level2,bistro_interior:motion_resolution_level0,LEFT,bistro_interior:dlss_rr_level2,bistro_interior:motion_resolution_level0,2.6625,240.0
3,67,bistro_exterior,bistro_exterior:noise_colors_level1,bistro_exterior:restir_level1,LEFT,bistro_exterior:noise_colors_level1,bistro_exterior:restir_level1,6.3843,239.96
3,68,attic,attic:restir_level0,attic:duration_flicker_level0,RIGHT,attic:duration_flicker_level0,attic:restir_level0,2.3545,239.97
3,69,landscape,landscape:restir_level1,landscape:stutter_level0,RIGHT,landscape:stutter_level0,landscape:restir_level1,2.15,240.01
3,70,subway,subway:judder_level1,subway:stutter_level1,LEFT,subway:judder_level1,subway:stutter_level1,6.1917,240.0
3,71,bistro_exterior,bistro_exterior:dlss_rr_level1,bistro_exterior:motion_resolution_level1,LEFT,bistro_exterior:dlss_rr_level1,bistro_exterior:motion_resolution_level1,1.2834,240.01
3,72,marbles,marbles:duration_flicker_level0,marbles:noise_colors_level1,RIGHT,marbles:noise_colors_level1,marbles:duration_flicker_level0,6.3467,239.97
3,73,landscape,landscape:stutter_level0,landscape:motion_noise_level0,RIGHT,landscape:motion_noise_level0,landscape:stutter_level0,1.7209,240.0
3,74,marbles,marbles:stutter_level1,marbles:noise_colors_level1,LEFT,marbles:stutter_level1,marbles:noise_colors_level1,6.575,239.99
3,75,bistro_exterior,bistro_exterior:motion_resolution_level0,bistro_exterior:temporal-resolution-multiplexing_level1,RIGHT,bistro_exterior:temporal-resolution-multiplexing_level1,bistro_exterior:motion_resolution_level0,3.175,240.01
3,76,bistro_interior,bistro_interior:judder_level2,bistro_interior:motion_noise_level2,RIGHT,bistro_interior:motion_noise_level2,bistro_interior:judder_level2,4.6,240.02
3,77,pink_room,pink_room:judder_level1,pink_room:temporal-resolution-multiplexing_level0,RIGHT,pink_room:temporal-resolution-multiplexing_level0,pink_room:judder_level1,5.0208,240.0
3,78,bistro_exterior,bistro_exterior:stutter_level2,bistro_exterior:temporal-resolution-multiplexing_level2,RIGHT,bistro_exterior:temporal-resolution-multiplexing_level2,bistro_exterior:stutter_level2,3.375,240.0
3,79,bistro_exterior,bistro_exterior:dlss_rr_level2,bistro_exterior:duration_flicker_level2,RIGHT,bistro_exterior:duration_flicker_level2,bistro_exterior:dlss_rr_level2,4.6667,240.0
3,80,zeroday,zeroday:restir_level2,zeroday:noise_colors_level1,RIGHT,zeroday:noise_colors_level1,zeroday:restir_level2,3.6959,239.99
3,81,marbles,marbles:temporal-resolution-multiplexing_level0,marbles:restir_level0,RIGHT,marbles:restir_level0,marbles:temporal-resolution-multiplexing_level0,5.0375,240.0
3,82,marbles,marbles:duration_flicker_level2,marbles:stutter_level2,RIGHT,marbles:stutter_level2,marbles:duration_flicker_level2,2.875,240.01
3,83,bistro_interior,bistro_interior:dlss_rr_level2,bistro_interior:dlss_rr_level0,RIGHT,bistro_interior:dlss_rr_level0,bistro_interior:dlss_rr_level2,3.4209,240.01
3,84,subway,subway:judder_level1,subway:temporal-resolution-multiplexing_level0,RIGHT,subway:temporal-resolution-multiplexing_level0,subway:judder_level1,6.7959,240.0
3,85,landscape,landscape:dlss_rr_level0,landscape:dlss_rr_level2,LEFT,landscape:dlss_rr_level0,landscape:dlss_rr_level2,3.4042,240.0
3,86,pink_room,pink_room:motion_resolution_level0,pink_room:restir_level1,RIGHT,pink_room:restir_level1,pink_room:motion_resolution_level0,2.5542,240.01
3,87,marbles,marbles:temporal-resolution-multiplexing_level0,marbles:dlss_rr_level0,RIGHT,marbles:dlss_rr_level0,marbles:temporal-resolution-multiplexing_level0,2.8667,240.01
3,88,bistro_interior,bistro_interior:judder_level0,bistro_interior:dlss_rr_level2,LEFT,bistro_interior:judder_level0,bistro_interior:dlss_rr_level2,1.2375,240.02
3,89,attic,attic:reference,attic:noise_colors_level1,LEFT,attic:reference,attic:noise_colors_level1,7.2092,239.98
3,90,bistro_exterior,bistro_exterior:duration_flicker_level2,bistro_exterior:judder_level2,RIGHT,bistro_exterior:judder_level2,bistro_exterior:duration_flicker_level2,12.7302,239.98
3,91,marbles,marbles:noise_colors_level2,marbles:motion_resolution_level1,LEFT,marbles:noise_colors_level2,marbles:motion_resolution_level1,2.1709,240.01
3,92,pink_room,pink_room:motion_resolution_level1,pink_room:duration_flicker_level2,RIGHT,pink_room:duration_flicker_level2,pink_room:motion_resolution_level1,2.5334,240.01
3,93,landscape,landscape:reference,landscape:restir_level1,RIGHT,landscape:restir_level1,landscape:reference,2.9084,240.0
3,94,pink_room,pink_room:duration_flicker_level0,pink_room:motion_resolution_level1,LEFT,pink_room:duration_flicker_level0,pink_room:motion_resolution_level1,2.2834,240.01
3,95,pink_room,pink_room:noise_colors_level2,pink_room:motion_noise_level2,LEFT,pink_room:noise_colors_level2,pink_room:motion_noise_level2,1.6375,240.01
3,96,landscape,landscape:temporal-resolution-multiplexing_level2,landscape:noise_colors_level1,RIGHT,landscape:noise_colors_level1,landscape:temporal-resolution-multiplexing_level2,1.7917,240.02
3,97,pink_room,pink_room:temporal-resolution-multiplexing_level1,pink_room:restir_level0,RIGHT,pink_room:restir_level0,pink_room:temporal-resolution-multiplexing_level1,2.9209,240.0
3,98,subway,subway:duration_flicker_level0,subway:stutter_level2,RIGHT,subway:stutter_level2,subway:duration_flicker_level0,5.5792,240.01
3,99,subway,subway:duration_flicker_level2,subway:stutter_level2,RIGHT,subway:stutter_level2,subway:duration_flicker_level2,3.0584,240.01
3,100,attic,attic:motion_noise_level1,attic:motion_noise_level0,RIGHT,attic:motion_noise_level0,attic:motion_noise_level1,4.8834,240.01
3,101,marbles,marbles:temporal-resolution-multiplexing_level2,marbles:judder_level2,RIGHT,marbles:judder_level2,marbles:temporal-resolution-multiplexing_level2,1.8168,239.99
3,102,zeroday,zeroday:motion_noise_level2,zeroday:judder_level2,RIGHT,zeroday:judder_level2,zeroday:motion_noise_level2,5.5709,240.0
3,103,marbles,marbles:stutter_level2,marbles:duration_flicker_level1,RIGHT,marbles:duration_flicker_level1,marbles:stutter_level2,2.8628,239.97
3,104,classroom,classroom:judder_level1,classroom:motion_noise_level1,LEFT,classroom:judder_level1,classroom:motion_noise_level1,3.4923,239.97
3,105,zeroday,zeroday:restir_level1,zeroday:dlss_rr_level0,RIGHT,zeroday:dlss_rr_level0,zeroday:restir_level1,3.3,240.01
3,106,pink_room,pink_room:motion_resolution_level2,pink_room:duration_flicker_level1,RIGHT,pink_room:duration_flicker_level1,pink_room:motion_resolution_level2,1.4209,240.0
3,107,pink_room,pink_room:duration_flicker_level0,pink_room:noise_colors_level2,LEFT,pink_room:duration_flicker_level0,pink_room:noise_colors_level2,4.1542,240.0
3,108,zeroday,zeroday:dlss_rr_level0,zeroday:duration_flicker_level2,RIGHT,zeroday:duration_flicker_level2,zeroday:dlss_rr_level0,2.7292,240.01
3,109,landscape,landscape:restir_level2,landscape:temporal-resolution-multiplexing_level1,RIGHT,landscape:temporal-resolution-multiplexing_level1,landscape:restir_level2,1.4584,240.02
3,110,landscape,landscape:temporal-resolution-multiplexing_level2,landscape:restir_level0,RIGHT,landscape:restir_level0,landscape:temporal-resolution-multiplexing_level2,1.8209,240.02
3,111,bistro_exterior,bistro_exterior:noise_colors_level1,bistro_exterior:stutter_level0,LEFT,bistro_exterior:noise_colors_level1,bistro_exterior:stutter_level0,8.1459,240.0
3,112,bistro_exterior,bistro_exterior:motion_noise_level2,bistro_exterior:motion_resolution_level1,LEFT,bistro_exterior:motion_noise_level2,bistro_exterior:motion_resolution_level1,1.4292,240.0
3,113,attic,attic:stutter_level2,attic:temporal-resolution-multiplexing_level1,RIGHT,attic:temporal-resolution-multiplexing_level1,attic:stutter_level2,2.7379,239.98
3,114,zeroday,zeroday:temporal-resolution-multiplexing_level2,zeroday:motion_noise_level2,RIGHT,zeroday:motion_noise_level2,zeroday:temporal-resolution-multiplexing_level2,1.2875,240.03
3,115,bistro_exterior,bistro_exterior:motion_resolution_level0,bistro_exterior:duration_flicker_level1,RIGHT,bistro_exterior:duration_flicker_level1,bistro_exterior:motion_resolution_level0,1.3,240.01
3,116,zeroday,zeroday:judder_level0,zeroday:temporal-resolution-multiplexing_level1,LEFT,zeroday:judder_level0,zeroday:temporal-resolution-multiplexing_level1,4.9042,240.01
3,117,bistro_interior,bistro_interior:noise_colors_level2,bistro_interior:motion_noise_level1,LEFT,bistro_interior:noise_colors_level2,bistro_interior:motion_noise_level1,1.3625,240.01
3,118,landscape,landscape:dlss_rr_level1,landscape:temporal-resolution-multiplexing_level0,RIGHT,landscape:temporal-resolution-multiplexing_level0,landscape:dlss_rr_level1,1.4584,240.01
3,119,zeroday,zeroday:judder_level1,zeroday:judder_level0,RIGHT,zeroday:judder_level0,zeroday:judder_level1,4.3542,240.0
3,120,zeroday,zeroday:dlss_rr_level0,zeroday:restir_level2,LEFT,zeroday:dlss_rr_level0,zeroday:restir_level2,1.2167,240.02
3,121,bistro_exterior,bistro_exterior:duration_flicker_level1,bistro_exterior:judder_level1,LEFT,bistro_exterior:duration_flicker_level1,bistro_exterior:judder_level1,1.575,240.01
3,122,classroom,classroom:restir_level0,classroom:judder_level0,RIGHT,classroom:judder_level0,classroom:restir_level0,6.8542,240.0
3,123,classroom,classroom:motion_noise_level2,classroom:dlss_rr_level0,RIGHT,classroom:dlss_rr_level0,classroom:motion_noise_level2,3.5587,239.98
3,124,marbles,marbles:temporal-resolution-multiplexing_level0,marbles:motion_noise_level0,LEFT,marbles:temporal-resolution-multiplexing_level0,marbles:motion_noise_level0,5.0875,240.0
3,125,zeroday,zeroday:judder_level0,zeroday:motion_resolution_level0,RIGHT,zeroday:motion_resolution_level0,zeroday:judder_level0,2.0753,239.98
3,126,bistro_interior,bistro_interior:judder_level1,bistro_interior:noise_colors_level2,LEFT,bistro_interior:judder_level1,bistro_interior:noise_colors_level2,5.2169,239.99
3,127,bistro_exterior,bistro_exterior:dlss_rr_level0,bistro_exterior:restir_level2,LEFT,bistro_exterior:dlss_rr_level0,bistro_exterior:restir_level2,0.8919,239.95
3,128,subway,subway:noise_colors_level1,subway:stutter_level0,LEFT,subway:noise_colors_level1,subway:stutter_level0,3.9292,240.01
3,129,attic,attic:restir_level2,attic:dlss_rr_level1,RIGHT,attic:dlss_rr_level1,attic:restir_level2,3.042,239.97
3,130,bistro_interior,bistro_interior:dlss_rr_level2,bistro_interior:dlss_rr_level1,LEFT,bistro_interior:dlss_rr_level2,bistro_interior:dlss_rr_level1,4.9625,240.01
3,131,marbles,marbles:restir_level2,marbles:duration_flicker_level0,RIGHT,marbles:duration_flicker_level0,marbles:restir_level2,1.7584,240.01
3,132,bistro_interior,bistro_interior:judder_level0,bistro_interior:noise_colors_level2,RIGHT,bistro_interior:noise_colors_level2,bistro_interior:judder_level0,3.1584,240.01
3,133,classroom,classroom:motion_noise_level2,classroom:motion_resolution_level0,RIGHT,classroom:motion_resolution_level0,classroom:motion_noise_level2,1.2209,239.99
3,134,bistro_exterior,bistro_exterior:temporal-resolution-multiplexing_level0,bistro_exterior:dlss_rr_level1,LEFT,bistro_exterior:temporal-resolution-multiplexing_level0,bistro_exterior:dlss_rr_level1,1.4128,239.98
3,135,bistro_interior,bistro_interior:reference,bistro_interior:noise_colors_level0,RIGHT,bistro_interior:noise_colors_level0,bistro_interior:reference,6.65,240.0
3,136,landscape,landscape:restir_level1,landscape:noise_colors_level0,RIGHT,landscape:noise_colors_level0,landscape:restir_level1,1.8334,240.0
3,137,pink_room,pink_room:restir_level2,pink_room:dlss_rr_level1,RIGHT,pink_room:dlss_rr_level1,pink_room:restir_level2,3.675,240.01
3,138,subway,subway:motion_noise_level2,subway:dlss_rr_level2,LEFT,subway:motion_noise_level2,subway:dlss_rr_level2,2.8792,240.0
3,139,marbles,marbles:judder_level1,marbles:temporal-resolution-multiplexing_level1,RIGHT,marbles:temporal-resolution-multiplexing_level1,marbles:judder_level1,4.95,240.0
3,140,classroom,classroom:motion_noise_level2,classroom:motion_noise_level0,RIGHT,classroom:motion_noise_level0,classroom:motion_noise_level2,1.5334,240.01
3,141,landscape,landscape:dlss_rr_level1,landscape:judder_level2,RIGHT,landscape:judder_level2,landscape:dlss_rr_level1,1.5834,240.01
3,142,zeroday,zeroday:noise_colors_level2,zeroday:stutter_level0,RIGHT,zeroday:stutter_level0,zeroday:noise_colors_level2,2.5,240.01
3,143,attic,attic:duration_flicker_level0,attic:stutter_level2,LEFT,attic:duration_flicker_level0,attic:stutter_level2,4.1584,240.0
3,144,classroom,classroom:dlss_rr_level0,classroom:dlss_rr_level2,LEFT,classroom:dlss_rr_level0,classroom:dlss_rr_level2,6.6459,240.0
3,145,classroom,classroom:reference,classroom:stutter_level1,LEFT,classroom:reference,classroom:stutter_level1,12.25,240.0
3,146,zeroday,zeroday:dlss_rr_level1,zeroday:temporal-resolution-multiplexing_level0,RIGHT,zeroday:temporal-resolution-multiplexing_level0,zeroday:dlss_rr_level1,4.0084,240.01
3,147,classroom,classroom:restir_level1,classroom:dlss_rr_level0,RIGHT,classroom:dlss_rr_level0,classroom:restir_level1,2.4167,240.0
3,148,subway,subway:judder_level1,subway:noise_colors_level0,LEFT,subway:judder_level1,subway:noise_colors_level0,6.3834,240.0
3,149,pink_room,pink_room:motion_noise_level1,pink_room:restir_level0,RIGHT,pink_room:restir_level0,pink_room:motion_noise_level1,4.8625,240.01
3,150,zeroday,zeroday:stutter_level2,zeroday:motion_noise_level2,LEFT,zeroday:stutter_level2,zeroday:motion_noise_level2,2.9167,240.0
3,151,marbles,marbles:motion_noise_level2,marbles:dlss_rr_level1,LEFT,marbles:motion_noise_level2,marbles:dlss_rr_level1,4.3875,240.0
3,152,landscape,landscape:judder_level1,landscape:duration_flicker_level1,RIGHT,landscape:duration_flicker_level1,landscape:judder_level1,1.3834,240.02
3,153,marbles,marbles:motion_noise_level2,marbles:restir_level1,LEFT,marbles:motion_noise_level2,marbles:restir_level1,4.4167,240.0
3,154,pink_room,pink_room:noise_colors_level0,pink_room:temporal-resolution-multiplexing_level0,RIGHT,pink_room:temporal-resolution-multiplexing_level0,pink_room:noise_colors_level0,4.7464,239.97
3,155,attic,attic:noise_colors_level2,attic:duration_flicker_level0,RIGHT,attic:duration_flicker_level0,attic:noise_colors_level2,2.7917,240.01
3,156,landscape,landscape:dlss_rr_level2,landscape:duration_flicker_level2,RIGHT,landscape:duration_flicker_level2,landscape:dlss_rr_level2,1.2084,240.0
3,157,bistro_interior,bistro_interior:stutter_level0,bistro_interior:motion_noise_level2,LEFT,bistro_interior:stutter_level0,bistro_interior:motion_noise_level2,1.2792,240.01
3,158,classroom,classroom:duration_flicker_level2,classroom:restir_level2,LEFT,classroom:duration_flicker_level2,classroom:restir_level2,2.7042,240.01
3,159,landscape,landscape:duration_flicker_level1,landscape:stutter_level1,RIGHT,landscape:stutter_level1,landscape:duration_flicker_level1,2.7292,240.01
3,160,subway,subway:judder_level1,subway:judder_level0,LEFT,subway:judder_level1,subway:judder_level0,7.6917,240.0
3,161,pink_room,pink_room:judder_level0,pink_room:judder_level2,LEFT,pink_room:judder_level0,pink_room:judder_level2,6.925,240.0
3,162,landscape,landscape:judder_level1,landscape:stutter_level0,RIGHT,landscape:stutter_level0,landscape:judder_level1,1.9584,240.0
3,163,bistro_exterior,bistro_exterior:stutter_level1,bistro_exterior:motion_noise_level0,RIGHT,bistro_exterior:motion_noise_level0,bistro_exterior:stutter_level1,4.925,240.0
3,164,classroom,classroom:restir_level2,classroom:restir_level1,RIGHT,classroom:restir_level1,classroom:restir_level2,1.8084,240.01
3,165,attic,attic:stutter_level2,attic:duration_flicker_level1,LEFT,attic:stutter_level2,attic:duration_flicker_level1,6.9875,240.0
3,166,bistro_exterior,bistro_exterior:judder_level0,bistro_exterior:stutter_level1,RIGHT,bistro_exterior:stutter_level1,bistro_exterior:judder_level0,5.3381,239.97
3,167,pink_room,pink_room:temporal-resolution-multiplexing_level0,pink_room:judder_level0,LEFT,pink_room:temporal-resolution-multiplexing_level0,pink_room:judder_level0,4.6917,240.01
3,168,subway,subway:motion_noise_level1,subway:noise_colors_level0,RIGHT,subway:noise_colors_level0,subway:motion_noise_level1,1.4625,240.0
3,169,attic,attic:motion_noise_level1,attic:stutter_level1,RIGHT,attic:stutter_level1,attic:motion_noise_level1,6.7885,239.96
3,170,bistro_interior,bistro_interior:duration_flicker_level2,bistro_interior:noise_colors_level0,RIGHT,bistro_interior:noise_colors_level0,bistro_interior:duration_flicker_level2,2.8542,240.0
3,171,bistro_exterior,bistro_exterior:stutter_level1,bistro_exterior:motion_noise_level1,RIGHT,bistro_exterior:motion_noise_level1,bistro_exterior:stutter_level1,4.4584,240.0
3,172,attic,attic:restir_level2,attic:dlss_rr_level2,RIGHT,attic:dlss_rr_level2,attic:restir_level2,2.8625,240.01
3,173,classroom,classroom:temporal-resolution-multiplexing_level0,classroom:stutter_level0,RIGHT,classroom:stutter_level0,classroom:temporal-resolution-multiplexing_level0,5.5917,240.0
3,174,bistro_exterior,bistro_exterior:temporal-resolution-multiplexing_level2,bistro_exterior:duration_flicker_level2,RIGHT,bistro_exterior:duration_flicker_level2,bistro_exterior:temporal-resolution-multiplexing_level2,1.2125,240.01
3,175,attic,attic:noise_colors_level2,attic:judder_level0,RIGHT,attic:judder_level0,attic:noise_colors_level2,2.3334,240.0
3,176,pink_room,pink_room:judder_level2,pink_room:noise_colors_level2,LEFT,pink_room:judder_level2,pink_room:noise_colors_level2,4.7,240.0
3,177,bistro_exterior,bistro_exterior:stutter_level0,bistro_exterior:reference,RIGHT,bistro_exterior:reference,bistro_exterior:stutter_level0,8.375,240.01
3,178,bistro_interior,bistro_interior:duration_flicker_level0,bistro_interior:motion_noise_level0,RIGHT,bistro_interior:motion_noise_level0,bistro_interior:duration_flicker_level0,5.1667,240.01
3,179,bistro_interior,bistro_interior:restir_level0,bistro_interior:motion_resolution_level0,LEFT,bistro_interior:restir_level0,bistro_interior:motion_resolution_level0,1.1209,240.02
3,180,pink_room,pink_room:motion_noise_level0,pink_room:restir_level1,LEFT,pink_room:motion_noise_level0,pink_room:restir_level1,3.6167,239.99
3,181,landscape,landscape:stutter_level0,landscape:temporal-resolution-multiplexing_level1,RIGHT,landscape:temporal-resolution-multiplexing_level1,landscape:stutter_level0,1.6709,240.02
3,182,landscape,landscape:motion_resolution_level1,landscape:stutter_level2,RIGHT,landscape:stutter_level2,landscape:motion_resolution_level1,1.1917,240.0
3,183,bistro_exterior,bistro_exterior:noise_colors_level1,bistro_exterior:motion_noise_level0,LEFT,bistro_exterior:noise_colors_level1,bistro_exterior:motion_noise_level0,9.9917,240.0
3,184,zeroday,zeroday:judder_level0,zeroday:motion_noise_level0,RIGHT,zeroday:motion_noise_level0,zeroday:judder_level0,5.1674,239.97
3,185,landscape,landscape:duration_flicker_level2,landscape:motion_resolution_level2,LEFT,landscape:duration_flicker_level2,landscape:motion_resolution_level2,1.5875,240.02
3,186,pink_room,pink_room:dlss_rr_level2,pink_room:motion_resolution_level1,LEFT,pink_room:dlss_rr_level2,pink_room:motion_resolution_level1,2.3834,240.01
3,187,pink_room,pink_room:temporal-resolution-multiplexing_level1,pink_room:restir_level2,LEFT,pink_room:temporal-resolution-multiplexing_level1,pink_room:restir_level2,2.0084,240.02
3,188,classroom,classroom:stutter_level0,classroom:stutter_level1,LEFT,classroom:stutter_level0,classroom:stutter_level1,3.8126,240.0
3,189,subway,subway:temporal-resolution-multiplexing_level2,subway:noise_colors_level2,RIGHT,subway:noise_colors_level2,subway:temporal-resolution-multiplexing_level2,1.5711,239.98
3,190,zeroday,zeroday:noise_colors_level2,zeroday:noise_colors_level0,RIGHT,zeroday:noise_colors_level0,zeroday:noise_colors_level2,15.8011,239.98
3,191,classroom,classroom:stutter_level0,classroom:noise_colors_level0,RIGHT,classroom:noise_colors_level0,classroom:stutter_level0,4.7375,240.0
3,192,landscape,landscape:restir_level0,landscape:judder_level2,LEFT,landscape:restir_level0,landscape:judder_level2,4.9379,239.99
3,193,attic,attic:judder_level1,attic:temporal-resolution-multiplexing_level1,LEFT,attic:judder_level1,attic:temporal-resolution-multiplexing_level1,1.7418,239.98
3,194,landscape,landscape:noise_colors_level2,landscape:restir_level0,RIGHT,landscape:restir_level0,landscape:noise_colors_level2,2.1127,240.0
3,195,attic,attic:judder_level2,attic:duration_flicker_level1,RIGHT,attic:duration_flicker_level1,attic:judder_level2,3.5834,240.01
3,196,bistro_interior,bistro_interior:noise_colors_level2,bistro_interior:duration_flicker_level1,RIGHT,bistro_interior:duration_flicker_level1,bistro_interior:noise_colors_level2,4.4964,239.97
3,197,pink_room,pink_room:stutter_level2,pink_room:restir_level2,LEFT,pink_room:stutter_level2,pink_room:restir_level2,2.4417,240.01
3,198,bistro_interior,bistro_interior:restir_level2,bistro_interior:stutter_level2,RIGHT,bistro_interior:stutter_level2,bistro_interior:restir_level2,1.4959,240.02
3,199,marbles,marbles:noise_colors_level0,marbles:reference,LEFT,marbles:noise_colors_level0,marbles:reference,7.3375,240.0
3,200,marbles,marbles:dlss_rr_level2,marbles:stutter_level2,RIGHT,marbles:stutter_level2,marbles:dlss_rr_level2,2.1667,240.02
3,201,classroom,classroom:stutter_level2,classroom:duration_flicker_level0,LEFT,classroom:stutter_level2,classroom:duration_flicker_level0,8.5709,240.0
3,202,bistro_interior,bistro_interior:restir_level1,bistro_interior:motion_resolution_level0,LEFT,bistro_interior:restir_level1,bistro_interior:motion_resolution_level0,3.275,240.0
3,203,attic,attic:stutter_level0,attic:motion_noise_level2,LEFT,attic:stutter_level0,attic:motion_noise_level2,7.3133,239.98
3,204,subway,subway:judder_level0,subway:motion_resolution_level1,LEFT,subway:judder_level0,subway:motion_resolution_level1,5.9667,240.0
3,205,subway,subway:motion_resolution_level0,subway:stutter_level0,RIGHT,subway:stutter_level0,subway:motion_resolution_level0,1.8417,240.0
3,206,bistro_interior,bistro_interior:stutter_level2,bistro_interior:motion_resolution_level2,LEFT,bistro_interior:stutter_level2,bistro_interior:motion_resolution_level2,1.0,240.03
3,207,classroom,classroom:temporal-resolution-multiplexing_level2,classroom:restir_level1,RIGHT,classroom:restir_level1,classroom:temporal-resolution-multiplexing_level2,1.7375,240.02
3,208,subway,subway:stutter_level1,subway:motion_noise_level0,LEFT,subway:stutter_level1,subway:motion_noise_level0,6.4917,240.0
3,209,attic,attic:temporal-resolution-multiplexing_level0,attic:temporal-resolution-multiplexing_level1,LEFT,attic:temporal-resolution-multiplexing_level0,attic:temporal-resolution-multiplexing_level1,2.1042,240.0
3,210,attic,attic:duration_flicker_level2,attic:dlss_rr_level0,LEFT,attic:duration_flicker_level2,attic:dlss_rr_level0,2.3792,240.0
3,211,subway,subway:noise_colors_level0,subway:duration_flicker_level1,LEFT,subway:noise_colors_level0,subway:duration_flicker_level1,3.0125,240.01
3,212,zeroday,zeroday:dlss_rr_level1,zeroday:judder_level0,LEFT,zeroday:dlss_rr_level1,zeroday:judder_level0,1.2084,240.01
3,213,pink_room,pink_room:temporal-resolution-multiplexing_level2,pink_room:duration_flicker_level0,RIGHT,pink_room:duration_flicker_level0,pink_room:temporal-resolution-multiplexing_level2,1.4625,240.0
3,214,zeroday,zeroday:reference,zeroday:motion_noise_level0,RIGHT,zeroday:motion_noise_level0,zeroday:reference,2.9584,240.0
3,215,marbles,marbles:duration_flicker_level0,marbles:judder_level0,RIGHT,marbles:judder_level0,marbles:duration_flicker_level0,3.3334,240.0
3,216,subway,subway:judder_level1,subway:stutter_level0,LEFT,subway:judder_level1,subway:stutter_level0,10.5042,240.0
3,217,subway,subway:motion_resolution_level2,subway:motion_noise_level2,LEFT,subway:motion_resolution_level2,subway:motion_noise_level2,0.7834,240.02
3,218,attic,attic:temporal-resolution-multiplexing_level1,attic:motion_noise_level1,RIGHT,attic:motion_noise_level1,attic:temporal-resolution-multiplexing_level1,2.3793,239.98
3,219,subway,subway:judder_level2,subway:duration_flicker_level2,LEFT,subway:judder_level2,subway:duration_flicker_level2,5.7792,240.0
3,220,pink_room,pink_room:dlss_rr_level0,pink_room:noise_colors_level0,RIGHT,pink_room:noise_colors_level0,pink_room:dlss_rr_level0,2.45,240.0
3,221,attic,attic:temporal-resolution-multiplexing_level2,attic:restir_level1,RIGHT,attic:restir_level1,attic:temporal-resolution-multiplexing_level2,1.4875,240.0
3,222,bistro_interior,bistro_interior:noise_colors_level0,bistro_interior:stutter_level1,LEFT,bistro_interior:noise_colors_level0,bistro_interior:stutter_level1,1.6417,240.01
3,223,subway,subway:motion_noise_level2,subway:temporal-resolution-multiplexing_level2,LEFT,subway:motion_noise_level2,subway:temporal-resolution-multiplexing_level2,2.8834,240.0
3,224,classroom,classroom:motion_noise_level1,classroom:temporal-resolution-multiplexing_level1,RIGHT,classroom:temporal-resolution-multiplexing_level1,classroom:motion_noise_level1,2.1209,240.01
3,225,bistro_interior,bistro_interior:duration_flicker_level0,bistro_interior:noise_colors_level1,RIGHT,bistro_interior:noise_colors_level1,bistro_interior:duration_flicker_level0,3.5625,240.0
3,226,bistro_interior,bistro_interior:motion_noise_level1,bistro_interior:duration_flicker_level0,RIGHT,bistro_interior:duration_flicker_level0,bistro_interior:motion_noise_level1,2.4334,240.01
3,227,attic,attic:restir_level1,attic:motion_resolution_level1,LEFT,attic:restir_level1,attic:motion_resolution_level1,2.0625,240.01
3,228,bistro_interior,bistro_interior:judder_level1,bistro_interior:motion_noise_level2,LEFT,bistro_interior:judder_level1,bistro_interior:motion_noise_level2,1.0334,240.03
3,229,classroom,classroom:restir_level0,classroom:stutter_level0,LEFT,classroom:restir_level0,classroom:stutter_level0,2.6625,240.01
3,230,classroom,classroom:noise_colors_level1,classroom:restir_level1,LEFT,classroom:noise_colors_level1,classroom:restir_level1,4.296,240.0
3,231,zeroday,zeroday:stutter_level1,zeroday:motion_noise_level0,RIGHT,zeroday:motion_noise_level0,zeroday:stutter_level1,5.1042,240.0
3,232,subway,subway:stutter_level2,subway:dlss_rr_level1,LEFT,subway:stutter_level2,subway:dlss_rr_level1,3.9792,240.01
3,233,attic,attic:restir_level2,attic:restir_level1,RIGHT,attic:restir_level1,attic:restir_level2,8.6303,239.97
3,234,zeroday,zeroday:judder_level1,zeroday:restir_level0,LEFT,zeroday:judder_level1,zeroday:restir_level0,4.0125,240.01
3,235,classroom,classroom:temporal-resolution-multiplexing_level1,classroom:stutter_level1,RIGHT,classroom:stutter_level1,classroom:temporal-resolution-multiplexing_level1,4.125,240.0
3,236,attic,attic:motion_noise_level1,attic:noise_colors_level1,RIGHT,attic:noise_colors_level1,attic:motion_noise_level1,5.7751,240.0
3,237,attic,attic:motion_resolution_level2,attic:restir_level2,RIGHT,attic:restir_level2,attic:motion_resolution_level2,2.8297,239.96
3,238,bistro_interior,bistro_interior:duration_flicker_level0,bistro_interior:noise_colors_level0,RIGHT,bistro_interior:noise_colors_level0,bistro_interior:duration_flicker_level0,8.0459,240.0
3,239,bistro_interior,bistro_interior:temporal-resolution-multiplexing_level2,bistro_interior:noise_colors_level2,RIGHT,bistro_interior:noise_colors_level2,bistro_interior:temporal-resolution-multiplexing_level2,2.0042,240.01
3,240,classroom,classroom:restir_level2,classroom:duration_flicker_level1,RIGHT,classroom:duration_flicker_level1,classroom:restir_level2,2.2083,240.01
3,241,classroom,classroom:dlss_rr_level1,classroom:stutter_level2,LEFT,classroom:dlss_rr_level1,classroom:stutter_level2,8.1634,239.97
3,242,classroom,classroom:temporal-resolution-multiplexing_level2,classroom:noise_colors_level2,RIGHT,classroom:noise_colors_level2,classroom:temporal-resolution-multiplexing_level2,1.9667,240.01
3,243,classroom,classroom:motion_noise_level0,classroom:judder_level2,RIGHT,classroom:judder_level2,classroom:motion_noise_level0,8.425,240.0
6,1,pink_room,pink_room:stutter_level0,pink_room:noise_colors_level1,LEFT,pink_room:stutter_level0,pink_room:noise_colors_level1,3.355,240.1
6,2,pink_room,pink_room:motion_noise_level2,pink_room:restir_level2,LEFT,pink_room:motion_noise_level2,pink_room:restir_level2,3.4668,240.0
6,3,bistro_exterior,bistro_exterior:temporal-resolution-multiplexing_level0,bistro_exterior:noise_colors_level0,RIGHT,bistro_exterior:noise_colors_level0,bistro_exterior:temporal-resolution-multiplexing_level0,3.5379,239.98
6,4,marbles,marbles:judder_level2,marbles:restir_level2,LEFT,marbles:judder_level2,marbles:restir_level2,2.7376,240.0
6,5,zeroday,zeroday:motion_resolution_level0,zeroday:noise_colors_level1,LEFT,zeroday:motion_resolution_level0,zeroday:noise_colors_level1,3.7584,240.01
6,6,bistro_interior,bistro_interior:motion_noise_level0,bistro_interior:reference,LEFT,bistro_interior:motion_noise_level0,bistro_interior:reference,24.2501,240.0
6,7,subway,subway:dlss_rr_level0,subway:stutter_level1,RIGHT,subway:stutter_level1,subway:dlss_rr_level0,12.5459,240.0
6,8,bistro_interior,bistro_interior:stutter_level2,bistro_interior:restir_level0,RIGHT,bistro_interior:restir_level0,bistro_interior:stutter_level2,17.7878,240.0
6,9,marbles,marbles:motion_resolution_level0,marbles:temporal-resolution-multiplexing_level1,RIGHT,marbles:temporal-resolution-multiplexing_level1,marbles:motion_resolution_level0,4.6125,240.0
6,10,bistro_interior,bistro_interior:dlss_rr_level2,bistro_interior:dlss_rr_level0,RIGHT,bistro_interior:dlss_rr_level0,bistro_interior:dlss_rr_level2,2.4002,239.98
6,11,marbles,marbles:temporal-resolution-multiplexing_level1,marbles:stutter_level2,LEFT,marbles:temporal-resolution-multiplexing_level1,marbles:stutter_level2,6.1927,239.97
6,12,subway,subway:stutter_level2,subway:motion_noise_level0,LEFT,subway:stutter_level2,subway:motion_noise_level0,6.8042,240.0
6,13,marbles,marbles:reference,marbles:stutter_level1,RIGHT,marbles:stutter_level1,marbles:reference,18.5959,240.0
6,14,bistro_interior,bistro_interior:motion_resolution_level0,bistro_interior:restir_level2,RIGHT,bistro_interior:restir_level2,bistro_interior:motion_resolution_level0,17.1875,240.0
6,15,landscape,landscape:duration_flicker_level2,landscape:dlss_rr_level2,RIGHT,landscape:dlss_rr_level2,landscape:duration_flicker_level2,3.0584,240.01
6,16,landscape,landscape:temporal-resolution-multiplexing_level2,landscape:stutter_level0,RIGHT,landscape:stutter_level0,landscape:temporal-resolution-multiplexing_level2,7.5875,240.0
6,17,marbles,marbles:temporal-resolution-multiplexing_level1,marbles:duration_flicker_level0,RIGHT,marbles:duration_flicker_level0,marbles:temporal-resolution-multiplexing_level1,23.2792,240.0
6,18,marbles,marbles:motion_resolution_level0,marbles:dlss_rr_level0,LEFT,marbles:motion_resolution_level0,marbles:dlss_rr_level0,7.7584,240.0
6,19,pink_room,pink_room:noise_colors_level1,pink_room:judder_level0,RIGHT,pink_room:judder_level0,pink_room:noise_colors_level1,12.1088,239.99
6,20,marbles,marbles:duration_flicker_level2,marbles:dlss_rr_level2,RIGHT,marbles:dlss_rr_level2,marbles:duration_flicker_level2,9.246,240.0
6,21,attic,attic:dlss_rr_level0,attic:dlss_rr_level1,LEFT,attic:dlss_rr_level0,attic:dlss_rr_level1,19.2848,239.98
6,22,landscape,landscape:stutter_level0,landscape:noise_colors_level1,RIGHT,landscape:noise_colors_level1,landscape:stutter_level0,5.5834,240.0
6,23,pink_room,pink_room:motion_noise_level2,pink_room:motion_noise_level1,LEFT,pink_room:motion_noise_level2,pink_room:motion_noise_level1,15.8584,240.0
6,24,bistro_exterior,bistro_exterior:dlss_rr_level1,bistro_exterior:dlss_rr_level0,RIGHT,bistro_exterior:dlss_rr_level0,bistro_exterior:dlss_rr_level1,7.0217,239.97
6,25,bistro_exterior,bistro_exterior:duration_flicker_level2,bistro_exterior:motion_resolution_level0,LEFT,bistro_exterior:duration_flicker_level2,bistro_exterior:motion_resolution_level0,3.2671,239.97
6,26,pink_room,pink_room:restir_level2,pink_room:noise_colors_level1,RIGHT,pink_room:noise_colors_level1,pink_room:restir_level2,5.9584,240.0
6,27,landscape,landscape:duration_flicker_level1,landscape:noise_colors_level2,RIGHT,landscape:noise_colors_level2,landscape:duration_flicker_level1,3.025,240.01
6,28,bistro_interior,bistro_interior:restir_level1,bistro_interior:stutter_level2,RIGHT,bistro_interior:stutter_level2,bistro_interior:restir_level1,2.1125,240.01
6,29,attic,attic:judder_level2,attic:duration_flicker_level2,RIGHT,attic:duration_flicker_level2,attic:judder_level2,11.2625,240.0
6,30,marbles,marbles:motion_noise_level1,marbles:stutter_level1,RIGHT,marbles:stutter_level1,marbles:motion_noise_level1,10.8181,239.97
6,31,attic,attic:duration_flicker_level0,attic:dlss_rr_level0,LEFT,attic:duration_flicker_level0,attic:dlss_rr_level0,13.025,240.0
6,32,subway,subway:temporal-resolution-multiplexing_level1,subway:temporal-resolution-multiplexing_level2,LEFT,subway:temporal-resolution-multiplexing_level1,subway:temporal-resolution-multiplexing_level2,7.2084,240.0
6,33,landscape,landscape:noise_colors_level2,landscape:judder_level0,LEFT,landscape:noise_colors_level2,landscape:judder_level0,13.9209,240.0
6,34,pink_room,pink_room:stutter_level2,pink_room:noise_colors_level1,RIGHT,pink_room:noise_colors_level1,pink_room:stutter_level2,11.0625,240.0
6,35,marbles,marbles:duration_flicker_level0,marbles:restir_level2,LEFT,marbles:duration_flicker_level0,marbles:restir_level2,2.2417,240.0
6,36,subway,subway:motion_noise_level2,subway:motion_resolution_level1,LEFT,subway:motion_noise_level2,subway:motion_resolution_level1,7.3042,240.0
6,37,marbles,marbles:stutter_level0,marbles:dlss_rr_level1,LEFT,marbles:stutter_level0,marbles:dlss_rr_level1,10.6544,239.99
6,38,pink_room,pink_room:judder_level2,pink_room:dlss_rr_level0,LEFT,pink_room:judder_level2,pink_room:dlss_rr_level0,14.3765,239.98
6,39,subway,subway:duration_flicker_level0,subway:stutter_level2,LEFT,subway:duration_flicker_level0,subway:stutter_level2,4.9875,240.0
6,40,subway,subway:judder_level1,subway:temporal-resolution-multiplexing_level0,LEFT,subway:judder_level1,subway:temporal-resolution-multiplexing_level0,10.2,240.0
6,41,classroom,classroom:judder_level0,classroom:motion_resolution_level0,RIGHT,classroom:motion_resolution_level0,classroom:judder_level0,16.3844,239.99
6,42,pink_room,pink_room:duration_flicker_level0,pink_room:duration_flicker_level2,LEFT,pink_room:duration_flicker_level0,pink_room:duration_flicker_level2,2.0835,239.98
6,43,bistro_exterior,bistro_exterior:noise_colors_level1,bistro_exterior:duration_flicker_level0,LEFT,bistro_exterior:noise_colors_level1,bistro_exterior:duration_flicker_level0,8.8179,239.96
6,44,classroom,classroom:dlss_rr_level0,classroom:judder_level1,RIGHT,classroom:judder_level1,classroom:dlss_rr_level0,7.3884,239.97
6,45,attic,attic:temporal-resolution-multiplexing_level2,attic:noise_colors_level2,RIGHT,attic:noise_colors_level2,attic:temporal-resolution-multiplexing_level2,2.9336,239.98
6,46,landscape,landscape:temporal-resolution-multiplexing_level0,landscape:motion_noise_level2,LEFT,landscape:temporal-resolution-multiplexing_level0,landscape:motion_noise_level2,8.6125,240.0
6,47,zeroday,zeroday:duration_flicker_level0,zeroday:noise_colors_level1,RIGHT,zeroday:noise_colors_level1,zeroday:duration_flicker_level0,19.9345,239.99
6,48,bistro_exterior,bistro_exterior:duration_flicker_level1,bistro_exterior:restir_level1,RIGHT,bistro_exterior:restir_level1,bistro_exterior:duration_flicker_level1,5.025,240.0
6,49,landscape,landscape:motion_noise_level2,landscape:stutter_level0,LEFT,landscape:motion_noise_level2,landscape:stutter_level0,8.1459,240.0
6,50,landscape,landscape:noise_colors_level2,landscape:noise_colors_level1,RIGHT,landscape:noise_colors_level1,landscape:noise_colors_level2,4.075,240.0
6,51,subway,subway:stutter_level0,subway:motion_resolution_level0,LEFT,subway:stutter_level0,subway:motion_resolution_level0,7.3834,240.0
6,52,bistro_interior,bistro_interior:dlss_rr_level2,bistro_interior:restir_level2,LEFT,bistro_interior:dlss_rr_level2,bistro_interior:restir_level2,3.5255,239.97
6,53,marbles,marbles:stutter_level0,marbles:restir_level1,LEFT,marbles:stutter_level0,marbles:restir_level1,11.8682,239.97
6,54,marbles,marbles:motion_noise_level0,marbles:temporal-resolution-multiplexing_level0,LEFT,marbles:motion_noise_level0,marbles:temporal-resolution-multiplexing_level0,10.8171,239.99
6,55,bistro_exterior,bistro_exterior:motion_noise_level1,bistro_exterior:duration_flicker_level1,LEFT,bistro_exterior:motion_noise_level1,bistro_exterior:duration_flicker_level1,9.2052,239.97
6,56,classroom,classroom:restir_level2,classroom:temporal-resolution-multiplexing_level2,RIGHT,classroom:temporal-resolution-multiplexing_level2,classroom:restir_level2,3.7173,239.96
6,57,bistro_interior,bistro_interior:noise_colors_level1,bistro_interior:duration_flicker_level2,LEFT,bistro_interior:noise_colors_level1,bistro_interior:duration_flicker_level2,6.4334,240.0
6,58,subway,subway:stutter_level1,subway:judder_level0,LEFT,subway:stutter_level1,subway:judder_level0,3.0959,240.01
6,59,landscape,landscape:dlss_rr_level0,landscape:motion_noise_level1,RIGHT,landscape:motion_noise_level1,landscape:dlss_rr_level0,12.9667,240.0
6,60,landscape,landscape:temporal-resolution-multiplexing_level0,landscape:reference,RIGHT,landscape:reference,landscape:temporal-resolution-multiplexing_level0,10.1128,239.99
6,61,marbles,marbles:stutter_level0,marbles:dlss_rr_level0,LEFT,marbles:stutter_level0,marbles:dlss_rr_level0,7.1047,239.99
6,62,marbles,marbles:motion_resolution_level0,marbles:temporal-resolution-multiplexing_level2,LEFT,marbles:motion_resolution_level0,marbles:temporal-resolution-multiplexing_level2,8.3428,239.97
6,63,zeroday,zeroday:dlss_rr_level0,zeroday:noise_colors_level1,LEFT,zeroday:dlss_rr_level0,zeroday:noise_colors_level1,18.5792,240.0
6,64,attic,attic:noise_colors_level0,attic:motion_noise_level1,LEFT,attic:noise_colors_level0,attic:motion_noise_level1,9.2553,239.97
6,65,zeroday,zeroday:restir_level2,zeroday:dlss_rr_level2,RIGHT,zeroday:dlss_rr_level2,zeroday:restir_level2,1.6834,240.0
6,66,pink_room,pink_room:dlss_rr_level2,pink_room:duration_flicker_level1,LEFT,pink_room:dlss_rr_level2,pink_room:duration_flicker_level1,3.025,240.01
6,67,zeroday,zeroday:restir_level1,zeroday:dlss_rr_level1,RIGHT,zeroday:dlss_rr_level1,zeroday:restir_level1,3.5959,240.01
6,68,pink_room,pink_room:noise_colors_level1,pink_room:motion_noise_level0,RIGHT,pink_room:motion_noise_level0,pink_room:noise_colors_level1,4.4042,240.01
6,69,attic,attic:reference,attic:motion_noise_level1,RIGHT,attic:motion_noise_level1,attic:reference,14.2292,240.0
6,70,bistro_exterior,bistro_exterior:judder_level0,bistro_exterior:judder_level2,LEFT,bistro_exterior:judder_level0,bistro_exterior:judder_level2,4.1255,239.97
6,71,classroom,classroom:judder_level0,classroom:restir_level0,LEFT,classroom:judder_level0,classroom:restir_level0,11.9342,239.98
6,72,zeroday,zeroday:restir_level0,zeroday:stutter_level2,RIGHT,zeroday:stutter_level2,zeroday:restir_level0,10.2471,239.97
6,73,classroom,classroom:motion_noise_level1,classroom:temporal-resolution-multiplexing_level1,RIGHT,classroom:temporal-resolution-multiplexing_level1,classroom:motion_noise_level1,3.5256,239.96
6,74,classroom,classroom:motion_resolution_level0,classroom:motion_noise_level0,RIGHT,classroom:motion_noise_level0,classroom:motion_resolution_level0,13.8102,239.97
6,75,attic,attic:restir_level2,attic:restir_level1,RIGHT,attic:restir_level1,attic:restir_level2,10.4342,239.98
6,76,subway,subway:dlss_rr_level2,subway:dlss_rr_level1,RIGHT,subway:dlss_rr_level1,subway:dlss_rr_level2,11.8084,240.0
6,77,bistro_exterior,bistro_exterior:motion_resolution_level1,bistro_exterior:restir_level2,RIGHT,bistro_exterior:restir_level2,bistro_exterior:motion_resolution_level1,4.175,240.0
6,78,zeroday,zeroday:stutter_level0,zeroday:reference,LEFT,zeroday:stutter_level0,zeroday:reference,9.7125,240.0
6,79,landscape,landscape:judder_level0,landscape:judder_level2,LEFT,landscape:judder_level0,landscape:judder_level2,3.9334,240.01
6,80,attic,attic:restir_level2,attic:noise_colors_level2,RIGHT,attic:noise_colors_level2,attic:restir_level2,5.9216,239.97
6,81,classroom,classroom:stutter_level2,classroom:temporal-resolution-multiplexing_level2,RIGHT,classroom:temporal-resolution-multiplexing_level2,classroom:stutter_level2,6.9093,239.96
6,82,subway,subway:motion_resolution_level2,subway:temporal-resolution-multiplexing_level2,RIGHT,subway:temporal-resolution-multiplexing_level2,subway:motion_resolution_level2,7.0547,239.98
6,83,classroom,classroom:motion_noise_level2,classroom:temporal-resolution-multiplexing_level1,RIGHT,classroom:temporal-resolution-multiplexing_level1,classroom:motion_noise_level2,6.0802,239.96
6,84,zeroday,zeroday:noise_colors_level2,zeroday:temporal-resolution-multiplexing_level1,LEFT,zeroday:noise_colors_level2,zeroday:temporal-resolution-multiplexing_level1,19.5709,240.0
6,85,bistro_interior,bistro_interior:stutter_level1,bistro_interior:motion_noise_level1,RIGHT,bistro_interior:motion_noise_level1,bistro_interior:stutter_level1,7.0459,240.0
6,86,landscape,landscape:dlss_rr_level2,landscape:noise_colors_level2,RIGHT,landscape:noise_colors_level2,landscape:dlss_rr_level2,3.7338,239.97
6,87,subway,subway:temporal-resolution-multiplexing_level2,subway:restir_level2,LEFT,subway:temporal-resolution-multiplexing_level2,subway:restir_level2,2.9542,240.0
6,88,zeroday,zeroday:motion_noise_level1,zeroday:duration_flicker_level0,LEFT,zeroday:motion_noise_level1,zeroday:duration_flicker_level0,13.2008,239.99
6,89,zeroday,zeroday:temporal-resolution-multiplexing_level2,zeroday:motion_resolution_level1,LEFT,zeroday:temporal-resolution-multiplexing_level2,zeroday:motion_resolution_level1,7.9876,240.0
6,90,pink_room,pink_room:reference,pink_room:judder_level1,LEFT,pink_room:reference,pink_room:judder_level1,13.781,239.97
6,91,bistro_interior,bistro_interior:judder_level0,bistro_interior:temporal-resolution-multiplexing_level1,LEFT,bistro_interior:judder_level0,bistro_interior:temporal-resolution-multiplexing_level1,2.3792,240.01
6,92,classroom,classroom:restir_level0,classroom:stutter_level1,RIGHT,classroom:stutter_level1,classroom:restir_level0,12.5417,240.0
6,93,bistro_exterior,bistro_exterior:judder_level2,bistro_exterior:judder_level1,RIGHT,bistro_exterior:judder_level1,bistro_exterior:judder_level2,3.1542,240.01
6,94,zeroday,zeroday:judder_level0,zeroday:stutter_level1,RIGHT,zeroday:stutter_level1,zeroday:judder_level0,8.5423,239.98
6,95,marbles,marbles:motion_resolution_level0,marbles:duration_flicker_level1,RIGHT,marbles:duration_flicker_level1,marbles:motion_resolution_level0,6.517,239.99
6,96,bistro_interior,bistro_interior:temporal-resolution-multiplexing_level1,bistro_interior:stutter_level0,RIGHT,bistro_interior:stutter_level0,bistro_interior:temporal-resolution-multiplexing_level1,6.4292,240.0
6,97,bistro_exterior,bistro_exterior:temporal-resolution-multiplexing_level1,bistro_exterior:stutter_level2,LEFT,bistro_exterior:temporal-resolution-multiplexing_level1,bistro_exterior:stutter_level2,3.3461,239.99
6,98,bistro_exterior,bistro_exterior:judder_level2,bistro_exterior:temporal-resolution-multiplexing_level1,RIGHT,bistro_exterior:temporal-resolution-multiplexing_level1,bistro_exterior:judder_level2,3.4375,240.0
6,99,pink_room,pink_room:temporal-resolution-multiplexing_level1,pink_room:motion_resolution_level0,RIGHT,pink_room:motion_resolution_level0,pink_room:temporal-resolution-multiplexing_level1,10.147,239.98
6,100,subway,subway:noise_colors_level2,subway:motion_noise_level1,LEFT,subway:noise_colors_level2,subway:motion_noise_level1,6.925,240.0
6,101,zeroday,zeroday:motion_resolution_level2,zeroday:motion_resolution_level1,RIGHT,zeroday:motion_resolution_level1,zeroday:motion_resolution_level2,7.8341,239.98
6,102,landscape,landscape:duration_flicker_level0,landscape:motion_resolution_level0,RIGHT,landscape:motion_resolution_level0,landscape:duration_flicker_level0,3.7,239.99
6,103,bistro_interior,bistro_interior:noise_colors_level2,bistro_interior:dlss_rr_level2,LEFT,bistro_interior:noise_colors_level2,bistro_interior:dlss_rr_level2,2.1626,240.0
6,104,pink_room,pink_room:restir_level1,pink_room:temporal-resolution-multiplexing_level1,RIGHT,pink_room:temporal-resolution-multiplexing_level1,pink_room:restir_level1,4.4084,240.0
6,105,bistro_interior,bistro_interior:duration_flicker_level1,bistro_interior:noise_colors_level0,RIGHT,bistro_interior:noise_colors_level0,bistro_interior:duration_flicker_level1,2.0084,240.01
6,106,pink_room,pink_room:restir_level1,pink_room:stutter_level2,RIGHT,pink_room:stutter_level2,pink_room:restir_level1,3.7417,240.01
6,107,pink_room,pink_room:judder_level2,pink_room:noise_colors_level2,RIGHT,pink_room:noise_colors_level2,pink_room:judder_level2,5.0046,239.98
6,108,attic,attic:duration_flicker_level1,attic:judder_level1,RIGHT,attic:judder_level1,attic:duration_flicker_level1,6.9834,240.0
6,109,marbles,marbles:stutter_level0,marbles:judder_level0,RIGHT,marbles:judder_level0,marbles:stutter_level0,7.2668,240.0
6,110,pink_room,pink_room:dlss_rr_level2,pink_room:dlss_rr_level1,RIGHT,pink_room:dlss_rr_level1,pink_room:dlss_rr_level2,13.4879,240.0
6,111,bistro_interior,bistro_interior:dlss_rr_level0,bistro_interior:motion_noise_level1,RIGHT,bistro_interior:motion_noise_level1,bistro_interior:dlss_rr_level0,1.6917,240.0
6,112,landscape,landscape:duration_flicker_level0,landscape:stutter_level2,LEFT,landscape:duration_flicker_level0,landscape:stutter_level2,3.7417,240.01
6,113,classroom,classroom:noise_colors_level2,classroom:motion_resolution_level2,LEFT,classroom:noise_colors_level2,classroom:motion_resolution_level2,4.0381,239.97
6,114,pink_room,pink_room:motion_noise_level1,pink_room:restir_level0,LEFT,pink_room:motion_noise_level1,pink_room:restir_level0,8.7292,240.0
6,115,landscape,landscape:duration_flicker_level2,landscape:motion_resolution_level2,RIGHT,landscape:motion_resolution_level2,landscape:duration_flicker_level2,7.0667,240.0
6,116,subway,subway:dlss_rr_level2,subway:motion_resolution_level1,LEFT,subway:dlss_rr_level2,subway:motion_resolution_level1,6.4667,240.01
6,117,bistro_exterior,bistro_exterior:motion_resolution_level0,bistro_exterior:dlss_rr_level2,LEFT,bistro_exterior:motion_resolution_level0,bistro_exterior:dlss_rr_level2,7.0587,239.99
6,118,subway,subway:stutter_level1,subway:stutter_level2,LEFT,subway:stutter_level1,subway:stutter_level2,6.8384,239.97
6,119,bistro_exterior,bistro_exterior:stutter_level0,bistro_exterior:motion_noise_level0,RIGHT,bistro_exterior:motion_noise_level0,bistro_exterior:stutter_level0,4.6966,239.97
6,120,classroom,classroom:stutter_level2,classroom:duration_flicker_level1,LEFT,classroom:stutter_level2,classroom:duration_flicker_level1,2.217,239.97
6,121,marbles,marbles:motion_resolution_level1,marbles:restir_level2,RIGHT,marbles:restir_level2,marbles:motion_resolution_level1,11.4058,239.97
6,122,zeroday,zeroday:stutter_level1,zeroday:judder_level2,LEFT,zeroday:stutter_level1,zeroday:judder_level2,5.5792,240.0
6,123,zeroday,zeroday:dlss_rr_level0,zeroday:restir_level1,LEFT,zeroday:dlss_rr_level0,zeroday:restir_level1,5.1167,240.0
6,124,bistro_exterior,bistro_exterior:dlss_rr_level0,bistro_exterior:stutter_level2,LEFT,bistro_exterior:dlss_rr_level0,bistro_exterior:stutter_level2,6.3875,240.01
6,125,bistro_interior,bistro_interior:temporal-resolution-multiplexing_level2,bistro_interior:dlss_rr_level2,LEFT,bistro_interior:temporal-resolution-multiplexing_level2,bistro_interior:dlss_rr_level2,2.4043,240.01
6,126,marbles,marbles:judder_level1,marbles:restir_level0,LEFT,marbles:judder_level1,marbles:restir_level0,6.8,240.0
6,127,classroom,classroom:noise_colors_level0,classroom:restir_level0,RIGHT,classroom:restir_level0,classroom:noise_colors_level0,11.9349,239.97
6,128,marbles,marbles:stutter_level2,marbles:motion_noise_level2,LEFT,marbles:stutter_level2,marbles:motion_noise_level2,4.0631,239.96
6,129,classroom,classroom:restir_level0,classroom:temporal-resolution-multiplexing_level0,LEFT,classroom:restir_level0,classroom:temporal-resolution-multiplexing_level0,3.8213,239.97
6,130,marbles,marbles:noise_colors_level0,marbles:temporal-resolution-multiplexing_level0,LEFT,marbles:noise_colors_level0,marbles:temporal-resolution-multiplexing_level0,6.8959,240.0
6,131,subway,subway:temporal-resolution-multiplexing_level2,subway:motion_noise_level2,LEFT,subway:temporal-resolution-multiplexing_level2,subway:motion_noise_level2,2.5251,240.01
6,132,zeroday,zeroday:judder_level2,zeroday:stutter_level0,LEFT,zeroday:judder_level2,zeroday:stutter_level0,15.0042,240.0
6,133,zeroday,zeroday:restir_level1,zeroday:noise_colors_level2,RIGHT,zeroday:noise_colors_level2,zeroday:restir_level1,3.6959,240.0
6,134,subway,subway:stutter_level0,subway:stutter_level1,LEFT,subway:stutter_level0,subway:stutter_level1,7.9959,240.0
6,135,landscape,landscape:restir_level0,landscape:noise_colors_level0,LEFT,landscape:restir_level0,landscape:noise_colors_level0,5.1334,240.01
6,136,marbles,marbles:stutter_level0,marbles:stutter_level1,LEFT,marbles:stutter_level0,marbles:stutter_level1,5.7465,239.97
6,137,marbles,marbles:noise_colors_level2,marbles:temporal-resolution-multiplexing_level2,LEFT,marbles:noise_colors_level2,marbles:temporal-resolution-multiplexing_level2,3.2213,239.97
6,138,subway,subway:duration_flicker_level1,subway:stutter_level1,RIGHT,subway:stutter_level1,subway:duration_flicker_level1,8.9875,240.0
6,139,landscape,landscape:judder_level1,landscape:dlss_rr_level0,LEFT,landscape:judder_level1,landscape:dlss_rr_level0,9.8799,239.98
6,140,landscape,landscape:stutter_level0,landscape:stutter_level1,LEFT,landscape:stutter_level0,landscape:stutter_level1,4.9835,239.99
6,141,pink_room,pink_room:temporal-resolution-multiplexing_level0,pink_room:reference,LEFT,pink_room:temporal-resolution-multiplexing_level0,pink_room:reference,8.7167,240.0
6,142,bistro_exterior,bistro_exterior:stutter_level1,bistro_exterior:duration_flicker_level1,RIGHT,bistro_exterior:duration_flicker_level1,bistro_exterior:stutter_level1,8.3709,240.0
6,143,zeroday,zeroday:temporal-resolution-multiplexing_level0,zeroday:stutter_level1,LEFT,zeroday:temporal-resolution-multiplexing_level0,zeroday:stutter_level1,9.8836,239.99
6,144,landscape,landscape:motion_noise_level2,landscape:restir_level0,LEFT,landscape:motion_noise_level2,landscape:restir_level0,18.1562,239.97
6,145,zeroday,zeroday:noise_colors_level1,zeroday:motion_noise_level2,LEFT,zeroday:noise_colors_level1,zeroday:motion_noise_level2,9.3417,240.0
6,146,landscape,landscape:dlss_rr_level0,landscape:restir_level2,RIGHT,landscape:restir_level2,landscape:dlss_rr_level0,7.0346,240.03
6,147,marbles,marbles:motion_noise_level0,marbles:stutter_level1,LEFT,marbles:motion_noise_level0,marbles:stutter_level1,3.7959,240.01
6,148,bistro_exterior,bistro_exterior:temporal-resolution-multiplexing_level2,bistro_exterior:motion_resolution_level0,LEFT,bistro_exterior:temporal-resolution-multiplexing_level2,bistro_exterior:motion_resolution_level0,7.401,239.97
6,149,landscape,landscape:dlss_rr_level1,landscape:noise_colors_level2,RIGHT,landscape:noise_colors_level2,landscape:dlss_rr_level1,7.9969,239.97
6,150,zeroday,zeroday:dlss_rr_level0,zeroday:stutter_level2,LEFT,zeroday:dlss_rr_level0,zeroday:stutter_level2,6.1875,240.0
6,151,pink_room,pink_room:motion_resolution_level1,pink_room:duration_flicker_level2,LEFT,pink_room:motion_resolution_level1,pink_room:duration_flicker_level2,4.6626,240.01
6,152,zeroday,zeroday:noise_colors_level0,zeroday:motion_noise_level0,LEFT,zeroday:noise_colors_level0,zeroday:motion_noise_level0,5.1251,240.0
6,153,landscape,landscape:noise_colors_level1,landscape:restir_level1,RIGHT,landscape:restir_level1,landscape:noise_colors_level1,7.7923,239.99
6,154,landscape,landscape:stutter_level0,landscape:judder_level1,RIGHT,landscape:judder_level1,landscape:stutter_level0,8.9917,240.0
6,155,attic,attic:noise_colors_level1,attic:judder_level1,LEFT,attic:noise_colors_level1,attic:judder_level1,7.375,240.0
6,156,bistro_interior,bistro_interior:motion_resolution_level2,bistro_interior:motion_resolution_level0,RIGHT,bistro_interior:motion_resolution_level0,bistro_interior:motion_resolution_level2,2.0209,240.01
6,157,marbles,marbles:motion_resolution_level2,marbles:restir_level2,RIGHT,marbles:restir_level2,marbles:motion_resolution_level2,3.175,240.01
6,158,marbles,marbles:temporal-resolution-multiplexing_level1,marbles:restir_level0,LEFT,marbles:temporal-resolution-multiplexing_level1,marbles:restir_level0,6.5716,239.97
6,159,bistro_exterior,bistro_exterior:motion_resolution_level0,bistro_exterior:motion_resolution_level1,LEFT,bistro_exterior:motion_resolution_level0,bistro_exterior:motion_resolution_level1,2.0338,239.96
6,160,marbles,marbles:dlss_rr_level2,marbles:restir_level2,LEFT,marbles:dlss_rr_level2,marbles:restir_level2,2.6338,239.96
6,161,bistro_exterior,bistro_exterior:duration_flicker_level0,bistro_exterior:motion_noise_level0,LEFT,bistro_exterior:duration_flicker_level0,bistro_exterior:motion_noise_level0,2.4417,240.01
6,162,zeroday,zeroday:judder_level1,zeroday:noise_colors_level2,LEFT,zeroday:judder_level1,zeroday:noise_colors_level2,7.125,240.0
6,163,pink_room,pink_room:temporal-resolution-multiplexing_level2,pink_room:duration_flicker_level2,LEFT,pink_room:temporal-resolution-multiplexing_level2,pink_room:duration_flicker_level2,2.0334,240.01
6,164,marbles,marbles:noise_colors_level1,marbles:temporal-resolution-multiplexing_level1,RIGHT,marbles:temporal-resolution-multiplexing_level1,marbles:noise_colors_level1,5.7459,240.0
6,165,pink_room,pink_room:dlss_rr_level2,pink_room:motion_resolution_level2,LEFT,pink_room:dlss_rr_level2,pink_room:motion_resolution_level2,6.5959,240.01
6,166,bistro_exterior,bistro_exterior:temporal-resolution-multiplexing_level1,bistro_exterior:stutter_level1,LEFT,bistro_exterior:temporal-resolution-multiplexing_level1,bistro_exterior:stutter_level1,4.7625,240.0
6,167,zeroday,zeroday:duration_flicker_level1,zeroday:temporal-resolution-multiplexing_level2,LEFT,zeroday:duration_flicker_level1,zeroday:temporal-resolution-multiplexing_level2,8.7292,240.0
6,168,subway,subway:noise_colors_level2,subway:judder_level2,LEFT,subway:noise_colors_level2,subway:judder_level2,3.1292,240.01
6,169,pink_room,pink_room:reference,pink_room:motion_noise_level1,LEFT,pink_room:reference,pink_room:motion_noise_level1,6.3,240.0
6,170,pink_room,pink_room:restir_level2,pink_room:noise_colors_level2,RIGHT,pink_room:noise_colors_level2,pink_room:restir_level2,2.6625,240.02
6,171,landscape,landscape:temporal-resolution-multiplexing_level0,landscape:motion_noise_level0,RIGHT,landscape:motion_noise_level0,landscape:temporal-resolution-multiplexing_level0,3.9959,240.0
6,172,bistro_interior,bistro_interior:duration_flicker_level0,bistro_interior:judder_level0,LEFT,bistro_interior:duration_flicker_level0,bistro_interior:judder_level0,3.2375,240.01
6,173,subway,subway:motion_noise_level1,subway:duration_flicker_level0,LEFT,subway:motion_noise_level1,subway:duration_flicker_level0,8.9209,240.0
6,174,bistro_exterior,bistro_exterior:motion_resolution_level0,bistro_exterior:motion_noise_level2,RIGHT,bistro_exterior:motion_noise_level2,bistro_exterior:motion_resolution_level0,6.2292,240.0
6,175,zeroday,zeroday:reference,zeroday:noise_colors_level0,LEFT,zeroday:reference,zeroday:noise_colors_level0,4.1375,240.01
6,176,bistro_exterior,bistro_exterior:noise_colors_level0,bistro_exterior:stutter_level1,LEFT,bistro_exterior:noise_colors_level0,bistro_exterior:stutter_level1,3.7625,240.01
6,177,zeroday,zeroday:stutter_level2,zeroday:judder_level0,RIGHT,zeroday:judder_level0,zeroday:stutter_level2,5.5417,240.0
6,178,zeroday,zeroday:restir_level2,zeroday:duration_flicker_level1,RIGHT,zeroday:duration_flicker_level1,zeroday:restir_level2,3.1834,240.01
6,179,classroom,classroom:reference,classroom:restir_level0,RIGHT,classroom:restir_level0,classroom:reference,7.6334,240.0
6,180,landscape,landscape:noise_colors_level1,landscape:temporal-resolution-multiplexing_level1,LEFT,landscape:noise_colors_level1,landscape:temporal-resolution-multiplexing_level1,3.6,240.01
6,181,bistro_interior,bistro_interior:noise_colors_level2,bistro_interior:restir_level0,LEFT,bistro_interior:noise_colors_level2,bistro_interior:restir_level0,1.7293,239.98
6,182,classroom,classroom:temporal-resolution-multiplexing_level1,classroom:restir_level1,LEFT,classroom:temporal-resolution-multiplexing_level1,classroom:restir_level1,4.1671,239.97
6,183,landscape,landscape:noise_colors_level2,landscape:duration_flicker_level0,LEFT,landscape:noise_colors_level2,landscape:duration_flicker_level0,3.8375,240.0
6,184,bistro_interior,bistro_interior:judder_level0,bistro_interior:judder_level1,LEFT,bistro_interior:judder_level0,bistro_interior:judder_level1,2.2917,240.0
6,185,landscape,landscape:stutter_level2,landscape:motion_resolution_level1,LEFT,landscape:stutter_level2,landscape:motion_resolution_level1,3.7959,240.0
6,186,subway,subway:stutter_level1,subway:noise_colors_level1,LEFT,subway:stutter_level1,subway:noise_colors_level1,2.9376,240.01
6,187,classroom,classroom:stutter_level1,classroom:stutter_level0,LEFT,classroom:stutter_level1,classroom:stutter_level0,7.5884,239.97
6,188,pink_room,pink_room:dlss_rr_level1,pink_room:dlss_rr_level0,RIGHT,pink_room:dlss_rr_level0,pink_room:dlss_rr_level1,9.3709,240.0
6,189,attic,attic:temporal-resolution-multiplexing_level2,attic:dlss_rr_level2,RIGHT,attic:dlss_rr_level2,attic:temporal-resolution-multiplexing_level2,7.7,240.0
6,190,bistro_interior,bistro_interior:duration_flicker_level2,bistro_interior:temporal-resolution-multiplexing_level0,RIGHT,bistro_interior:temporal-resolution-multiplexing_level0,bistro_interior:duration_flicker_level2,3.6005,239.97
6,191,pink_room,pink_room:motion_resolution_level1,pink_room:dlss_rr_level1,RIGHT,pink_room:dlss_rr_level1,pink_room:motion_resolution_level1,7.3167,240.0
6,192,attic,attic:motion_resolution_level1,attic:restir_level2,LEFT,attic:motion_resolution_level1,attic:restir_level2,3.0959,240.01
6,193,bistro_interior,bistro_interior:motion_noise_level0,bistro_interior:duration_flicker_level2,LEFT,bistro_interior:motion_noise_level0,bistro_interior:duration_flicker_level2,6.5218,239.97
6,194,zeroday,zeroday:duration_flicker_level2,zeroday:temporal-resolution-multiplexing_level2,LEFT,zeroday:duration_flicker_level2,zeroday:temporal-resolution-multiplexing_level2,7.8714,239.98
6,195,bistro_interior,bistro_interior:dlss_rr_level1,bistro_interior:motion_noise_level2,RIGHT,bistro_interior:motion_noise_level2,bistro_interior:dlss_rr_level1,7.0459,240.0
6,196,bistro_exterior,bistro_exterior:motion_resolution_level0,bistro_exterior:stutter_level2,RIGHT,bistro_exterior:stutter_level2,bistro_exterior:motion_resolution_level0,7.7169,239.99
6,197,classroom,classroom:restir_level1,classroom:stutter_level2,LEFT,classroom:restir_level1,classroom:stutter_level2,7.872,239.96
6,198,bistro_interior,bistro_interior:dlss_rr_level1,bistro_interior:stutter_level2,RIGHT,bistro_interior:stutter_level2,bistro_interior:dlss_rr_level1,5.9883,239.97
6,199,classroom,classroom:dlss_rr_level1,classroom:restir_level0,RIGHT,classroom:restir_level0,classroom:dlss_rr_level1,7.9464,239.98
6,200,classroom,classroom:judder_level2,classroom:motion_noise_level0,RIGHT,classroom:motion_noise_level0,classroom:judder_level2,3.8752,239.99
6,201,pink_room,pink_room:reference,pink_room:stutter_level1,RIGHT,pink_room:stutter_level1,pink_room:reference,14.7167,240.0
6,202,bistro_interior,bistro_interior:restir_level0,bistro_interior:duration_flicker_level1,RIGHT,bistro_interior:duration_flicker_level1,bistro_interior:restir_level0,2.0838,239.95
6,203,bistro_exterior,bistro_exterior:stutter_level2,bistro_exterior:motion_resolution_level2,LEFT,bistro_exterior:stutter_level2,bistro_exterior:motion_resolution_level2,1.6711,239.97
6,204,attic,attic:judder_level0,attic:motion_noise_level2,LEFT,attic:judder_level0,attic:motion_noise_level2,5.8134,239.96
6,205,attic,attic:noise_colors_level1,attic:dlss_rr_level0,LEFT,attic:noise_colors_level1,attic:dlss_rr_level0,6.33,239.97
6,206,bistro_interior,bistro_interior:temporal-resolution-multiplexing_level0,bistro_interior:stutter_level1,LEFT,bistro_interior:temporal-resolution-multiplexing_level0,bistro_interior:stutter_level1,2.2667,240.0
6,207,zeroday,zeroday:dlss_rr_level0,zeroday:dlss_rr_level2,LEFT,zeroday:dlss_rr_level0,zeroday:dlss_rr_level2,5.1251,240.0
6,208,bistro_interior,bistro_interior:motion_resolution_level1,bistro_interior:dlss_rr_level2,RIGHT,bistro_interior:dlss_rr_level2,bistro_interior:motion_resolution_level1,3.1713,239.98
6,209,classroom,classroom:noise_colors_level1,classroom:stutter_level2,RIGHT,classroom:stutter_level2,classroom:noise_colors_level1,3.8921,239.97
6,210,classroom,classroom:duration_flicker_level2,classroom:motion_noise_level2,RIGHT,classroom:motion_noise_level2,classroom:duration_flicker_level2,2.75,240.01
6,211,attic,attic:duration_flicker_level0,attic:motion_noise_level0,RIGHT,attic:motion_noise_level0,attic:duration_flicker_level0,6.9125,240.0
6,212,attic,attic:duration_flicker_level2,attic:stutter_level2,RIGHT,attic:stutter_level2,attic:duration_flicker_level2,2.7709,240.01
6,213,classroom,classroom:duration_flicker_level1,classroom:motion_resolution_level1,LEFT,classroom:duration_flicker_level1,classroom:motion_resolution_level1,6.7467,239.97
6,214,bistro_exterior,bistro_exterior:duration_flicker_level0,bistro_exterior:restir_level0,LEFT,bistro_exterior:duration_flicker_level0,bistro_exterior:restir_level0,3.4046,239.96
6,215,classroom,classroom:motion_resolution_level1,classroom:noise_colors_level2,RIGHT,classroom:noise_colors_level2,classroom:motion_resolution_level1,2.3297,239.95
6,216,bistro_exterior,bistro_exterior:reference,bistro_exterior:temporal-resolution-multiplexing_level0,RIGHT,bistro_exterior:temporal-resolution-multiplexing_level0,bistro_exterior:reference,7.6459,240.0
6,217,pink_room,pink_room:noise_colors_level0,pink_room:stutter_level2,LEFT,pink_room:noise_colors_level0,pink_room:stutter_level2,7.9334,240.0
6,218,bistro_interior,bistro_interior:judder_level1,bistro_interior:motion_noise_level1,LEFT,bistro_interior:judder_level1,bistro_interior:motion_noise_level1,1.5542,240.01
6,219,attic,attic:motion_resolution_level1,attic:motion_resolution_level2,LEFT,attic:motion_resolution_level1,attic:motion_resolution_level2,3.7,240.01
6,220,attic,attic:motion_resolution_level1,attic:dlss_rr_level0,RIGHT,attic:dlss_rr_level0,attic:motion_resolution_level1,1.5834,240.01
6,221,subway,subway:restir_level0,subway:motion_noise_level2,RIGHT,subway:motion_noise_level2,subway:restir_level0,3.5042,240.01
6,222,attic,attic:dlss_rr_level2,attic:temporal-resolution-multiplexing_level1,RIGHT,attic:temporal-resolution-multiplexing_level1,attic:dlss_rr_level2,5.8087,239.98
6,223,attic,attic:duration_flicker_level0,attic:stutter_level1,RIGHT,attic:stutter_level1,attic:duration_flicker_level0,3.5838,239.97
6,224,bistro_interior,bistro_interior:duration_flicker_level1,bistro_interior:judder_level2,LEFT,bistro_interior:duration_flicker_level1,bistro_interior:judder_level2,1.4918,239.98
6,225,attic,attic:temporal-resolution-multiplexing_level0,attic:motion_noise_level2,LEFT,attic:temporal-resolution-multiplexing_level0,attic:motion_noise_level2,5.1005,239.98
6,226,classroom,classroom:dlss_rr_level2,classroom:stutter_level2,LEFT,classroom:dlss_rr_level2,classroom:stutter_level2,2.2753,239.98
6,227,attic,attic:restir_level0,attic:restir_level2,LEFT,attic:restir_level0,attic:restir_level2,1.2669,239.96
6,228,attic,attic:motion_resolution_level0,attic:dlss_rr_level0,RIGHT,attic:dlss_rr_level0,attic:motion_resolution_level0,3.3334,240.01
6,229,classroom,classroom:duration_flicker_level0,classroom:temporal-resolution-multiplexing_level2,LEFT,classroom:duration_flicker_level0,classroom:temporal-resolution-multiplexing_level2,7.2584,240.0
6,230,subway,subway:judder_level1,subway:stutter_level1,LEFT,subway:judder_level1,subway:stutter_level1,2.7917,240.01
6,231,attic,attic:motion_noise_level2,attic:stutter_level1,RIGHT,attic:stutter_level1,attic:motion_noise_level2,5.0084,240.01
6,232,attic,attic:stutter_level0,attic:duration_flicker_level0,LEFT,attic:stutter_level0,attic:duration_flicker_level0,4.7875,240.01
6,233,classroom,classroom:judder_level2,classroom:stutter_level2,LEFT,classroom:judder_level2,classroom:stutter_level2,4.1341,239.96
6,234,classroom,classroom:stutter_level2,classroom:dlss_rr_level0,RIGHT,classroom:dlss_rr_level0,classroom:stutter_level2,1.367,239.95
6,235,bistro_exterior,bistro_exterior:stutter_level1,bistro_exterior:duration_flicker_level0,RIGHT,bistro_exterior:duration_flicker_level0,bistro_exterior:stutter_level1,6.675,240.0
6,236,subway,subway:duration_flicker_level0,subway:duration_flicker_level2,LEFT,subway:duration_flicker_level0,subway:duration_flicker_level2,6.7084,240.0
6,237,subway,subway:stutter_level2,subway:noise_colors_level0,LEFT,subway:stutter_level2,subway:noise_colors_level0,3.1625,240.01
6,238,attic,attic:motion_noise_level1,attic:temporal-resolution-multiplexing_level0,RIGHT,attic:temporal-resolution-multiplexing_level0,attic:motion_noise_level1,3.0709,239.99
6,239,attic,attic:judder_level2,attic:motion_noise_level2,LEFT,attic:judder_level2,attic:motion_noise_level2,3.6084,240.0
6,240,subway,subway:motion_noise_level0,subway:dlss_rr_level1,LEFT,subway:motion_noise_level0,subway:dlss_rr_level1,2.3625,240.01
6,241,subway,subway:noise_colors_level1,subway:reference,RIGHT,subway:reference,subway:noise_colors_level1,6.3959,240.0
6,242,bistro_exterior,bistro_exterior:motion_resolution_level1,bistro_exterior:noise_colors_level2,RIGHT,bistro_exterior:noise_colors_level2,bistro_exterior:motion_resolution_level1,1.1919,239.94
6,243,subway,subway:temporal-resolution-multiplexing_level2,subway:restir_level1,LEFT,subway:temporal-resolution-multiplexing_level2,subway:restir_level1,1.2,240.03
8,1,landscape,landscape:motion_resolution_level2,landscape:duration_flicker_level1,LEFT,landscape:motion_resolution_level2,landscape:duration_flicker_level1,7.2138,240.03
8,2,marbles,marbles:duration_flicker_level0,marbles:noise_colors_level1,RIGHT,marbles:noise_colors_level1,marbles:duration_flicker_level0,3.1292,240.01
8,3,attic,attic:dlss_rr_level0,attic:duration_flicker_level1,LEFT,attic:dlss_rr_level0,attic:duration_flicker_level1,3.0376,240.0
8,4,marbles,marbles:duration_flicker_level0,marbles:motion_resolution_level0,RIGHT,marbles:motion_resolution_level0,marbles:duration_flicker_level0,2.3713,239.97
8,5,landscape,landscape:noise_colors_level2,landscape:motion_resolution_level0,LEFT,landscape:noise_colors_level2,landscape:motion_resolution_level0,5.3126,240.0
8,6,subway,subway:judder_level2,subway:duration_flicker_level1,LEFT,subway:judder_level2,subway:duration_flicker_level1,4.5668,240.0
8,7,zeroday,zeroday:noise_colors_level2,zeroday:judder_level2,LEFT,zeroday:noise_colors_level2,zeroday:judder_level2,8.1376,240.0
8,8,marbles,marbles:judder_level0,marbles:judder_level1,RIGHT,marbles:judder_level1,marbles:judder_level0,3.7626,240.0
8,9,bistro_interior,bistro_interior:judder_level0,bistro_interior:duration_flicker_level2,LEFT,bistro_interior:judder_level0,bistro_interior:duration_flicker_level2,4.0793,240.0
8,10,landscape,landscape:motion_resolution_level1,landscape:motion_resolution_level0,RIGHT,landscape:motion_resolution_level0,landscape:motion_resolution_level1,3.7042,240.01
8,11,subway,subway:motion_noise_level1,subway:motion_noise_level2,LEFT,subway:motion_noise_level1,subway:motion_noise_level2,1.1751,240.0
8,12,landscape,landscape:motion_resolution_level0,landscape:restir_level2,RIGHT,landscape:restir_level2,landscape:motion_resolution_level0,7.8959,240.0
8,13,classroom,classroom:motion_noise_level0,classroom:judder_level1,RIGHT,classroom:judder_level1,classroom:motion_noise_level0,7.7051,239.98
8,14,subway,subway:judder_level2,subway:motion_resolution_level0,LEFT,subway:judder_level2,subway:motion_resolution_level0,8.875,240.0
8,15,subway,subway:restir_level0,subway:motion_noise_level1,RIGHT,subway:motion_noise_level1,subway:restir_level0,1.2209,240.02
8,16,attic,attic:dlss_rr_level1,attic:judder_level2,RIGHT,attic:judder_level2,attic:dlss_rr_level1,7.4542,240.0
8,17,classroom,classroom:dlss_rr_level1,classroom:noise_colors_level1,LEFT,classroom:dlss_rr_level1,classroom:noise_colors_level1,2.7045,239.97
8,18,pink_room,pink_room:temporal-resolution-multiplexing_level0,pink_room:noise_colors_level0,LEFT,pink_room:temporal-resolution-multiplexing_level0,pink_room:noise_colors_level0,9.1125,240.0
8,19,classroom,classroom:motion_resolution_level0,classroom:noise_colors_level1,LEFT,classroom:motion_resolution_level0,classroom:noise_colors_level1,2.0503,239.98
8,20,zeroday,zeroday:duration_flicker_level1,zeroday:noise_colors_level1,RIGHT,zeroday:noise_colors_level1,zeroday:duration_flicker_level1,9.0418,240.0
8,21,pink_room,pink_room:motion_resolution_level2,pink_room:motion_resolution_level1,RIGHT,pink_room:motion_resolution_level1,pink_room:motion_resolution_level2,2.6042,240.01
8,22,pink_room,pink_room:stutter_level1,pink_room:temporal-resolution-multiplexing_level0,RIGHT,pink_room:temporal-resolution-multiplexing_level0,pink_room:stutter_level1,5.1375,240.0
8,23,subway,subway:dlss_rr_level0,subway:temporal-resolution-multiplexing_level0,RIGHT,subway:temporal-resolution-multiplexing_level0,subway:dlss_rr_level0,7.225,240.0
8,24,attic,attic:temporal-resolution-multiplexing_level2,attic:motion_resolution_level2,RIGHT,attic:motion_resolution_level2,attic:temporal-resolution-multiplexing_level2,1.9044,239.97
8,25,zeroday,zeroday:temporal-resolution-multiplexing_level1,zeroday:noise_colors_level1,RIGHT,zeroday:noise_colors_level1,zeroday:temporal-resolution-multiplexing_level1,9.6709,240.0
8,26,bistro_exterior,bistro_exterior:motion_noise_level0,bistro_exterior:duration_flicker_level1,LEFT,bistro_exterior:motion_noise_level0,bistro_exterior:duration_flicker_level1,3.9418,240.0
8,27,bistro_exterior,bistro_exterior:motion_noise_level2,bistro_exterior:duration_flicker_level1,LEFT,bistro_exterior:motion_noise_level2,bistro_exterior:duration_flicker_level1,2.5585,240.0
8,28,classroom,classroom:judder_level1,classroom:judder_level0,LEFT,classroom:judder_level1,classroom:judder_level0,8.2095,239.97
8,29,attic,attic:temporal-resolution-multiplexing_level1,attic:dlss_rr_level2,LEFT,attic:temporal-resolution-multiplexing_level1,attic:dlss_rr_level2,3.1547,239.96
8,30,pink_room,pink_room:judder_level2,pink_room:dlss_rr_level0,LEFT,pink_room:judder_level2,pink_room:dlss_rr_level0,6.5584,240.0
8,31,zeroday,zeroday:judder_level0,zeroday:stutter_level0,LEFT,zeroday:judder_level0,zeroday:stutter_level0,4.375,240.01
8,32,zeroday,zeroday:motion_noise_level2,zeroday:restir_level1,LEFT,zeroday:motion_noise_level2,zeroday:restir_level1,3.1792,240.01
8,33,marbles,marbles:judder_level1,marbles:reference,LEFT,marbles:judder_level1,marbles:reference,10.1926,239.98
8,34,landscape,landscape:restir_level1,landscape:motion_noise_level2,RIGHT,landscape:motion_noise_level2,landscape:restir_level1,5.2709,240.0
8,35,marbles,marbles:noise_colors_level2,marbles:restir_level2,RIGHT,marbles:restir_level2,marbles:noise_colors_level2,2.6792,240.0
8,36,bistro_interior,bistro_interior:noise_colors_level1,bistro_interior:reference,RIGHT,bistro_interior:reference,bistro_interior:noise_colors_level1,3.475,240.0
8,37,marbles,marbles:dlss_rr_level0,marbles:motion_noise_level0,RIGHT,marbles:motion_noise_level0,marbles:dlss_rr_level0,8.4385,239.97
8,38,pink_room,pink_room:noise_colors_level2,pink_room:motion_noise_level2,RIGHT,pink_room:motion_noise_level2,pink_room:noise_colors_level2,3.275,240.01
8,39,classroom,classroom:motion_noise_level0,classroom:motion_noise_level1,RIGHT,classroom:motion_noise_level1,classroom:motion_noise_level0,11.6431,239.97
8,40,pink_room,pink_room:dlss_rr_level1,pink_room:restir_level2,LEFT,pink_room:dlss_rr_level1,pink_room:restir_level2,2.25,240.01
8,41,marbles,marbles:dlss_rr_level0,marbles:motion_noise_level1,RIGHT,marbles:motion_noise_level1,marbles:dlss_rr_level0,4.4006,239.98
8,42,subway,subway:stutter_level1,subway:motion_noise_level0,RIGHT,subway:motion_noise_level0,subway:stutter_level1,9.6209,240.0
8,43,subway,subway:motion_noise_level2,subway:dlss_rr_level2,RIGHT,subway:dlss_rr_level2,subway:motion_noise_level2,5.0917,240.01
8,44,landscape,landscape:motion_noise_level1,landscape:reference,RIGHT,landscape:reference,landscape:motion_noise_level1,7.1834,240.0
8,45,pink_room,pink_room:judder_level2,pink_room:temporal-resolution-multiplexing_level1,RIGHT,pink_room:temporal-resolution-multiplexing_level1,pink_room:judder_level2,6.1667,240.0
8,46,bistro_interior,bistro_interior:duration_flicker_level2,bistro_interior:stutter_level1,RIGHT,bistro_interior:stutter_level1,bistro_interior:duration_flicker_level2,4.838,239.97
8,47,subway,subway:dlss_rr_level1,subway:duration_flicker_level2,LEFT,subway:dlss_rr_level1,subway:duration_flicker_level2,6.9876,240.0
8,48,marbles,marbles:duration_flicker_level0,marbles:duration_flicker_level2,RIGHT,marbles:duration_flicker_level2,marbles:duration_flicker_level0,3.0338,239.97
8,49,landscape,landscape:judder_level1,landscape:temporal-resolution-multiplexing_level0,RIGHT,landscape:temporal-resolution-multiplexing_level0,landscape:judder_level1,9.7,240.0
8,50,classroom,classroom:temporal-resolution-multiplexing_level2,classroom:duration_flicker_level2,LEFT,classroom:temporal-resolution-multiplexing_level2,classroom:duration_flicker_level2,7.4922,239.99
8,51,landscape,landscape:judder_level2,landscape:motion_resolution_level0,RIGHT,landscape:motion_resolution_level0,landscape:judder_level2,9.5084,240.0
8,52,classroom,classroom:temporal-resolution-multiplexing_level1,classroom:motion_resolution_level0,RIGHT,classroom:motion_resolution_level0,classroom:temporal-resolution-multiplexing_level1,3.6838,239.98
8,53,landscape,landscape:noise_colors_level0,landscape:temporal-resolution-multiplexing_level0,RIGHT,landscape:temporal-resolution-multiplexing_level0,landscape:noise_colors_level0,8.6542,240.0
8,54,landscape,landscape:duration_flicker_level2,landscape:dlss_rr_level1,RIGHT,landscape:dlss_rr_level1,landscape:duration_flicker_level2,4.1292,240.01
8,55,classroom,classroom:dlss_rr_level1,classroom:motion_noise_level2,RIGHT,classroom:motion_noise_level2,classroom:dlss_rr_level1,5.4625,240.0
8,56,landscape,landscape:motion_resolution_level2,landscape:stutter_level2,RIGHT,landscape:stutter_level2,landscape:motion_resolution_level2,1.5459,240.01
8,57,pink_room,pink_room:judder_level0,pink_room:motion_noise_level2,LEFT,pink_room:judder_level0,pink_room:motion_noise_level2,1.5292,240.02
8,58,zeroday,zeroday:motion_noise_level1,zeroday:reference,LEFT,zeroday:motion_noise_level1,zeroday:reference,12.0086,240.0
8,59,bistro_interior,bistro_interior:dlss_rr_level1,bistro_interior:dlss_rr_level0,RIGHT,bistro_interior:dlss_rr_level0,bistro_interior:dlss_rr_level1,7.2459,240.0
8,60,landscape,landscape:motion_resolution_level1,landscape:motion_resolution_level2,LEFT,landscape:motion_resolution_level1,landscape:motion_resolution_level2,2.5044,239.98
8,61,landscape,landscape:temporal-resolution-multiplexing_level2,landscape:dlss_rr_level1,RIGHT,landscape:dlss_rr_level1,landscape:temporal-resolution-multiplexing_level2,3.2459,240.01
8,62,pink_room,pink_room:reference,pink_room:stutter_level0,RIGHT,pink_room:stutter_level0,pink_room:reference,8.4001,240.0
8,63,bistro_exterior,bistro_exterior:duration_flicker_level0,bistro_exterior:duration_flicker_level1,RIGHT,bistro_exterior:duration_flicker_level1,bistro_exterior:duration_flicker_level0,10.2848,239.97
8,64,bistro_interior,bistro_interior:dlss_rr_level2,bistro_interior:motion_resolution_level1,LEFT,bistro_interior:dlss_rr_level2,bistro_interior:motion_resolution_level1,1.3377,239.98
8,65,pink_room,pink_room:stutter_level2,pink_room:motion_resolution_level0,LEFT,pink_room:stutter_level2,pink_room:motion_resolution_level0,5.925,240.0
8,66,classroom,classroom:noise_colors_level2,classroom:stutter_level2,RIGHT,classroom:stutter_level2,classroom:noise_colors_level2,2.075,240.0
8,67,landscape,landscape:dlss_rr_level1,landscape:restir_level2,RIGHT,landscape:restir_level2,landscape:dlss_rr_level1,11.8132,239.99
8,68,subway,subway:motion_resolution_level0,subway:motion_noise_level0,RIGHT,subway:motion_noise_level0,subway:motion_resolution_level0,8.9459,240.0
8,69,bistro_interior,bistro_interior:stutter_level0,bistro_interior:duration_flicker_level0,LEFT,bistro_interior:stutter_level0,bistro_interior:duration_flicker_level0,3.8875,240.01
8,70,marbles,marbles:temporal-resolution-multiplexing_level1,marbles:duration_flicker_level0,LEFT,marbles:temporal-resolution-multiplexing_level1,marbles:duration_flicker_level0,3.3542,240.01
8,71,bistro_interior,bistro_interior:noise_colors_level0,bistro_interior:temporal-resolution-multiplexing_level1,LEFT,bistro_interior:noise_colors_level0,bistro_interior:temporal-resolution-multiplexing_level1,9.4052,239.98
8,72,classroom,classroom:judder_level1,classroom:temporal-resolution-multiplexing_level0,RIGHT,classroom:temporal-resolution-multiplexing_level0,classroom:judder_level1,9.2805,239.97
8,73,landscape,landscape:temporal-resolution-multiplexing_level1,landscape:dlss_rr_level1,RIGHT,landscape:dlss_rr_level1,landscape:temporal-resolution-multiplexing_level1,7.4167,240.0
8,74,bistro_interior,bistro_interior:temporal-resolution-multiplexing_level1,bistro_interior:duration_flicker_level2,LEFT,bistro_interior:temporal-resolution-multiplexing_level1,bistro_interior:duration_flicker_level2,1.9127,239.98
8,75,classroom,classroom:dlss_rr_level2,classroom:stutter_level2,RIGHT,classroom:stutter_level2,classroom:dlss_rr_level2,2.9878,239.98
8,76,subway,subway:motion_resolution_level2,subway:restir_level1,LEFT,subway:motion_resolution_level2,subway:restir_level1,1.85,240.01
8,77,attic,attic:motion_noise_level1,attic:reference,RIGHT,attic:reference,attic:motion_noise_level1,10.4375,240.0
8,78,attic,attic:motion_resolution_level1,attic:dlss_rr_level1,RIGHT,attic:dlss_rr_level1,attic:motion_resolution_level1,4.4959,240.01
8,79,pink_room,pink_room:motion_noise_level1,pink_room:judder_level0,LEFT,pink_room:motion_noise_level1,pink_room:judder_level0,7.6875,240.0
8,80,bistro_interior,bistro_interior:restir_level0,bistro_interior:judder_level2,RIGHT,bistro_interior:judder_level2,bistro_interior:restir_level0,11.3558,239.97
8,81,bistro_interior,bistro_interior:stutter_level2,bistro_interior:motion_noise_level2,RIGHT,bistro_interior:motion_noise_level2,bistro_interior:stutter_level2,7.7719,239.97
8,82,zeroday,zeroday:judder_level0,zeroday:temporal-resolution-multiplexing_level0,RIGHT,zeroday:temporal-resolution-multiplexing_level0,zeroday:judder_level0,16.0167,240.0
8,83,pink_room,pink_room:reference,pink_room:stutter_level1,LEFT,pink_room:reference,pink_room:stutter_level1,9.6388,239.97
8,84,bistro_interior,bistro_interior:noise_colors_level1,bistro_interior:temporal-resolution-multiplexing_level0,RIGHT,bistro_interior:temporal-resolution-multiplexing_level0,bistro_interior:noise_colors_level1,4.1125,240.0
8,85,bistro_interior,bistro_interior:stutter_level1,bistro_interior:duration_flicker_level0,LEFT,bistro_interior:stutter_level1,bistro_interior:duration_flicker_level0,3.0459,240.01
8,86,zeroday,zeroday:stutter_level2,zeroday:restir_level0,RIGHT,zeroday:restir_level0,zeroday:stutter_level2,5.4042,240.01
8,87,bistro_exterior,bistro_exterior:duration_flicker_level1,bistro_exterior:restir_level0,RIGHT,bistro_exterior:restir_level0,bistro_exterior:duration_flicker_level1,2.4837,239.97
8,88,subway,subway:stutter_level0,subway:noise_colors_level1,LEFT,subway:stutter_level0,subway:noise_colors_level1,13.3542,240.0
8,89,landscape,landscape:restir_level2,landscape:dlss_rr_level2,LEFT,landscape:restir_level2,landscape:dlss_rr_level2,9.655,239.98
8,90,classroom,classroom:motion_noise_level2,classroom:dlss_rr_level2,RIGHT,classroom:dlss_rr_level2,classroom:motion_noise_level2,8.0007,239.97
8,91,classroom,classroom:judder_level0,classroom:reference,RIGHT,classroom:reference,classroom:judder_level0,2.4042,240.0
8,92,zeroday,zeroday:dlss_rr_level1,zeroday:motion_noise_level1,RIGHT,zeroday:motion_noise_level1,zeroday:dlss_rr_level1,48.6037,239.98
8,93,bistro_exterior,bistro_exterior:temporal-resolution-multiplexing_level0,bistro_exterior:noise_colors_level0,RIGHT,bistro_exterior:noise_colors_level0,bistro_exterior:temporal-resolution-multiplexing_level0,5.4125,240.0
8,94,classroom,classroom:restir_level0,classroom:judder_level1,LEFT,classroom:restir_level0,classroom:judder_level1,4.2167,240.0
8,95,attic,attic:dlss_rr_level2,attic:restir_level2,RIGHT,attic:restir_level2,attic:dlss_rr_level2,3.4672,239.96
8,96,landscape,landscape:judder_level0,landscape:temporal-resolution-multiplexing_level0,RIGHT,landscape:temporal-resolution-multiplexing_level0,landscape:judder_level0,6.0709,240.0
8,97,marbles,marbles:temporal-resolution-multiplexing_level0,marbles:judder_level0,RIGHT,marbles:judder_level0,marbles:temporal-resolution-multiplexing_level0,10.693,239.97
8,98,attic,attic:dlss_rr_level2,attic:duration_flicker_level2,RIGHT,attic:duration_flicker_level2,attic:dlss_rr_level2,7.2426,239.97
8,99,landscape,landscape:reference,landscape:motion_noise_level0,RIGHT,landscape:motion_noise_level0,landscape:reference,5.05,240.0
8,100,pink_room,pink_room:motion_resolution_level0,pink_room:motion_noise_level2,LEFT,pink_room:motion_resolution_level0,pink_room:motion_noise_level2,7.7045,239.99
8,101,zeroday,zeroday:noise_colors_level1,zeroday:motion_resolution_level0,LEFT,zeroday:noise_colors_level1,zeroday:motion_resolution_level0,12.6209,240.0
8,102,bistro_interior,bistro_interior:motion_resolution_level0,bistro_interior:dlss_rr_level0,RIGHT,bistro_interior:dlss_rr_level0,bistro_interior:motion_resolution_level0,2.5292,240.01
8,103,marbles,marbles:restir_level0,marbles:temporal-resolution-multiplexing_level0,RIGHT,marbles:temporal-resolution-multiplexing_level0,marbles:restir_level0,9.1179,239.97
8,104,marbles,marbles:noise_colors_level1,marbles:noise_colors_level2,LEFT,marbles:noise_colors_level1,marbles:noise_colors_level2,2.8839,239.96
8,105,landscape,landscape:stutter_level2,landscape:duration_flicker_level0,LEFT,landscape:stutter_level2,landscape:duration_flicker_level0,2.8542,240.01
8,106,pink_room,pink_room:motion_noise_level0,pink_room:motion_noise_level1,LEFT,pink_room:motion_noise_level0,pink_room:motion_noise_level1,5.0125,240.0
8,107,classroom,classroom:duration_flicker_level0,classroom:motion_noise_level1,RIGHT,classroom:motion_noise_level1,classroom:duration_flicker_level0,2.4875,240.01
8,108,bistro_exterior,bistro_exterior:dlss_rr_level2,bistro_exterior:motion_resolution_level1,RIGHT,bistro_exterior:motion_resolution_level1,bistro_exterior:dlss_rr_level2,2.9667,240.0
8,109,landscape,landscape:temporal-resolution-multiplexing_level0,landscape:restir_level0,LEFT,landscape:temporal-resolution-multiplexing_level0,landscape:restir_level0,9.0584,240.0
8,110,landscape,landscape:stutter_level1,landscape:temporal-resolution-multiplexing_level1,LEFT,landscape:stutter_level1,landscape:temporal-resolution-multiplexing_level1,7.6918,240.0
8,111,attic,attic:reference,attic:stutter_level0,RIGHT,attic:stutter_level0,attic:reference,10.9834,240.0
8,112,bistro_exterior,bistro_exterior:restir_level2,bistro_exterior:temporal-resolution-multiplexing_level1,RIGHT,bistro_exterior:temporal-resolution-multiplexing_level1,bistro_exterior:restir_level2,10.4042,240.0
8,113,pink_room,pink_room:stutter_level2,pink_room:dlss_rr_level2,LEFT,pink_room:stutter_level2,pink_room:dlss_rr_level2,6.4209,240.0
8,114,attic,attic:dlss_rr_level2,attic:temporal-resolution-multiplexing_level2,LEFT,attic:dlss_rr_level2,attic:temporal-resolution-multiplexing_level2,2.2878,239.95
8,115,classroom,classroom:motion_resolution_level1,classroom:duration_flicker_level1,LEFT,classroom:motion_resolution_level1,classroom:duration_flicker_level1,6.8709,240.0
8,116,marbles,marbles:dlss_rr_level0,marbles:dlss_rr_level1,RIGHT,marbles:dlss_rr_level1,marbles:dlss_rr_level0,4.7917,240.0
8,117,pink_room,pink_room:noise_colors_level2,pink_room:motion_resolution_level1,LEFT,pink_room:noise_colors_level2,pink_room:motion_resolution_level1,4.9917,240.0
8,118,attic,attic:noise_colors_level0,attic:motion_noise_level2,LEFT,attic:noise_colors_level0,attic:motion_noise_level2,11.0555,239.97
8,119,subway,subway:restir_level1,subway:temporal-resolution-multiplexing_level1,RIGHT,subway:temporal-resolution-multiplexing_level1,subway:restir_level1,1.3459,240.0
8,120,classroom,classroom:restir_level1,classroom:dlss_rr_level0,RIGHT,classroom:dlss_rr_level0,classroom:restir_level1,6.6926,239.96
8,121,pink_room,pink_room:judder_level2,pink_room:stutter_level0,RIGHT,pink_room:stutter_level0,pink_room:judder_level2,12.0709,240.0
8,122,attic,attic:motion_noise_level0,attic:reference,RIGHT,attic:reference,attic:motion_noise_level0,4.3875,240.01
8,123,zeroday,zeroday:motion_noise_level2,zeroday:duration_flicker_level0,LEFT,zeroday:motion_noise_level2,zeroday:duration_flicker_level0,9.175,240.0
8,124,bistro_interior,bistro_interior:restir_level1,bistro_interior:dlss_rr_level0,RIGHT,bistro_interior:dlss_rr_level0,bistro_interior:restir_level1,4.9052,240.06
8,125,landscape,landscape:dlss_rr_level1,landscape:dlss_rr_level0,RIGHT,landscape:dlss_rr_level0,landscape:dlss_rr_level1,2.9334,240.01
8,126,landscape,landscape:temporal-resolution-multiplexing_level1,landscape:noise_colors_level1,RIGHT,landscape:noise_colors_level1,landscape:temporal-resolution-multiplexing_level1,3.4755,239.98
8,127,bistro_interior,bistro_interior:dlss_rr_level1,bistro_interior:dlss_rr_level2,LEFT,bistro_interior:dlss_rr_level1,bistro_interior:dlss_rr_level2,6.8135,239.97
8,128,subway,subway:reference,subway:temporal-resolution-multiplexing_level0,LEFT,subway:reference,subway:temporal-resolution-multiplexing_level0,8.2126,240.0
8,129,subway,subway:dlss_rr_level1,subway:noise_colors_level1,RIGHT,subway:noise_colors_level1,subway:dlss_rr_level1,8.3759,239.97
8,130,zeroday,zeroday:stutter_level1,zeroday:dlss_rr_level1,RIGHT,zeroday:dlss_rr_level1,zeroday:stutter_level1,7.5126,240.0
8,131,zeroday,zeroday:temporal-resolution-multiplexing_level1,zeroday:motion_noise_level2,LEFT,zeroday:temporal-resolution-multiplexing_level1,zeroday:motion_noise_level2,7.9133,239.98
8,132,pink_room,pink_room:dlss_rr_level0,pink_room:dlss_rr_level1,LEFT,pink_room:dlss_rr_level0,pink_room:dlss_rr_level1,6.4626,240.0
8,133,bistro_exterior,bistro_exterior:temporal-resolution-multiplexing_level2,bistro_exterior:stutter_level2,RIGHT,bistro_exterior:stutter_level2,bistro_exterior:temporal-resolution-multiplexing_level2,2.0667,240.0
8,134,bistro_exterior,bistro_exterior:noise_colors_level2,bistro_exterior:dlss_rr_level1,RIGHT,bistro_exterior:dlss_rr_level1,bistro_exterior:noise_colors_level2,2.3334,240.0
8,135,pink_room,pink_room:judder_level1,pink_room:motion_noise_level0,RIGHT,pink_room:motion_noise_level0,pink_room:judder_level1,9.4917,240.0
8,136,classroom,classroom:temporal-resolution-multiplexing_level0,classroom:stutter_level0,LEFT,classroom:temporal-resolution-multiplexing_level0,classroom:stutter_level0,10.247,239.97
8,137,zeroday,zeroday:motion_noise_level0,zeroday:temporal-resolution-multiplexing_level0,RIGHT,zeroday:temporal-resolution-multiplexing_level0,zeroday:motion_noise_level0,9.8255,239.99
8,138,pink_room,pink_room:judder_level0,pink_room:restir_level0,RIGHT,pink_room:restir_level0,pink_room:judder_level0,3.0,240.01
8,139,classroom,classroom:motion_noise_level1,classroom:restir_level2,LEFT,classroom:motion_noise_level1,classroom:restir_level2,4.0547,239.97
8,140,bistro_interior,bistro_interior:restir_level2,bistro_interior:restir_level0,RIGHT,bistro_interior:restir_level0,bistro_interior:restir_level2,2.4045,239.97
8,141,classroom,classroom:temporal-resolution-multiplexing_level2,classroom:motion_noise_level1,RIGHT,classroom:motion_noise_level1,classroom:temporal-resolution-multiplexing_level2,2.6836,239.97
8,142,attic,attic:duration_flicker_level0,attic:temporal-resolution-multiplexing_level0,RIGHT,attic:temporal-resolution-multiplexing_level0,attic:duration_flicker_level0,8.7387,239.97
8,143,zeroday,zeroday:motion_noise_level2,zeroday:temporal-resolution-multiplexing_level2,LEFT,zeroday:motion_noise_level2,zeroday:temporal-resolution-multiplexing_level2,2.6167,240.02
8,144,attic,attic:stutter_level2,attic:motion_resolution_level0,LEFT,attic:stutter_level2,attic:motion_resolution_level0,8.9506,239.99
8,145,landscape,landscape:stutter_level0,landscape:temporal-resolution-multiplexing_level0,RIGHT,landscape:temporal-resolution-multiplexing_level0,landscape:stutter_level0,3.7709,240.0
8,146,landscape,landscape:noise_colors_level0,landscape:motion_noise_level2,LEFT,landscape:noise_colors_level0,landscape:motion_noise_level2,5.0667,240.0
8,147,attic,attic:motion_resolution_level0,attic:duration_flicker_level1,LEFT,attic:motion_resolution_level0,attic:duration_flicker_level1,3.0959,240.01
8,148,zeroday,zeroday:noise_colors_level1,zeroday:stutter_level2,LEFT,zeroday:noise_colors_level1,zeroday:stutter_level2,3.7167,240.01
8,149,landscape,landscape:motion_noise_level2,landscape:reference,RIGHT,landscape:reference,landscape:motion_noise_level2,8.8167,240.0
8,150,bistro_interior,bistro_interior:duration_flicker_level2,bistro_interior:judder_level1,RIGHT,bistro_interior:judder_level1,bistro_interior:duration_flicker_level2,2.488,239.96
8,151,zeroday,zeroday:noise_colors_level2,zeroday:judder_level0,LEFT,zeroday:noise_colors_level2,zeroday:judder_level0,6.9792,240.0
8,152,zeroday,zeroday:motion_noise_level2,zeroday:duration_flicker_level2,LEFT,zeroday:motion_noise_level2,zeroday:duration_flicker_level2,2.0667,240.01
8,153,classroom,classroom:restir_level1,classroom:motion_noise_level1,RIGHT,classroom:motion_noise_level1,classroom:restir_level1,9.3972,239.96
8,154,zeroday,zeroday:restir_level2,zeroday:temporal-resolution-multiplexing_level2,RIGHT,zeroday:temporal-resolution-multiplexing_level2,zeroday:restir_level2,1.3084,240.02
8,155,classroom,classroom:noise_colors_level0,classroom:stutter_level1,LEFT,classroom:noise_colors_level0,classroom:stutter_level1,10.8959,240.0
8,156,marbles,marbles:stutter_level1,marbles:judder_level2,LEFT,marbles:stutter_level1,marbles:judder_level2,7.7336,239.99
8,157,zeroday,zeroday:motion_noise_level2,zeroday:dlss_rr_level0,RIGHT,zeroday:dlss_rr_level0,zeroday:motion_noise_level2,2.7334,240.01
8,158,zeroday,zeroday:motion_resolution_level1,zeroday:temporal-resolution-multiplexing_level2,RIGHT,zeroday:temporal-resolution-multiplexing_level2,zeroday:motion_resolution_level1,2.6292,240.0
8,159,marbles,marbles:dlss_rr_level0,marbles:duration_flicker_level1,LEFT,marbles:dlss_rr_level0,marbles:duration_flicker_level1,2.2,240.01
8,160,classroom,classroom:noise_colors_level0,classroom:judder_level1,LEFT,classroom:noise_colors_level0,classroom:judder_level1,5.6007,239.98
8,161,marbles,marbles:stutter_level1,marbles:restir_level1,LEFT,marbles:stutter_level1,marbles:restir_level1,8.2804,239.97
8,162,bistro_exterior,bistro_exterior:dlss_rr_level2,bistro_exterior:motion_resolution_level2,LEFT,bistro_exterior:dlss_rr_level2,bistro_exterior:motion_resolution_level2,5.8546,239.99
8,163,landscape,landscape:stutter_level0,landscape:dlss_rr_level1,RIGHT,landscape:dlss_rr_level1,landscape:stutter_level0,5.875,240.0
8,164,attic,attic:temporal-resolution-multiplexing_level0,attic:motion_noise_level2,LEFT,attic:temporal-resolution-multiplexing_level0,attic:motion_noise_level2,12.2293,240.0
8,165,zeroday,zeroday:temporal-resolution-multiplexing_level1,zeroday:noise_colors_level0,LEFT,zeroday:temporal-resolution-multiplexing_level1,zeroday:noise_colors_level0,9.1334,240.0
8,166,classroom,classroom:dlss_rr_level1,classroom:judder_level2,LEFT,classroom:dlss_rr_level1,classroom:judder_level2,6.3421,239.99
8,167,pink_room,pink_room:duration_flicker_level2,pink_room:restir_level2,RIGHT,pink_room:restir_level2,pink_room:duration_flicker_level2,1.7625,240.02
8,168,bistro_interior,bistro_interior:dlss_rr_level0,bistro_interior:noise_colors_level2,LEFT,bistro_interior:dlss_rr_level0,bistro_interior:noise_colors_level2,2.7375,240.01
8,169,attic,attic:noise_colors_level2,attic:restir_level0,RIGHT,attic:restir_level0,attic:noise_colors_level2,2.1129,239.95
8,170,classroom,classroom:motion_resolution_level1,classroom:motion_noise_level1,RIGHT,classroom:motion_noise_level1,classroom:motion_resolution_level1,2.8917,240.01
8,171,marbles,marbles:stutter_level0,marbles:reference,LEFT,marbles:stutter_level0,marbles:reference,4.3292,240.0
8,172,classroom,classroom:motion_resolution_level2,classroom:noise_colors_level2,RIGHT,classroom:noise_colors_level2,classroom:motion_resolution_level2,2.0125,240.01
8,173,marbles,marbles:duration_flicker_level0,marbles:stutter_level2,LEFT,marbles:duration_flicker_level0,marbles:stutter_level2,11.6091,239.99
8,174,classroom,classroom:stutter_level2,classroom:duration_flicker_level0,LEFT,classroom:stutter_level2,classroom:duration_flicker_level0,5.9959,240.01
8,175,bistro_interior,bistro_interior:dlss_rr_level0,bistro_interior:judder_level0,RIGHT,bistro_interior:judder_level0,bistro_interior:dlss_rr_level0,12.1016,239.97
8,176,bistro_interior,bistro_interior:noise_colors_level1,bistro_interior:motion_noise_level0,LEFT,bistro_interior:noise_colors_level1,bistro_interior:motion_noise_level0,9.0554,239.97
8,177,marbles,marbles:stutter_level0,marbles:noise_colors_level0,LEFT,marbles:stutter_level0,marbles:noise_colors_level0,7.2209,240.0
8,178,subway,subway:judder_level1,subway:stutter_level2,RIGHT,subway:stutter_level2,subway:judder_level1,10.7834,240.0
8,179,bistro_interior,bistro_interior:dlss_rr_level0,bistro_interior:restir_level0,LEFT,bistro_interior:dlss_rr_level0,bistro_interior:restir_level0,2.8962,239.97
8,180,pink_room,pink_room:restir_level1,pink_room:motion_resolution_level0,RIGHT,pink_room:motion_resolution_level0,pink_room:restir_level1,6.2417,240.01
8,181,bistro_interior,bistro_interior:motion_noise_level2,bistro_interior:temporal-resolution-multiplexing_level1,RIGHT,bistro_interior:temporal-resolution-multiplexing_level1,bistro_interior:motion_noise_level2,2.2044,239.97
8,182,marbles,marbles:temporal-resolution-multiplexing_level2,marbles:motion_resolution_level2,LEFT,marbles:temporal-resolution-multiplexing_level2,marbles:motion_resolution_level2,2.1627,239.98
8,183,bistro_exterior,bistro_exterior:duration_flicker_level0,bistro_exterior:noise_colors_level1,RIGHT,bistro_exterior:noise_colors_level1,bistro_exterior:duration_flicker_level0,3.0375,240.0
8,184,marbles,marbles:duration_flicker_level0,marbles:temporal-resolution-multiplexing_level2,LEFT,marbles:duration_flicker_level0,marbles:temporal-resolution-multiplexing_level2,3.8462,239.97
8,185,pink_room,pink_room:duration_flicker_level1,pink_room:dlss_rr_level1,RIGHT,pink_room:dlss_rr_level1,pink_room:duration_flicker_level1,2.7751,239.99
8,186,zeroday,zeroday:motion_resolution_level2,zeroday:motion_resolution_level1,RIGHT,zeroday:motion_resolution_level1,zeroday:motion_resolution_level2,2.8292,240.01
8,187,bistro_interior,bistro_interior:judder_level0,bistro_interior:duration_flicker_level1,LEFT,bistro_interior:judder_level0,bistro_interior:duration_flicker_level1,7.3509,239.97
8,188,marbles,marbles:duration_flicker_level1,marbles:motion_noise_level2,RIGHT,marbles:motion_noise_level2,marbles:duration_flicker_level1,3.4755,239.97
8,189,zeroday,zeroday:motion_noise_level0,zeroday:judder_level1,LEFT,zeroday:motion_noise_level0,zeroday:judder_level1,5.5334,240.0
8,190,bistro_exterior,bistro_exterior:noise_colors_level0,bistro_exterior:noise_colors_level1,LEFT,bistro_exterior:noise_colors_level0,bistro_exterior:noise_colors_level1,9.6262,239.97
8,191,bistro_interior,bistro_interior:temporal-resolution-multiplexing_level2,bistro_interior:noise_colors_level2,LEFT,bistro_interior:temporal-resolution-multiplexing_level2,bistro_interior:noise_colors_level2,2.4921,239.97
8,192,pink_room,pink_room:duration_flicker_level0,pink_room:motion_resolution_level0,RIGHT,pink_room:motion_resolution_level0,pink_room:duration_flicker_level0,2.8792,240.0
8,193,bistro_interior,bistro_interior:motion_resolution_level2,bistro_interior:restir_level2,LEFT,bistro_interior:motion_resolution_level2,bistro_interior:restir_level2,3.3334,240.0
8,194,pink_room,pink_room:noise_colors_level1,pink_room:dlss_rr_level0,LEFT,pink_room:noise_colors_level1,pink_room:dlss_rr_level0,7.9709,240.0
8,195,zeroday,zeroday:restir_level0,zeroday:stutter_level1,RIGHT,zeroday:stutter_level1,zeroday:restir_level0,6.5507,239.98
8,196,marbles,marbles:dlss_rr_level0,marbles:restir_level1,RIGHT,marbles:restir_level1,marbles:dlss_rr_level0,7.2091,239.97
8,197,subway,subway:restir_level2,subway:temporal-resolution-multiplexing_level2,RIGHT,subway:temporal-resolution-multiplexing_level2,subway:restir_level2,1.1875,240.01
8,198,attic,attic:judder_level2,attic:temporal-resolution-multiplexing_level0,RIGHT,attic:temporal-resolution-multiplexing_level0,attic:judder_level2,9.9084,240.0
8,199,pink_room,pink_room:stutter_level2,pink_room:dlss_rr_level0,LEFT,pink_room:stutter_level2,pink_room:dlss_rr_level0,8.4042,240.0
8,200,subway,subway:dlss_rr_level2,subway:restir_level2,LEFT,subway:dlss_rr_level2,subway:restir_level2,1.3042,240.0
8,201,marbles,marbles:temporal-resolution-multiplexing_level2,marbles:motion_resolution_level1,RIGHT,marbles:motion_resolution_level1,marbles:temporal-resolution-multiplexing_level2,5.3084,240.0
8,202,marbles,marbles:restir_level1,marbles:judder_level0,LEFT,marbles:restir_level1,marbles:judder_level0,5.7167,240.0
8,203,pink_room,pink_room:temporal-resolution-multiplexing_level2,pink_room:dlss_rr_level0,RIGHT,pink_room:dlss_rr_level0,pink_room:temporal-resolution-multiplexing_level2,3.2125,240.01
8,204,zeroday,zeroday:stutter_level2,zeroday:judder_level0,LEFT,zeroday:stutter_level2,zeroday:judder_level0,8.076,239.97
8,205,subway,subway:judder_level2,subway:motion_noise_level1,LEFT,subway:judder_level2,subway:motion_noise_level1,8.7,240.0
8,206,zeroday,zeroday:noise_colors_level1,zeroday:dlss_rr_level2,LEFT,zeroday:noise_colors_level1,zeroday:dlss_rr_level2,4.6922,239.98
8,207,attic,attic:motion_resolution_level0,attic:restir_level0,RIGHT,attic:restir_level0,attic:motion_resolution_level0,6.9634,239.97
8,208,attic,attic:stutter_level1,attic:duration_flicker_level1,LEFT,attic:stutter_level1,attic:duration_flicker_level1,5.8542,240.0
8,209,bistro_interior,bistro_interior:motion_noise_level1,bistro_interior:duration_flicker_level2,LEFT,bistro_interior:motion_noise_level1,bistro_interior:duration_flicker_level2,3.6625,240.01
8,210,marbles,marbles:motion_resolution_level0,marbles:duration_flicker_level1,LEFT,marbles:motion_resolution_level0,marbles:duration_flicker_level1,3.9917,240.0
8,211,attic,attic:noise_colors_level1,attic:reference,LEFT,attic:noise_colors_level1,attic:reference,11.0125,240.0
8,212,subway,subway:noise_colors_level0,subway:reference,RIGHT,subway:reference,subway:noise_colors_level0,5.4751,240.0
8,213,marbles,marbles:motion_resolution_level1,marbles:dlss_rr_level2,RIGHT,marbles:dlss_rr_level2,marbles:motion_resolution_level1,3.4921,239.97
8,214,bistro_interior,bistro_interior:temporal-resolution-multiplexing_level0,bistro_interior:temporal-resolution-multiplexing_level1,LEFT,bistro_interior:temporal-resolution-multiplexing_level0,bistro_interior:temporal-resolution-multiplexing_level1,7.9504,239.99
8,215,subway,subway:motion_resolution_level0,subway:dlss_rr_level0,LEFT,subway:motion_resolution_level0,subway:dlss_rr_level0,6.2625,240.0
8,216,attic,attic:restir_level0,attic:dlss_rr_level2,LEFT,attic:restir_level0,attic:dlss_rr_level2,1.6959,240.0
8,217,attic,attic:duration_flicker_level1,attic:restir_level1,RIGHT,attic:restir_level1,attic:duration_flicker_level1,7.4125,240.0
8,218,subway,subway:judder_level2,subway:noise_colors_level2,LEFT,subway:judder_level2,subway:noise_colors_level2,2.7834,240.0
8,219,bistro_exterior,bistro_exterior:motion_noise_level2,bistro_exterior:judder_level2,LEFT,bistro_exterior:motion_noise_level2,bistro_exterior:judder_level2,11.8632,239.99
8,220,subway,subway:duration_flicker_level1,subway:duration_flicker_level0,RIGHT,subway:duration_flicker_level0,subway:duration_flicker_level1,2.8126,240.01
8,221,attic,attic:judder_level0,attic:motion_noise_level0,LEFT,attic:judder_level0,attic:motion_noise_level0,12.2641,239.97
8,222,subway,subway:noise_colors_level1,subway:judder_level0,LEFT,subway:noise_colors_level1,subway:judder_level0,10.4834,240.0
8,223,subway,subway:judder_level2,subway:motion_resolution_level1,LEFT,subway:judder_level2,subway:motion_resolution_level1,5.075,240.0
8,224,attic,attic:reference,attic:judder_level1,RIGHT,attic:judder_level1,attic:reference,10.9877,240.0
8,225,subway,subway:judder_level2,subway:temporal-resolution-multiplexing_level1,LEFT,subway:judder_level2,subway:temporal-resolution-multiplexing_level1,4.0875,240.01
8,226,subway,subway:dlss_rr_level1,subway:stutter_level2,LEFT,subway:dlss_rr_level1,subway:stutter_level2,2.6461,239.98
8,227,attic,attic:dlss_rr_level1,attic:motion_resolution_level0,RIGHT,attic:motion_resolution_level0,attic:dlss_rr_level1,4.5383,239.97
8,228,attic,attic:motion_noise_level2,attic:noise_colors_level1,RIGHT,attic:noise_colors_level1,attic:motion_noise_level2,11.8723,239.97
8,229,bistro_exterior,bistro_exterior:stutter_level1,bistro_exterior:motion_noise_level2,RIGHT,bistro_exterior:motion_noise_level2,bistro_exterior:stutter_level1,8.1846,239.97
8,230,subway,subway:dlss_rr_level1,subway:judder_level2,RIGHT,subway:judder_level2,subway:dlss_rr_level1,10.0959,240.0
8,231,bistro_exterior,bistro_exterior:judder_level0,bistro_exterior:motion_noise_level1,RIGHT,bistro_exterior:motion_noise_level1,bistro_exterior:judder_level0,10.143,239.97
8,232,bistro_exterior,bistro_exterior:noise_colors_level1,bistro_exterior:stutter_level0,RIGHT,bistro_exterior:stutter_level0,bistro_exterior:noise_colors_level1,6.6963,239.99
8,233,bistro_exterior,bistro_exterior:motion_noise_level1,bistro_exterior:judder_level1,LEFT,bistro_exterior:motion_noise_level1,bistro_exterior:judder_level1,10.514,239.97
8,234,bistro_exterior,bistro_exterior:dlss_rr_level1,bistro_exterior:duration_flicker_level1,LEFT,bistro_exterior:dlss_rr_level1,bistro_exterior:duration_flicker_level1,3.9709,240.0
8,235,bistro_exterior,bistro_exterior:stutter_level2,bistro_exterior:motion_resolution_level1,LEFT,bistro_exterior:stutter_level2,bistro_exterior:motion_resolution_level1,6.4216,239.98
8,236,bistro_exterior,bistro_exterior:reference,bistro_exterior:motion_noise_level0,RIGHT,bistro_exterior:motion_noise_level0,bistro_exterior:reference,10.3346,239.97
8,237,bistro_exterior,bistro_exterior:temporal-resolution-multiplexing_level1,bistro_exterior:duration_flicker_level1,LEFT,bistro_exterior:temporal-resolution-multiplexing_level1,bistro_exterior:duration_flicker_level1,2.4086,239.98
8,238,bistro_exterior,bistro_exterior:motion_noise_level1,bistro_exterior:duration_flicker_level0,LEFT,bistro_exterior:motion_noise_level1,bistro_exterior:duration_flicker_level0,6.1757,239.98
8,239,bistro_exterior,bistro_exterior:motion_noise_level1,bistro_exterior:dlss_rr_level0,LEFT,bistro_exterior:motion_noise_level1,bistro_exterior:dlss_rr_level0,4.0005,239.97
8,240,bistro_exterior,bistro_exterior:motion_noise_level2,bistro_exterior:motion_resolution_level0,LEFT,bistro_exterior:motion_noise_level2,bistro_exterior:motion_resolution_level0,6.6089,239.98
8,241,bistro_exterior,bistro_exterior:stutter_level2,bistro_exterior:duration_flicker_level1,LEFT,bistro_exterior:stutter_level2,bistro_exterior:duration_flicker_level1,3.625,240.0
8,242,bistro_exterior,bistro_exterior:duration_flicker_level2,bistro_exterior:duration_flicker_level1,RIGHT,bistro_exterior:duration_flicker_level1,bistro_exterior:duration_flicker_level2,9.7543,240.0
8,243,bistro_exterior,bistro_exterior:motion_noise_level1,bistro_exterior:restir_level1,LEFT,bistro_exterior:motion_noise_level1,bistro_exterior:restir_level1,9.1042,240.0
88,1,landscape,landscape:temporal-resolution-multiplexing_level2,landscape:restir_level2,LEFT,landscape:temporal-resolution-multiplexing_level2,landscape:restir_level2,13.5729,240.01
88,2,pink_room,pink_room:temporal-resolution-multiplexing_level1,pink_room:motion_resolution_level0,LEFT,pink_room:temporal-resolution-multiplexing_level1,pink_room:motion_resolution_level0,6.4751,240.0
88,3,landscape,landscape:judder_level0,landscape:restir_level2,LEFT,landscape:judder_level0,landscape:restir_level2,3.8626,240.0
88,4,attic,attic:judder_level0,attic:motion_noise_level0,RIGHT,attic:motion_noise_level0,attic:judder_level0,6.0751,240.0
88,5,landscape,landscape:motion_noise_level2,landscape:reference,RIGHT,landscape:reference,landscape:motion_noise_level2,3.2001,240.0
88,6,landscape,landscape:judder_level2,landscape:noise_colors_level1,RIGHT,landscape:noise_colors_level1,landscape:judder_level2,4.5126,240.0
88,7,zeroday,zeroday:restir_level0,zeroday:judder_level0,RIGHT,zeroday:judder_level0,zeroday:restir_level0,6.3876,240.0
88,8,bistro_exterior,bistro_exterior:reference,bistro_exterior:judder_level1,LEFT,bistro_exterior:reference,bistro_exterior:judder_level1,6.6376,240.0
88,9,landscape,landscape:motion_resolution_level0,landscape:duration_flicker_level0,LEFT,landscape:motion_resolution_level0,landscape:duration_flicker_level0,3.1459,240.01
88,10,zeroday,zeroday:motion_noise_level1,zeroday:temporal-resolution-multiplexing_level0,LEFT,zeroday:motion_noise_level1,zeroday:temporal-resolution-multiplexing_level0,3.2375,240.0
88,11,marbles,marbles:duration_flicker_level2,marbles:motion_resolution_level0,RIGHT,marbles:motion_resolution_level0,marbles:duration_flicker_level2,2.1292,240.02
88,12,classroom,classroom:dlss_rr_level2,classroom:dlss_rr_level1,RIGHT,classroom:dlss_rr_level1,classroom:dlss_rr_level2,7.0504,239.99
88,13,bistro_interior,bistro_interior:noise_colors_level0,bistro_interior:stutter_level0,LEFT,bistro_interior:noise_colors_level0,bistro_interior:stutter_level0,5.9218,239.96
88,14,subway,subway:dlss_rr_level1,subway:motion_noise_level0,RIGHT,subway:motion_noise_level0,subway:dlss_rr_level1,9.7334,240.0
88,15,landscape,landscape:temporal-resolution-multiplexing_level2,landscape:judder_level2,RIGHT,landscape:judder_level2,landscape:temporal-resolution-multiplexing_level2,5.6042,240.0
88,16,classroom,classroom:dlss_rr_level2,classroom:judder_level2,RIGHT,classroom:judder_level2,classroom:dlss_rr_level2,7.725,240.0
88,17,pink_room,pink_room:duration_flicker_level1,pink_room:motion_resolution_level2,LEFT,pink_room:duration_flicker_level1,pink_room:motion_resolution_level2,1.35,240.02
88,18,attic,attic:stutter_level2,attic:motion_noise_level2,RIGHT,attic:motion_noise_level2,attic:stutter_level2,9.7125,240.0
88,19,subway,subway:restir_level1,subway:restir_level0,RIGHT,subway:restir_level0,subway:restir_level1,2.3459,240.01
88,20,attic,attic:restir_level2,attic:restir_level1,RIGHT,attic:restir_level1,attic:restir_level2,6.2674,239.98
88,21,pink_room,pink_room:noise_colors_level1,pink_room:motion_noise_level1,LEFT,pink_room:noise_colors_level1,pink_room:motion_noise_level1,5.9167,240.0
88,22,zeroday,zeroday:noise_colors_level0,zeroday:dlss_rr_level0,LEFT,zeroday:noise_colors_level0,zeroday:dlss_rr_level0,2.9917,240.0
88,23,pink_room,pink_room:stutter_level0,pink_room:motion_noise_level0,LEFT,pink_room:stutter_level0,pink_room:motion_noise_level0,7.8922,239.98
88,24,attic,attic:temporal-resolution-multiplexing_level1,attic:motion_resolution_level0,RIGHT,attic:motion_resolution_level0,attic:temporal-resolution-multiplexing_level1,2.2128,239.95
88,25,zeroday,zeroday:temporal-resolution-multiplexing_level2,zeroday:motion_resolution_level2,LEFT,zeroday:temporal-resolution-multiplexing_level2,zeroday:motion_resolution_level2,1.9625,240.01
88,26,subway,subway:dlss_rr_level1,subway:motion_resolution_level0,RIGHT,subway:motion_resolution_level0,subway:dlss_rr_level1,8.8126,240.0
88,27,pink_room,pink_room:temporal-resolution-multiplexing_level0,pink_room:noise_colors_level0,LEFT,pink_room:temporal-resolution-multiplexing_level0,pink_room:noise_colors_level0,6.7417,240.0
88,28,attic,attic:motion_resolution_level2,attic:temporal-resolution-multiplexing_level1,RIGHT,attic:temporal-resolution-multiplexing_level1,attic:motion_resolution_level2,3.9214,239.97
88,29,marbles,marbles:temporal-resolution-multiplexing_level2,marbles:motion_resolution_level2,LEFT,marbles:temporal-resolution-multiplexing_level2,marbles:motion_resolution_level2,3.4296,239.97
88,30,classroom,classroom:judder_level2,classroom:stutter_level0,RIGHT,classroom:stutter_level0,classroom:judder_level2,3.0917,240.01
88,31,attic,attic:stutter_level2,attic:duration_flicker_level2,LEFT,attic:stutter_level2,attic:duration_flicker_level2,2.6419,239.99
88,32,classroom,classroom:stutter_level2,classroom:dlss_rr_level2,RIGHT,classroom:dlss_rr_level2,classroom:stutter_level2,4.184,239.96
88,33,bistro_exterior,bistro_exterior:motion_resolution_level2,bistro_exterior:temporal-resolution-multiplexing_level2,LEFT,bistro_exterior:motion_resolution_level2,bistro_exterior:temporal-resolution-multiplexing_level2,7.7302,239.97
88,34,landscape,landscape:temporal-resolution-multiplexing_level1,landscape:stutter_level2,LEFT,landscape:temporal-resolution-multiplexing_level1,landscape:stutter_level2,5.35,240.0
88,35,zeroday,zeroday:temporal-resolution-multiplexing_level1,zeroday:judder_level1,LEFT,zeroday:temporal-resolution-multiplexing_level1,zeroday:judder_level1,2.9167,240.01
88,36,landscape,landscape:temporal-resolution-multiplexing_level2,landscape:noise_colors_level2,LEFT,landscape:temporal-resolution-multiplexing_level2,landscape:noise_colors_level2,6.5625,240.01
88,37,bistro_exterior,bistro_exterior:noise_colors_level1,bistro_exterior:temporal-resolution-multiplexing_level0,RIGHT,bistro_exterior:temporal-resolution-multiplexing_level0,bistro_exterior:noise_colors_level1,6.3,240.0
88,38,bistro_interior,bistro_interior:judder_level0,bistro_interior:motion_noise_level2,LEFT,bistro_interior:judder_level0,bistro_interior:motion_noise_level2,7.0875,240.0
88,39,zeroday,zeroday:temporal-resolution-multiplexing_level1,zeroday:judder_level0,LEFT,zeroday:temporal-resolution-multiplexing_level1,zeroday:judder_level0,4.4712,239.98
88,40,attic,attic:motion_noise_level2,attic:motion_resolution_level0,LEFT,attic:motion_noise_level2,attic:motion_resolution_level0,7.6004,239.98
88,41,bistro_exterior,bistro_exterior:motion_resolution_level1,bistro_exterior:noise_colors_level2,RIGHT,bistro_exterior:noise_colors_level2,bistro_exterior:motion_resolution_level1,4.6965,239.97
88,42,zeroday,zeroday:dlss_rr_level2,zeroday:motion_resolution_level0,LEFT,zeroday:dlss_rr_level2,zeroday:motion_resolution_level0,3.825,240.01
88,43,marbles,marbles:restir_level1,marbles:stutter_level2,LEFT,marbles:restir_level1,marbles:stutter_level2,3.6879,239.98
88,44,attic,attic:duration_flicker_level0,attic:judder_level1,RIGHT,attic:judder_level1,attic:duration_flicker_level0,6.6302,239.97
88,45,marbles,marbles:stutter_level0,marbles:restir_level1,LEFT,marbles:stutter_level0,marbles:restir_level1,4.4544,239.99
88,46,zeroday,zeroday:motion_noise_level2,zeroday:judder_level2,LEFT,zeroday:motion_noise_level2,zeroday:judder_level2,2.9834,240.01
88,47,attic,attic:noise_colors_level2,attic:motion_resolution_level0,RIGHT,attic:motion_resolution_level0,attic:noise_colors_level2,3.2965,239.96
88,48,marbles,marbles:dlss_rr_level2,marbles:noise_colors_level1,LEFT,marbles:dlss_rr_level2,marbles:noise_colors_level1,4.275,240.0
88,49,pink_room,pink_room:dlss_rr_level2,pink_room:restir_level2,RIGHT,pink_room:restir_level2,pink_room:dlss_rr_level2,6.2211,239.99
88,50,pink_room,pink_room:motion_resolution_level2,pink_room:duration_flicker_level2,RIGHT,pink_room:duration_flicker_level2,pink_room:motion_resolution_level2,4.0042,240.01
88,51,zeroday,zeroday:duration_flicker_level1,zeroday:duration_flicker_level0,LEFT,zeroday:duration_flicker_level1,zeroday:duration_flicker_level0,7.6084,240.0
88,52,pink_room,pink_room:restir_level1,pink_room:judder_level2,RIGHT,pink_room:judder_level2,pink_room:restir_level1,4.7917,240.01
88,53,bistro_interior,bistro_interior:judder_level2,bistro_interior:dlss_rr_level0,LEFT,bistro_interior:judder_level2,bistro_interior:dlss_rr_level0,3.5167,240.0
88,54,landscape,landscape:temporal-resolution-multiplexing_level1,landscape:judder_level2,LEFT,landscape:temporal-resolution-multiplexing_level1,landscape:judder_level2,7.4584,240.0
88,55,pink_room,pink_room:restir_level2,pink_room:motion_resolution_level1,LEFT,pink_room:restir_level2,pink_room:motion_resolution_level1,2.1959,240.02
88,56,landscape,landscape:reference,landscape:noise_colors_level0,RIGHT,landscape:noise_colors_level0,landscape:reference,3.1584,240.0
88,57,landscape,landscape:judder_level0,landscape:restir_level0,RIGHT,landscape:restir_level0,landscape:judder_level0,5.6125,240.0
88,58,zeroday,zeroday:noise_colors_level2,zeroday:temporal-resolution-multiplexing_level1,RIGHT,zeroday:temporal-resolution-multiplexing_level1,zeroday:noise_colors_level2,6.525,240.0
88,59,marbles,marbles:noise_colors_level1,marbles:motion_resolution_level0,LEFT,marbles:noise_colors_level1,marbles:motion_resolution_level0,4.0382,239.96
88,60,pink_room,pink_room:judder_level2,pink_room:stutter_level2,RIGHT,pink_room:stutter_level2,pink_room:judder_level2,8.125,240.0
88,61,marbles,marbles:reference,marbles:temporal-resolution-multiplexing_level1,LEFT,marbles:reference,marbles:temporal-resolution-multiplexing_level1,6.0125,240.0
88,62,bistro_exterior,bistro_exterior:temporal-resolution-multiplexing_level1,bistro_exterior:dlss_rr_level0,RIGHT,bistro_exterior:dlss_rr_level0,bistro_exterior:temporal-resolution-multiplexing_level1,5.3668,240.0
88,63,pink_room,pink_room:motion_noise_level1,pink_room:motion_noise_level2,LEFT,pink_room:motion_noise_level1,pink_room:motion_noise_level2,6.3209,240.0
88,64,bistro_interior,bistro_interior:noise_colors_level2,bistro_interior:dlss_rr_level2,LEFT,bistro_interior:noise_colors_level2,bistro_interior:dlss_rr_level2,4.5834,240.0
88,65,attic,attic:motion_noise_level1,attic:duration_flicker_level0,LEFT,attic:motion_noise_level1,attic:duration_flicker_level0,3.2214,239.96
88,66,classroom,classroom:temporal-resolution-multiplexing_level1,classroom:stutter_level2,RIGHT,classroom:stutter_level2,classroom:temporal-resolution-multiplexing_level1,7.9752,239.99
88,67,classroom,classroom:temporal-resolution-multiplexing_level2,classroom:restir_level1,RIGHT,classroom:restir_level1,classroom:temporal-resolution-multiplexing_level2,3.317,239.98
88,68,marbles,marbles:judder_level1,marbles:dlss_rr_level1,LEFT,marbles:judder_level1,marbles:dlss_rr_level1,5.084,239.97
88,69,bistro_interior,bistro_interior:duration_flicker_level0,bistro_interior:judder_level1,RIGHT,bistro_interior:judder_level1,bistro_interior:duration_flicker_level0,3.3545,239.98
88,70,zeroday,zeroday:stutter_level2,zeroday:restir_level1,LEFT,zeroday:stutter_level2,zeroday:restir_level1,2.4459,240.01
88,71,landscape,landscape:motion_resolution_level1,landscape:duration_flicker_level0,LEFT,landscape:motion_resolution_level1,landscape:duration_flicker_level0,3.5834,240.01
88,72,landscape,landscape:restir_level2,landscape:dlss_rr_level0,RIGHT,landscape:dlss_rr_level0,landscape:restir_level2,2.2042,240.01
88,73,classroom,classroom:restir_level2,classroom:duration_flicker_level1,RIGHT,classroom:duration_flicker_level1,classroom:restir_level2,3.4625,240.0
88,74,bistro_exterior,bistro_exterior:dlss_rr_level2,bistro_exterior:noise_colors_level2,LEFT,bistro_exterior:dlss_rr_level2,bistro_exterior:noise_colors_level2,5.3091,239.97
88,75,zeroday,zeroday:motion_resolution_level2,zeroday:restir_level2,RIGHT,zeroday:restir_level2,zeroday:motion_resolution_level2,4.1542,240.01
88,76,marbles,marbles:motion_noise_level0,marbles:restir_level0,LEFT,marbles:motion_noise_level0,marbles:restir_level0,3.9672,239.97
88,77,pink_room,pink_room:judder_level2,pink_room:noise_colors_level2,LEFT,pink_room:judder_level2,pink_room:noise_colors_level2,9.9709,240.0
88,78,landscape,landscape:stutter_level0,landscape:temporal-resolution-multiplexing_level2,LEFT,landscape:stutter_level0,landscape:temporal-resolution-multiplexing_level2,2.7792,240.01
88,79,marbles,marbles:motion_noise_level2,marbles:dlss_rr_level0,LEFT,marbles:motion_noise_level2,marbles:dlss_rr_level0,3.9963,239.97
88,80,bistro_interior,bistro_interior:noise_colors_level2,bistro_interior:dlss_rr_level0,LEFT,bistro_interior:noise_colors_level2,bistro_interior:dlss_rr_level0,5.2334,240.0
88,81,attic,attic:stutter_level2,attic:dlss_rr_level1,LEFT,attic:stutter_level2,attic:dlss_rr_level1,2.8625,240.01
88,82,subway,subway:noise_colors_level2,subway:motion_resolution_level2,LEFT,subway:noise_colors_level2,subway:motion_resolution_level2,1.7709,240.01
88,83,attic,attic:noise_colors_level1,attic:stutter_level1,RIGHT,attic:stutter_level1,attic:noise_colors_level1,7.5126,240.0
88,84,classroom,classroom:restir_level1,classroom:restir_level2,LEFT,classroom:restir_level1,classroom:restir_level2,3.363,239.97
88,85,classroom,classroom:dlss_rr_level0,classroom:reference,RIGHT,classroom:reference,classroom:dlss_rr_level0,6.7917,240.0
88,86,zeroday,zeroday:restir_level0,zeroday:motion_noise_level1,RIGHT,zeroday:motion_noise_level1,zeroday:restir_level0,3.0542,240.01
88,87,bistro_interior,bistro_interior:judder_level0,bistro_interior:noise_colors_level0,RIGHT,bistro_interior:noise_colors_level0,bistro_interior:judder_level0,3.0668,240.0
88,88,bistro_interior,bistro_interior:restir_level0,bistro_interior:judder_level2,RIGHT,bistro_interior:judder_level2,bistro_interior:restir_level0,7.8709,240.0
88,89,bistro_exterior,bistro_exterior:dlss_rr_level0,bistro_exterior:restir_level0,RIGHT,bistro_exterior:restir_level0,bistro_exterior:dlss_rr_level0,4.8835,240.01
88,90,subway,subway:dlss_rr_level1,subway:duration_flicker_level2,LEFT,subway:dlss_rr_level1,subway:duration_flicker_level2,5.2,240.01
88,91,landscape,landscape:temporal-resolution-multiplexing_level2,landscape:dlss_rr_level2,LEFT,landscape:temporal-resolution-multiplexing_level2,landscape:dlss_rr_level2,9.0625,240.0
88,92,subway,subway:noise_colors_level1,subway:motion_resolution_level0,LEFT,subway:noise_colors_level1,subway:motion_resolution_level0,7.3,240.01
88,93,landscape,landscape:stutter_level1,landscape:judder_level2,LEFT,landscape:stutter_level1,landscape:judder_level2,3.9167,240.01
88,94,landscape,landscape:motion_resolution_level0,landscape:temporal-resolution-multiplexing_level2,LEFT,landscape:motion_resolution_level0,landscape:temporal-resolution-multiplexing_level2,6.2334,240.01
88,95,pink_room,pink_room:motion_noise_level2,pink_room:duration_flicker_level0,LEFT,pink_room:motion_noise_level2,pink_room:duration_flicker_level0,6.05,240.0
88,96,classroom,classroom:motion_resolution_level0,classroom:temporal-resolution-multiplexing_level0,RIGHT,classroom:temporal-resolution-multiplexing_level0,classroom:motion_resolution_level0,2.9667,240.01
88,97,attic,attic:dlss_rr_level2,attic:noise_colors_level2,RIGHT,attic:noise_colors_level2,attic:dlss_rr_level2,3.3255,239.97
88,98,pink_room,pink_room:restir_level0,pink_room:restir_level1,LEFT,pink_room:restir_level0,pink_room:restir_level1,5.7625,240.0
88,99,classroom,classroom:stutter_level2,classroom:duration_flicker_level0,LEFT,classroom:stutter_level2,classroom:duration_flicker_level0,4.9423,239.97
88,100,attic,attic:dlss_rr_level0,attic:noise_colors_level1,RIGHT,attic:noise_colors_level1,attic:dlss_rr_level0,4.7173,239.97
88,101,classroom,classroom:motion_noise_level2,classroom:stutter_level2,RIGHT,classroom:stutter_level2,classroom:motion_noise_level2,1.5625,240.01
88,102,bistro_exterior,bistro_exterior:judder_level0,bistro_exterior:stutter_level0,RIGHT,bistro_exterior:stutter_level0,bistro_exterior:judder_level0,6.3085,239.99
88,103,marbles,marbles:noise_colors_level1,marbles:duration_flicker_level0,LEFT,marbles:noise_colors_level1,marbles:duration_flicker_level0,2.5087,239.97
88,104,classroom,classroom:restir_level0,classroom:motion_resolution_level0,LEFT,classroom:restir_level0,classroom:motion_resolution_level0,5.3383,239.97
88,105,bistro_interior,bistro_interior:motion_noise_level1,bistro_interior:duration_flicker_level2,LEFT,bistro_interior:motion_noise_level1,bistro_interior:duration_flicker_level2,3.1839,239.96
88,106,bistro_exterior,bistro_exterior:stutter_level1,bistro_exterior:judder_level1,RIGHT,bistro_exterior:judder_level1,bistro_exterior:stutter_level1,6.0175,239.97
88,107,landscape,landscape:reference,landscape:temporal-resolution-multiplexing_level0,LEFT,landscape:reference,landscape:temporal-resolution-multiplexing_level0,6.6467,239.97
88,108,bistro_interior,bistro_interior:restir_level1,bistro_interior:noise_colors_level2,RIGHT,bistro_interior:noise_colors_level2,bistro_interior:restir_level1,2.6834,240.01
88,109,landscape,landscape:duration_flicker_level0,landscape:duration_flicker_level2,LEFT,landscape:duration_flicker_level0,landscape:duration_flicker_level2,1.575,240.01
88,110,subway,subway:temporal-resolution-multiplexing_level1,subway:stutter_level2,RIGHT,subway:stutter_level2,subway:temporal-resolution-multiplexing_level1,4.7959,240.01
88,111,classroom,classroom:dlss_rr_level0,classroom:judder_level1,RIGHT,classroom:judder_level1,classroom:dlss_rr_level0,2.375,240.01
88,112,bistro_exterior,bistro_exterior:stutter_level2,bistro_exterior:dlss_rr_level2,LEFT,bistro_exterior:stutter_level2,bistro_exterior:dlss_rr_level2,5.009,239.97
88,113,zeroday,zeroday:stutter_level2,zeroday:duration_flicker_level2,LEFT,zeroday:stutter_level2,zeroday:duration_flicker_level2,2.0167,240.01
88,114,classroom,classroom:noise_colors_level2,classroom:duration_flicker_level1,RIGHT,classroom:duration_flicker_level1,classroom:noise_colors_level2,2.5625,240.0
88,115,classroom,classroom:dlss_rr_level2,classroom:motion_noise_level1,RIGHT,classroom:motion_noise_level1,classroom:dlss_rr_level2,3.6667,240.01
88,116,subway,subway:judder_level1,subway:dlss_rr_level0,RIGHT,subway:dlss_rr_level0,subway:judder_level1,7.9625,240.0
88,117,classroom,classroom:stutter_level1,classroom:dlss_rr_level1,LEFT,classroom:stutter_level1,classroom:dlss_rr_level1,5.225,240.0
88,118,marbles,marbles:stutter_level1,marbles:reference,LEFT,marbles:stutter_level1,marbles:reference,5.2334,240.0
88,119,marbles,marbles:noise_colors_level1,marbles:temporal-resolution-multiplexing_level2,LEFT,marbles:noise_colors_level1,marbles:temporal-resolution-multiplexing_level2,3.5167,239.99
88,120,zeroday,zeroday:duration_flicker_level0,zeroday:noise_colors_level1,LEFT,zeroday:duration_flicker_level0,zeroday:noise_colors_level1,2.1834,240.0
88,121,attic,attic:duration_flicker_level2,attic:restir_level2,RIGHT,attic:restir_level2,attic:duration_flicker_level2,6.5292,240.0
88,122,bistro_exterior,bistro_exterior:duration_flicker_level2,bistro_exterior:temporal-resolution-multiplexing_level2,LEFT,bistro_exterior:duration_flicker_level2,bistro_exterior:temporal-resolution-multiplexing_level2,2.5586,239.98
88,123,pink_room,pink_room:judder_level1,pink_room:temporal-resolution-multiplexing_level0,RIGHT,pink_room:temporal-resolution-multiplexing_level0,pink_room:judder_level1,6.2924,239.97
88,124,subway,subway:judder_level1,subway:reference,RIGHT,subway:reference,subway:judder_level1,6.6459,240.0
88,125,zeroday,zeroday:stutter_level1,zeroday:temporal-resolution-multiplexing_level1,LEFT,zeroday:stutter_level1,zeroday:temporal-resolution-multiplexing_level1,2.6042,240.01
88,126,bistro_interior,bistro_interior:reference,bistro_interior:temporal-resolution-multiplexing_level0,LEFT,bistro_interior:reference,bistro_interior:temporal-resolution-multiplexing_level0,7.6209,240.0
88,127,zeroday,zeroday:motion_resolution_level1,zeroday:duration_flicker_level2,LEFT,zeroday:motion_resolution_level1,zeroday:duration_flicker_level2,6.45,240.0
88,128,marbles,marbles:dlss_rr_level2,marbles:duration_flicker_level1,LEFT,marbles:dlss_rr_level2,marbles:duration_flicker_level1,3.0465,240.12
88,129,landscape,landscape:judder_level0,landscape:reference,LEFT,landscape:judder_level0,landscape:reference,3.2293,240.0
88,130,classroom,classroom:stutter_level0,classroom:motion_resolution_level0,LEFT,classroom:stutter_level0,classroom:motion_resolution_level0,5.5167,240.0
88,131,bistro_interior,bistro_interior:reference,bistro_interior:stutter_level1,LEFT,bistro_interior:reference,bistro_interior:stutter_level1,3.5459,240.01
88,132,bistro_interior,bistro_interior:motion_resolution_level1,bistro_interior:stutter_level2,RIGHT,bistro_interior:stutter_level2,bistro_interior:motion_resolution_level1,2.8504,239.96
88,133,zeroday,zeroday:motion_noise_level1,zeroday:dlss_rr_level1,LEFT,zeroday:motion_noise_level1,zeroday:dlss_rr_level1,2.4168,240.01
88,134,pink_room,pink_room:stutter_level2,pink_room:restir_level2,LEFT,pink_room:stutter_level2,pink_room:restir_level2,6.4167,240.0
88,135,bistro_interior,bistro_interior:duration_flicker_level1,bistro_interior:motion_noise_level2,RIGHT,bistro_interior:motion_noise_level2,bistro_interior:duration_flicker_level1,3.1379,239.98
88,136,zeroday,zeroday:duration_flicker_level1,zeroday:temporal-resolution-multiplexing_level2,LEFT,zeroday:duration_flicker_level1,zeroday:temporal-resolution-multiplexing_level2,7.1668,240.0
88,137,classroom,classroom:duration_flicker_level1,classroom:duration_flicker_level2,LEFT,classroom:duration_flicker_level1,classroom:duration_flicker_level2,4.1918,239.99
88,138,pink_room,pink_room:noise_colors_level1,pink_room:restir_level1,LEFT,pink_room:noise_colors_level1,pink_room:restir_level1,2.8459,240.0
88,139,marbles,marbles:motion_resolution_level1,marbles:temporal-resolution-multiplexing_level2,RIGHT,marbles:temporal-resolution-multiplexing_level2,marbles:motion_resolution_level1,3.3963,239.97
88,140,bistro_exterior,bistro_exterior:dlss_rr_level1,bistro_exterior:duration_flicker_level1,LEFT,bistro_exterior:dlss_rr_level1,bistro_exterior:duration_flicker_level1,5.0049,239.97
88,141,classroom,classroom:motion_resolution_level1,classroom:motion_noise_level2,RIGHT,classroom:motion_noise_level2,classroom:motion_resolution_level1,5.1547,239.97
88,142,zeroday,zeroday:stutter_level1,zeroday:duration_flicker_level0,LEFT,zeroday:stutter_level1,zeroday:duration_flicker_level0,2.75,240.0
88,143,subway,subway:duration_flicker_level0,subway:motion_noise_level1,RIGHT,subway:motion_noise_level1,subway:duration_flicker_level0,7.6507,239.98
88,144,pink_room,pink_room:motion_noise_level1,pink_room:stutter_level1,LEFT,pink_room:motion_noise_level1,pink_room:stutter_level1,6.0918,240.0
88,145,subway,subway:motion_noise_level2,subway:restir_level0,RIGHT,subway:restir_level0,subway:motion_noise_level2,3.025,240.01
88,146,pink_room,pink_room:noise_colors_level0,pink_room:reference,LEFT,pink_room:noise_colors_level0,pink_room:reference,2.7834,240.0
88,147,classroom,classroom:noise_colors_level1,classroom:dlss_rr_level0,RIGHT,classroom:dlss_rr_level0,classroom:noise_colors_level1,3.9213,239.98
88,148,attic,attic:dlss_rr_level0,attic:stutter_level2,RIGHT,attic:stutter_level2,attic:dlss_rr_level0,5.5632,239.98
88,149,pink_room,pink_room:restir_level1,pink_room:dlss_rr_level0,LEFT,pink_room:restir_level1,pink_room:dlss_rr_level0,5.5417,240.0
88,150,attic,attic:noise_colors_level0,attic:reference,RIGHT,attic:reference,attic:noise_colors_level0,7.3459,240.0
88,151,zeroday,zeroday:stutter_level0,zeroday:motion_noise_level1,LEFT,zeroday:stutter_level0,zeroday:motion_noise_level1,2.9542,240.01
88,152,marbles,marbles:noise_colors_level1,marbles:judder_level2,LEFT,marbles:noise_colors_level1,marbles:judder_level2,3.4959,240.0
88,153,subway,subway:motion_noise_level1,subway:stutter_level2,LEFT,subway:motion_noise_level1,subway:stutter_level2,7.8126,240.0
88,154,zeroday,zeroday:stutter_level2,zeroday:duration_flicker_level0,LEFT,zeroday:stutter_level2,zeroday:duration_flicker_level0,4.175,240.0
88,155,pink_room,pink_room:stutter_level2,pink_room:duration_flicker_level1,LEFT,pink_room:stutter_level2,pink_room:duration_flicker_level1,4.7334,240.0
88,156,zeroday,zeroday:motion_noise_level0,zeroday:temporal-resolution-multiplexing_level1,LEFT,zeroday:motion_noise_level0,zeroday:temporal-resolution-multiplexing_level1,2.9917,240.01
88,157,subway,subway:motion_resolution_level0,subway:judder_level2,LEFT,subway:motion_resolution_level0,subway:judder_level2,5.1042,240.01
88,158,zeroday,zeroday:motion_noise_level2,zeroday:judder_level0,RIGHT,zeroday:judder_level0,zeroday:motion_noise_level2,4.4875,240.0
88,159,bistro_exterior,bistro_exterior:dlss_rr_level1,bistro_exterior:dlss_rr_level0,RIGHT,bistro_exterior:dlss_rr_level0,bistro_exterior:dlss_rr_level1,4.5587,239.99
88,160,zeroday,zeroday:judder_level0,zeroday:motion_resolution_level0,LEFT,zeroday:judder_level0,zeroday:motion_resolution_level0,3.0334,240.01
88,161,pink_room,pink_room:noise_colors_level1,pink_room:judder_level0,LEFT,pink_room:noise_colors_level1,pink_room:judder_level0,5.7792,240.0
88,162,subway,subway:temporal-resolution-multiplexing_level2,subway:noise_colors_level2,RIGHT,subway:noise_colors_level2,subway:temporal-resolution-multiplexing_level2,3.3459,240.01
88,163,classroom,classroom:dlss_rr_level0,classroom:motion_noise_level0,RIGHT,classroom:motion_noise_level0,classroom:dlss_rr_level0,5.6592,239.97
88,164,landscape,landscape:restir_level1,landscape:judder_level1,LEFT,landscape:restir_level1,landscape:judder_level1,4.7125,240.0
88,165,bistro_exterior,bistro_exterior:dlss_rr_level0,bistro_exterior:motion_noise_level2,RIGHT,bistro_exterior:motion_noise_level2,bistro_exterior:dlss_rr_level0,10.0379,239.99
88,166,attic,attic:motion_resolution_level1,attic:motion_resolution_level0,RIGHT,attic:motion_resolution_level0,attic:motion_resolution_level1,2.775,240.01
88,167,classroom,classroom:judder_level1,classroom:noise_colors_level0,RIGHT,classroom:noise_colors_level0,classroom:judder_level1,3.1629,239.97
88,168,bistro_interior,bistro_interior:motion_noise_level1,bistro_interior:judder_level0,LEFT,bistro_interior:motion_noise_level1,bistro_interior:judder_level0,7.2213,239.99
88,169,landscape,landscape:temporal-resolution-multiplexing_level1,landscape:dlss_rr_level1,LEFT,landscape:temporal-resolution-multiplexing_level1,landscape:dlss_rr_level1,4.7549,239.97
88,170,bistro_exterior,bistro_exterior:dlss_rr_level0,bistro_exterior:duration_flicker_level0,LEFT,bistro_exterior:dlss_rr_level0,bistro_exterior:duration_flicker_level0,4.6256,239.98
88,171,classroom,classroom:noise_colors_level1,classroom:restir_level1,LEFT,classroom:noise_colors_level1,classroom:restir_level1,6.4962,239.99
88,172,bistro_interior,bistro_interior:temporal-resolution-multiplexing_level2,bistro_interior:motion_noise_level1,RIGHT,bistro_interior:motion_noise_level1,bistro_interior:temporal-resolution-multiplexing_level2,2.1417,240.01
88,173,subway,subway:noise_colors_level0,subway:judder_level0,LEFT,subway:noise_colors_level0,subway:judder_level0,5.1709,240.01
88,174,classroom,classroom:stutter_level2,classroom:restir_level1,RIGHT,classroom:restir_level1,classroom:stutter_level2,6.3835,240.0
88,175,zeroday,zeroday:temporal-resolution-multiplexing_level1,zeroday:noise_colors_level0,LEFT,zeroday:temporal-resolution-multiplexing_level1,zeroday:noise_colors_level0,3.3375,240.0
88,176,attic,attic:temporal-resolution-multiplexing_level2,attic:restir_level2,RIGHT,attic:restir_level2,attic:temporal-resolution-multiplexing_level2,5.9216,239.97
88,177,zeroday,zeroday:dlss_rr_level0,zeroday:reference,LEFT,zeroday:dlss_rr_level0,zeroday:reference,2.0084,240.01
88,178,marbles,marbles:noise_colors_level0,marbles:stutter_level1,LEFT,marbles:noise_colors_level0,marbles:stutter_level1,4.1459,240.0
88,179,bistro_interior,bistro_interior:dlss_rr_level0,bistro_interior:temporal-resolution-multiplexing_level2,RIGHT,bistro_interior:temporal-resolution-multiplexing_level2,bistro_interior:dlss_rr_level0,7.3551,239.97
88,180,classroom,classroom:motion_resolution_level2,classroom:restir_level2,RIGHT,classroom:restir_level2,classroom:motion_resolution_level2,2.5379,239.97
88,181,bistro_exterior,bistro_exterior:judder_level0,bistro_exterior:motion_noise_level0,RIGHT,bistro_exterior:motion_noise_level0,bistro_exterior:judder_level0,7.2417,240.0
88,182,landscape,landscape:duration_flicker_level1,landscape:temporal-resolution-multiplexing_level2,RIGHT,landscape:temporal-resolution-multiplexing_level2,landscape:duration_flicker_level1,2.4875,240.01
88,183,subway,subway:noise_colors_level2,subway:restir_level0,LEFT,subway:noise_colors_level2,subway:restir_level0,5.6584,240.0
88,184,classroom,classroom:judder_level0,classroom:temporal-resolution-multiplexing_level1,RIGHT,classroom:temporal-resolution-multiplexing_level1,classroom:judder_level0,7.6882,239.98
88,185,pink_room,pink_room:stutter_level0,pink_room:temporal-resolution-multiplexing_level0,RIGHT,pink_room:temporal-resolution-multiplexing_level0,pink_room:stutter_level0,6.9375,240.0
88,186,pink_room,pink_room:stutter_level0,pink_room:motion_noise_level1,LEFT,pink_room:stutter_level0,pink_room:motion_noise_level1,11.375,240.0
88,187,attic,attic:motion_noise_level2,attic:duration_flicker_level0,LEFT,attic:motion_noise_level2,attic:duration_flicker_level0,5.5417,240.0
88,188,subway,subway:stutter_level1,subway:motion_resolution_level0,LEFT,subway:stutter_level1,subway:motion_resolution_level0,9.6334,240.0
88,189,bistro_exterior,bistro_exterior:duration_flicker_level2,bistro_exterior:noise_colors_level2,RIGHT,bistro_exterior:noise_colors_level2,bistro_exterior:duration_flicker_level2,5.259,239.97
88,190,landscape,landscape:motion_resolution_level2,landscape:duration_flicker_level1,LEFT,landscape:motion_resolution_level2,landscape:duration_flicker_level1,5.825,240.0
88,191,pink_room,pink_room:motion_resolution_level0,pink_room:judder_level0,RIGHT,pink_room:judder_level0,pink_room:motion_resolution_level0,7.3959,239.99
88,192,landscape,landscape:judder_level0,landscape:motion_noise_level1,RIGHT,landscape:motion_noise_level1,landscape:judder_level0,4.9084,240.0
88,193,bistro_interior,bistro_interior:dlss_rr_level1,bistro_interior:noise_colors_level2,RIGHT,bistro_interior:noise_colors_level2,bistro_interior:dlss_rr_level1,4.3625,240.0
88,194,bistro_exterior,bistro_exterior:noise_colors_level2,bistro_exterior:motion_resolution_level0,RIGHT,bistro_exterior:motion_resolution_level0,bistro_exterior:noise_colors_level2,4.0167,240.0
88,195,marbles,marbles:restir_level0,marbles:dlss_rr_level1,RIGHT,marbles:dlss_rr_level1,marbles:restir_level0,4.8959,240.0
88,196,pink_room,pink_room:dlss_rr_level1,pink_room:noise_colors_level1,RIGHT,pink_room:noise_colors_level1,pink_room:dlss_rr_level1,1.6542,239.99
88,197,landscape,landscape:judder_level2,landscape:judder_level1,RIGHT,landscape:judder_level1,landscape:judder_level2,2.4375,240.01
88,198,pink_room,pink_room:restir_level2,pink_room:temporal-resolution-multiplexing_level2,RIGHT,pink_room:temporal-resolution-multiplexing_level2,pink_room:restir_level2,4.8584,240.0
88,199,bistro_exterior,bistro_exterior:dlss_rr_level0,bistro_exterior:judder_level2,RIGHT,bistro_exterior:judder_level2,bistro_exterior:dlss_rr_level0,4.3375,240.0
88,200,landscape,landscape:judder_level0,landscape:motion_noise_level0,LEFT,landscape:judder_level0,landscape:motion_noise_level0,1.8584,240.0
88,201,marbles,marbles:noise_colors_level1,marbles:restir_level2,LEFT,marbles:noise_colors_level1,marbles:restir_level2,3.375,240.0
88,202,bistro_exterior,bistro_exterior:motion_noise_level1,bistro_exterior:reference,RIGHT,bistro_exterior:reference,bistro_exterior:motion_noise_level1,13.9542,240.0
88,203,bistro_exterior,bistro_exterior:motion_resolution_level0,bistro_exterior:restir_level2,LEFT,bistro_exterior:motion_resolution_level0,bistro_exterior:restir_level2,4.6544,239.98
88,204,bistro_interior,bistro_interior:duration_flicker_level0,bistro_interior:noise_colors_level1,RIGHT,bistro_interior:noise_colors_level1,bistro_interior:duration_flicker_level0,6.2625,240.0
88,205,marbles,marbles:stutter_level0,marbles:noise_colors_level0,LEFT,marbles:stutter_level0,marbles:noise_colors_level0,3.8709,240.01
88,206,bistro_interior,bistro_interior:restir_level2,bistro_interior:motion_resolution_level2,RIGHT,bistro_interior:motion_resolution_level2,bistro_interior:restir_level2,5.45,240.0
88,207,attic,attic:noise_colors_level0,attic:motion_noise_level0,RIGHT,attic:motion_noise_level0,attic:noise_colors_level0,7.4417,240.0
88,208,subway,subway:judder_level0,subway:motion_resolution_level0,LEFT,subway:judder_level0,subway:motion_resolution_level0,6.3917,240.0
88,209,subway,subway:reference,subway:temporal-resolution-multiplexing_level0,LEFT,subway:reference,subway:temporal-resolution-multiplexing_level0,4.9167,240.0
88,210,bistro_exterior,bistro_exterior:restir_level1,bistro_exterior:judder_level2,RIGHT,bistro_exterior:judder_level2,bistro_exterior:restir_level1,6.0962,239.99
88,211,bistro_exterior,bistro_exterior:stutter_level1,bistro_exterior:duration_flicker_level0,LEFT,bistro_exterior:stutter_level1,bistro_exterior:duration_flicker_level0,3.9881,239.96
88,212,bistro_interior,bistro_interior:stutter_level2,bistro_interior:dlss_rr_level1,LEFT,bistro_interior:stutter_level2,bistro_interior:dlss_rr_level1,3.6422,239.97
88,213,attic,attic:stutter_level0,attic:duration_flicker_level0,LEFT,attic:stutter_level0,attic:duration_flicker_level0,3.1046,239.97
88,214,attic,attic:motion_noise_level2,attic:restir_level0,LEFT,attic:motion_noise_level2,attic:restir_level0,7.4385,239.97
88,215,subway,subway:motion_noise_level1,subway:motion_resolution_level1,LEFT,subway:motion_noise_level1,subway:motion_resolution_level1,4.7667,240.01
88,216,attic,attic:judder_level2,attic:noise_colors_level0,LEFT,attic:judder_level2,attic:noise_colors_level0,5.1834,240.0
88,217,marbles,marbles:reference,marbles:judder_level1,LEFT,marbles:reference,marbles:judder_level1,3.1292,240.01
88,218,bistro_exterior,bistro_exterior:stutter_level0,bistro_exterior:judder_level1,RIGHT,bistro_exterior:judder_level1,bistro_exterior:stutter_level0,6.5792,240.0
88,219,marbles,marbles:noise_colors_level0,marbles:judder_level0,LEFT,marbles:noise_colors_level0,marbles:judder_level0,2.2709,240.02
88,220,marbles,marbles:noise_colors_level0,marbles:temporal-resolution-multiplexing_level0,LEFT,marbles:noise_colors_level0,marbles:temporal-resolution-multiplexing_level0,3.0001,239.99
88,221,bistro_interior,bistro_interior:judder_level1,bistro_interior:motion_noise_level0,RIGHT,bistro_interior:motion_noise_level0,bistro_interior:judder_level1,2.0711,239.98
88,222,attic,attic:duration_flicker_level1,attic:motion_noise_level2,LEFT,attic:duration_flicker_level1,attic:motion_noise_level2,6.7042,240.0
88,223,marbles,marbles:motion_noise_level1,marbles:restir_level1,LEFT,marbles:motion_noise_level1,marbles:restir_level1,3.2631,239.96
88,224,subway,subway:dlss_rr_level2,subway:dlss_rr_level1,LEFT,subway:dlss_rr_level2,subway:dlss_rr_level1,9.0375,240.0
88,225,attic,attic:motion_noise_level2,attic:judder_level2,LEFT,attic:motion_noise_level2,attic:judder_level2,2.55,240.01
88,226,bistro_exterior,bistro_exterior:noise_colors_level1,bistro_exterior:restir_level1,LEFT,bistro_exterior:noise_colors_level1,bistro_exterior:restir_level1,4.3965,239.97
88,227,marbles,marbles:restir_level1,marbles:noise_colors_level1,LEFT,marbles:restir_level1,marbles:noise_colors_level1,3.3461,239.99
88,228,subway,subway:dlss_rr_level1,subway:dlss_rr_level0,RIGHT,subway:dlss_rr_level0,subway:dlss_rr_level1,4.65,240.01
88,229,marbles,marbles:reference,marbles:dlss_rr_level0,RIGHT,marbles:dlss_rr_level0,marbles:reference,3.7459,240.0
88,230,attic,attic:duration_flicker_level0,attic:temporal-resolution-multiplexing_level0,LEFT,attic:duration_flicker_level0,attic:temporal-resolution-multiplexing_level0,3.1,240.0
88,231,subway,subway:motion_resolution_level0,subway:stutter_level0,RIGHT,subway:stutter_level0,subway:motion_resolution_level0,4.9709,240.0
88,232,bistro_exterior,bistro_exterior:motion_resolution_level0,bistro_exterior:dlss_rr_level1,LEFT,bistro_exterior:motion_resolution_level0,bistro_exterior:dlss_rr_level1,4.3965,239.97
88,233,bistro_exterior,bistro_exterior:motion_noise_level0,bistro_exterior:noise_colors_level0,LEFT,bistro_exterior:motion_noise_level0,bistro_exterior:noise_colors_level0,3.6834,240.0
88,234,bistro_interior,bistro_interior:restir_level2,bistro_interior:dlss_rr_level1,LEFT,bistro_interior:restir_level2,bistro_interior:dlss_rr_level1,2.7878,239.98
88,235,subway,subway:noise_colors_level2,subway:dlss_rr_level2,RIGHT,subway:dlss_rr_level2,subway:noise_colors_level2,7.4003,239.99
88,236,bistro_interior,bistro_interior:stutter_level0,bistro_interior:stutter_level1,RIGHT,bistro_interior:stutter_level1,bistro_interior:stutter_level0,1.7834,240.01
88,237,bistro_interior,bistro_interior:dlss_rr_level1,bistro_interior:motion_resolution_level0,RIGHT,bistro_interior:motion_resolution_level0,bistro_interior:dlss_rr_level1,2.659,239.96
88,238,marbles,marbles:dlss_rr_level2,marbles:noise_colors_level2,LEFT,marbles:dlss_rr_level2,marbles:noise_colors_level2,3.4879,239.98
88,239,subway,subway:dlss_rr_level1,subway:motion_noise_level1,LEFT,subway:dlss_rr_level1,subway:motion_noise_level1,4.9465,239.97
88,240,subway,subway:restir_level2,subway:temporal-resolution-multiplexing_level2,LEFT,subway:restir_level2,subway:temporal-resolution-multiplexing_level2,2.275,240.01
88,241,bistro_interior,bistro_interior:temporal-resolution-multiplexing_level1,bistro_interior:motion_noise_level1,LEFT,bistro_interior:temporal-resolution-multiplexing_level1,bistro_interior:motion_noise_level1,1.8625,240.01
88,242,bistro_interior,bistro_interior:duration_flicker_level0,bistro_interior:judder_level0,LEFT,bistro_interior:duration_flicker_level0,bistro_interior:judder_level0,1.8667,240.01
88,243,subway,subway:duration_flicker_level1,subway:stutter_level2,RIGHT,subway:stutter_level2,subway:duration_flicker_level1,3.9459,240.01
Jorge,1,bistro_interior,bistro_interior:dlss_rr_level1,bistro_interior:judder_level0,RIGHT,bistro_interior:judder_level0,bistro_interior:dlss_rr_level1,3.5549,240.11
Jorge,2,classroom,classroom:duration_flicker_level2,classroom:noise_colors_level0,RIGHT,classroom:noise_colors_level0,classroom:duration_flicker_level2,4.5133,240.07
Jorge,3,landscape,landscape:dlss_rr_level0,landscape:motion_noise_level0,RIGHT,landscape:motion_noise_level0,landscape:dlss_rr_level0,5.4885,240.16
Jorge,4,zeroday,zeroday:restir_level2,zeroday:motion_resolution_level1,RIGHT,zeroday:motion_resolution_level1,zeroday:restir_level2,5.5843,240.05
Jorge,5,subway,subway:judder_level1,subway:temporal-resolution-multiplexing_level1,LEFT,subway:judder_level1,subway:temporal-resolution-multiplexing_level1,5.3427,240.06
Jorge,6,zeroday,zeroday:dlss_rr_level2,zeroday:noise_colors_level0,RIGHT,zeroday:noise_colors_level0,zeroday:dlss_rr_level2,5.3967,240.05
Jorge,7,attic,attic:dlss_rr_level0,attic:noise_colors_level2,LEFT,attic:dlss_rr_level0,attic:noise_colors_level2,5.2342,240.07
Jorge,8,classroom,classroom:duration_flicker_level0,classroom:stutter_level0,RIGHT,classroom:stutter_level0,classroom:duration_flicker_level0,4.4424,240.07
Jorge,9,classroom,classroom:noise_colors_level2,classroom:judder_level1,RIGHT,classroom:judder_level1,classroom:noise_colors_level2,4.83,240.07
Jorge,10,marbles,marbles:restir_level0,marbles:duration_flicker_level0,LEFT,marbles:restir_level0,marbles:duration_flicker_level0,5.5468,240.06
Jorge,11,marbles,marbles:motion_resolution_level2,marbles:dlss_rr_level1,RIGHT,marbles:dlss_rr_level1,marbles:motion_resolution_level2,5.3176,240.06
Jorge,12,subway,subway:temporal-resolution-multiplexing_level2,subway:motion_noise_level2,LEFT,subway:temporal-resolution-multiplexing_level2,subway:motion_noise_level2,5.4593,240.06
Jorge,13,marbles,marbles:temporal-resolution-multiplexing_level0,marbles:motion_resolution_level2,LEFT,marbles:temporal-resolution-multiplexing_level0,marbles:motion_resolution_level2,5.2718,240.06
Jorge,14,bistro_exterior,bistro_exterior:motion_resolution_level0,bistro_exterior:restir_level2,RIGHT,bistro_exterior:restir_level2,bistro_exterior:motion_resolution_level0,11.3018,240.01
Jorge,15,bistro_exterior,bistro_exterior:judder_level1,bistro_exterior:noise_colors_level1,LEFT,bistro_exterior:judder_level1,bistro_exterior:noise_colors_level1,5.3844,240.06
Jorge,16,bistro_interior,bistro_interior:noise_colors_level0,bistro_interior:temporal-resolution-multiplexing_level1,LEFT,bistro_interior:noise_colors_level0,bistro_interior:temporal-resolution-multiplexing_level1,5.6384,240.05
Jorge,17,subway,subway:motion_noise_level0,subway:duration_flicker_level2,LEFT,subway:motion_noise_level0,subway:duration_flicker_level2,6.5386,240.04
Jorge,18,zeroday,zeroday:stutter_level1,zeroday:stutter_level2,LEFT,zeroday:stutter_level1,zeroday:stutter_level2,5.5927,240.05
Jorge,19,classroom,classroom:motion_noise_level2,classroom:temporal-resolution-multiplexing_level2,LEFT,classroom:motion_noise_level2,classroom:temporal-resolution-multiplexing_level2,5.2842,240.06
Jorge,20,landscape,landscape:temporal-resolution-multiplexing_level2,landscape:duration_flicker_level1,LEFT,landscape:temporal-resolution-multiplexing_level2,landscape:duration_flicker_level1,5.6884,240.06
Jorge,21,zeroday,zeroday:judder_level2,zeroday:restir_level1,RIGHT,zeroday:restir_level1,zeroday:judder_level2,10.6474,240.02
Jorge,22,bistro_interior,bistro_interior:duration_flicker_level2,bistro_interior:motion_resolution_level2,LEFT,bistro_interior:duration_flicker_level2,bistro_interior:motion_resolution_level2,5.401,240.05
Jorge,23,landscape,landscape:judder_level2,landscape:dlss_rr_level2,LEFT,landscape:judder_level2,landscape:dlss_rr_level2,5.6552,240.04
Jorge,24,bistro_interior,bistro_interior:stutter_level1,bistro_interior:duration_flicker_level1,RIGHT,bistro_interior:duration_flicker_level1,bistro_interior:stutter_level1,5.4385,240.05
Jorge,25,attic,attic:temporal-resolution-multiplexing_level2,attic:judder_level0,RIGHT,attic:judder_level0,attic:temporal-resolution-multiplexing_level2,5.251,240.06
Jorge,26,subway,subway:dlss_rr_level0,subway:stutter_level0,RIGHT,subway:stutter_level0,subway:dlss_rr_level0,5.4218,240.06
Jorge,27,attic,attic:dlss_rr_level2,attic:motion_noise_level1,RIGHT,attic:motion_noise_level1,attic:dlss_rr_level2,5.2552,240.07
Jorge,28,bistro_interior,bistro_interior:temporal-resolution-multiplexing_level2,bistro_interior:motion_noise_level2,RIGHT,bistro_interior:motion_noise_level2,bistro_interior:temporal-resolution-multiplexing_level2,7.1219,240.03
Jorge,29,marbles,marbles:duration_flicker_level0,marbles:motion_resolution_level0,RIGHT,marbles:motion_resolution_level0,marbles:duration_flicker_level0,5.7385,240.05
Jorge,30,zeroday,zeroday:judder_level1,zeroday:noise_colors_level2,LEFT,zeroday:judder_level1,zeroday:noise_colors_level2,5.726,240.06
Jorge,31,classroom,classroom:judder_level0,classroom:motion_resolution_level2,LEFT,classroom:judder_level0,classroom:motion_resolution_level2,4.8508,240.08
Jorge,32,bistro_interior,bistro_interior:restir_level1,bistro_interior:duration_flicker_level1,RIGHT,bistro_interior:duration_flicker_level1,bistro_interior:restir_level1,5.6176,240.06
Jorge,33,landscape,landscape:duration_flicker_level1,landscape:motion_resolution_level1,LEFT,landscape:duration_flicker_level1,landscape:motion_resolution_level1,5.6718,240.04
Jorge,34,marbles,marbles:judder_level2,marbles:restir_level1,RIGHT,marbles:restir_level1,marbles:judder_level2,5.226,240.06
Jorge,35,attic,attic:stutter_level2,attic:temporal-resolution-multiplexing_level2,RIGHT,attic:temporal-resolution-multiplexing_level2,attic:stutter_level2,11.1684,240.01
Jorge,36,classroom,classroom:restir_level0,classroom:noise_colors_level1,LEFT,classroom:restir_level0,classroom:noise_colors_level1,4.5967,240.06
Jorge,37,landscape,landscape:restir_level1,landscape:restir_level2,LEFT,landscape:restir_level1,landscape:restir_level2,5.376,240.06
Jorge,38,landscape,landscape:motion_noise_level1,landscape:judder_level2,LEFT,landscape:motion_noise_level1,landscape:judder_level2,5.3718,240.06
Jorge,39,subway,subway:duration_flicker_level0,subway:dlss_rr_level0,LEFT,subway:duration_flicker_level0,subway:dlss_rr_level0,7.8888,240.03
Jorge,40,landscape,landscape:duration_flicker_level0,landscape:dlss_rr_level2,LEFT,landscape:duration_flicker_level0,landscape:dlss_rr_level2,10.0599,240.02
Jorge,41,marbles,marbles:stutter_level0,marbles:noise_colors_level1,LEFT,marbles:stutter_level0,marbles:noise_colors_level1,4.8382,240.06
Jorge,42,attic,attic:judder_level1,attic:dlss_rr_level1,LEFT,attic:judder_level1,attic:dlss_rr_level1,4.955,240.08
Jorge,43,landscape,landscape:motion_resolution_level0,landscape:noise_colors_level2,LEFT,landscape:motion_resolution_level0,landscape:noise_colors_level2,5.376,240.05
Jorge,44,zeroday,zeroday:noise_colors_level2,zeroday:restir_level0,LEFT,zeroday:noise_colors_level2,zeroday:restir_level0,5.5427,240.05
Jorge,45,landscape,landscape:motion_noise_level1,landscape:noise_colors_level1,RIGHT,landscape:noise_colors_level1,landscape:motion_noise_level1,6.897,240.04
Jorge,46,attic,attic:duration_flicker_level0,attic:duration_flicker_level2,LEFT,attic:duration_flicker_level0,attic:duration_flicker_level2,4.9718,240.06
Jorge,47,zeroday,zeroday:duration_flicker_level0,zeroday:judder_level1,RIGHT,zeroday:judder_level1,zeroday:duration_flicker_level0,5.8635,240.04
Jorge,48,classroom,classroom:dlss_rr_level0,classroom:judder_level2,LEFT,classroom:dlss_rr_level0,classroom:judder_level2,4.7466,240.07
Jorge,49,pink_room,pink_room:duration_flicker_level1,pink_room:restir_level1,RIGHT,pink_room:restir_level1,pink_room:duration_flicker_level1,5.3386,240.05
Jorge,50,landscape,landscape:duration_flicker_level2,landscape:temporal-resolution-multiplexing_level1,RIGHT,landscape:temporal-resolution-multiplexing_level1,landscape:duration_flicker_level2,5.455,240.06
Jorge,51,pink_room,pink_room:judder_level2,pink_room:stutter_level2,LEFT,pink_room:judder_level2,pink_room:stutter_level2,5.3551,240.05
Jorge,52,marbles,marbles:dlss_rr_level1,marbles:judder_level0,RIGHT,marbles:judder_level0,marbles:dlss_rr_level1,4.9884,240.1
Jorge,53,attic,attic:restir_level0,attic:motion_noise_level0,RIGHT,attic:motion_noise_level0,attic:restir_level0,4.8218,240.06
Jorge,54,landscape,landscape:judder_level1,landscape:stutter_level2,LEFT,landscape:judder_level1,landscape:stutter_level2,5.3969,240.05
Jorge,55,marbles,marbles:duration_flicker_level0,marbles:duration_flicker_level2,LEFT,marbles:duration_flicker_level0,marbles:duration_flicker_level2,4.5174,240.08
Jorge,56,subway,subway:motion_resolution_level2,subway:duration_flicker_level2,RIGHT,subway:duration_flicker_level2,subway:motion_resolution_level2,7.1804,240.03
Jorge,57,zeroday,zeroday:stutter_level1,zeroday:judder_level0,LEFT,zeroday:stutter_level1,zeroday:judder_level0,6.2594,240.04
Jorge,58,attic,attic:dlss_rr_level2,attic:duration_flicker_level1,RIGHT,attic:duration_flicker_level1,attic:dlss_rr_level2,4.7466,240.07
Jorge,59,attic,attic:restir_level1,attic:stutter_level0,RIGHT,attic:stutter_level0,attic:restir_level1,5.0843,240.05
Jorge,60,pink_room,pink_room:duration_flicker_level0,pink_room:noise_colors_level0,RIGHT,pink_room:noise_colors_level0,pink_room:duration_flicker_level0,5.4468,240.05
Jorge,61,subway,subway:restir_level0,subway:noise_colors_level0,RIGHT,subway:noise_colors_level0,subway:restir_level0,5.2801,240.06
Jorge,62,landscape,landscape:judder_level0,landscape:restir_level2,RIGHT,landscape:restir_level2,landscape:judder_level0,7.0053,240.05
Jorge,63,landscape,landscape:restir_level0,landscape:motion_resolution_level2,LEFT,landscape:restir_level0,landscape:motion_resolution_level2,5.4093,240.06
Jorge,64,marbles,marbles:temporal-resolution-multiplexing_level2,marbles:dlss_rr_level2,RIGHT,marbles:dlss_rr_level2,marbles:temporal-resolution-multiplexing_level2,4.9134,240.07
Jorge,65,subway,subway:noise_colors_level1,subway:dlss_rr_level2,LEFT,subway:noise_colors_level1,subway:dlss_rr_level2,5.4426,240.05
Jorge,66,subway,subway:motion_resolution_level0,subway:motion_resolution_level2,LEFT,subway:motion_resolution_level0,subway:motion_resolution_level2,5.401,240.06
Jorge,67,zeroday,zeroday:temporal-resolution-multiplexing_level2,zeroday:judder_level2,RIGHT,zeroday:judder_level2,zeroday:temporal-resolution-multiplexing_level2,5.8135,240.05
Jorge,68,marbles,marbles:duration_flicker_level1,marbles:dlss_rr_level2,RIGHT,marbles:dlss_rr_level2,marbles:duration_flicker_level1,5.8886,240.04
Jorge,69,bistro_interior,bistro_interior:dlss_rr_level2,bistro_interior:dlss_rr_level0,RIGHT,bistro_interior:dlss_rr_level0,bistro_interior:dlss_rr_level2,5.2594,240.06
Jorge,70,classroom,classroom:restir_level1,classroom:motion_resolution_level2,LEFT,classroom:restir_level1,classroom:motion_resolution_level2,4.6509,240.07
Jorge,71,attic,attic:motion_noise_level0,attic:dlss_rr_level1,LEFT,attic:motion_noise_level0,attic:dlss_rr_level1,4.7801,240.06
Jorge,72,pink_room,pink_room:restir_level0,pink_room:duration_flicker_level2,LEFT,pink_room:restir_level0,pink_room:duration_flicker_level2,5.3135,240.06
Jorge,73,subway,subway:dlss_rr_level1,subway:duration_flicker_level1,LEFT,subway:dlss_rr_level1,subway:duration_flicker_level1,5.451,240.05
Jorge,74,landscape,landscape:dlss_rr_level0,landscape:stutter_level0,RIGHT,landscape:stutter_level0,landscape:dlss_rr_level0,5.326,240.05
Jorge,75,bistro_exterior,bistro_exterior:judder_level1,bistro_exterior:noise_colors_level2,LEFT,bistro_exterior:judder_level1,bistro_exterior:noise_colors_level2,5.4343,240.05
Jorge,76,pink_room,pink_room:temporal-resolution-multiplexing_level0,pink_room:judder_level2,LEFT,pink_room:temporal-resolution-multiplexing_level0,pink_room:judder_level2,5.4969,240.06
Jorge,77,attic,attic:restir_level2,attic:duration_flicker_level2,RIGHT,attic:duration_flicker_level2,attic:restir_level2,5.3593,240.06
Jorge,78,zeroday,zeroday:dlss_rr_level1,zeroday:temporal-resolution-multiplexing_level2,LEFT,zeroday:dlss_rr_level1,zeroday:temporal-resolution-multiplexing_level2,5.4259,240.06
Jorge,79,bistro_exterior,bistro_exterior:temporal-resolution-multiplexing_level2,bistro_exterior:motion_noise_level0,RIGHT,bistro_exterior:motion_noise_level0,bistro_exterior:temporal-resolution-multiplexing_level2,5.4885,240.05
Jorge,80,subway,subway:noise_colors_level0,subway:judder_level0,RIGHT,subway:judder_level0,subway:noise_colors_level0,5.3135,240.06
Jorge,81,bistro_interior,bistro_interior:duration_flicker_level1,bistro_interior:dlss_rr_level1,LEFT,bistro_interior:duration_flicker_level1,bistro_interior:dlss_rr_level1,5.4468,240.07
Jorge,82,bistro_exterior,bistro_exterior:temporal-resolution-multiplexing_level0,bistro_exterior:restir_level0,LEFT,bistro_exterior:temporal-resolution-multiplexing_level0,bistro_exterior:restir_level0,7.3054,240.04
Jorge,83,landscape,landscape:duration_flicker_level2,landscape:motion_noise_level0,RIGHT,landscape:motion_noise_level0,landscape:duration_flicker_level2,5.3511,240.05
Jorge,84,bistro_exterior,bistro_exterior:motion_resolution_level2,bistro_exterior:dlss_rr_level1,RIGHT,bistro_exterior:dlss_rr_level1,bistro_exterior:motion_resolution_level2,5.4759,240.06
Jorge,85,bistro_exterior,bistro_exterior:judder_level0,bistro_exterior:stutter_level2,LEFT,bistro_exterior:judder_level0,bistro_exterior:stutter_level2,5.4759,240.06
Jorge,86,zeroday,zeroday:duration_flicker_level2,zeroday:motion_noise_level1,RIGHT,zeroday:motion_noise_level1,zeroday:duration_flicker_level2,5.5635,240.05
Jorge,87,subway,subway:noise_colors_level1,subway:motion_resolution_level1,LEFT,subway:noise_colors_level1,subway:motion_resolution_level1,9.5557,240.02
Jorge,88,landscape,landscape:temporal-resolution-multiplexing_level0,landscape:duration_flicker_level1,LEFT,landscape:temporal-resolution-multiplexing_level0,landscape:duration_flicker_level1,5.3636,240.05
Jorge,89,pink_room,pink_room:duration_flicker_level0,pink_room:noise_colors_level1,RIGHT,pink_room:noise_colors_level1,pink_room:duration_flicker_level0,5.605,240.05
Jorge,90,classroom,classroom:duration_flicker_level1,classroom:restir_level2,RIGHT,classroom:restir_level2,classroom:duration_flicker_level1,4.7426,240.07
Jorge,91,classroom,classroom:duration_flicker_level0,classroom:dlss_rr_level0,RIGHT,classroom:dlss_rr_level0,classroom:duration_flicker_level0,5.0676,240.07
Jorge,92,landscape,landscape:motion_resolution_level0,landscape:motion_resolution_level2,LEFT,landscape:motion_resolution_level0,landscape:motion_resolution_level2,6.2385,240.04
Jorge,93,marbles,marbles:motion_noise_level1,marbles:noise_colors_level1,LEFT,marbles:motion_noise_level1,marbles:noise_colors_level1,5.3717,240.05
Jorge,94,bistro_interior,bistro_interior:noise_colors_level1,bistro_interior:motion_noise_level1,RIGHT,bistro_interior:motion_noise_level1,bistro_interior:noise_colors_level1,8.6181,240.02
Jorge,95,attic,attic:dlss_rr_level0,attic:motion_noise_level0,RIGHT,attic:motion_noise_level0,attic:dlss_rr_level0,4.8259,240.11
Jorge,96,landscape,landscape:duration_flicker_level1,landscape:dlss_rr_level1,LEFT,landscape:duration_flicker_level1,landscape:dlss_rr_level1,6.6387,240.03
Jorge,97,marbles,marbles:dlss_rr_level2,marbles:dlss_rr_level0,RIGHT,marbles:dlss_rr_level0,marbles:dlss_rr_level2,8.4638,240.03
Jorge,98,marbles,marbles:restir_level2,marbles:judder_level1,RIGHT,marbles:judder_level1,marbles:restir_level2,5.426,240.05
Jorge,99,zeroday,zeroday:duration_flicker_level1,zeroday:stutter_level2,LEFT,zeroday:duration_flicker_level1,zeroday:stutter_level2,9.4932,240.02
Jorge,100,subway,subway:duration_flicker_level0,subway:duration_flicker_level2,LEFT,subway:duration_flicker_level0,subway:duration_flicker_level2,5.2218,240.05
Jorge,101,bistro_interior,bistro_interior:motion_noise_level2,bistro_interior:temporal-resolution-multiplexing_level0,RIGHT,bistro_interior:temporal-resolution-multiplexing_level0,bistro_interior:motion_noise_level2,4.8676,240.05
Jorge,102,marbles,marbles:judder_level2,marbles:dlss_rr_level2,RIGHT,marbles:dlss_rr_level2,marbles:judder_level2,4.3634,240.06
Jorge,103,landscape,landscape:restir_level0,landscape:noise_colors_level0,LEFT,landscape:restir_level0,landscape:noise_colors_level0,5.3343,240.06
Jorge,104,zeroday,zeroday:motion_noise_level2,zeroday:dlss_rr_level0,RIGHT,zeroday:dlss_rr_level0,zeroday:motion_noise_level2,5.4385,240.05
Jorge,105,landscape,landscape:restir_level0,landscape:judder_level1,RIGHT,landscape:judder_level1,landscape:restir_level0,5.3509,240.06
Jorge,106,bistro_exterior,bistro_exterior:judder_level0,bistro_exterior:noise_colors_level0,RIGHT,bistro_exterior:noise_colors_level0,bistro_exterior:judder_level0,6.0052,240.05
Jorge,107,attic,attic:judder_level0,attic:judder_level2,LEFT,attic:judder_level0,attic:judder_level2,5.0134,240.06
Jorge,108,attic,attic:noise_colors_level1,attic:temporal-resolution-multiplexing_level0,RIGHT,attic:temporal-resolution-multiplexing_level0,attic:noise_colors_level1,4.9051,240.06
Jorge,109,classroom,classroom:judder_level2,classroom:restir_level1,LEFT,classroom:judder_level2,classroom:restir_level1,5.0968,240.05
Jorge,110,classroom,classroom:judder_level0,classroom:duration_flicker_level1,LEFT,classroom:judder_level0,classroom:duration_flicker_level1,4.7635,240.05
Jorge,111,bistro_interior,bistro_interior:duration_flicker_level2,bistro_interior:dlss_rr_level0,LEFT,bistro_interior:duration_flicker_level2,bistro_interior:dlss_rr_level0,4.8633,240.07
Jorge,112,zeroday,zeroday:noise_colors_level2,zeroday:duration_flicker_level2,LEFT,zeroday:noise_colors_level2,zeroday:duration_flicker_level2,6.8177,240.04
Jorge,113,bistro_interior,bistro_interior:motion_noise_level1,bistro_interior:restir_level0,LEFT,bistro_interior:motion_noise_level1,bistro_interior:restir_level0,5.1259,240.06
Jorge,114,classroom,classroom:motion_resolution_level2,classroom:judder_level1,RIGHT,classroom:judder_level1,classroom:motion_resolution_level2,4.98,240.06
Jorge,115,landscape,landscape:duration_flicker_level1,landscape:judder_level2,LEFT,landscape:duration_flicker_level1,landscape:judder_level2,5.2468,240.05
Jorge,116,zeroday,zeroday:stutter_level0,zeroday:motion_noise_level1,LEFT,zeroday:stutter_level0,zeroday:motion_noise_level1,5.4885,240.05
Jorge,117,subway,subway:duration_flicker_level2,subway:motion_noise_level1,LEFT,subway:duration_flicker_level2,subway:motion_noise_level1,8.2514,240.03
Jorge,118,classroom,classroom:dlss_rr_level1,classroom:motion_resolution_level1,LEFT,classroom:dlss_rr_level1,classroom:motion_resolution_level1,4.7925,240.06
Jorge,119,zeroday,zeroday:judder_level2,zeroday:stutter_level2,RIGHT,zeroday:stutter_level2,zeroday:judder_level2,5.6509,240.06
Jorge,120,bistro_exterior,bistro_exterior:restir_level1,bistro_exterior:stutter_level2,LEFT,bistro_exterior:restir_level1,bistro_exterior:stutter_level2,5.401,240.05
Jorge,121,pink_room,pink_room:duration_flicker_level1,pink_room:motion_resolution_level1,LEFT,pink_room:duration_flicker_level1,pink_room:motion_resolution_level1,5.2967,240.05
Jorge,122,classroom,classroom:duration_flicker_level0,classroom:motion_resolution_level1,LEFT,classroom:duration_flicker_level0,classroom:motion_resolution_level1,4.7175,240.09
Jorge,123,bistro_interior,bistro_interior:stutter_level0,bistro_interior:noise_colors_level0,RIGHT,bistro_interior:noise_colors_level0,bistro_interior:stutter_level0,5.526,240.05
Jorge,124,landscape,landscape:motion_noise_level2,landscape:motion_resolution_level0,LEFT,landscape:motion_noise_level2,landscape:motion_resolution_level0,5.3426,240.05
Jorge,125,attic,attic:stutter_level2,attic:restir_level1,RIGHT,attic:restir_level1,attic:stutter_level2,4.8841,240.07
Jorge,126,classroom,classroom:stutter_level1,classroom:motion_noise_level0,LEFT,classroom:stutter_level1,classroom:motion_noise_level0,4.6217,240.07
Jorge,127,bistro_interior,bistro_interior:duration_flicker_level2,bistro_interior:judder_level2,LEFT,bistro_interior:duration_flicker_level2,bistro_interior:judder_level2,5.2675,240.07
Jorge,128,classroom,classroom:stutter_level2,classroom:temporal-resolution-multiplexing_level1,RIGHT,classroom:temporal-resolution-multiplexing_level1,classroom:stutter_level2,4.8635,240.05
Jorge,129,zeroday,zeroday:stutter_level0,zeroday:noise_colors_level1,LEFT,zeroday:stutter_level0,zeroday:noise_colors_level1,9.3472,240.02
Jorge,130,classroom,classroom:dlss_rr_level1,classroom:temporal-resolution-multiplexing_level0,RIGHT,classroom:temporal-resolution-multiplexing_level0,classroom:dlss_rr_level1,4.7384,240.06
Jorge,131,classroom,classroom:stutter_level1,classroom:judder_level2,LEFT,classroom:stutter_level1,classroom:judder_level2,4.6675,240.07
Jorge,132,pink_room,pink_room:duration_flicker_level2,pink_room:temporal-resolution-multiplexing_level1,LEFT,pink_room:duration_flicker_level2,pink_room:temporal-resolution-multiplexing_level1,5.5343,240.05
Jorge,133,bistro_interior,bistro_interior:restir_level0,bistro_interior:restir_level2,LEFT,bistro_interior:restir_level0,bistro_interior:restir_level2,5.4135,240.05
Jorge,134,classroom,classroom:motion_resolution_level0,classroom:noise_colors_level0,RIGHT,classroom:noise_colors_level0,classroom:motion_resolution_level0,5.1051,240.06
Jorge,135,marbles,marbles:motion_noise_level2,marbles:noise_colors_level2,LEFT,marbles:motion_noise_level2,marbles:noise_colors_level2,5.3258,240.05
Jorge,136,classroom,classroom:duration_flicker_level2,classroom:temporal-resolution-multiplexing_level1,RIGHT,classroom:temporal-resolution-multiplexing_level1,classroom:duration_flicker_level2,4.9592,240.07
Jorge,137,pink_room,pink_room:judder_level2,pink_room:motion_noise_level1,RIGHT,pink_room:motion_noise_level1,pink_room:judder_level2,5.4092,240.06
Jorge,138,pink_room,pink_room:duration_flicker_level1,pink_room:motion_noise_level0,RIGHT,pink_room:motion_noise_level0,pink_room:duration_flicker_level1,5.355,240.05
Jorge,139,landscape,landscape:temporal-resolution-multiplexing_level2,landscape:stutter_level1,RIGHT,landscape:stutter_level1,landscape:temporal-resolution-multiplexing_level2,5.3593,240.05
Jorge,140,classroom,classroom:duration_flicker_level2,classroom:dlss_rr_level2,RIGHT,classroom:dlss_rr_level2,classroom:duration_flicker_level2,4.8884,240.06
Jorge,141,marbles,marbles:motion_resolution_level0,marbles:motion_noise_level1,RIGHT,marbles:motion_noise_level1,marbles:motion_resolution_level0,5.4884,240.05
Jorge,142,landscape,landscape:temporal-resolution-multiplexing_level2,landscape:motion_resolution_level2,LEFT,landscape:temporal-resolution-multiplexing_level2,landscape:motion_resolution_level2,5.3551,240.06
Jorge,143,zeroday,zeroday:motion_resolution_level0,zeroday:duration_flicker_level2,LEFT,zeroday:motion_resolution_level0,zeroday:duration_flicker_level2,5.3635,240.05
Jorge,144,bistro_interior,bistro_interior:judder_level1,bistro_interior:motion_noise_level0,RIGHT,bistro_interior:motion_noise_level0,bistro_interior:judder_level1,5.2551,240.06
Jorge,145,classroom,classroom:dlss_rr_level0,classroom:temporal-resolution-multiplexing_level2,LEFT,classroom:dlss_rr_level0,classroom:temporal-resolution-multiplexing_level2,4.7008,240.07
Jorge,146,bistro_exterior,bistro_exterior:noise_colors_level1,bistro_exterior:stutter_level2,LEFT,bistro_exterior:noise_colors_level1,bistro_exterior:stutter_level2,5.4176,240.06
Jorge,147,marbles,marbles:temporal-resolution-multiplexing_level1,marbles:noise_colors_level0,RIGHT,marbles:noise_colors_level0,marbles:temporal-resolution-multiplexing_level1,5.4594,240.04
Jorge,148,landscape,landscape:motion_noise_level0,landscape:temporal-resolution-multiplexing_level2,LEFT,landscape:motion_noise_level0,landscape:temporal-resolution-multiplexing_level2,5.3677,240.05
Jorge,149,bistro_interior,bistro_interior:restir_level0,bistro_interior:temporal-resolution-multiplexing_level0,RIGHT,bistro_interior:temporal-resolution-multiplexing_level0,bistro_interior:restir_level0,5.3427,240.05
Jorge,150,attic,attic:motion_noise_level0,attic:noise_colors_level1,RIGHT,attic:noise_colors_level1,attic:motion_noise_level0,4.9675,240.06
Jorge,151,pink_room,pink_room:motion_resolution_level0,pink_room:temporal-resolution-multiplexing_level1,LEFT,pink_room:motion_resolution_level0,pink_room:temporal-resolution-multiplexing_level1,5.2593,240.06
Jorge,152,zeroday,zeroday:motion_resolution_level2,zeroday:duration_flicker_level1,RIGHT,zeroday:duration_flicker_level1,zeroday:motion_resolution_level2,5.5052,240.05
Jorge,153,zeroday,zeroday:stutter_level2,zeroday:temporal-resolution-multiplexing_level1,RIGHT,zeroday:temporal-resolution-multiplexing_level1,zeroday:stutter_level2,5.5176,240.05
Jorge,154,pink_room,pink_room:restir_level2,pink_room:restir_level0,RIGHT,pink_room:restir_level0,pink_room:restir_level2,5.1843,240.05
Jorge,155,classroom,classroom:restir_level2,classroom:duration_flicker_level2,LEFT,classroom:restir_level2,classroom:duration_flicker_level2,5.0633,240.07
Jorge,156,marbles,marbles:stutter_level0,marbles:motion_resolution_level1,LEFT,marbles:stutter_level0,marbles:motion_resolution_level1,4.3426,240.07
Jorge,157,classroom,classroom:motion_noise_level1,classroom:restir_level2,LEFT,classroom:motion_noise_level1,classroom:restir_level2,4.5467,240.06
Jorge,158,bistro_exterior,bistro_exterior:dlss_rr_level2,bistro_exterior:motion_noise_level2,RIGHT,bistro_exterior:motion_noise_level2,bistro_exterior:dlss_rr_level2,5.4426,240.04
Jorge,159,zeroday,zeroday:temporal-resolution-multiplexing_level0,zeroday:judder_level2,LEFT,zeroday:temporal-resolution-multiplexing_level0,zeroday:judder_level2,6.2136,240.04
Jorge,160,marbles,marbles:temporal-resolution-multiplexing_level2,marbles:stutter_level2,LEFT,marbles:temporal-resolution-multiplexing_level2,marbles:stutter_level2,6.6095,240.03
Jorge,161,classroom,classroom:restir_level0,classroom:motion_noise_level2,LEFT,classroom:restir_level0,classroom:motion_noise_level2,5.1135,240.07
Jorge,162,attic,attic:stutter_level2,attic:motion_resolution_level2,RIGHT,attic:motion_resolution_level2,attic:stutter_level2,4.905,240.07
Jorge,163,landscape,landscape:restir_level2,landscape:stutter_level0,RIGHT,landscape:stutter_level0,landscape:restir_level2,5.4093,240.06
Jorge,164,attic,attic:judder_level1,attic:stutter_level1,LEFT,attic:judder_level1,attic:stutter_level1,4.5676,240.06
Jorge,165,attic,attic:noise_colors_level0,attic:restir_level0,LEFT,attic:noise_colors_level0,attic:restir_level0,4.901,240.06
Jorge,166,marbles,marbles:dlss_rr_level0,marbles:noise_colors_level2,LEFT,marbles:dlss_rr_level0,marbles:noise_colors_level2,4.876,240.07
Jorge,167,bistro_interior,bistro_interior:temporal-resolution-multiplexing_level0,bistro_interior:judder_level2,LEFT,bistro_interior:temporal-resolution-multiplexing_level0,bistro_interior:judder_level2,5.5884,240.05
Jorge,168,marbles,marbles:noise_colors_level1,marbles:temporal-resolution-multiplexing_level1,RIGHT,marbles:temporal-resolution-multiplexing_level1,marbles:noise_colors_level1,9.9432,240.02
Jorge,169,bistro_exterior,bistro_exterior:duration_flicker_level2,bistro_exterior:dlss_rr_level2,LEFT,bistro_exterior:duration_flicker_level2,bistro_exterior:dlss_rr_level2,5.926,240.05
Jorge,170,bistro_exterior,bistro_exterior:motion_resolution_level0,bistro_exterior:motion_resolution_level1,LEFT,bistro_exterior:motion_resolution_level0,bistro_exterior:motion_resolution_level1,5.476,240.05
Jorge,171,marbles,marbles:restir_level2,marbles:motion_resolution_level2,LEFT,marbles:restir_level2,marbles:motion_resolution_level2,4.8425,240.06
Jorge,172,bistro_interior,bistro_interior:temporal-resolution-multiplexing_level2,bistro_interior:noise_colors_level0,RIGHT,bistro_interior:noise_colors_level0,bistro_interior:temporal-resolution-multiplexing_level2,4.9385,240.05
Jorge,173,marbles,marbles:duration_flicker_level1,marbles:temporal-resolution-multiplexing_level1,LEFT,marbles:duration_flicker_level1,marbles:temporal-resolution-multiplexing_level1,6.0761,240.05
Jorge,174,attic,attic:dlss_rr_level2,attic:stutter_level0,RIGHT,attic:stutter_level0,attic:dlss_rr_level2,4.6674,240.08
Jorge,175,bistro_exterior,bistro_exterior:motion_noise_level1,bistro_exterior:restir_level1,LEFT,bistro_exterior:motion_noise_level1,bistro_exterior:restir_level1,5.3926,240.05
Jorge,176,bistro_exterior,bistro_exterior:stutter_level1,bistro_exterior:restir_level1,LEFT,bistro_exterior:stutter_level1,bistro_exterior:restir_level1,5.3551,240.05
Jorge,177,subway,subway:temporal-resolution-multiplexing_level1,subway:dlss_rr_level0,RIGHT,subway:dlss_rr_level0,subway:temporal-resolution-multiplexing_level1,5.3134,240.05
Jorge,178,marbles,marbles:motion_noise_level0,marbles:judder_level0,RIGHT,marbles:judder_level0,marbles:motion_noise_level0,6.8012,240.04
Jorge,179,subway,subway:temporal-resolution-multiplexing_level2,subway:motion_noise_level0,RIGHT,subway:motion_noise_level0,subway:temporal-resolution-multiplexing_level2,5.3425,240.06
Jorge,180,pink_room,pink_room:stutter_level2,pink_room:judder_level0,RIGHT,pink_room:judder_level0,pink_room:stutter_level2,5.3716,240.04
Jorge,181,pink_room,pink_room:dlss_rr_level0,pink_room:noise_colors_level2,RIGHT,pink_room:noise_colors_level2,pink_room:dlss_rr_level0,7.4846,240.03
Jorge,182,bistro_exterior,bistro_exterior:motion_resolution_level1,bistro_exterior:temporal-resolution-multiplexing_level1,RIGHT,bistro_exterior:temporal-resolution-multiplexing_level1,bistro_exterior:motion_resolution_level1,6.5345,240.04
Jorge,183,bistro_exterior,bistro_exterior:dlss_rr_level0,bistro_exterior:stutter_level0,RIGHT,bistro_exterior:stutter_level0,bistro_exterior:dlss_rr_level0,5.5385,240.05
Jorge,184,bistro_interior,bistro_interior:stutter_level2,bistro_interior:dlss_rr_level0,RIGHT,bistro_interior:dlss_rr_level0,bistro_interior:stutter_level2,5.3093,240.05
Jorge,185,bistro_exterior,bistro_exterior:motion_noise_level0,bistro_exterior:dlss_rr_level0,LEFT,bistro_exterior:motion_noise_level0,bistro_exterior:dlss_rr_level0,5.7217,240.04
Jorge,186,subway,subway:judder_level2,subway:motion_resolution_level2,LEFT,subway:judder_level2,subway:motion_resolution_level2,8.0179,240.03
Jorge,187,pink_room,pink_room:stutter_level0,pink_room:noise_colors_level2,LEFT,pink_room:stutter_level0,pink_room:noise_colors_level2,5.336,240.17
Jorge,188,zeroday,zeroday:restir_level2,zeroday:restir_level1,RIGHT,zeroday:restir_level1,zeroday:restir_level2,5.6219,240.06
Jorge,189,marbles,marbles:motion_noise_level0,marbles:motion_resolution_level0,LEFT,marbles:motion_noise_level0,marbles:motion_resolution_level0,5.2719,240.06
Jorge,190,pink_room,pink_room:noise_colors_level1,pink_room:judder_level1,RIGHT,pink_room:judder_level1,pink_room:noise_colors_level1,5.405,240.05
Jorge,191,subway,subway:noise_colors_level1,subway:judder_level2,LEFT,subway:noise_colors_level1,subway:judder_level2,4.7385,240.06
Jorge,192,zeroday,zeroday:noise_colors_level0,zeroday:stutter_level2,LEFT,zeroday:noise_colors_level0,zeroday:stutter_level2,5.451,240.06
Jorge,193,pink_room,pink_room:duration_flicker_level1,pink_room:temporal-resolution-multiplexing_level1,LEFT,pink_room:duration_flicker_level1,pink_room:temporal-resolution-multiplexing_level1,5.2217,240.06
Jorge,194,marbles,marbles:stutter_level1,marbles:duration_flicker_level0,LEFT,marbles:stutter_level1,marbles:duration_flicker_level0,4.4465,240.09
Jorge,195,zeroday,zeroday:motion_noise_level2,zeroday:restir_level1,LEFT,zeroday:motion_noise_level2,zeroday:restir_level1,5.5927,240.04
Jorge,196,bistro_exterior,bistro_exterior:judder_level1,bistro_exterior:motion_resolution_level2,LEFT,bistro_exterior:judder_level1,bistro_exterior:motion_resolution_level2,5.3219,240.05
Jorge,197,pink_room,pink_room:stutter_level1,pink_room:motion_resolution_level1,LEFT,pink_room:stutter_level1,pink_room:motion_resolution_level1,5.2384,240.06
Jorge,198,attic,attic:noise_colors_level2,attic:temporal-resolution-multiplexing_level1,RIGHT,attic:temporal-resolution-multiplexing_level1,attic:noise_colors_level2,10.1766,240.02
Jorge,199,pink_room,pink_room:dlss_rr_level1,pink_room:dlss_rr_level0,RIGHT,pink_room:dlss_rr_level0,pink_room:dlss_rr_level1,8.3219,240.03
Jorge,200,subway,subway:temporal-resolution-multiplexing_level1,subway:stutter_level2,LEFT,subway:temporal-resolution-multiplexing_level1,subway:stutter_level2,5.1926,240.06
Jorge,201,bistro_exterior,bistro_exterior:restir_level0,bistro_exterior:judder_level0,LEFT,bistro_exterior:restir_level0,bistro_exterior:judder_level0,5.4927,240.05
Jorge,202,bistro_exterior,bistro_exterior:restir_level0,bistro_exterior:duration_flicker_level1,LEFT,bistro_exterior:restir_level0,bistro_exterior:duration_flicker_level1,8.3556,240.02
Jorge,203,subway,subway:restir_level2,subway:stutter_level0,RIGHT,subway:stutter_level0,subway:restir_level2,4.5049,240.05
Jorge,204,bistro_exterior,bistro_exterior:judder_level1,bistro_exterior:judder_level2,LEFT,bistro_exterior:judder_level1,bistro_exterior:judder_level2,5.4134,240.06
Jorge,205,bistro_exterior,bistro_exterior:temporal-resolution-multiplexing_level0,bistro_exterior:dlss_rr_level2,LEFT,bistro_exterior:temporal-resolution-multiplexing_level0,bistro_exterior:dlss_rr_level2,5.2843,240.05
Jorge,206,zeroday,zeroday:motion_noise_level1,zeroday:motion_noise_level0,RIGHT,zeroday:motion_noise_level0,zeroday:motion_noise_level1,7.3429,240.03
Jorge,207,pink_room,pink_room:restir_level1,pink_room:judder_level1,RIGHT,pink_room:judder_level1,pink_room:restir_level1,5.2801,240.06
Jorge,208,pink_room,pink_room:stutter_level2,pink_room:motion_noise_level0,RIGHT,pink_room:motion_noise_level0,pink_room:stutter_level2,5.2343,240.06
Jorge,209,bistro_interior,bistro_interior:restir_level2,bistro_interior:stutter_level1,RIGHT,bistro_interior:stutter_level1,bistro_interior:restir_level2,5.4302,240.05
Jorge,210,attic,attic:temporal-resolution-multiplexing_level1,attic:restir_level2,LEFT,attic:temporal-resolution-multiplexing_level1,attic:restir_level2,4.3051,240.07
Jorge,211,attic,attic:motion_resolution_level1,attic:motion_resolution_level2,LEFT,attic:motion_resolution_level1,attic:motion_resolution_level2,6.6342,240.05
Jorge,212,bistro_exterior,bistro_exterior:stutter_level1,bistro_exterior:duration_flicker_level0,RIGHT,bistro_exterior:duration_flicker_level0,bistro_exterior:stutter_level1,5.2843,240.06
Jorge,213,zeroday,zeroday:motion_resolution_level0,zeroday:stutter_level2,LEFT,zeroday:motion_resolution_level0,zeroday:stutter_level2,5.4092,240.06
Jorge,214,bistro_exterior,bistro_exterior:motion_noise_level0,bistro_exterior:stutter_level2,LEFT,bistro_exterior:motion_noise_level0,bistro_exterior:stutter_level2,5.0551,240.04
Jorge,215,bistro_interior,bistro_interior:motion_resolution_level1,bistro_interior:duration_flicker_level0,RIGHT,bistro_interior:duration_flicker_level0,bistro_interior:motion_resolution_level1,5.3176,240.05
Jorge,216,attic,attic:motion_noise_level2,attic:temporal-resolution-multiplexing_level2,LEFT,attic:motion_noise_level2,attic:temporal-resolution-multiplexing_level2,4.4301,240.06
Jorge,217,attic,attic:restir_level1,attic:temporal-resolution-multiplexing_level0,RIGHT,attic:temporal-resolution-multiplexing_level0,attic:restir_level1,4.8633,240.07
Jorge,218,pink_room,pink_room:motion_noise_level2,pink_room:motion_noise_level0,RIGHT,pink_room:motion_noise_level0,pink_room:motion_noise_level2,5.5676,240.05
Jorge,219,subway,subway:noise_colors_level2,subway:judder_level0,RIGHT,subway:judder_level0,subway:noise_colors_level2,4.805,240.06
Jorge,220,subway,subway:motion_resolution_level2,subway:temporal-resolution-multiplexing_level0,RIGHT,subway:temporal-resolution-multiplexing_level0,subway:motion_resolution_level2,4.826,240.06
Jorge,221,attic,attic:motion_resolution_level0,attic:stutter_level2,LEFT,attic:motion_resolution_level0,attic:stutter_level2,4.2007,240.07
Jorge,222,bistro_exterior,bistro_exterior:dlss_rr_level2,bistro_exterior:temporal-resolution-multiplexing_level1,RIGHT,bistro_exterior:temporal-resolution-multiplexing_level1,bistro_exterior:dlss_rr_level2,5.401,240.05
Jorge,223,pink_room,pink_room:dlss_rr_level2,pink_room:stutter_level1,RIGHT,pink_room:stutter_level1,pink_room:dlss_rr_level2,5.2006,240.07
Jorge,224,bistro_interior,bistro_interior:noise_colors_level0,bistro_interior:motion_resolution_level0,LEFT,bistro_interior:noise_colors_level0,bistro_interior:motion_resolution_level0,5.401,240.06
Jorge,225,pink_room,pink_room:noise_colors_level2,pink_room:temporal-resolution-multiplexing_level2,LEFT,pink_room:noise_colors_level2,pink_room:temporal-resolution-multiplexing_level2,4.6633,240.06
Jorge,226,pink_room,pink_room:stutter_level0,pink_room:motion_resolution_level2,LEFT,pink_room:stutter_level0,pink_room:motion_resolution_level2,4.8926,239.87
Jorge,227,bistro_interior,bistro_interior:noise_colors_level2,bistro_interior:restir_level2,LEFT,bistro_interior:noise_colors_level2,bistro_interior:restir_level2,5.3344,240.05
Jorge,228,bistro_interior,bistro_interior:stutter_level0,bistro_interior:motion_resolution_level1,LEFT,bistro_interior:stutter_level0,bistro_interior:motion_resolution_level1,4.7133,240.06
Jorge,229,pink_room,pink_room:motion_resolution_level2,pink_room:motion_noise_level0,RIGHT,pink_room:motion_noise_level0,pink_room:motion_resolution_level2,5.3051,240.06
Jorge,230,subway,subway:temporal-resolution-multiplexing_level0,subway:dlss_rr_level1,LEFT,subway:temporal-resolution-multiplexing_level0,subway:dlss_rr_level1,3.9299,240.09
Jorge,231,subway,subway:duration_flicker_level2,subway:stutter_level1,RIGHT,subway:stutter_level1,subway:duration_flicker_level2,4.2466,240.07
Jorge,232,bistro_interior,bistro_interior:motion_noise_level0,bistro_interior:judder_level2,LEFT,bistro_interior:motion_noise_level0,bistro_interior:judder_level2,4.9425,240.06
Jorge,233,subway,subway:temporal-resolution-multiplexing_level2,subway:noise_colors_level0,RIGHT,subway:noise_colors_level0,subway:temporal-resolution-multiplexing_level2,4.6051,240.07
Jorge,234,subway,subway:restir_level1,subway:restir_level2,LEFT,subway:restir_level1,subway:restir_level2,5.2134,240.07
Jorge2,1,bistro_exterior,bistro_exterior:duration_flicker_level2,bistro_exterior:noise_colors_level1,RIGHT,bistro_exterior:noise_colors_level1,bistro_exterior:duration_flicker_level2,5.5217,240.08
Jorge2,2,attic,attic:duration_flicker_level2,attic:motion_resolution_level0,RIGHT,attic:motion_resolution_level0,attic:duration_flicker_level2,4.6168,240.01
Jorge2,3,bistro_interior,bistro_interior:dlss_rr_level2,bistro_interior:noise_colors_level1,RIGHT,bistro_interior:noise_colors_level1,bistro_interior:dlss_rr_level2,5.2751,240.01
Jorge2,4,classroom,classroom:noise_colors_level1,classroom:motion_noise_level0,RIGHT,classroom:motion_noise_level0,classroom:noise_colors_level1,4.8334,240.01
Jorge2,5,pink_room,pink_room:stutter_level2,pink_room:dlss_rr_level1,RIGHT,pink_room:dlss_rr_level1,pink_room:stutter_level2,6.0834,240.0
Jorge2,6,pink_room,pink_room:motion_resolution_level0,pink_room:noise_colors_level0,LEFT,pink_room:motion_resolution_level0,pink_room:noise_colors_level0,10.072,239.98
Jorge2,7,marbles,marbles:judder_level2,marbles:motion_resolution_level1,LEFT,marbles:judder_level2,marbles:motion_resolution_level1,9.2932,239.97
Jorge2,8,zeroday,zeroday:restir_level1,zeroday:motion_noise_level0,RIGHT,zeroday:motion_noise_level0,zeroday:restir_level1,5.5883,239.98
Jorge2,9,marbles,marbles:motion_resolution_level2,marbles:duration_flicker_level2,RIGHT,marbles:duration_flicker_level2,marbles:motion_resolution_level2,4.534,239.98
Jorge2,10,classroom,classroom:restir_level1,classroom:stutter_level2,LEFT,classroom:restir_level1,classroom:stutter_level2,4.7048,239.98
Jorge2,11,bistro_interior,bistro_interior:dlss_rr_level0,bistro_interior:duration_flicker_level0,RIGHT,bistro_interior:duration_flicker_level0,bistro_interior:dlss_rr_level0,5.1917,240.01
Jorge2,12,landscape,landscape:judder_level2,landscape:stutter_level2,LEFT,landscape:judder_level2,landscape:stutter_level2,4.8255,239.98
Jorge2,13,zeroday,zeroday:duration_flicker_level1,zeroday:dlss_rr_level0,RIGHT,zeroday:dlss_rr_level0,zeroday:duration_flicker_level1,5.3459,240.01
Jorge2,14,pink_room,pink_room:judder_level1,pink_room:temporal-resolution-multiplexing_level0,LEFT,pink_room:judder_level1,pink_room:temporal-resolution-multiplexing_level0,5.1584,240.01
Jorge2,15,pink_room,pink_room:judder_level0,pink_room:noise_colors_level0,RIGHT,pink_room:noise_colors_level0,pink_room:judder_level0,5.2209,240.01
Jorge2,16,attic,attic:dlss_rr_level2,attic:stutter_level1,RIGHT,attic:stutter_level1,attic:dlss_rr_level2,4.7625,240.01
Jorge2,17,subway,subway:restir_level1,subway:judder_level1,RIGHT,subway:judder_level1,subway:restir_level1,4.8459,240.01
Jorge2,18,bistro_exterior,bistro_exterior:motion_noise_level2,bistro_exterior:judder_level2,LEFT,bistro_exterior:motion_noise_level2,bistro_exterior:judder_level2,8.0167,240.01
Jorge2,19,bistro_exterior,bistro_exterior:motion_resolution_level2,bistro_exterior:temporal-resolution-multiplexing_level2,LEFT,bistro_exterior:motion_resolution_level2,bistro_exterior:temporal-resolution-multiplexing_level2,5.2459,240.01
Jorge2,20,bistro_interior,bistro_interior:motion_resolution_level2,bistro_interior:temporal-resolution-multiplexing_level1,RIGHT,bistro_interior:temporal-resolution-multiplexing_level1,bistro_interior:motion_resolution_level2,4.8001,240.01
Jorge2,21,zeroday,zeroday:noise_colors_level2,zeroday:dlss_rr_level1,LEFT,zeroday:noise_colors_level2,zeroday:dlss_rr_level1,5.5257,239.97
Jorge2,22,classroom,classroom:judder_level0,classroom:temporal-resolution-multiplexing_level0,RIGHT,classroom:temporal-resolution-multiplexing_level0,classroom:judder_level0,4.7005,239.99
Jorge2,23,subway,subway:restir_level2,subway:duration_flicker_level1,RIGHT,subway:duration_flicker_level1,subway:restir_level2,5.375,240.01
Jorge2,24,subway,subway:motion_resolution_level2,subway:stutter_level2,LEFT,subway:motion_resolution_level2,subway:stutter_level2,5.2292,240.01
Jorge2,25,landscape,landscape:motion_resolution_level2,landscape:judder_level0,RIGHT,landscape:judder_level0,landscape:motion_resolution_level2,4.8507,239.97
Jorge2,26,bistro_exterior,bistro_exterior:duration_flicker_level1,bistro_exterior:temporal-resolution-multiplexing_level2,LEFT,bistro_exterior:duration_flicker_level1,bistro_exterior:temporal-resolution-multiplexing_level2,5.1676,239.97
Jorge2,27,bistro_exterior,bistro_exterior:temporal-resolution-multiplexing_level0,bistro_exterior:restir_level2,LEFT,bistro_exterior:temporal-resolution-multiplexing_level0,bistro_exterior:restir_level2,5.2842,239.97
Jorge2,28,attic,attic:stutter_level1,attic:restir_level2,LEFT,attic:stutter_level1,attic:restir_level2,4.9709,240.0
Jorge2,29,zeroday,zeroday:dlss_rr_level1,zeroday:motion_resolution_level1,LEFT,zeroday:dlss_rr_level1,zeroday:motion_resolution_level1,5.4669,240.0
Jorge2,30,classroom,classroom:noise_colors_level1,classroom:stutter_level2,LEFT,classroom:noise_colors_level1,classroom:stutter_level2,4.9132,239.97
Jorge2,31,pink_room,pink_room:restir_level2,pink_room:dlss_rr_level2,LEFT,pink_room:restir_level2,pink_room:dlss_rr_level2,7.8009,239.98
Jorge2,32,landscape,landscape:stutter_level1,landscape:duration_flicker_level0,LEFT,landscape:stutter_level1,landscape:duration_flicker_level0,5.3125,240.01
Jorge2,33,landscape,landscape:stutter_level2,landscape:motion_resolution_level1,RIGHT,landscape:motion_resolution_level1,landscape:stutter_level2,5.3756,239.99
Jorge2,34,zeroday,zeroday:temporal-resolution-multiplexing_level0,zeroday:motion_resolution_level1,LEFT,zeroday:temporal-resolution-multiplexing_level0,zeroday:motion_resolution_level1,5.4549,239.98
Jorge2,35,marbles,marbles:dlss_rr_level1,marbles:motion_resolution_level1,LEFT,marbles:dlss_rr_level1,marbles:motion_resolution_level1,5.4292,240.01
Jorge2,36,marbles,marbles:motion_noise_level2,marbles:noise_colors_level0,RIGHT,marbles:noise_colors_level0,marbles:motion_noise_level2,5.084,239.97
Jorge2,37,landscape,landscape:restir_level2,landscape:stutter_level2,LEFT,landscape:restir_level2,landscape:stutter_level2,5.0674,239.98
Jorge2,38,pink_room,pink_room:noise_colors_level0,pink_room:noise_colors_level2,LEFT,pink_room:noise_colors_level0,pink_room:noise_colors_level2,5.4792,240.01
Jorge2,39,marbles,marbles:judder_level1,marbles:motion_noise_level2,LEFT,marbles:judder_level1,marbles:motion_noise_level2,5.1797,239.99
Jorge2,40,pink_room,pink_room:judder_level0,pink_room:restir_level1,LEFT,pink_room:judder_level0,pink_room:restir_level1,5.2968,240.07
Jorge2,41,bistro_interior,bistro_interior:noise_colors_level2,bistro_interior:motion_noise_level2,RIGHT,bistro_interior:motion_noise_level2,bistro_interior:noise_colors_level2,4.9793,240.01
Jorge2,42,subway,subway:temporal-resolution-multiplexing_level1,subway:noise_colors_level2,LEFT,subway:temporal-resolution-multiplexing_level1,subway:noise_colors_level2,6.2343,239.97
Jorge2,43,landscape,landscape:duration_flicker_level0,landscape:temporal-resolution-multiplexing_level1,RIGHT,landscape:temporal-resolution-multiplexing_level1,landscape:duration_flicker_level0,5.9884,239.98
Jorge2,44,subway,subway:stutter_level1,subway:restir_level1,LEFT,subway:stutter_level1,subway:restir_level1,5.5004,240.0
Jorge2,45,subway,subway:noise_colors_level1,subway:restir_level1,LEFT,subway:noise_colors_level1,subway:restir_level1,5.3382,239.98
Jorge2,46,pink_room,pink_room:restir_level0,pink_room:motion_noise_level0,RIGHT,pink_room:motion_noise_level0,pink_room:restir_level0,5.4968,239.97
Jorge2,47,bistro_interior,bistro_interior:temporal-resolution-multiplexing_level1,bistro_interior:stutter_level1,RIGHT,bistro_interior:stutter_level1,bistro_interior:temporal-resolution-multiplexing_level1,5.2508,239.98
Jorge2,48,pink_room,pink_room:temporal-resolution-multiplexing_level1,pink_room:dlss_rr_level1,RIGHT,pink_room:dlss_rr_level1,pink_room:temporal-resolution-multiplexing_level1,4.9423,239.98
Jorge2,49,zeroday,zeroday:dlss_rr_level0,zeroday:judder_level1,LEFT,zeroday:dlss_rr_level0,zeroday:judder_level1,5.5716,239.97
Jorge2,50,classroom,classroom:restir_level2,classroom:noise_colors_level1,RIGHT,classroom:noise_colors_level1,classroom:restir_level2,5.4759,239.97
Jorge2,51,subway,subway:duration_flicker_level1,subway:stutter_level2,LEFT,subway:duration_flicker_level1,subway:stutter_level2,5.2667,240.01
Jorge2,52,pink_room,pink_room:dlss_rr_level1,pink_room:motion_resolution_level1,LEFT,pink_room:dlss_rr_level1,pink_room:motion_resolution_level1,14.1459,240.0
Jorge2,53,bistro_interior,bistro_interior:judder_level0,bistro_interior:motion_noise_level1,RIGHT,bistro_interior:motion_noise_level1,bistro_interior:judder_level0,4.3834,240.01
Jorge2,54,bistro_interior,bistro_interior:noise_colors_level2,bistro_interior:stutter_level0,RIGHT,bistro_interior:stutter_level0,bistro_interior:noise_colors_level2,5.4,240.01
Jorge2,55,subway,subway:restir_level1,subway:dlss_rr_level1,RIGHT,subway:dlss_rr_level1,subway:restir_level1,4.7792,240.01
Jorge2,56,bistro_interior,bistro_interior:motion_resolution_level2,bistro_interior:noise_colors_level1,RIGHT,bistro_interior:noise_colors_level1,bistro_interior:motion_resolution_level2,5.0584,240.01
Jorge2,57,attic,attic:stutter_level1,attic:restir_level1,LEFT,attic:stutter_level1,attic:restir_level1,4.5084,240.01
Jorge2,58,bistro_exterior,bistro_exterior:dlss_rr_level1,bistro_exterior:duration_flicker_level0,RIGHT,bistro_exterior:duration_flicker_level0,bistro_exterior:dlss_rr_level1,6.159,239.98
Jorge2,59,marbles,marbles:restir_level2,marbles:motion_resolution_level1,LEFT,marbles:restir_level2,marbles:motion_resolution_level1,5.4792,240.01
Jorge2,60,subway,subway:motion_resolution_level1,subway:temporal-resolution-multiplexing_level2,LEFT,subway:motion_resolution_level1,subway:temporal-resolution-multiplexing_level2,5.0876,240.0
Jorge2,61,attic,attic:motion_resolution_level0,attic:motion_noise_level1,LEFT,attic:motion_resolution_level0,attic:motion_noise_level1,5.0589,239.98
Jorge2,62,subway,subway:duration_flicker_level2,subway:noise_colors_level2,LEFT,subway:duration_flicker_level2,subway:noise_colors_level2,5.3751,240.0
Jorge2,63,landscape,landscape:stutter_level2,landscape:judder_level0,RIGHT,landscape:judder_level0,landscape:stutter_level2,5.0668,240.01
Jorge2,64,landscape,landscape:stutter_level0,landscape:noise_colors_level1,LEFT,landscape:stutter_level0,landscape:noise_colors_level1,5.4542,240.01
Jorge2,65,zeroday,zeroday:motion_resolution_level2,zeroday:duration_flicker_level2,RIGHT,zeroday:duration_flicker_level2,zeroday:motion_resolution_level2,5.3001,240.0
Jorge2,66,attic,attic:motion_resolution_level2,attic:stutter_level1,RIGHT,attic:stutter_level1,attic:motion_resolution_level2,4.6625,240.01
Jorge2,67,landscape,landscape:temporal-resolution-multiplexing_level1,landscape:temporal-resolution-multiplexing_level0,RIGHT,landscape:temporal-resolution-multiplexing_level0,landscape:temporal-resolution-multiplexing_level1,5.2506,239.98
Jorge2,68,marbles,marbles:motion_noise_level2,marbles:stutter_level1,LEFT,marbles:motion_noise_level2,marbles:stutter_level1,4.4292,240.01
Jorge2,69,bistro_exterior,bistro_exterior:temporal-resolution-multiplexing_level2,bistro_exterior:noise_colors_level2,RIGHT,bistro_exterior:noise_colors_level2,bistro_exterior:temporal-resolution-multiplexing_level2,5.3584,240.01
Jorge2,70,subway,subway:judder_level0,subway:judder_level1,LEFT,subway:judder_level0,subway:judder_level1,7.1,240.0
Jorge2,71,attic,attic:stutter_level1,attic:judder_level2,LEFT,attic:stutter_level1,attic:judder_level2,4.7917,240.01
Jorge2,72,zeroday,zeroday:dlss_rr_level2,zeroday:restir_level2,LEFT,zeroday:dlss_rr_level2,zeroday:restir_level2,5.4716,239.98
Jorge2,73,classroom,classroom:motion_noise_level1,classroom:temporal-resolution-multiplexing_level0,RIGHT,classroom:temporal-resolution-multiplexing_level0,classroom:motion_noise_level1,4.4505,239.98
Jorge2,74,attic,attic:motion_resolution_level0,attic:noise_colors_level0,LEFT,attic:motion_resolution_level0,attic:noise_colors_level0,5.4125,240.01
Jorge2,75,marbles,marbles:duration_flicker_level1,marbles:temporal-resolution-multiplexing_level0,RIGHT,marbles:temporal-resolution-multiplexing_level0,marbles:duration_flicker_level1,5.2125,240.01
Jorge2,76,subway,subway:duration_flicker_level1,subway:motion_noise_level2,LEFT,subway:duration_flicker_level1,subway:motion_noise_level2,5.3255,239.98
Jorge2,77,bistro_interior,bistro_interior:stutter_level2,bistro_interior:noise_colors_level1,RIGHT,bistro_interior:noise_colors_level1,bistro_interior:stutter_level2,5.3963,239.99
Jorge2,78,attic,attic:noise_colors_level1,attic:motion_resolution_level0,RIGHT,attic:motion_resolution_level0,attic:noise_colors_level1,4.5042,240.01
Jorge2,79,bistro_exterior,bistro_exterior:judder_level2,bistro_exterior:judder_level0,RIGHT,bistro_exterior:judder_level0,bistro_exterior:judder_level2,5.4542,240.01
Jorge2,80,zeroday,zeroday:stutter_level0,zeroday:dlss_rr_level0,LEFT,zeroday:stutter_level0,zeroday:dlss_rr_level0,6.672,240.05
Jorge2,81,attic,attic:stutter_level0,attic:duration_flicker_level0,LEFT,attic:stutter_level0,attic:duration_flicker_level0,4.3126,240.01
Jorge2,82,bistro_exterior,bistro_exterior:temporal-resolution-multiplexing_level1,bistro_exterior:dlss_rr_level1,RIGHT,bistro_exterior:dlss_rr_level1,bistro_exterior:temporal-resolution-multiplexing_level1,6.2459,240.01
Jorge2,83,subway,subway:dlss_rr_level2,subway:noise_colors_level2,LEFT,subway:dlss_rr_level2,subway:noise_colors_level2,4.413,239.99
Jorge2,84,marbles,marbles:judder_level1,marbles:stutter_level0,LEFT,marbles:judder_level1,marbles:stutter_level0,6.1338,239.99
Jorge2,85,pink_room,pink_room:motion_resolution_level2,pink_room:restir_level2,RIGHT,pink_room:restir_level2,pink_room:motion_resolution_level2,6.0001,240.01
Jorge2,86,attic,attic:duration_flicker_level0,attic:noise_colors_level0,LEFT,attic:duration_flicker_level0,attic:noise_colors_level0,4.5376,240.0
Jorge2,87,bistro_interior,bistro_interior:duration_flicker_level0,bistro_interior:noise_colors_level2,LEFT,bistro_interior:duration_flicker_level0,bistro_interior:noise_colors_level2,5.4634,239.97
Jorge2,88,bistro_interior,bistro_interior:duration_flicker_level2,bistro_interior:duration_flicker_level0,RIGHT,bistro_interior:duration_flicker_level0,bistro_interior:duration_flicker_level2,8.2007,239.99
Jorge2,89,attic,attic:judder_level1,attic:motion_resolution_level1,LEFT,attic:judder_level1,attic:motion_resolution_level1,4.859,239.98
Jorge2,90,attic,attic:motion_resolution_level0,attic:stutter_level1,LEFT,attic:motion_resolution_level0,attic:stutter_level1,5.2542,240.01
Jorge2,91,bistro_interior,bistro_interior:duration_flicker_level1,bistro_interior:duration_flicker_level0,RIGHT,bistro_interior:duration_flicker_level0,bistro_interior:duration_flicker_level1,5.0881,239.98
Jorge2,92,bistro_exterior,bistro_exterior:noise_colors_level2,bistro_exterior:motion_resolution_level0,LEFT,bistro_exterior:noise_colors_level2,bistro_exterior:motion_resolution_level0,10.3097,239.97
Jorge2,93,attic,attic:restir_level2,attic:stutter_level2,RIGHT,attic:stutter_level2,attic:restir_level2,4.8459,240.01
Jorge2,94,bistro_interior,bistro_interior:noise_colors_level1,bistro_interior:judder_level2,LEFT,bistro_interior:noise_colors_level1,bistro_interior:judder_level2,5.0423,239.98
Jorge2,95,landscape,landscape:temporal-resolution-multiplexing_level2,landscape:duration_flicker_level0,LEFT,landscape:temporal-resolution-multiplexing_level2,landscape:duration_flicker_level0,5.3924,239.97
Jorge2,96,attic,attic:motion_resolution_level1,attic:noise_colors_level0,RIGHT,attic:noise_colors_level0,attic:motion_resolution_level1,4.4584,240.01
Jorge2,97,subway,subway:motion_resolution_level1,subway:noise_colors_level2,LEFT,subway:motion_resolution_level1,subway:noise_colors_level2,4.0125,240.01
Jorge2,98,subway,subway:motion_noise_level0,subway:restir_level1,LEFT,subway:motion_noise_level0,subway:restir_level1,4.3709,240.01
Jorge2,99,bistro_interior,bistro_interior:motion_noise_level0,bistro_interior:judder_level0,LEFT,bistro_interior:motion_noise_level0,bistro_interior:judder_level0,5.3626,240.01
Jorge2,100,attic,attic:temporal-resolution-multiplexing_level0,attic:motion_resolution_level1,LEFT,attic:temporal-resolution-multiplexing_level0,attic:motion_resolution_level1,4.7417,240.01
Jorge2,101,pink_room,pink_room:dlss_rr_level1,pink_room:duration_flicker_level0,RIGHT,pink_room:duration_flicker_level0,pink_room:dlss_rr_level1,5.4962,240.0
Jorge2,102,attic,attic:stutter_level1,attic:temporal-resolution-multiplexing_level2,LEFT,attic:stutter_level1,attic:temporal-resolution-multiplexing_level2,4.7209,240.01
Jorge2,103,classroom,classroom:dlss_rr_level1,classroom:noise_colors_level1,LEFT,classroom:dlss_rr_level1,classroom:noise_colors_level1,4.4875,240.01
Jorge2,104,attic,attic:dlss_rr_level0,attic:motion_resolution_level0,RIGHT,attic:motion_resolution_level0,attic:dlss_rr_level0,4.8917,240.01
Jorge2,105,marbles,marbles:temporal-resolution-multiplexing_level0,marbles:temporal-resolution-multiplexing_level2,LEFT,marbles:temporal-resolution-multiplexing_level0,marbles:temporal-resolution-multiplexing_level2,4.9293,240.01
Jorge2,106,subway,subway:restir_level1,subway:temporal-resolution-multiplexing_level0,RIGHT,subway:temporal-resolution-multiplexing_level0,subway:restir_level1,3.325,240.02
Jorge2,107,bistro_exterior,bistro_exterior:motion_resolution_level1,bistro_exterior:stutter_level2,LEFT,bistro_exterior:motion_resolution_level1,bistro_exterior:stutter_level2,5.3968,240.06
Jorge2,108,attic,attic:motion_noise_level0,attic:motion_resolution_level0,LEFT,attic:motion_noise_level0,attic:motion_resolution_level0,4.7626,240.01
Jorge2,109,marbles,marbles:motion_noise_level2,marbles:temporal-resolution-multiplexing_level0,RIGHT,marbles:temporal-resolution-multiplexing_level0,marbles:motion_noise_level2,4.4043,240.01
Jorge2,110,landscape,landscape:motion_noise_level0,landscape:noise_colors_level1,LEFT,landscape:motion_noise_level0,landscape:noise_colors_level1,4.9342,239.97
Jorge2,111,classroom,classroom:temporal-resolution-multiplexing_level2,classroom:motion_resolution_level0,RIGHT,classroom:motion_resolution_level0,classroom:temporal-resolution-multiplexing_level2,4.9006,239.98
Jorge2,112,attic,attic:motion_noise_level2,attic:noise_colors_level0,RIGHT,attic:noise_colors_level0,attic:motion_noise_level2,4.7751,240.01
Jorge2,113,zeroday,zeroday:temporal-resolution-multiplexing_level2,zeroday:restir_level0,RIGHT,zeroday:restir_level0,zeroday:temporal-resolution-multiplexing_level2,5.4459,240.01
Jorge2,114,bistro_interior,bistro_interior:motion_resolution_level0,bistro_interior:restir_level0,RIGHT,bistro_interior:restir_level0,bistro_interior:motion_resolution_level0,7.9459,240.0
Jorge2,115,marbles,marbles:noise_colors_level2,marbles:motion_resolution_level1,LEFT,marbles:noise_colors_level2,marbles:motion_resolution_level1,5.2417,240.01
Jorge2,116,marbles,marbles:motion_noise_level2,marbles:restir_level1,LEFT,marbles:motion_noise_level2,marbles:restir_level1,5.3417,240.01
Jorge2,117,landscape,landscape:restir_level1,landscape:temporal-resolution-multiplexing_level1,RIGHT,landscape:temporal-resolution-multiplexing_level1,landscape:restir_level1,5.6376,240.01
Jorge2,118,marbles,marbles:noise_colors_level1,marbles:duration_flicker_level2,RIGHT,marbles:duration_flicker_level2,marbles:noise_colors_level1,6.7167,240.01
Jorge2,119,classroom,classroom:duration_flicker_level2,classroom:motion_resolution_level1,LEFT,classroom:duration_flicker_level2,classroom:motion_resolution_level1,6.8925,239.98
Jorge2,120,classroom,classroom:motion_resolution_level2,classroom:motion_resolution_level0,RIGHT,classroom:motion_resolution_level0,classroom:motion_resolution_level2,5.1674,239.97
Jorge2,121,bistro_exterior,bistro_exterior:noise_colors_level0,bistro_exterior:dlss_rr_level1,LEFT,bistro_exterior:noise_colors_level0,bistro_exterior:dlss_rr_level1,5.2215,239.98
Jorge2,122,attic,attic:stutter_level1,attic:restir_level0,LEFT,attic:stutter_level1,attic:restir_level0,5.05,240.01
Jorge2,123,marbles,marbles:motion_resolution_level0,marbles:motion_resolution_level1,LEFT,marbles:motion_resolution_level0,marbles:motion_resolution_level1,4.925,240.01
Jorge2,124,bistro_exterior,bistro_exterior:restir_level0,bistro_exterior:stutter_level0,RIGHT,bistro_exterior:stutter_level0,bistro_exterior:restir_level0,9.2925,239.98
Jorge2,125,attic,attic:stutter_level1,attic:noise_colors_level2,LEFT,attic:stutter_level1,attic:noise_colors_level2,4.3209,240.01
Jorge2,126,pink_room,pink_room:motion_resolution_level0,pink_room:noise_colors_level1,LEFT,pink_room:motion_resolution_level0,pink_room:noise_colors_level1,5.1089,239.98
Jorge2,127,marbles,marbles:temporal-resolution-multiplexing_level0,marbles:motion_resolution_level1,LEFT,marbles:temporal-resolution-multiplexing_level0,marbles:motion_resolution_level1,4.9918,240.0
Jorge2,128,attic,attic:temporal-resolution-multiplexing_level1,attic:motion_resolution_level1,RIGHT,attic:motion_resolution_level1,attic:temporal-resolution-multiplexing_level1,6.3584,240.01
Jorge2,129,bistro_exterior,bistro_exterior:motion_noise_level1,bistro_exterior:stutter_level0,RIGHT,bistro_exterior:stutter_level0,bistro_exterior:motion_noise_level1,5.0209,240.01
Jorge2,130,marbles,marbles:dlss_rr_level0,marbles:judder_level1,RIGHT,marbles:judder_level1,marbles:dlss_rr_level0,4.7167,240.01
Jorge2,131,bistro_interior,bistro_interior:judder_level1,bistro_interior:temporal-resolution-multiplexing_level2,LEFT,bistro_interior:judder_level1,bistro_interior:temporal-resolution-multiplexing_level2,4.7334,240.01
Jorge2,132,bistro_exterior,bistro_exterior:temporal-resolution-multiplexing_level2,bistro_exterior:motion_resolution_level1,RIGHT,bistro_exterior:motion_resolution_level1,bistro_exterior:temporal-resolution-multiplexing_level2,6.4709,240.0
Jorge2,133,landscape,landscape:duration_flicker_level1,landscape:temporal-resolution-multiplexing_level1,RIGHT,landscape:temporal-resolution-multiplexing_level1,landscape:duration_flicker_level1,5.3334,240.01
Jorge2,134,classroom,classroom:motion_noise_level2,classroom:dlss_rr_level2,RIGHT,classroom:dlss_rr_level2,classroom:motion_noise_level2,5.2131,239.98
Jorge2,135,marbles,marbles:duration_flicker_level2,marbles:stutter_level2,LEFT,marbles:duration_flicker_level2,marbles:stutter_level2,4.3713,239.98
Jorge2,136,zeroday,zeroday:motion_resolution_level1,zeroday:motion_resolution_level0,RIGHT,zeroday:motion_resolution_level0,zeroday:motion_resolution_level1,5.4459,240.01
Jorge2,137,marbles,marbles:restir_level0,marbles:motion_noise_level2,RIGHT,marbles:motion_noise_level2,marbles:restir_level0,5.1625,240.01
Jorge2,138,bistro_exterior,bistro_exterior:duration_flicker_level2,bistro_exterior:stutter_level0,RIGHT,bistro_exterior:stutter_level0,bistro_exterior:duration_flicker_level2,5.2167,240.01
Jorge2,139,subway,subway:judder_level2,subway:noise_colors_level2,LEFT,subway:judder_level2,subway:noise_colors_level2,5.4967,239.97
Jorge2,140,subway,subway:restir_level0,subway:dlss_rr_level2,RIGHT,subway:dlss_rr_level2,subway:restir_level0,5.2424,239.98
Jorge2,141,zeroday,zeroday:dlss_rr_level1,zeroday:motion_noise_level2,LEFT,zeroday:dlss_rr_level1,zeroday:motion_noise_level2,5.4464,239.98
Jorge2,142,classroom,classroom:stutter_level1,classroom:temporal-resolution-multiplexing_level0,LEFT,classroom:stutter_level1,classroom:temporal-resolution-multiplexing_level0,4.9758,239.97
Jorge2,143,marbles,marbles:motion_noise_level1,marbles:judder_level1,LEFT,marbles:motion_noise_level1,marbles:judder_level1,5.5674,239.97
Jorge2,144,attic,attic:judder_level0,attic:duration_flicker_level0,LEFT,attic:judder_level0,attic:duration_flicker_level0,4.7209,240.01
Jorge2,145,marbles,marbles:judder_level0,marbles:judder_level1,RIGHT,marbles:judder_level1,marbles:judder_level0,5.7383,239.98
Jorge2,146,landscape,landscape:stutter_level2,landscape:noise_colors_level2,RIGHT,landscape:noise_colors_level2,landscape:stutter_level2,5.3209,240.0
Jorge2,147,pink_room,pink_room:motion_noise_level2,pink_room:duration_flicker_level2,LEFT,pink_room:motion_noise_level2,pink_room:duration_flicker_level2,9.2836,240.0
Jorge2,148,subway,subway:restir_level1,subway:noise_colors_level0,RIGHT,subway:noise_colors_level0,subway:restir_level1,5.3,240.01
Jorge2,149,zeroday,zeroday:motion_resolution_level1,zeroday:duration_flicker_level0,RIGHT,zeroday:duration_flicker_level0,zeroday:motion_resolution_level1,5.1792,240.01
Jorge2,150,bistro_interior,bistro_interior:judder_level1,bistro_interior:motion_resolution_level1,LEFT,bistro_interior:judder_level1,bistro_interior:motion_resolution_level1,5.5879,239.99
Jorge2,151,landscape,landscape:dlss_rr_level0,landscape:stutter_level2,LEFT,landscape:dlss_rr_level0,landscape:stutter_level2,4.5591,239.97
Jorge2,152,bistro_exterior,bistro_exterior:dlss_rr_level1,bistro_exterior:stutter_level0,RIGHT,bistro_exterior:stutter_level0,bistro_exterior:dlss_rr_level1,5.8167,240.01
Jorge2,153,zeroday,zeroday:motion_resolution_level2,zeroday:motion_noise_level1,RIGHT,zeroday:motion_noise_level1,zeroday:motion_resolution_level2,5.5752,240.0
Jorge2,154,bistro_exterior,bistro_exterior:stutter_level1,bistro_exterior:judder_level2,LEFT,bistro_exterior:stutter_level1,bistro_exterior:judder_level2,5.3383,239.98
Jorge2,155,attic,attic:dlss_rr_level1,attic:judder_level2,LEFT,attic:dlss_rr_level1,attic:judder_level2,6.9793,240.0
Jorge2,156,classroom,classroom:temporal-resolution-multiplexing_level0,classroom:noise_colors_level0,LEFT,classroom:temporal-resolution-multiplexing_level0,classroom:noise_colors_level0,5.1417,240.01
Jorge2,157,classroom,classroom:temporal-resolution-multiplexing_level0,classroom:temporal-resolution-multiplexing_level1,LEFT,classroom:temporal-resolution-multiplexing_level0,classroom:temporal-resolution-multiplexing_level1,4.6125,240.01
Jorge2,158,bistro_exterior,bistro_exterior:dlss_rr_level0,bistro_exterior:dlss_rr_level2,LEFT,bistro_exterior:dlss_rr_level0,bistro_exterior:dlss_rr_level2,5.0631,239.98
Jorge2,159,landscape,landscape:dlss_rr_level1,landscape:stutter_level2,LEFT,landscape:dlss_rr_level1,landscape:stutter_level2,5.2258,239.97
Jorge2,160,landscape,landscape:duration_flicker_level0,landscape:motion_resolution_level0,LEFT,landscape:duration_flicker_level0,landscape:motion_resolution_level0,4.6631,239.98
Jorge2,161,bistro_exterior,bistro_exterior:dlss_rr_level0,bistro_exterior:duration_flicker_level1,LEFT,bistro_exterior:dlss_rr_level0,bistro_exterior:duration_flicker_level1,5.3084,240.0
Jorge2,162,subway,subway:motion_resolution_level1,subway:dlss_rr_level0,LEFT,subway:motion_resolution_level1,subway:dlss_rr_level0,5.3459,240.01
Jorge2,163,bistro_exterior,bistro_exterior:restir_level2,bistro_exterior:dlss_rr_level1,RIGHT,bistro_exterior:dlss_rr_level1,bistro_exterior:restir_level2,10.4631,239.99
Jorge2,164,landscape,landscape:noise_colors_level1,landscape:judder_level1,LEFT,landscape:noise_colors_level1,landscape:judder_level1,4.9586,239.99
Jorge2,165,classroom,classroom:dlss_rr_level0,classroom:motion_noise_level1,LEFT,classroom:dlss_rr_level0,classroom:motion_noise_level1,6.7459,240.01
Jorge2,166,classroom,classroom:temporal-resolution-multiplexing_level0,classroom:judder_level1,LEFT,classroom:temporal-resolution-multiplexing_level0,classroom:judder_level1,4.625,240.01
Jorge2,167,zeroday,zeroday:dlss_rr_level0,zeroday:dlss_rr_level1,RIGHT,zeroday:dlss_rr_level1,zeroday:dlss_rr_level0,7.7375,240.01
Jorge2,168,pink_room,pink_room:dlss_rr_level1,pink_room:dlss_rr_level2,LEFT,pink_room:dlss_rr_level1,pink_room:dlss_rr_level2,5.3084,240.01
Jorge2,169,zeroday,zeroday:noise_colors_level1,zeroday:duration_flicker_level0,RIGHT,zeroday:duration_flicker_level0,zeroday:noise_colors_level1,4.759,239.98
Jorge2,170,bistro_interior,bistro_interior:motion_resolution_level1,bistro_interior:restir_level2,LEFT,bistro_interior:motion_resolution_level1,bistro_interior:restir_level2,11.3722,239.97
Jorge2,171,subway,subway:motion_noise_level1,subway:duration_flicker_level1,LEFT,subway:motion_noise_level1,subway:duration_flicker_level1,8.4011,239.98
Jorge2,172,bistro_exterior,bistro_exterior:motion_noise_level0,bistro_exterior:restir_level2,LEFT,bistro_exterior:motion_noise_level0,bistro_exterior:restir_level2,5.3965,239.98
Jorge2,173,zeroday,zeroday:judder_level0,zeroday:restir_level0,LEFT,zeroday:judder_level0,zeroday:restir_level0,8.021,240.0
Jorge2,174,landscape,landscape:duration_flicker_level0,landscape:restir_level0,RIGHT,landscape:restir_level0,landscape:duration_flicker_level0,5.2671,239.99
Jorge2,175,subway,subway:dlss_rr_level2,subway:duration_flicker_level1,LEFT,subway:dlss_rr_level2,subway:duration_flicker_level1,9.3053,239.98
Jorge2,176,bistro_exterior,bistro_exterior:judder_level2,bistro_exterior:temporal-resolution-multiplexing_level2,LEFT,bistro_exterior:judder_level2,bistro_exterior:temporal-resolution-multiplexing_level2,4.817,239.99
Jorge2,177,attic,attic:motion_resolution_level0,attic:duration_flicker_level1,LEFT,attic:motion_resolution_level0,attic:duration_flicker_level1,3.7584,240.01
Jorge2,178,bistro_interior,bistro_interior:noise_colors_level1,bistro_interior:restir_level1,LEFT,bistro_interior:noise_colors_level1,bistro_interior:restir_level1,4.0459,240.01
Jorge2,179,zeroday,zeroday:duration_flicker_level0,zeroday:dlss_rr_level2,RIGHT,zeroday:dlss_rr_level2,zeroday:duration_flicker_level0,6.2959,240.0
Jorge2,180,classroom,classroom:motion_resolution_level0,classroom:duration_flicker_level1,LEFT,classroom:motion_resolution_level0,classroom:duration_flicker_level1,4.396,240.0
Jorge2,181,landscape,landscape:judder_level0,landscape:duration_flicker_level2,RIGHT,landscape:duration_flicker_level2,landscape:judder_level0,4.8424,239.97
Jorge2,182,subway,subway:restir_level1,subway:motion_resolution_level0,RIGHT,subway:motion_resolution_level0,subway:restir_level1,3.6921,239.99
Jorge2,183,bistro_exterior,bistro_exterior:restir_level1,bistro_exterior:noise_colors_level2,LEFT,bistro_exterior:restir_level1,bistro_exterior:noise_colors_level2,5.2377,240.0
Jorge2,184,pink_room,pink_room:duration_flicker_level1,pink_room:restir_level2,RIGHT,pink_room:restir_level2,pink_room:duration_flicker_level1,7.9625,240.01
Jorge2,185,classroom,classroom:temporal-resolution-multiplexing_level0,classroom:restir_level0,LEFT,classroom:temporal-resolution-multiplexing_level0,classroom:restir_level0,4.3463,239.98
Jorge2,186,subway,subway:duration_flicker_level0,subway:restir_level1,LEFT,subway:duration_flicker_level0,subway:restir_level1,4.7922,239.98
Jorge2,187,classroom,classroom:noise_colors_level1,classroom:dlss_rr_level2,RIGHT,classroom:dlss_rr_level2,classroom:noise_colors_level1,4.8209,240.01
Jorge2,188,classroom,classroom:noise_colors_level1,classroom:duration_flicker_level0,LEFT,classroom:noise_colors_level1,classroom:duration_flicker_level0,4.7709,240.01
Jorge2,189,subway,subway:stutter_level0,subway:stutter_level1,LEFT,subway:stutter_level0,subway:stutter_level1,7.6966,239.99
Jorge2,190,landscape,landscape:noise_colors_level0,landscape:noise_colors_level2,RIGHT,landscape:noise_colors_level2,landscape:noise_colors_level0,5.6295,239.99
Jorge2,191,bistro_exterior,bistro_exterior:motion_noise_level2,bistro_exterior:stutter_level0,RIGHT,bistro_exterior:stutter_level0,bistro_exterior:motion_noise_level2,5.5089,239.98
Jorge2,192,landscape,landscape:temporal-resolution-multiplexing_level1,landscape:noise_colors_level1,RIGHT,landscape:noise_colors_level1,landscape:temporal-resolution-multiplexing_level1,6.3802,239.97
Jorge2,193,bistro_interior,bistro_interior:judder_level1,bistro_interior:dlss_rr_level1,LEFT,bistro_interior:judder_level1,bistro_interior:dlss_rr_level1,4.8709,240.01
Jorge2,194,marbles,marbles:temporal-resolution-multiplexing_level0,marbles:motion_noise_level0,LEFT,marbles:temporal-resolution-multiplexing_level0,marbles:motion_noise_level0,4.1625,240.01
Jorge2,195,marbles,marbles:duration_flicker_level0,marbles:stutter_level2,LEFT,marbles:duration_flicker_level0,marbles:stutter_level2,4.0673,239.98
Jorge2,196,classroom,classroom:noise_colors_level1,classroom:motion_resolution_level0,LEFT,classroom:noise_colors_level1,classroom:motion_resolution_level0,4.4546,239.99
Jorge2,197,subway,subway:motion_resolution_level0,subway:dlss_rr_level2,LEFT,subway:motion_resolution_level0,subway:dlss_rr_level2,4.75,240.01
Jorge2,198,pink_room,pink_room:temporal-resolution-multiplexing_level0,pink_room:noise_colors_level0,LEFT,pink_room:temporal-resolution-multiplexing_level0,pink_room:noise_colors_level0,9.0875,240.01
Jorge2,199,classroom,classroom:temporal-resolution-multiplexing_level0,classroom:dlss_rr_level2,LEFT,classroom:temporal-resolution-multiplexing_level0,classroom:dlss_rr_level2,4.2214,239.97
Jorge2,200,pink_room,pink_room:temporal-resolution-multiplexing_level2,pink_room:restir_level2,RIGHT,pink_room:restir_level2,pink_room:temporal-resolution-multiplexing_level2,13.9063,240.01
Jorge2,201,marbles,marbles:stutter_level2,marbles:temporal-resolution-multiplexing_level1,RIGHT,marbles:temporal-resolution-multiplexing_level1,marbles:stutter_level2,6.8459,240.01
Jorge2,202,pink_room,pink_room:motion_resolution_level0,pink_room:motion_noise_level2,RIGHT,pink_room:motion_noise_level2,pink_room:motion_resolution_level0,17.8251,240.0
Jorge2,203,marbles,marbles:stutter_level2,marbles:motion_resolution_level1,LEFT,marbles:stutter_level2,marbles:motion_resolution_level1,18.9066,239.97
Jorge2,204,bistro_interior,bistro_interior:motion_resolution_level0,bistro_interior:noise_colors_level2,RIGHT,bistro_interior:noise_colors_level2,bistro_interior:motion_resolution_level0,7.7595,239.97
Jorge2,205,bistro_interior,bistro_interior:motion_resolution_level2,bistro_interior:motion_resolution_level0,RIGHT,bistro_interior:motion_resolution_level0,bistro_interior:motion_resolution_level2,7.5177,239.98
Jorge2,206,landscape,landscape:stutter_level2,landscape:duration_flicker_level0,RIGHT,landscape:duration_flicker_level0,landscape:stutter_level2,4.3175,240.08
Jorge2,207,bistro_exterior,bistro_exterior:judder_level1,bistro_exterior:duration_flicker_level0,RIGHT,bistro_exterior:duration_flicker_level0,bistro_exterior:judder_level1,4.9876,240.01
Jorge2,208,zeroday,zeroday:stutter_level1,zeroday:dlss_rr_level0,LEFT,zeroday:stutter_level1,zeroday:dlss_rr_level0,5.3459,240.01
Jorge2,209,bistro_interior,bistro_interior:noise_colors_level1,bistro_interior:judder_level1,LEFT,bistro_interior:noise_colors_level1,bistro_interior:judder_level1,4.5667,240.01
Jorge2,210,landscape,landscape:motion_noise_level1,landscape:stutter_level2,LEFT,landscape:motion_noise_level1,landscape:stutter_level2,4.8382,239.98
Jorge2,211,landscape,landscape:judder_level0,landscape:dlss_rr_level2,LEFT,landscape:judder_level0,landscape:dlss_rr_level2,5.1382,239.98
Jorge2,212,pink_room,pink_room:motion_noise_level1,pink_room:stutter_level0,LEFT,pink_room:motion_noise_level1,pink_room:stutter_level0,5.2501,240.01
Jorge2,213,zeroday,zeroday:duration_flicker_level0,zeroday:motion_resolution_level2,LEFT,zeroday:duration_flicker_level0,zeroday:motion_resolution_level2,5.2674,239.98
Jorge2,214,landscape,landscape:temporal-resolution-multiplexing_level1,landscape:motion_noise_level2,RIGHT,landscape:motion_noise_level2,landscape:temporal-resolution-multiplexing_level1,5.0674,239.98
Jorge2,215,bistro_interior,bistro_interior:judder_level0,bistro_interior:duration_flicker_level0,RIGHT,bistro_interior:duration_flicker_level0,bistro_interior:judder_level0,4.9042,240.01
Jorge2,216,pink_room,pink_room:dlss_rr_level0,pink_room:motion_noise_level2,RIGHT,pink_room:motion_noise_level2,pink_room:dlss_rr_level0,5.1876,240.01
Jorge2,217,pink_room,pink_room:stutter_level1,pink_room:motion_noise_level1,RIGHT,pink_room:motion_noise_level1,pink_room:stutter_level1,5.3959,240.01
Jorge2,218,bistro_interior,bistro_interior:noise_colors_level0,bistro_interior:motion_noise_level1,LEFT,bistro_interior:noise_colors_level0,bistro_interior:motion_noise_level1,5.075,240.01
Jorge2,219,zeroday,zeroday:motion_resolution_level1,zeroday:temporal-resolution-multiplexing_level1,RIGHT,zeroday:temporal-resolution-multiplexing_level1,zeroday:motion_resolution_level1,5.4759,239.97
Jorge2,220,pink_room,pink_room:motion_noise_level2,pink_room:restir_level2,LEFT,pink_room:motion_noise_level2,pink_room:restir_level2,5.1,240.01
Jorge2,221,bistro_interior,bistro_interior:temporal-resolution-multiplexing_level0,bistro_interior:judder_level0,LEFT,bistro_interior:temporal-resolution-multiplexing_level0,bistro_interior:judder_level0,4.5,240.01
Jorge2,222,zeroday,zeroday:dlss_rr_level0,zeroday:noise_colors_level0,RIGHT,zeroday:noise_colors_level0,zeroday:dlss_rr_level0,9.4417,240.01
Jorge2,223,classroom,classroom:dlss_rr_level2,classroom:stutter_level0,RIGHT,classroom:stutter_level0,classroom:dlss_rr_level2,5.0757,239.98
Jorge2,224,marbles,marbles:dlss_rr_level2,marbles:judder_level1,RIGHT,marbles:judder_level1,marbles:dlss_rr_level2,5.1966,239.97
Jorge2,225,pink_room,pink_room:judder_level2,pink_room:restir_level2,RIGHT,pink_room:restir_level2,pink_room:judder_level2,6.9917,240.01
Jorge2,226,zeroday,zeroday:stutter_level2,zeroday:noise_colors_level1,RIGHT,zeroday:noise_colors_level1,zeroday:stutter_level2,5.4543,239.99
Jorge2,227,zeroday,zeroday:dlss_rr_level1,zeroday:motion_noise_level0,RIGHT,zeroday:motion_noise_level0,zeroday:dlss_rr_level1,5.3967,239.97
Jorge2,228,classroom,classroom:stutter_level2,classroom:motion_resolution_level1,LEFT,classroom:stutter_level2,classroom:motion_resolution_level1,8.1175,239.98
Jorge2,229,classroom,classroom:judder_level2,classroom:noise_colors_level1,RIGHT,classroom:noise_colors_level1,classroom:judder_level2,4.413,239.98
Jorge2,230,pink_room,pink_room:noise_colors_level0,pink_room:motion_noise_level1,RIGHT,pink_room:motion_noise_level1,pink_room:noise_colors_level0,5.35,240.01
Jorge2,231,zeroday,zeroday:judder_level0,zeroday:duration_flicker_level0,LEFT,zeroday:judder_level0,zeroday:duration_flicker_level0,7.3969,239.97
Jorge2,232,zeroday,zeroday:judder_level2,zeroday:noise_colors_level1,RIGHT,zeroday:noise_colors_level1,zeroday:judder_level2,5.1215,239.98
Jorge2,233,classroom,classroom:noise_colors_level2,classroom:noise_colors_level1,RIGHT,classroom:noise_colors_level1,classroom:noise_colors_level2,5.0841,239.97
Jorge2,234,pink_room,pink_room:restir_level0,pink_room:noise_colors_level0,RIGHT,pink_room:noise_colors_level0,pink_room:restir_level0,7.1376,240.0
ali,1,subway,subway:temporal-resolution-multiplexing_level2,subway:motion_resolution_level2,RIGHT,subway:motion_resolution_level2,subway:temporal-resolution-multiplexing_level2,5.876,240.07
ali,2,marbles,marbles:motion_noise_level0,marbles:dlss_rr_level2,LEFT,marbles:motion_noise_level0,marbles:dlss_rr_level2,5.7966,239.98
ali,3,zeroday,zeroday:stutter_level0,zeroday:judder_level1,LEFT,zeroday:stutter_level0,zeroday:judder_level1,6.7546,240.0
ali,4,landscape,landscape:temporal-resolution-multiplexing_level1,landscape:judder_level0,RIGHT,landscape:judder_level0,landscape:temporal-resolution-multiplexing_level1,5.6592,239.98
ali,5,zeroday,zeroday:noise_colors_level1,zeroday:motion_resolution_level0,RIGHT,zeroday:motion_resolution_level0,zeroday:noise_colors_level1,5.7883,239.98
ali,6,subway,subway:motion_resolution_level1,subway:noise_colors_level0,RIGHT,subway:noise_colors_level0,subway:motion_resolution_level1,6.2511,239.97
ali,7,zeroday,zeroday:duration_flicker_level0,zeroday:motion_resolution_level0,LEFT,zeroday:duration_flicker_level0,zeroday:motion_resolution_level0,7.4177,239.98
ali,8,attic,attic:noise_colors_level1,attic:duration_flicker_level0,LEFT,attic:noise_colors_level1,attic:duration_flicker_level0,4.4998,239.82
ali,9,landscape,landscape:noise_colors_level1,landscape:motion_noise_level2,RIGHT,landscape:motion_noise_level2,landscape:noise_colors_level1,6.1755,239.99
ali,10,subway,subway:motion_noise_level1,subway:motion_resolution_level0,RIGHT,subway:motion_resolution_level0,subway:motion_noise_level1,6.3926,239.97
ali,11,bistro_exterior,bistro_exterior:dlss_rr_level0,bistro_exterior:restir_level1,RIGHT,bistro_exterior:restir_level1,bistro_exterior:dlss_rr_level0,6.3675,239.97
ali,12,marbles,marbles:stutter_level1,marbles:temporal-resolution-multiplexing_level0,RIGHT,marbles:temporal-resolution-multiplexing_level0,marbles:stutter_level1,6.2341,239.98
ali,13,landscape,landscape:judder_level1,landscape:temporal-resolution-multiplexing_level0,LEFT,landscape:judder_level1,landscape:temporal-resolution-multiplexing_level0,6.58,239.97
ali,14,landscape,landscape:restir_level2,landscape:dlss_rr_level0,LEFT,landscape:restir_level2,landscape:dlss_rr_level0,6.9875,240.01
ali,15,subway,subway:motion_noise_level2,subway:restir_level0,LEFT,subway:motion_noise_level2,subway:restir_level0,8.5259,239.98
ali,16,landscape,landscape:judder_level1,landscape:restir_level2,RIGHT,landscape:restir_level2,landscape:judder_level1,7.346,240.0
ali,17,bistro_exterior,bistro_exterior:stutter_level0,bistro_exterior:noise_colors_level0,RIGHT,bistro_exterior:noise_colors_level0,bistro_exterior:stutter_level0,8.2717,239.98
ali,18,landscape,landscape:dlss_rr_level2,landscape:motion_resolution_level0,RIGHT,landscape:motion_resolution_level0,landscape:dlss_rr_level2,8.6969,239.98
ali,19,marbles,marbles:temporal-resolution-multiplexing_level1,marbles:restir_level2,LEFT,marbles:temporal-resolution-multiplexing_level1,marbles:restir_level2,8.1209,240.01
ali,20,landscape,landscape:motion_noise_level0,landscape:judder_level1,RIGHT,landscape:judder_level1,landscape:motion_noise_level0,6.8293,240.0
ali,21,bistro_interior,bistro_interior:dlss_rr_level1,bistro_interior:motion_resolution_level1,LEFT,bistro_interior:dlss_rr_level1,bistro_interior:motion_resolution_level1,6.0924,239.98
ali,22,subway,subway:noise_colors_level0,subway:dlss_rr_level1,LEFT,subway:noise_colors_level0,subway:dlss_rr_level1,6.2675,239.98
ali,23,pink_room,pink_room:temporal-resolution-multiplexing_level2,pink_room:restir_level0,LEFT,pink_room:temporal-resolution-multiplexing_level2,pink_room:restir_level0,5.7924,239.98
ali,24,pink_room,pink_room:dlss_rr_level2,pink_room:noise_colors_level1,RIGHT,pink_room:noise_colors_level1,pink_room:dlss_rr_level2,5.8299,239.98
ali,25,bistro_exterior,bistro_exterior:restir_level2,bistro_exterior:noise_colors_level2,LEFT,bistro_exterior:restir_level2,bistro_exterior:noise_colors_level2,6.7092,239.98
ali,26,bistro_exterior,bistro_exterior:restir_level1,bistro_exterior:duration_flicker_level0,LEFT,bistro_exterior:restir_level1,bistro_exterior:duration_flicker_level0,6.4883,239.98
ali,27,pink_room,pink_room:noise_colors_level1,pink_room:restir_level0,RIGHT,pink_room:restir_level0,pink_room:noise_colors_level1,9.5167,240.01
ali,28,pink_room,pink_room:noise_colors_level1,pink_room:judder_level2,RIGHT,pink_room:judder_level2,pink_room:noise_colors_level1,9.5834,240.01
ali,29,marbles,marbles:stutter_level1,marbles:stutter_level0,RIGHT,marbles:stutter_level0,marbles:stutter_level1,8.8125,240.01
ali,30,bistro_exterior,bistro_exterior:motion_resolution_level1,bistro_exterior:duration_flicker_level2,LEFT,bistro_exterior:motion_resolution_level1,bistro_exterior:duration_flicker_level2,7.3959,240.01
ali,31,attic,attic:dlss_rr_level0,attic:restir_level0,LEFT,attic:dlss_rr_level0,attic:restir_level0,6.8125,240.01
ali,32,zeroday,zeroday:restir_level1,zeroday:temporal-resolution-multiplexing_level2,RIGHT,zeroday:temporal-resolution-multiplexing_level2,zeroday:restir_level1,6.9547,239.99
ali,33,classroom,classroom:judder_level0,classroom:temporal-resolution-multiplexing_level1,RIGHT,classroom:temporal-resolution-multiplexing_level1,classroom:judder_level0,5.9716,239.98
ali,34,zeroday,zeroday:stutter_level2,zeroday:motion_resolution_level2,LEFT,zeroday:stutter_level2,zeroday:motion_resolution_level2,5.4508,239.97
ali,35,pink_room,pink_room:noise_colors_level2,pink_room:judder_level0,RIGHT,pink_room:judder_level0,pink_room:noise_colors_level2,12.4725,239.97
ali,36,landscape,landscape:stutter_level0,landscape:motion_noise_level1,RIGHT,landscape:motion_noise_level1,landscape:stutter_level0,8.9805,239.97
ali,37,zeroday,zeroday:judder_level1,zeroday:duration_flicker_level1,LEFT,zeroday:judder_level1,zeroday:duration_flicker_level1,9.2417,240.0
ali,38,zeroday,zeroday:stutter_level2,zeroday:motion_resolution_level1,LEFT,zeroday:stutter_level2,zeroday:motion_resolution_level1,7.601,239.97
ali,39,bistro_exterior,bistro_exterior:duration_flicker_level1,bistro_exterior:noise_colors_level1,RIGHT,bistro_exterior:noise_colors_level1,bistro_exterior:duration_flicker_level1,7.9259,239.97
ali,40,zeroday,zeroday:stutter_level0,zeroday:noise_colors_level0,RIGHT,zeroday:noise_colors_level0,zeroday:stutter_level0,7.5093,239.97
ali,41,pink_room,pink_room:duration_flicker_level0,pink_room:restir_level2,RIGHT,pink_room:restir_level2,pink_room:duration_flicker_level0,8.072,239.97
ali,42,pink_room,pink_room:duration_flicker_level0,pink_room:restir_level0,RIGHT,pink_room:restir_level0,pink_room:duration_flicker_level0,6.9426,239.98
ali,43,bistro_interior,bistro_interior:stutter_level0,bistro_interior:judder_level0,RIGHT,bistro_interior:judder_level0,bistro_interior:stutter_level0,9.4084,240.01
ali,44,bistro_exterior,bistro_exterior:restir_level0,bistro_exterior:judder_level1,RIGHT,bistro_exterior:judder_level1,bistro_exterior:restir_level0,7.35,240.01
ali,45,bistro_interior,bistro_interior:duration_flicker_level2,bistro_interior:judder_level0,LEFT,bistro_interior:duration_flicker_level2,bistro_interior:judder_level0,6.8507,239.98
ali,46,bistro_interior,bistro_interior:motion_resolution_level0,bistro_interior:stutter_level2,RIGHT,bistro_interior:stutter_level2,bistro_interior:motion_resolution_level0,10.0096,239.98
ali,47,marbles,marbles:temporal-resolution-multiplexing_level2,marbles:dlss_rr_level1,RIGHT,marbles:dlss_rr_level1,marbles:temporal-resolution-multiplexing_level2,8.9131,239.99
ali,48,classroom,classroom:temporal-resolution-multiplexing_level1,classroom:motion_resolution_level0,RIGHT,classroom:motion_resolution_level0,classroom:temporal-resolution-multiplexing_level1,7.7343,239.97
ali,49,marbles,marbles:stutter_level1,marbles:judder_level0,RIGHT,marbles:judder_level0,marbles:stutter_level1,8.5256,239.99
ali,50,classroom,classroom:motion_noise_level2,classroom:duration_flicker_level0,RIGHT,classroom:duration_flicker_level0,classroom:motion_noise_level2,4.7626,239.8
ali,51,attic,attic:motion_noise_level1,attic:stutter_level0,RIGHT,attic:stutter_level0,attic:motion_noise_level1,7.6084,240.01
ali,52,bistro_interior,bistro_interior:dlss_rr_level1,bistro_interior:noise_colors_level2,LEFT,bistro_interior:dlss_rr_level1,bistro_interior:noise_colors_level2,10.2375,240.01
ali,53,marbles,marbles:motion_noise_level1,marbles:stutter_level1,RIGHT,marbles:stutter_level1,marbles:motion_noise_level1,7.9625,240.01
ali,54,pink_room,pink_room:duration_flicker_level0,pink_room:motion_noise_level2,RIGHT,pink_room:motion_noise_level2,pink_room:duration_flicker_level0,5.7625,240.01
ali,55,zeroday,zeroday:judder_level0,zeroday:stutter_level0,RIGHT,zeroday:stutter_level0,zeroday:judder_level0,9.7792,240.01
ali,56,subway,subway:noise_colors_level0,subway:judder_level1,RIGHT,subway:judder_level1,subway:noise_colors_level0,7.8042,240.01
ali,57,subway,subway:temporal-resolution-multiplexing_level2,subway:restir_level1,LEFT,subway:temporal-resolution-multiplexing_level2,subway:restir_level1,2.8922,239.97
ali,58,bistro_interior,bistro_interior:judder_level2,bistro_interior:restir_level0,LEFT,bistro_interior:judder_level2,bistro_interior:restir_level0,8.6547,239.99
ali,59,landscape,landscape:stutter_level1,landscape:noise_colors_level2,RIGHT,landscape:noise_colors_level2,landscape:stutter_level1,8.0386,239.97
ali,60,pink_room,pink_room:stutter_level0,pink_room:judder_level1,RIGHT,pink_room:judder_level1,pink_room:stutter_level0,7.4875,240.01
ali,61,bistro_exterior,bistro_exterior:motion_resolution_level1,bistro_exterior:motion_resolution_level2,LEFT,bistro_exterior:motion_resolution_level1,bistro_exterior:motion_resolution_level2,5.4044,240.0
ali,62,attic,attic:temporal-resolution-multiplexing_level2,attic:dlss_rr_level2,RIGHT,attic:dlss_rr_level2,attic:temporal-resolution-multiplexing_level2,13.3667,240.0
ali,63,attic,attic:noise_colors_level0,attic:noise_colors_level1,RIGHT,attic:noise_colors_level1,attic:noise_colors_level0,8.2709,240.01
ali,64,marbles,marbles:judder_level2,marbles:duration_flicker_level2,LEFT,marbles:judder_level2,marbles:duration_flicker_level2,4.6058,239.93
ali,65,landscape,landscape:motion_resolution_level1,landscape:restir_level2,RIGHT,landscape:restir_level2,landscape:motion_resolution_level1,6.426,239.97
ali,66,landscape,landscape:restir_level2,landscape:noise_colors_level0,RIGHT,landscape:noise_colors_level0,landscape:restir_level2,6.6584,240.01
ali,67,zeroday,zeroday:motion_noise_level1,zeroday:judder_level1,RIGHT,zeroday:judder_level1,zeroday:motion_noise_level1,5.9917,240.0
ali,68,zeroday,zeroday:stutter_level2,zeroday:restir_level2,LEFT,zeroday:stutter_level2,zeroday:restir_level2,5.596,240.0
ali,69,subway,subway:noise_colors_level0,subway:temporal-resolution-multiplexing_level0,LEFT,subway:noise_colors_level0,subway:temporal-resolution-multiplexing_level0,7.05,240.01
ali,70,zeroday,zeroday:judder_level1,zeroday:motion_resolution_level0,LEFT,zeroday:judder_level1,zeroday:motion_resolution_level0,7.5792,240.01
ali,71,subway,subway:motion_resolution_level1,subway:temporal-resolution-multiplexing_level1,LEFT,subway:motion_resolution_level1,subway:temporal-resolution-multiplexing_level1,10.5221,239.97
ali,72,bistro_interior,bistro_interior:temporal-resolution-multiplexing_level0,bistro_interior:noise_colors_level0,RIGHT,bistro_interior:noise_colors_level0,bistro_interior:temporal-resolution-multiplexing_level0,5.48,239.97
ali,73,subway,subway:duration_flicker_level2,subway:motion_resolution_level1,LEFT,subway:duration_flicker_level2,subway:motion_resolution_level1,6.0257,239.98
ali,74,bistro_interior,bistro_interior:duration_flicker_level0,bistro_interior:noise_colors_level1,LEFT,bistro_interior:duration_flicker_level0,bistro_interior:noise_colors_level1,9.0345,239.97
ali,75,pink_room,pink_room:noise_colors_level2,pink_room:motion_resolution_level0,RIGHT,pink_room:motion_resolution_level0,pink_room:noise_colors_level2,10.5506,239.99
ali,76,attic,attic:judder_level0,attic:motion_noise_level0,RIGHT,attic:motion_noise_level0,attic:judder_level0,9.4178,239.97
ali,77,classroom,classroom:stutter_level2,classroom:temporal-resolution-multiplexing_level2,RIGHT,classroom:temporal-resolution-multiplexing_level2,classroom:stutter_level2,7.5801,239.98
ali,78,landscape,landscape:restir_level2,landscape:restir_level0,RIGHT,landscape:restir_level0,landscape:restir_level2,7.4792,240.0
ali,79,bistro_exterior,bistro_exterior:motion_resolution_level0,bistro_exterior:stutter_level1,LEFT,bistro_exterior:motion_resolution_level0,bistro_exterior:stutter_level1,7.4334,240.01
ali,80,landscape,landscape:motion_noise_level2,landscape:restir_level1,RIGHT,landscape:restir_level1,landscape:motion_noise_level2,9.072,239.98
ali,81,attic,attic:duration_flicker_level2,attic:duration_flicker_level1,LEFT,attic:duration_flicker_level2,attic:duration_flicker_level1,7.1667,240.01
ali,82,bistro_exterior,bistro_exterior:restir_level2,bistro_exterior:motion_noise_level2,RIGHT,bistro_exterior:motion_noise_level2,bistro_exterior:restir_level2,7.5292,240.01
ali,83,classroom,classroom:restir_level0,classroom:restir_level1,LEFT,classroom:restir_level0,classroom:restir_level1,6.2417,240.01
ali,84,marbles,marbles:stutter_level1,marbles:motion_noise_level0,LEFT,marbles:stutter_level1,marbles:motion_noise_level0,9.4959,240.0
ali,85,attic,attic:judder_level1,attic:motion_noise_level1,LEFT,attic:judder_level1,attic:motion_noise_level1,6.5709,240.01
ali,86,attic,attic:duration_flicker_level2,attic:dlss_rr_level1,LEFT,attic:duration_flicker_level2,attic:dlss_rr_level1,6.1007,239.83
ali,87,marbles,marbles:judder_level2,marbles:temporal-resolution-multiplexing_level1,LEFT,marbles:judder_level2,marbles:temporal-resolution-multiplexing_level1,7.9542,240.01
ali,88,landscape,landscape:temporal-resolution-multiplexing_level2,landscape:restir_level2,RIGHT,landscape:restir_level2,landscape:temporal-resolution-multiplexing_level2,13.2375,240.0
ali,89,bistro_interior,bistro_interior:restir_level1,bistro_interior:dlss_rr_level1,RIGHT,bistro_interior:dlss_rr_level1,bistro_interior:restir_level1,6.8718,239.97
ali,90,zeroday,zeroday:stutter_level0,zeroday:motion_noise_level0,RIGHT,zeroday:motion_noise_level0,zeroday:stutter_level0,8.2219,239.98
ali,91,attic,attic:motion_noise_level2,attic:duration_flicker_level2,LEFT,attic:motion_noise_level2,attic:duration_flicker_level2,4.2381,239.97
ali,92,bistro_exterior,bistro_exterior:duration_flicker_level0,bistro_exterior:motion_noise_level0,RIGHT,bistro_exterior:motion_noise_level0,bistro_exterior:duration_flicker_level0,5.9966,239.98
ali,93,zeroday,zeroday:restir_level1,zeroday:temporal-resolution-multiplexing_level0,RIGHT,zeroday:temporal-resolution-multiplexing_level0,zeroday:restir_level1,6.7218,239.97
ali,94,marbles,marbles:stutter_level1,marbles:noise_colors_level0,RIGHT,marbles:noise_colors_level0,marbles:stutter_level1,12.9518,239.97
ali,95,pink_room,pink_room:motion_resolution_level1,pink_room:motion_resolution_level2,LEFT,pink_room:motion_resolution_level1,pink_room:motion_resolution_level2,7.7171,239.99
ali,96,zeroday,zeroday:motion_resolution_level0,zeroday:judder_level2,RIGHT,zeroday:judder_level2,zeroday:motion_resolution_level0,9.8971,239.98
ali,97,bistro_exterior,bistro_exterior:dlss_rr_level0,bistro_exterior:judder_level0,RIGHT,bistro_exterior:judder_level0,bistro_exterior:dlss_rr_level0,10.9847,239.97
ali,98,attic,attic:duration_flicker_level0,attic:dlss_rr_level0,RIGHT,attic:dlss_rr_level0,attic:duration_flicker_level0,7.9542,240.01
ali,99,marbles,marbles:restir_level0,marbles:motion_noise_level0,RIGHT,marbles:motion_noise_level0,marbles:restir_level0,13.9141,239.98
ali,100,subway,subway:motion_noise_level1,subway:motion_resolution_level1,RIGHT,subway:motion_resolution_level1,subway:motion_noise_level1,7.4084,240.01
ali,101,classroom,classroom:dlss_rr_level0,classroom:temporal-resolution-multiplexing_level1,RIGHT,classroom:temporal-resolution-multiplexing_level1,classroom:dlss_rr_level0,8.4418,240.0
ali,102,zeroday,zeroday:motion_resolution_level0,zeroday:motion_noise_level2,LEFT,zeroday:motion_resolution_level0,zeroday:motion_noise_level2,4.9798,239.98
ali,103,bistro_exterior,bistro_exterior:restir_level1,bistro_exterior:dlss_rr_level1,LEFT,bistro_exterior:restir_level1,bistro_exterior:dlss_rr_level1,9.8546,239.99
ali,104,pink_room,pink_room:judder_level2,pink_room:temporal-resolution-multiplexing_level1,LEFT,pink_room:judder_level2,pink_room:temporal-resolution-multiplexing_level1,7.551,239.97
ali,105,marbles,marbles:stutter_level2,marbles:judder_level2,LEFT,marbles:stutter_level2,marbles:judder_level2,5.6758,239.97
ali,106,subway,subway:restir_level2,subway:restir_level0,RIGHT,subway:restir_level0,subway:restir_level2,9.5045,239.99
ali,107,classroom,classroom:motion_resolution_level1,classroom:motion_resolution_level2,LEFT,classroom:motion_resolution_level1,classroom:motion_resolution_level2,6.9176,239.98
ali,108,landscape,landscape:stutter_level2,landscape:motion_resolution_level0,RIGHT,landscape:motion_resolution_level0,landscape:stutter_level2,7.6297,239.99
ali,109,bistro_interior,bistro_interior:noise_colors_level0,bistro_interior:stutter_level1,LEFT,bistro_interior:noise_colors_level0,bistro_interior:stutter_level1,7.6092,239.98
ali,110,bistro_interior,bistro_interior:temporal-resolution-multiplexing_level2,bistro_interior:duration_flicker_level1,LEFT,bistro_interior:temporal-resolution-multiplexing_level2,bistro_interior:duration_flicker_level1,15.5813,239.97
ali,111,pink_room,pink_room:dlss_rr_level0,pink_room:judder_level2,RIGHT,pink_room:judder_level2,pink_room:dlss_rr_level0,8.0887,239.97
ali,112,landscape,landscape:duration_flicker_level0,landscape:restir_level2,RIGHT,landscape:restir_level2,landscape:duration_flicker_level0,12.6224,239.97
ali,113,zeroday,zeroday:dlss_rr_level0,zeroday:motion_resolution_level0,LEFT,zeroday:dlss_rr_level0,zeroday:motion_resolution_level0,8.1301,239.98
ali,114,attic,attic:restir_level2,attic:dlss_rr_level2,RIGHT,attic:dlss_rr_level2,attic:restir_level2,9.2584,240.0
ali,115,pink_room,pink_room:noise_colors_level1,pink_room:restir_level1,RIGHT,pink_room:restir_level1,pink_room:noise_colors_level1,6.3959,240.01
ali,116,landscape,landscape:restir_level2,landscape:duration_flicker_level1,LEFT,landscape:restir_level2,landscape:duration_flicker_level1,6.6625,240.01
ali,117,landscape,landscape:restir_level2,landscape:judder_level2,LEFT,landscape:restir_level2,landscape:judder_level2,3.7922,239.98
ali,118,bistro_interior,bistro_interior:motion_resolution_level0,bistro_interior:dlss_rr_level1,RIGHT,bistro_interior:dlss_rr_level1,bistro_interior:motion_resolution_level0,10.1224,240.02
ali,119,subway,subway:dlss_rr_level0,subway:motion_noise_level2,LEFT,subway:dlss_rr_level0,subway:motion_noise_level2,1.4876,240.02
ali,120,attic,attic:stutter_level1,attic:duration_flicker_level0,RIGHT,attic:duration_flicker_level0,attic:stutter_level1,5.5415,239.85
ali,121,pink_room,pink_room:motion_noise_level1,pink_room:temporal-resolution-multiplexing_level0,RIGHT,pink_room:temporal-resolution-multiplexing_level0,pink_room:motion_noise_level1,1.6501,240.0
ali,122,zeroday,zeroday:stutter_level1,zeroday:noise_colors_level0,LEFT,zeroday:stutter_level1,zeroday:noise_colors_level0,1.5959,240.03
ali,123,subway,subway:stutter_level2,subway:motion_resolution_level1,RIGHT,subway:motion_resolution_level1,subway:stutter_level2,2.8459,240.02
ali,124,bistro_exterior,bistro_exterior:stutter_level2,bistro_exterior:motion_resolution_level2,LEFT,bistro_exterior:stutter_level2,bistro_exterior:motion_resolution_level2,1.121,240.0
ali,125,bistro_interior,bistro_interior:restir_level2,bistro_interior:motion_resolution_level2,RIGHT,bistro_interior:motion_resolution_level2,bistro_interior:restir_level2,1.1334,240.01
ali,126,landscape,landscape:motion_resolution_level2,landscape:dlss_rr_level2,RIGHT,landscape:dlss_rr_level2,landscape:motion_resolution_level2,1.1292,240.03
ali,127,classroom,classroom:duration_flicker_level0,classroom:restir_level1,RIGHT,classroom:restir_level1,classroom:duration_flicker_level0,2.2667,240.01
ali,128,zeroday,zeroday:motion_resolution_level0,zeroday:dlss_rr_level2,RIGHT,zeroday:dlss_rr_level2,zeroday:motion_resolution_level0,5.6292,240.01
ali,129,marbles,marbles:stutter_level1,marbles:dlss_rr_level0,RIGHT,marbles:dlss_rr_level0,marbles:stutter_level1,1.8418,239.99
ali,130,marbles,marbles:judder_level1,marbles:stutter_level1,RIGHT,marbles:stutter_level1,marbles:judder_level1,3.0125,240.02
ali,131,subway,subway:motion_resolution_level1,subway:judder_level2,LEFT,subway:motion_resolution_level1,subway:judder_level2,2.5792,240.02
ali,132,classroom,classroom:restir_level1,classroom:dlss_rr_level2,LEFT,classroom:restir_level1,classroom:dlss_rr_level2,9.475,240.0
ali,133,subway,subway:noise_colors_level0,subway:stutter_level1,RIGHT,subway:stutter_level1,subway:noise_colors_level0,3.3378,240.0
ali,134,pink_room,pink_room:noise_colors_level1,pink_room:duration_flicker_level2,LEFT,pink_room:noise_colors_level1,pink_room:duration_flicker_level2,1.3127,239.99
ali,135,attic,attic:temporal-resolution-multiplexing_level2,attic:dlss_rr_level0,RIGHT,attic:dlss_rr_level0,attic:temporal-resolution-multiplexing_level2,1.7792,240.01
ali,136,marbles,marbles:noise_colors_level1,marbles:judder_level2,RIGHT,marbles:judder_level2,marbles:noise_colors_level1,5.0084,240.01
ali,137,pink_room,pink_room:noise_colors_level0,pink_room:noise_colors_level1,LEFT,pink_room:noise_colors_level0,pink_room:noise_colors_level1,3.6667,240.01
ali,138,marbles,marbles:motion_resolution_level0,marbles:temporal-resolution-multiplexing_level2,LEFT,marbles:motion_resolution_level0,marbles:temporal-resolution-multiplexing_level2,3.4334,240.02
ali,139,marbles,marbles:motion_resolution_level0,marbles:judder_level2,RIGHT,marbles:judder_level2,marbles:motion_resolution_level0,4.8459,240.01
ali,140,bistro_interior,bistro_interior:temporal-resolution-multiplexing_level2,bistro_interior:motion_noise_level1,RIGHT,bistro_interior:motion_noise_level1,bistro_interior:temporal-resolution-multiplexing_level2,2.9713,239.99
ali,141,attic,attic:judder_level2,attic:duration_flicker_level0,LEFT,attic:judder_level2,attic:duration_flicker_level0,23.3334,240.0
ali,142,classroom,classroom:temporal-resolution-multiplexing_level2,classroom:duration_flicker_level0,RIGHT,classroom:duration_flicker_level0,classroom:temporal-resolution-multiplexing_level2,5.8235,239.9
ali,143,landscape,landscape:dlss_rr_level1,landscape:motion_resolution_level2,LEFT,landscape:dlss_rr_level1,landscape:motion_resolution_level2,1.1751,240.03
ali,144,attic,attic:dlss_rr_level2,attic:restir_level1,LEFT,attic:dlss_rr_level2,attic:restir_level1,2.3709,240.02
ali,145,subway,subway:judder_level0,subway:stutter_level1,RIGHT,subway:stutter_level1,subway:judder_level0,13.2834,240.0
ali,146,landscape,landscape:judder_level0,landscape:noise_colors_level2,LEFT,landscape:judder_level0,landscape:noise_colors_level2,1.7417,240.03
ali,147,bistro_interior,bistro_interior:dlss_rr_level2,bistro_interior:dlss_rr_level1,RIGHT,bistro_interior:dlss_rr_level1,bistro_interior:dlss_rr_level2,1.8709,240.03
ali,148,attic,attic:motion_resolution_level0,attic:judder_level1,LEFT,attic:motion_resolution_level0,attic:judder_level1,9.9753,240.0
ali,149,zeroday,zeroday:motion_resolution_level0,zeroday:dlss_rr_level1,RIGHT,zeroday:dlss_rr_level1,zeroday:motion_resolution_level0,2.8167,240.02
ali,150,pink_room,pink_room:duration_flicker_level0,pink_room:stutter_level1,RIGHT,pink_room:stutter_level1,pink_room:duration_flicker_level0,2.5334,240.02
ali,151,bistro_interior,bistro_interior:dlss_rr_level0,bistro_interior:restir_level0,LEFT,bistro_interior:dlss_rr_level0,bistro_interior:restir_level0,1.0542,240.04
ali,152,subway,subway:dlss_rr_level0,subway:motion_resolution_level2,LEFT,subway:dlss_rr_level0,subway:motion_resolution_level2,1.0709,240.03
ali,153,classroom,classroom:stutter_level0,classroom:temporal-resolution-multiplexing_level1,LEFT,classroom:stutter_level0,classroom:temporal-resolution-multiplexing_level1,1.8002,239.99
ali,154,bistro_interior,bistro_interior:judder_level1,bistro_interior:judder_level0,LEFT,bistro_interior:judder_level1,bistro_interior:judder_level0,0.9251,239.99
ali,155,attic,attic:motion_resolution_level2,attic:dlss_rr_level2,RIGHT,attic:dlss_rr_level2,attic:motion_resolution_level2,2.4668,240.02
ali,156,attic,attic:dlss_rr_level2,attic:stutter_level2,LEFT,attic:dlss_rr_level2,attic:stutter_level2,1.5292,240.03
ali,157,marbles,marbles:restir_level1,marbles:noise_colors_level1,LEFT,marbles:restir_level1,marbles:noise_colors_level1,2.4917,240.01
ali,158,subway,subway:motion_resolution_level1,subway:duration_flicker_level0,RIGHT,subway:duration_flicker_level0,subway:motion_resolution_level1,1.5376,240.02
ali,159,pink_room,pink_room:restir_level0,pink_room:dlss_rr_level1,LEFT,pink_room:restir_level0,pink_room:dlss_rr_level1,1.8084,240.02
ali,160,bistro_exterior,bistro_exterior:judder_level2,bistro_exterior:stutter_level2,RIGHT,bistro_exterior:stutter_level2,bistro_exterior:judder_level2,3.8667,240.01
ali,161,bistro_exterior,bistro_exterior:motion_noise_level1,bistro_exterior:duration_flicker_level0,LEFT,bistro_exterior:motion_noise_level1,bistro_exterior:duration_flicker_level0,2.8792,240.02
ali,162,attic,attic:temporal-resolution-multiplexing_level2,attic:temporal-resolution-multiplexing_level1,RIGHT,attic:temporal-resolution-multiplexing_level1,attic:temporal-resolution-multiplexing_level2,2.8417,240.01
ali,163,attic,attic:judder_level1,attic:noise_colors_level1,RIGHT,attic:noise_colors_level1,attic:judder_level1,1.8,240.02
ali,164,bistro_interior,bistro_interior:restir_level0,bistro_interior:motion_noise_level2,RIGHT,bistro_interior:motion_noise_level2,bistro_interior:restir_level0,1.0751,240.04
ali,165,pink_room,pink_room:noise_colors_level1,pink_room:duration_flicker_level1,LEFT,pink_room:noise_colors_level1,pink_room:duration_flicker_level1,2.125,240.02
ali,166,marbles,marbles:motion_noise_level0,marbles:motion_noise_level2,LEFT,marbles:motion_noise_level0,marbles:motion_noise_level2,9.2668,240.0
ali,167,bistro_exterior,bistro_exterior:dlss_rr_level0,bistro_exterior:temporal-resolution-multiplexing_level0,RIGHT,bistro_exterior:temporal-resolution-multiplexing_level0,bistro_exterior:dlss_rr_level0,4.2045,239.99
ali,168,zeroday,zeroday:motion_resolution_level0,zeroday:restir_level0,RIGHT,zeroday:restir_level0,zeroday:motion_resolution_level0,1.8169,240.0
ali,169,bistro_exterior,bistro_exterior:motion_resolution_level1,bistro_exterior:restir_level2,LEFT,bistro_exterior:motion_resolution_level1,bistro_exterior:restir_level2,2.413,239.97
ali,170,bistro_interior,bistro_interior:stutter_level0,bistro_interior:temporal-resolution-multiplexing_level1,LEFT,bistro_interior:stutter_level0,bistro_interior:temporal-resolution-multiplexing_level1,1.7627,240.0
ali,171,bistro_interior,bistro_interior:noise_colors_level1,bistro_interior:judder_level0,RIGHT,bistro_interior:judder_level0,bistro_interior:noise_colors_level1,1.1792,240.01
ali,172,classroom,classroom:motion_noise_level2,classroom:motion_noise_level1,RIGHT,classroom:motion_noise_level1,classroom:motion_noise_level2,2.025,240.02
ali,173,marbles,marbles:motion_noise_level0,marbles:duration_flicker_level1,LEFT,marbles:motion_noise_level0,marbles:duration_flicker_level1,1.7628,239.98
ali,174,zeroday,zeroday:stutter_level0,zeroday:noise_colors_level2,LEFT,zeroday:stutter_level0,zeroday:noise_colors_level2,0.9502,240.01
ali,175,pink_room,pink_room:temporal-resolution-multiplexing_level0,pink_room:duration_flicker_level0,RIGHT,pink_room:duration_flicker_level0,pink_room:temporal-resolution-multiplexing_level0,2.2792,240.02
ali,176,subway,subway:noise_colors_level0,subway:noise_colors_level1,LEFT,subway:noise_colors_level0,subway:noise_colors_level1,4.3297,239.97
ali,177,landscape,landscape:motion_resolution_level0,landscape:judder_level0,RIGHT,landscape:judder_level0,landscape:motion_resolution_level0,1.5627,240.0
ali,178,bistro_exterior,bistro_exterior:judder_level1,bistro_exterior:dlss_rr_level0,RIGHT,bistro_exterior:dlss_rr_level0,bistro_exterior:judder_level1,1.5376,240.03
ali,179,classroom,classroom:noise_colors_level0,classroom:dlss_rr_level0,LEFT,classroom:noise_colors_level0,classroom:dlss_rr_level0,1.9667,240.02
ali,180,marbles,marbles:motion_resolution_level0,marbles:restir_level0,RIGHT,marbles:restir_level0,marbles:motion_resolution_level0,2.8459,240.01
ali,181,subway,subway:dlss_rr_level0,subway:dlss_rr_level2,LEFT,subway:dlss_rr_level0,subway:dlss_rr_level2,3.7875,240.01
ali,182,subway,subway:temporal-resolution-multiplexing_level2,subway:noise_colors_level2,LEFT,subway:temporal-resolution-multiplexing_level2,subway:noise_colors_level2,1.9046,239.97
ali,183,pink_room,pink_room:noise_colors_level2,pink_room:noise_colors_level1,RIGHT,pink_room:noise_colors_level1,pink_room:noise_colors_level2,1.8709,240.02
ali,184,pink_room,pink_room:motion_noise_level0,pink_room:temporal-resolution-multiplexing_level0,RIGHT,pink_room:temporal-resolution-multiplexing_level0,pink_room:motion_noise_level0,2.2126,240.02
ali,185,classroom,classroom:judder_level1,classroom:temporal-resolution-multiplexing_level1,LEFT,classroom:judder_level1,classroom:temporal-resolution-multiplexing_level1,1.8375,240.01
ali,186,attic,attic:motion_noise_level0,attic:temporal-resolution-multiplexing_level0,LEFT,attic:motion_noise_level0,attic:temporal-resolution-multiplexing_level0,3.1792,240.02
ali,187,landscape,landscape:judder_level1,landscape:motion_noise_level2,LEFT,landscape:judder_level1,landscape:motion_noise_level2,2.4667,240.02
ali,188,landscape,landscape:stutter_level0,landscape:motion_noise_level0,LEFT,landscape:stutter_level0,landscape:motion_noise_level0,2.4209,240.02
ali,189,pink_room,pink_room:judder_level2,pink_room:motion_resolution_level1,LEFT,pink_room:judder_level2,pink_room:motion_resolution_level1,1.7292,240.03
ali,190,attic,attic:motion_noise_level0,attic:judder_level1,LEFT,attic:motion_noise_level0,attic:judder_level1,3.1042,240.01
ali,191,pink_room,pink_room:motion_resolution_level1,pink_room:stutter_level2,RIGHT,pink_room:stutter_level2,pink_room:motion_resolution_level1,3.3459,240.01
ali,192,bistro_exterior,bistro_exterior:stutter_level1,bistro_exterior:restir_level2,LEFT,bistro_exterior:stutter_level1,bistro_exterior:restir_level2,1.1668,240.01
ali,193,pink_room,pink_room:stutter_level0,pink_room:motion_noise_level0,LEFT,pink_room:stutter_level0,pink_room:motion_noise_level0,1.9878,239.99
ali,194,bistro_exterior,bistro_exterior:dlss_rr_level0,bistro_exterior:noise_colors_level1,LEFT,bistro_exterior:dlss_rr_level0,bistro_exterior:noise_colors_level1,3.2417,240.01
ali,195,bistro_exterior,bistro_exterior:temporal-resolution-multiplexing_level2,bistro_exterior:stutter_level2,LEFT,bistro_exterior:temporal-resolution-multiplexing_level2,bistro_exterior:stutter_level2,2.2709,240.02
ali,196,bistro_interior,bistro_interior:motion_noise_level0,bistro_interior:temporal-resolution-multiplexing_level0,RIGHT,bistro_interior:temporal-resolution-multiplexing_level0,bistro_interior:motion_noise_level0,3.5959,240.01
ali,197,attic,attic:duration_flicker_level0,attic:motion_resolution_level1,LEFT,attic:duration_flicker_level0,attic:motion_resolution_level1,1.9334,240.01
ali,198,attic,attic:noise_colors_level2,attic:temporal-resolution-multiplexing_level2,LEFT,attic:noise_colors_level2,attic:temporal-resolution-multiplexing_level2,2.775,240.02
ali,199,marbles,marbles:motion_resolution_level1,marbles:motion_resolution_level2,LEFT,marbles:motion_resolution_level1,marbles:motion_resolution_level2,3.2293,240.01
ali,200,subway,subway:duration_flicker_level0,subway:duration_flicker_level1,LEFT,subway:duration_flicker_level0,subway:duration_flicker_level1,4.3464,239.98
ali,201,classroom,classroom:temporal-resolution-multiplexing_level2,classroom:motion_resolution_level1,LEFT,classroom:temporal-resolution-multiplexing_level2,classroom:motion_resolution_level1,3.563,239.98
ali,202,bistro_exterior,bistro_exterior:restir_level2,bistro_exterior:temporal-resolution-multiplexing_level1,LEFT,bistro_exterior:restir_level2,bistro_exterior:temporal-resolution-multiplexing_level1,4.3542,240.01
ali,203,landscape,landscape:restir_level2,landscape:noise_colors_level2,LEFT,landscape:restir_level2,landscape:noise_colors_level2,2.7375,240.02
ali,204,marbles,marbles:noise_colors_level2,marbles:motion_resolution_level2,RIGHT,marbles:motion_resolution_level2,marbles:noise_colors_level2,4.7545,239.98
ali,205,landscape,landscape:restir_level2,landscape:duration_flicker_level2,LEFT,landscape:restir_level2,landscape:duration_flicker_level2,2.2589,239.97
ali,206,bistro_interior,bistro_interior:restir_level0,bistro_interior:temporal-resolution-multiplexing_level2,RIGHT,bistro_interior:temporal-resolution-multiplexing_level2,bistro_interior:restir_level0,1.6542,240.03
ali,207,subway,subway:temporal-resolution-multiplexing_level1,subway:motion_noise_level0,RIGHT,subway:motion_noise_level0,subway:temporal-resolution-multiplexing_level1,5.225,240.0
ali,208,marbles,marbles:judder_level2,marbles:duration_flicker_level0,RIGHT,marbles:duration_flicker_level0,marbles:judder_level2,5.1748,239.83
ali,209,bistro_exterior,bistro_exterior:motion_resolution_level1,bistro_exterior:dlss_rr_level2,RIGHT,bistro_exterior:dlss_rr_level2,bistro_exterior:motion_resolution_level1,1.6585,239.98
ali,210,attic,attic:dlss_rr_level2,attic:duration_flicker_level2,RIGHT,attic:duration_flicker_level2,attic:dlss_rr_level2,3.142,239.7
ali,211,bistro_interior,bistro_interior:judder_level0,bistro_interior:temporal-resolution-multiplexing_level2,LEFT,bistro_interior:judder_level0,bistro_interior:temporal-resolution-multiplexing_level2,2.0792,240.02
ali,212,classroom,classroom:motion_noise_level2,classroom:dlss_rr_level1,RIGHT,classroom:dlss_rr_level1,classroom:motion_noise_level2,2.5459,240.01
ali,213,bistro_interior,bistro_interior:dlss_rr_level1,bistro_interior:restir_level2,LEFT,bistro_interior:dlss_rr_level1,bistro_interior:restir_level2,1.5375,240.03
ali,214,classroom,classroom:stutter_level1,classroom:noise_colors_level0,LEFT,classroom:stutter_level1,classroom:noise_colors_level0,2.05,240.02
ali,215,classroom,classroom:restir_level2,classroom:motion_noise_level2,RIGHT,classroom:motion_noise_level2,classroom:restir_level2,2.7834,240.02
ali,216,bistro_interior,bistro_interior:restir_level0,bistro_interior:dlss_rr_level1,RIGHT,bistro_interior:dlss_rr_level1,bistro_interior:restir_level0,1.9043,239.99
ali,217,subway,subway:stutter_level0,subway:noise_colors_level0,LEFT,subway:stutter_level0,subway:noise_colors_level0,13.4714,239.99
ali,218,classroom,classroom:noise_colors_level1,classroom:temporal-resolution-multiplexing_level1,RIGHT,classroom:temporal-resolution-multiplexing_level1,classroom:noise_colors_level1,3.3089,239.97
ali,219,marbles,marbles:noise_colors_level2,marbles:temporal-resolution-multiplexing_level1,RIGHT,marbles:temporal-resolution-multiplexing_level1,marbles:noise_colors_level2,2.9212,239.99
ali,220,bistro_interior,bistro_interior:duration_flicker_level0,bistro_interior:stutter_level1,RIGHT,bistro_interior:stutter_level1,bistro_interior:duration_flicker_level0,9.5042,240.01
ali,221,subway,subway:motion_resolution_level1,subway:motion_resolution_level2,LEFT,subway:motion_resolution_level1,subway:motion_resolution_level2,7.425,240.01
ali,222,zeroday,zeroday:restir_level2,zeroday:noise_colors_level1,RIGHT,zeroday:noise_colors_level1,zeroday:restir_level2,2.0959,240.02
ali,223,bistro_exterior,bistro_exterior:stutter_level1,bistro_exterior:noise_colors_level1,RIGHT,bistro_exterior:noise_colors_level1,bistro_exterior:stutter_level1,3.0625,240.01
ali,224,classroom,classroom:duration_flicker_level2,classroom:temporal-resolution-multiplexing_level2,RIGHT,classroom:temporal-resolution-multiplexing_level2,classroom:duration_flicker_level2,2.7452,239.74
ali,225,zeroday,zeroday:restir_level1,zeroday:temporal-resolution-multiplexing_level1,RIGHT,zeroday:temporal-resolution-multiplexing_level1,zeroday:restir_level1,2.9546,239.98
ali,226,zeroday,zeroday:restir_level1,zeroday:motion_resolution_level0,RIGHT,zeroday:motion_resolution_level0,zeroday:restir_level1,3.1918,240.01
ali,227,classroom,classroom:temporal-resolution-multiplexing_level0,classroom:noise_colors_level0,LEFT,classroom:temporal-resolution-multiplexing_level0,classroom:noise_colors_level0,2.6712,239.98
ali,228,bistro_exterior,bistro_exterior:noise_colors_level1,bistro_exterior:noise_colors_level0,RIGHT,bistro_exterior:noise_colors_level0,bistro_exterior:noise_colors_level1,2.3962,239.99
ali,229,classroom,classroom:duration_flicker_level1,classroom:temporal-resolution-multiplexing_level2,RIGHT,classroom:temporal-resolution-multiplexing_level2,classroom:duration_flicker_level1,2.1627,239.58
ali,230,classroom,classroom:motion_noise_level0,classroom:noise_colors_level0,RIGHT,classroom:noise_colors_level0,classroom:motion_noise_level0,2.2045,239.99
ali,231,zeroday,zeroday:restir_level1,zeroday:duration_flicker_level2,LEFT,zeroday:restir_level1,zeroday:duration_flicker_level2,1.9167,240.01
ali,232,classroom,classroom:restir_level0,classroom:temporal-resolution-multiplexing_level1,LEFT,classroom:restir_level0,classroom:temporal-resolution-multiplexing_level1,3.3375,240.01
ali,233,classroom,classroom:motion_resolution_level1,classroom:noise_colors_level2,LEFT,classroom:motion_resolution_level1,classroom:noise_colors_level2,2.5292,240.02
ali,234,classroom,classroom:judder_level2,classroom:duration_flicker_level1,LEFT,classroom:judder_level2,classroom:duration_flicker_level1,2.242,239.97
aqsa,1,attic,attic:stutter_level2,attic:judder_level2,RIGHT,attic:judder_level2,attic:stutter_level2,34.9256,239.98
aqsa,2,landscape,landscape:duration_flicker_level2,landscape:motion_resolution_level1,RIGHT,landscape:motion_resolution_level1,landscape:duration_flicker_level2,2.6546,239.98
aqsa,3,attic,attic:restir_level2,attic:judder_level2,RIGHT,attic:judder_level2,attic:restir_level2,2.5959,240.02
aqsa,4,marbles,marbles:restir_level2,marbles:restir_level1,LEFT,marbles:restir_level2,marbles:restir_level1,27.0838,240.0
aqsa,5,marbles,marbles:restir_level1,marbles:temporal-resolution-multiplexing_level1,LEFT,marbles:restir_level1,marbles:temporal-resolution-multiplexing_level1,18.8776,239.97
aqsa,6,landscape,landscape:temporal-resolution-multiplexing_level0,landscape:stutter_level1,RIGHT,landscape:stutter_level1,landscape:temporal-resolution-multiplexing_level0,4.7547,239.98
aqsa,7,subway,subway:noise_colors_level2,subway:motion_noise_level2,LEFT,subway:noise_colors_level2,subway:motion_noise_level2,1.9712,239.99
aqsa,8,landscape,landscape:stutter_level1,landscape:temporal-resolution-multiplexing_level1,LEFT,landscape:stutter_level1,landscape:temporal-resolution-multiplexing_level1,8.9887,239.97
aqsa,9,subway,subway:restir_level0,subway:duration_flicker_level1,RIGHT,subway:duration_flicker_level1,subway:restir_level0,1.5834,240.03
aqsa,10,marbles,marbles:motion_resolution_level2,marbles:judder_level2,RIGHT,marbles:judder_level2,marbles:motion_resolution_level2,2.9209,240.01
aqsa,11,bistro_exterior,bistro_exterior:motion_noise_level1,bistro_exterior:motion_noise_level2,RIGHT,bistro_exterior:motion_noise_level2,bistro_exterior:motion_noise_level1,10.2974,239.97
aqsa,12,classroom,classroom:motion_noise_level0,classroom:judder_level1,RIGHT,classroom:judder_level1,classroom:motion_noise_level0,5.0834,240.01
aqsa,13,zeroday,zeroday:restir_level0,zeroday:duration_flicker_level1,RIGHT,zeroday:duration_flicker_level1,zeroday:restir_level0,10.3462,239.99
aqsa,14,landscape,landscape:stutter_level2,landscape:motion_resolution_level2,LEFT,landscape:stutter_level2,landscape:motion_resolution_level2,1.321,240.0
aqsa,15,subway,subway:temporal-resolution-multiplexing_level0,subway:judder_level1,LEFT,subway:temporal-resolution-multiplexing_level0,subway:judder_level1,14.2049,239.99
aqsa,16,zeroday,zeroday:temporal-resolution-multiplexing_level2,zeroday:stutter_level2,RIGHT,zeroday:stutter_level2,zeroday:temporal-resolution-multiplexing_level2,1.675,240.02
aqsa,17,landscape,landscape:noise_colors_level2,landscape:restir_level1,RIGHT,landscape:restir_level1,landscape:noise_colors_level2,6.475,240.01
aqsa,18,zeroday,zeroday:restir_level1,zeroday:restir_level0,RIGHT,zeroday:restir_level0,zeroday:restir_level1,6.2175,239.98
aqsa,19,bistro_exterior,bistro_exterior:motion_noise_level1,bistro_exterior:motion_resolution_level1,LEFT,bistro_exterior:motion_noise_level1,bistro_exterior:motion_resolution_level1,3.5297,239.98
aqsa,20,classroom,classroom:motion_noise_level0,classroom:temporal-resolution-multiplexing_level1,LEFT,classroom:motion_noise_level0,classroom:temporal-resolution-multiplexing_level1,14.9975,239.98
aqsa,21,subway,subway:restir_level0,subway:dlss_rr_level0,RIGHT,subway:dlss_rr_level0,subway:restir_level0,1.5043,240.0
aqsa,22,marbles,marbles:restir_level0,marbles:dlss_rr_level1,RIGHT,marbles:dlss_rr_level1,marbles:restir_level0,9.7887,239.98
aqsa,23,attic,attic:duration_flicker_level1,attic:temporal-resolution-multiplexing_level1,RIGHT,attic:temporal-resolution-multiplexing_level1,attic:duration_flicker_level1,7.0342,239.84
aqsa,24,pink_room,pink_room:stutter_level1,pink_room:restir_level2,RIGHT,pink_room:restir_level2,pink_room:stutter_level1,2.75,240.01
aqsa,25,bistro_exterior,bistro_exterior:temporal-resolution-multiplexing_level2,bistro_exterior:dlss_rr_level2,LEFT,bistro_exterior:temporal-resolution-multiplexing_level2,bistro_exterior:dlss_rr_level2,4.3963,239.98
aqsa,26,bistro_interior,bistro_interior:temporal-resolution-multiplexing_level0,bistro_interior:motion_noise_level0,LEFT,bistro_interior:temporal-resolution-multiplexing_level0,bistro_interior:motion_noise_level0,12.8391,239.97
aqsa,27,attic,attic:motion_noise_level1,attic:motion_noise_level2,LEFT,attic:motion_noise_level1,attic:motion_noise_level2,1.925,240.03
aqsa,28,bistro_exterior,bistro_exterior:duration_flicker_level2,bistro_exterior:judder_level2,RIGHT,bistro_exterior:judder_level2,bistro_exterior:duration_flicker_level2,13.0875,240.0
aqsa,29,bistro_exterior,bistro_exterior:judder_level1,bistro_exterior:temporal-resolution-multiplexing_level0,LEFT,bistro_exterior:judder_level1,bistro_exterior:temporal-resolution-multiplexing_level0,15.7125,240.0
aqsa,30,zeroday,zeroday:temporal-resolution-multiplexing_level2,zeroday:restir_level2,LEFT,zeroday:temporal-resolution-multiplexing_level2,zeroday:restir_level2,2.4375,240.02
aqsa,31,attic,attic:judder_level2,attic:noise_colors_level2,LEFT,attic:judder_level2,attic:noise_colors_level2,4.9875,240.01
aqsa,32,bistro_exterior,bistro_exterior:restir_level0,bistro_exterior:motion_noise_level1,LEFT,bistro_exterior:restir_level0,bistro_exterior:motion_noise_level1,7.6547,239.99
aqsa,33,marbles,marbles:restir_level0,marbles:duration_flicker_level1,LEFT,marbles:restir_level0,marbles:duration_flicker_level1,11.6516,239.97
aqsa,34,attic,attic:duration_flicker_level1,attic:motion_noise_level2,RIGHT,attic:motion_noise_level2,attic:duration_flicker_level1,4.2583,239.79
aqsa,35,bistro_exterior,bistro_exterior:restir_level2,bistro_exterior:duration_flicker_level2,LEFT,bistro_exterior:restir_level2,bistro_exterior:duration_flicker_level2,3.4837,239.99
aqsa,36,pink_room,pink_room:judder_level1,pink_room:motion_noise_level0,LEFT,pink_room:judder_level1,pink_room:motion_noise_level0,4.225,240.02
aqsa,37,classroom,classroom:stutter_level2,classroom:noise_colors_level2,LEFT,classroom:stutter_level2,classroom:noise_colors_level2,1.725,240.03
aqsa,38,zeroday,zeroday:motion_noise_level0,zeroday:temporal-resolution-multiplexing_level1,LEFT,zeroday:motion_noise_level0,zeroday:temporal-resolution-multiplexing_level1,12.9892,239.97
aqsa,39,zeroday,zeroday:motion_noise_level2,zeroday:duration_flicker_level2,LEFT,zeroday:motion_noise_level2,zeroday:duration_flicker_level2,15.4933,239.98
aqsa,40,pink_room,pink_room:motion_resolution_level0,pink_room:stutter_level1,RIGHT,pink_room:stutter_level1,pink_room:motion_resolution_level0,4.6917,240.01
aqsa,41,subway,subway:restir_level0,subway:temporal-resolution-multiplexing_level2,RIGHT,subway:temporal-resolution-multiplexing_level2,subway:restir_level0,1.4709,240.04
aqsa,42,subway,subway:judder_level0,subway:duration_flicker_level0,LEFT,subway:judder_level0,subway:duration_flicker_level0,10.7348,239.97
aqsa,43,zeroday,zeroday:noise_colors_level1,zeroday:restir_level0,LEFT,zeroday:noise_colors_level1,zeroday:restir_level0,3.2338,239.98
aqsa,44,classroom,classroom:motion_noise_level0,classroom:restir_level1,LEFT,classroom:motion_noise_level0,classroom:restir_level1,3.1045,239.98
aqsa,45,pink_room,pink_room:temporal-resolution-multiplexing_level1,pink_room:temporal-resolution-multiplexing_level2,LEFT,pink_room:temporal-resolution-multiplexing_level1,pink_room:temporal-resolution-multiplexing_level2,3.1292,240.01
aqsa,46,subway,subway:restir_level0,subway:motion_resolution_level2,RIGHT,subway:motion_resolution_level2,subway:restir_level0,1.4793,240.0
aqsa,47,zeroday,zeroday:duration_flicker_level0,zeroday:temporal-resolution-multiplexing_level0,RIGHT,zeroday:temporal-resolution-multiplexing_level0,zeroday:duration_flicker_level0,19.9777,239.97
aqsa,48,marbles,marbles:duration_flicker_level0,marbles:restir_level1,RIGHT,marbles:restir_level1,marbles:duration_flicker_level0,2.7004,239.65
aqsa,49,pink_room,pink_room:restir_level0,pink_room:stutter_level1,RIGHT,pink_room:stutter_level1,pink_room:restir_level0,18.5065,239.97
aqsa,50,zeroday,zeroday:temporal-resolution-multiplexing_level2,zeroday:motion_resolution_level2,LEFT,zeroday:temporal-resolution-multiplexing_level2,zeroday:motion_resolution_level2,4.2625,240.01
aqsa,51,subway,subway:judder_level0,subway:noise_colors_level1,RIGHT,subway:noise_colors_level1,subway:judder_level0,8.8719,239.98
aqsa,52,bistro_interior,bistro_interior:restir_level1,bistro_interior:dlss_rr_level0,RIGHT,bistro_interior:dlss_rr_level0,bistro_interior:restir_level1,1.4292,240.03
aqsa,53,subway,subway:motion_noise_level1,subway:judder_level1,RIGHT,subway:judder_level1,subway:motion_noise_level1,2.0625,240.02
aqsa,54,marbles,marbles:temporal-resolution-multiplexing_level0,marbles:judder_level1,LEFT,marbles:temporal-resolution-multiplexing_level0,marbles:judder_level1,15.8501,240.0
aqsa,55,marbles,marbles:noise_colors_level0,marbles:motion_noise_level1,LEFT,marbles:noise_colors_level0,marbles:motion_noise_level1,15.2395,239.97
aqsa,56,attic,attic:motion_noise_level2,attic:dlss_rr_level0,RIGHT,attic:dlss_rr_level0,attic:motion_noise_level2,18.125,240.0
aqsa,57,zeroday,zeroday:temporal-resolution-multiplexing_level1,zeroday:dlss_rr_level1,RIGHT,zeroday:dlss_rr_level1,zeroday:temporal-resolution-multiplexing_level1,5.2792,240.01
aqsa,58,subway,subway:dlss_rr_level0,subway:motion_noise_level1,RIGHT,subway:motion_noise_level1,subway:dlss_rr_level0,8.45,240.01
aqsa,59,landscape,landscape:motion_resolution_level1,landscape:noise_colors_level0,RIGHT,landscape:noise_colors_level0,landscape:motion_resolution_level1,7.5834,240.01
aqsa,60,marbles,marbles:motion_resolution_level1,marbles:noise_colors_level1,RIGHT,marbles:noise_colors_level1,marbles:motion_resolution_level1,2.7919,239.99
aqsa,61,subway,subway:judder_level1,subway:duration_flicker_level2,LEFT,subway:judder_level1,subway:duration_flicker_level2,4.5625,240.01
aqsa,62,classroom,classroom:temporal-resolution-multiplexing_level2,classroom:noise_colors_level2,LEFT,classroom:temporal-resolution-multiplexing_level2,classroom:noise_colors_level2,3.5585,240.01
aqsa,63,classroom,classroom:stutter_level0,classroom:dlss_rr_level0,RIGHT,classroom:dlss_rr_level0,classroom:stutter_level0,8.3459,240.0
aqsa,64,attic,attic:motion_noise_level1,attic:temporal-resolution-multiplexing_level2,LEFT,attic:motion_noise_level1,attic:temporal-resolution-multiplexing_level2,2.175,240.03
aqsa,65,attic,attic:duration_flicker_level1,attic:noise_colors_level0,LEFT,attic:duration_flicker_level1,attic:noise_colors_level0,7.5625,240.01
aqsa,66,marbles,marbles:motion_resolution_level2,marbles:noise_colors_level1,RIGHT,marbles:noise_colors_level1,marbles:motion_resolution_level2,3.3,240.01
aqsa,67,pink_room,pink_room:noise_colors_level1,pink_room:temporal-resolution-multiplexing_level2,LEFT,pink_room:noise_colors_level1,pink_room:temporal-resolution-multiplexing_level2,4.8542,240.01
aqsa,68,subway,subway:motion_noise_level1,subway:judder_level2,RIGHT,subway:judder_level2,subway:motion_noise_level1,2.4626,240.01
aqsa,69,attic,attic:motion_noise_level2,attic:noise_colors_level1,RIGHT,attic:noise_colors_level1,attic:motion_noise_level2,23.5625,240.0
aqsa,70,subway,subway:stutter_level0,subway:judder_level0,LEFT,subway:stutter_level0,subway:judder_level0,17.7981,239.97
aqsa,71,bistro_exterior,bistro_exterior:motion_noise_level1,bistro_exterior:duration_flicker_level2,LEFT,bistro_exterior:motion_noise_level1,bistro_exterior:duration_flicker_level2,4.4005,239.96
aqsa,72,classroom,classroom:motion_noise_level2,classroom:restir_level1,LEFT,classroom:motion_noise_level2,classroom:restir_level1,5.2125,240.01
aqsa,73,bistro_exterior,bistro_exterior:dlss_rr_level0,bistro_exterior:motion_noise_level1,RIGHT,bistro_exterior:motion_noise_level1,bistro_exterior:dlss_rr_level0,4.325,240.01
aqsa,74,marbles,marbles:restir_level1,marbles:judder_level0,RIGHT,marbles:judder_level0,marbles:restir_level1,10.3042,240.0
aqsa,75,bistro_exterior,bistro_exterior:dlss_rr_level1,bistro_exterior:motion_noise_level1,RIGHT,bistro_exterior:motion_noise_level1,bistro_exterior:dlss_rr_level1,4.3959,240.01
aqsa,76,zeroday,zeroday:stutter_level1,zeroday:temporal-resolution-multiplexing_level0,LEFT,zeroday:stutter_level1,zeroday:temporal-resolution-multiplexing_level0,28.4812,239.98
aqsa,77,classroom,classroom:restir_level0,classroom:stutter_level0,RIGHT,classroom:stutter_level0,classroom:restir_level0,3.8047,239.98
aqsa,78,bistro_exterior,bistro_exterior:noise_colors_level2,bistro_exterior:duration_flicker_level2,RIGHT,bistro_exterior:duration_flicker_level2,bistro_exterior:noise_colors_level2,3.0125,240.02
aqsa,79,marbles,marbles:motion_noise_level2,marbles:stutter_level0,RIGHT,marbles:stutter_level0,marbles:motion_noise_level2,18.7148,239.97
aqsa,80,classroom,classroom:stutter_level0,classroom:stutter_level1,RIGHT,classroom:stutter_level1,classroom:stutter_level0,10.0834,240.0
aqsa,81,classroom,classroom:duration_flicker_level0,classroom:noise_colors_level2,LEFT,classroom:duration_flicker_level0,classroom:noise_colors_level2,3.9494,239.81
aqsa,82,marbles,marbles:noise_colors_level0,marbles:judder_level0,LEFT,marbles:noise_colors_level0,marbles:judder_level0,4.6625,240.01
aqsa,83,classroom,classroom:motion_noise_level1,classroom:motion_noise_level0,RIGHT,classroom:motion_noise_level0,classroom:motion_noise_level1,2.8876,240.02
aqsa,84,marbles,marbles:stutter_level0,marbles:restir_level1,LEFT,marbles:stutter_level0,marbles:restir_level1,14.731,239.97
aqsa,85,subway,subway:restir_level2,subway:motion_noise_level2,LEFT,subway:restir_level2,subway:motion_noise_level2,1.7962,239.96
aqsa,86,subway,subway:temporal-resolution-multiplexing_level0,subway:motion_noise_level0,LEFT,subway:temporal-resolution-multiplexing_level0,subway:motion_noise_level0,2.4959,240.01
aqsa,87,zeroday,zeroday:judder_level1,zeroday:temporal-resolution-multiplexing_level0,LEFT,zeroday:judder_level1,zeroday:temporal-resolution-multiplexing_level0,3.5959,240.01
aqsa,88,pink_room,pink_room:temporal-resolution-multiplexing_level2,pink_room:motion_resolution_level1,RIGHT,pink_room:motion_resolution_level1,pink_room:temporal-resolution-multiplexing_level2,3.8417,240.0
aqsa,89,bistro_interior,bistro_interior:stutter_level2,bistro_interior:judder_level0,RIGHT,bistro_interior:judder_level0,bistro_interior:stutter_level2,3.9796,239.99
aqsa,90,pink_room,pink_room:motion_resolution_level2,pink_room:duration_flicker_level0,RIGHT,pink_room:duration_flicker_level0,pink_room:motion_resolution_level2,1.5375,240.02
aqsa,91,attic,attic:dlss_rr_level1,attic:motion_noise_level1,RIGHT,attic:motion_noise_level1,attic:dlss_rr_level1,5.975,240.01
aqsa,92,bistro_exterior,bistro_exterior:noise_colors_level0,bistro_exterior:motion_noise_level0,RIGHT,bistro_exterior:motion_noise_level0,bistro_exterior:noise_colors_level0,8.8584,240.0
aqsa,93,bistro_exterior,bistro_exterior:noise_colors_level0,bistro_exterior:stutter_level1,LEFT,bistro_exterior:noise_colors_level0,bistro_exterior:stutter_level1,8.5087,240.0
aqsa,94,landscape,landscape:judder_level2,landscape:noise_colors_level0,LEFT,landscape:judder_level2,landscape:noise_colors_level0,8.2887,239.97
aqsa,95,pink_room,pink_room:motion_noise_level2,pink_room:judder_level1,RIGHT,pink_room:judder_level1,pink_room:motion_noise_level2,7.5504,239.99
aqsa,96,landscape,landscape:stutter_level1,landscape:judder_level1,RIGHT,landscape:judder_level1,landscape:stutter_level1,17.7481,239.97
aqsa,97,landscape,landscape:motion_resolution_level0,landscape:dlss_rr_level1,LEFT,landscape:motion_resolution_level0,landscape:dlss_rr_level1,11.4473,239.97
aqsa,98,pink_room,pink_room:judder_level0,pink_room:stutter_level0,LEFT,pink_room:judder_level0,pink_room:stutter_level0,19.615,239.97
aqsa,99,subway,subway:temporal-resolution-multiplexing_level0,subway:stutter_level0,RIGHT,subway:stutter_level0,subway:temporal-resolution-multiplexing_level0,1.7542,240.02
aqsa,100,bistro_exterior,bistro_exterior:temporal-resolution-multiplexing_level0,bistro_exterior:duration_flicker_level0,LEFT,bistro_exterior:temporal-resolution-multiplexing_level0,bistro_exterior:duration_flicker_level0,8.5095,239.97
aqsa,101,classroom,classroom:dlss_rr_level1,classroom:stutter_level0,RIGHT,classroom:stutter_level0,classroom:dlss_rr_level1,4.4588,239.99
aqsa,102,bistro_interior,bistro_interior:stutter_level2,bistro_interior:dlss_rr_level1,RIGHT,bistro_interior:dlss_rr_level1,bistro_interior:stutter_level2,7.376,239.98
aqsa,103,pink_room,pink_room:temporal-resolution-multiplexing_level2,pink_room:judder_level2,RIGHT,pink_room:judder_level2,pink_room:temporal-resolution-multiplexing_level2,5.0048,239.98
aqsa,104,pink_room,pink_room:temporal-resolution-multiplexing_level2,pink_room:duration_flicker_level1,LEFT,pink_room:temporal-resolution-multiplexing_level2,pink_room:duration_flicker_level1,2.4546,239.98
aqsa,105,bistro_exterior,bistro_exterior:dlss_rr_level2,bistro_exterior:motion_resolution_level2,LEFT,bistro_exterior:dlss_rr_level2,bistro_exterior:motion_resolution_level2,1.3417,240.0
aqsa,106,marbles,marbles:dlss_rr_level2,marbles:stutter_level1,RIGHT,marbles:stutter_level1,marbles:dlss_rr_level2,18.625,240.0
aqsa,107,classroom,classroom:motion_noise_level0,classroom:judder_level0,LEFT,classroom:motion_noise_level0,classroom:judder_level0,9.7792,240.01
aqsa,108,pink_room,pink_room:temporal-resolution-multiplexing_level2,pink_room:stutter_level2,RIGHT,pink_room:stutter_level2,pink_room:temporal-resolution-multiplexing_level2,5.0881,239.98
aqsa,109,landscape,landscape:motion_resolution_level2,landscape:noise_colors_level0,RIGHT,landscape:noise_colors_level0,landscape:motion_resolution_level2,2.7087,239.99
aqsa,110,attic,attic:duration_flicker_level2,attic:judder_level2,RIGHT,attic:judder_level2,attic:duration_flicker_level2,2.9751,240.01
aqsa,111,subway,subway:restir_level1,subway:motion_noise_level2,LEFT,subway:restir_level1,subway:motion_noise_level2,2.0625,240.02
aqsa,112,classroom,classroom:temporal-resolution-multiplexing_level2,classroom:motion_resolution_level2,LEFT,classroom:temporal-resolution-multiplexing_level2,classroom:motion_resolution_level2,1.3375,240.02
aqsa,113,bistro_interior,bistro_interior:noise_colors_level0,bistro_interior:motion_noise_level0,RIGHT,bistro_interior:motion_noise_level0,bistro_interior:noise_colors_level0,12.7298,239.99
aqsa,114,attic,attic:restir_level1,attic:motion_noise_level1,RIGHT,attic:motion_noise_level1,attic:restir_level1,5.625,240.01
aqsa,115,attic,attic:stutter_level0,attic:motion_noise_level0,LEFT,attic:stutter_level0,attic:motion_noise_level0,18.9091,239.99
aqsa,116,landscape,landscape:motion_resolution_level1,landscape:restir_level1,LEFT,landscape:motion_resolution_level1,landscape:restir_level1,8.9709,240.01
aqsa,117,subway,subway:stutter_level1,subway:judder_level2,LEFT,subway:stutter_level1,subway:judder_level2,4.3125,240.01
aqsa,118,bistro_exterior,bistro_exterior:motion_noise_level1,bistro_exterior:noise_colors_level0,LEFT,bistro_exterior:motion_noise_level1,bistro_exterior:noise_colors_level0,5.2007,239.98
aqsa,119,bistro_exterior,bistro_exterior:restir_level1,bistro_exterior:duration_flicker_level2,LEFT,bistro_exterior:restir_level1,bistro_exterior:duration_flicker_level2,3.4671,239.99
aqsa,120,marbles,marbles:restir_level1,marbles:temporal-resolution-multiplexing_level2,RIGHT,marbles:temporal-resolution-multiplexing_level2,marbles:restir_level1,12.9435,240.01
aqsa,121,bistro_exterior,bistro_exterior:motion_resolution_level2,bistro_exterior:duration_flicker_level2,RIGHT,bistro_exterior:duration_flicker_level2,bistro_exterior:motion_resolution_level2,13.5352,239.97
aqsa,122,subway,subway:motion_resolution_level0,subway:stutter_level0,RIGHT,subway:stutter_level0,subway:motion_resolution_level0,31.4001,240.0
aqsa,123,pink_room,pink_room:restir_level1,pink_room:dlss_rr_level0,LEFT,pink_room:restir_level1,pink_room:dlss_rr_level0,25.4678,239.99
aqsa,124,marbles,marbles:judder_level2,marbles:stutter_level1,RIGHT,marbles:stutter_level1,marbles:judder_level2,23.7968,239.99
aqsa,125,zeroday,zeroday:temporal-resolution-multiplexing_level0,zeroday:duration_flicker_level1,RIGHT,zeroday:duration_flicker_level1,zeroday:temporal-resolution-multiplexing_level0,17.6293,240.0
aqsa,126,pink_room,pink_room:noise_colors_level2,pink_room:stutter_level1,RIGHT,pink_room:stutter_level1,pink_room:noise_colors_level2,5.3175,239.98
aqsa,127,subway,subway:temporal-resolution-multiplexing_level0,subway:motion_resolution_level1,LEFT,subway:temporal-resolution-multiplexing_level0,subway:motion_resolution_level1,19.0084,240.0
aqsa,128,zeroday,zeroday:motion_noise_level2,zeroday:restir_level0,RIGHT,zeroday:restir_level0,zeroday:motion_noise_level2,19.8181,239.99
aqsa,129,landscape,landscape:noise_colors_level0,landscape:dlss_rr_level1,LEFT,landscape:noise_colors_level0,landscape:dlss_rr_level1,29.1228,239.98
aqsa,130,zeroday,zeroday:motion_resolution_level0,zeroday:temporal-resolution-multiplexing_level0,RIGHT,zeroday:temporal-resolution-multiplexing_level0,zeroday:motion_resolution_level0,10.8848,239.97
aqsa,131,landscape,landscape:judder_level0,landscape:dlss_rr_level1,LEFT,landscape:judder_level0,landscape:dlss_rr_level1,24.3864,239.97
aqsa,132,classroom,classroom:stutter_level0,classroom:noise_colors_level0,RIGHT,classroom:noise_colors_level0,classroom:stutter_level0,28.691,239.97
aqsa,133,landscape,landscape:restir_level0,landscape:restir_level1,RIGHT,landscape:restir_level1,landscape:restir_level0,25.0158,239.97
aqsa,134,bistro_exterior,bistro_exterior:noise_colors_level1,bistro_exterior:motion_noise_level1,RIGHT,bistro_exterior:motion_noise_level1,bistro_exterior:noise_colors_level1,19.8266,239.98
aqsa,135,bistro_interior,bistro_interior:motion_resolution_level2,bistro_interior:dlss_rr_level1,RIGHT,bistro_interior:dlss_rr_level1,bistro_interior:motion_resolution_level2,7.7426,239.98
aqsa,136,landscape,landscape:stutter_level1,landscape:stutter_level0,RIGHT,landscape:stutter_level0,landscape:stutter_level1,36.0463,239.97
aqsa,137,attic,attic:motion_noise_level1,attic:duration_flicker_level2,LEFT,attic:motion_noise_level1,attic:duration_flicker_level2,18.0459,240.0
aqsa,138,attic,attic:judder_level2,attic:restir_level0,LEFT,attic:judder_level2,attic:restir_level0,10.6875,240.01
aqsa,139,marbles,marbles:stutter_level1,marbles:dlss_rr_level1,LEFT,marbles:stutter_level1,marbles:dlss_rr_level1,19.6567,239.97
aqsa,140,bistro_exterior,bistro_exterior:temporal-resolution-multiplexing_level0,bistro_exterior:noise_colors_level0,RIGHT,bistro_exterior:noise_colors_level0,bistro_exterior:temporal-resolution-multiplexing_level0,30.2956,239.97
aqsa,141,bistro_interior,bistro_interior:noise_colors_level0,bistro_interior:duration_flicker_level0,RIGHT,bistro_interior:duration_flicker_level0,bistro_interior:noise_colors_level0,25.8324,239.97
aqsa,142,attic,attic:motion_resolution_level0,attic:judder_level0,RIGHT,attic:judder_level0,attic:motion_resolution_level0,24.3859,239.98
aqsa,143,subway,subway:judder_level1,subway:dlss_rr_level2,LEFT,subway:judder_level1,subway:dlss_rr_level2,9.718,239.97
aqsa,144,attic,attic:judder_level0,attic:temporal-resolution-multiplexing_level0,RIGHT,attic:temporal-resolution-multiplexing_level0,attic:judder_level0,29.6745,239.97
aqsa,145,marbles,marbles:dlss_rr_level0,marbles:noise_colors_level0,RIGHT,marbles:noise_colors_level0,marbles:dlss_rr_level0,11.6133,239.99
aqsa,146,bistro_exterior,bistro_exterior:motion_resolution_level0,bistro_exterior:duration_flicker_level2,RIGHT,bistro_exterior:duration_flicker_level2,bistro_exterior:motion_resolution_level0,6.5709,240.01
aqsa,147,attic,attic:duration_flicker_level1,attic:judder_level0,RIGHT,attic:judder_level0,attic:duration_flicker_level1,4.0465,239.97
aqsa,148,landscape,landscape:stutter_level1,landscape:motion_noise_level2,RIGHT,landscape:motion_noise_level2,landscape:stutter_level1,28.5287,239.97
aqsa,149,subway,subway:motion_noise_level2,subway:restir_level0,LEFT,subway:motion_noise_level2,subway:restir_level0,8.2679,239.97
aqsa,150,classroom,classroom:noise_colors_level2,classroom:judder_level2,RIGHT,classroom:judder_level2,classroom:noise_colors_level2,4.4422,239.98
aqsa,151,landscape,landscape:duration_flicker_level0,landscape:dlss_rr_level1,RIGHT,landscape:dlss_rr_level1,landscape:duration_flicker_level0,10.789,239.97
aqsa,152,marbles,marbles:restir_level1,marbles:dlss_rr_level1,RIGHT,marbles:dlss_rr_level1,marbles:restir_level1,8.8387,239.97
aqsa,153,attic,attic:stutter_level1,attic:stutter_level0,LEFT,attic:stutter_level1,attic:stutter_level0,15.775,240.0
aqsa,154,landscape,landscape:motion_resolution_level1,landscape:dlss_rr_level0,RIGHT,landscape:dlss_rr_level0,landscape:motion_resolution_level1,5.6042,240.0
aqsa,155,landscape,landscape:stutter_level1,landscape:noise_colors_level1,RIGHT,landscape:noise_colors_level1,landscape:stutter_level1,9.6304,239.98
aqsa,156,zeroday,zeroday:motion_resolution_level2,zeroday:judder_level2,RIGHT,zeroday:judder_level2,zeroday:motion_resolution_level2,5.3882,239.97
aqsa,157,marbles,marbles:noise_colors_level2,marbles:temporal-resolution-multiplexing_level2,RIGHT,marbles:temporal-resolution-multiplexing_level2,marbles:noise_colors_level2,5.3008,239.97
aqsa,158,subway,subway:restir_level0,subway:stutter_level2,RIGHT,subway:stutter_level2,subway:restir_level0,8.1131,239.99
aqsa,159,zeroday,zeroday:temporal-resolution-multiplexing_level0,zeroday:temporal-resolution-multiplexing_level1,RIGHT,zeroday:temporal-resolution-multiplexing_level1,zeroday:temporal-resolution-multiplexing_level0,10.9389,239.97
aqsa,160,pink_room,pink_room:stutter_level1,pink_room:judder_level1,RIGHT,pink_room:judder_level1,pink_room:stutter_level1,23.8822,239.97
aqsa,161,marbles,marbles:motion_resolution_level2,marbles:stutter_level2,RIGHT,marbles:stutter_level2,marbles:motion_resolution_level2,4.9671,239.99
aqsa,162,subway,subway:noise_colors_level0,subway:judder_level2,LEFT,subway:noise_colors_level0,subway:judder_level2,5.9841,239.98
aqsa,163,zeroday,zeroday:motion_noise_level1,zeroday:temporal-resolution-multiplexing_level1,LEFT,zeroday:motion_noise_level1,zeroday:temporal-resolution-multiplexing_level1,5.8008,239.98
aqsa,164,bistro_exterior,bistro_exterior:duration_flicker_level0,bistro_exterior:stutter_level0,RIGHT,bistro_exterior:stutter_level0,bistro_exterior:duration_flicker_level0,9.0761,239.98
aqsa,165,landscape,landscape:temporal-resolution-multiplexing_level2,landscape:restir_level1,RIGHT,landscape:restir_level1,landscape:temporal-resolution-multiplexing_level2,6.5091,239.97
aqsa,166,subway,subway:judder_level2,subway:dlss_rr_level1,LEFT,subway:judder_level2,subway:dlss_rr_level1,10.7515,239.98
aqsa,167,subway,subway:restir_level0,subway:temporal-resolution-multiplexing_level1,RIGHT,subway:temporal-resolution-multiplexing_level1,subway:restir_level0,5.405,239.97
aqsa,168,pink_room,pink_room:restir_level1,pink_room:temporal-resolution-multiplexing_level2,RIGHT,pink_room:temporal-resolution-multiplexing_level2,pink_room:restir_level1,5.3417,240.01
aqsa,169,zeroday,zeroday:stutter_level0,zeroday:temporal-resolution-multiplexing_level1,LEFT,zeroday:stutter_level0,zeroday:temporal-resolution-multiplexing_level1,5.484,239.98
aqsa,170,landscape,landscape:restir_level2,landscape:dlss_rr_level1,LEFT,landscape:restir_level2,landscape:dlss_rr_level1,5.4757,239.98
aqsa,171,zeroday,zeroday:dlss_rr_level2,zeroday:temporal-resolution-multiplexing_level0,RIGHT,zeroday:temporal-resolution-multiplexing_level0,zeroday:dlss_rr_level2,5.5715,239.97
aqsa,172,pink_room,pink_room:temporal-resolution-multiplexing_level2,pink_room:duration_flicker_level2,LEFT,pink_room:temporal-resolution-multiplexing_level2,pink_room:duration_flicker_level2,14.8394,239.97
aqsa,173,attic,attic:motion_resolution_level1,attic:duration_flicker_level1,LEFT,attic:motion_resolution_level1,attic:duration_flicker_level1,6.6625,239.86
aqsa,174,classroom,classroom:dlss_rr_level0,classroom:temporal-resolution-multiplexing_level0,RIGHT,classroom:temporal-resolution-multiplexing_level0,classroom:dlss_rr_level0,4.4589,239.98
aqsa,175,zeroday,zeroday:temporal-resolution-multiplexing_level0,zeroday:judder_level0,RIGHT,zeroday:judder_level0,zeroday:temporal-resolution-multiplexing_level0,5.3507,239.97
aqsa,176,classroom,classroom:motion_resolution_level1,classroom:duration_flicker_level1,RIGHT,classroom:duration_flicker_level1,classroom:motion_resolution_level1,14.6185,239.91
aqsa,177,landscape,landscape:duration_flicker_level1,landscape:noise_colors_level2,RIGHT,landscape:noise_colors_level2,landscape:duration_flicker_level1,5.2715,239.98
aqsa,178,marbles,marbles:temporal-resolution-multiplexing_level0,marbles:motion_noise_level1,LEFT,marbles:temporal-resolution-multiplexing_level0,marbles:motion_noise_level1,15.8875,240.0
aqsa,179,marbles,marbles:duration_flicker_level2,marbles:stutter_level0,RIGHT,marbles:stutter_level0,marbles:duration_flicker_level2,9.7637,239.88
aqsa,180,classroom,classroom:noise_colors_level2,classroom:motion_noise_level2,RIGHT,classroom:motion_noise_level2,classroom:noise_colors_level2,4.8006,239.98
aqsa,181,pink_room,pink_room:temporal-resolution-multiplexing_level2,pink_room:dlss_rr_level2,RIGHT,pink_room:dlss_rr_level2,pink_room:temporal-resolution-multiplexing_level2,8.726,239.98
aqsa,182,marbles,marbles:restir_level1,marbles:motion_resolution_level0,RIGHT,marbles:motion_resolution_level0,marbles:restir_level1,5.7423,239.98
aqsa,183,zeroday,zeroday:temporal-resolution-multiplexing_level2,zeroday:motion_resolution_level1,LEFT,zeroday:temporal-resolution-multiplexing_level2,zeroday:motion_resolution_level1,5.3717,239.97
aqsa,184,classroom,classroom:noise_colors_level2,classroom:duration_flicker_level2,RIGHT,classroom:duration_flicker_level2,classroom:noise_colors_level2,4.367,239.77
aqsa,185,bistro_interior,bistro_interior:motion_noise_level0,bistro_interior:duration_flicker_level1,LEFT,bistro_interior:motion_noise_level0,bistro_interior:duration_flicker_level1,5.3882,239.98
aqsa,186,bistro_interior,bistro_interior:restir_level1,bistro_interior:motion_resolution_level1,LEFT,bistro_interior:restir_level1,bistro_interior:motion_resolution_level1,8.7845,239.97
aqsa,187,landscape,landscape:restir_level1,landscape:motion_noise_level1,RIGHT,landscape:motion_noise_level1,landscape:restir_level1,10.9099,239.97
aqsa,188,bistro_interior,bistro_interior:stutter_level1,bistro_interior:dlss_rr_level0,LEFT,bistro_interior:stutter_level1,bistro_interior:dlss_rr_level0,6.234,239.98
aqsa,189,bistro_interior,bistro_interior:temporal-resolution-multiplexing_level1,bistro_interior:stutter_level2,LEFT,bistro_interior:temporal-resolution-multiplexing_level1,bistro_interior:stutter_level2,5.58,239.98
aqsa,190,pink_room,pink_room:stutter_level1,pink_room:noise_colors_level0,LEFT,pink_room:stutter_level1,pink_room:noise_colors_level0,8.5011,239.98
aqsa,191,bistro_exterior,bistro_exterior:temporal-resolution-multiplexing_level1,bistro_exterior:motion_noise_level1,RIGHT,bistro_exterior:motion_noise_level1,bistro_exterior:temporal-resolution-multiplexing_level1,5.9551,239.97
aqsa,192,zeroday,zeroday:noise_colors_level2,zeroday:temporal-resolution-multiplexing_level0,LEFT,zeroday:noise_colors_level2,zeroday:temporal-resolution-multiplexing_level0,5.6334,240.01
aqsa,193,attic,attic:duration_flicker_level0,attic:motion_noise_level1,RIGHT,attic:motion_noise_level1,attic:duration_flicker_level0,4.4257,239.98
aqsa,194,attic,attic:motion_resolution_level2,attic:duration_flicker_level1,RIGHT,attic:duration_flicker_level1,attic:motion_resolution_level2,4.4584,240.01
aqsa,195,landscape,landscape:noise_colors_level0,landscape:dlss_rr_level2,LEFT,landscape:noise_colors_level0,landscape:dlss_rr_level2,5.4417,240.01
aqsa,196,landscape,landscape:motion_noise_level0,landscape:motion_noise_level2,RIGHT,landscape:motion_noise_level2,landscape:motion_noise_level0,9.1553,239.98
aqsa,197,bistro_interior,bistro_interior:duration_flicker_level1,bistro_interior:motion_noise_level2,LEFT,bistro_interior:duration_flicker_level1,bistro_interior:motion_noise_level2,5.3292,240.01
aqsa,198,bistro_exterior,bistro_exterior:judder_level0,bistro_exterior:motion_noise_level1,RIGHT,bistro_exterior:motion_noise_level1,bistro_exterior:judder_level0,6.3175,239.98
aqsa,199,bistro_interior,bistro_interior:dlss_rr_level2,bistro_interior:restir_level1,RIGHT,bistro_interior:restir_level1,bistro_interior:dlss_rr_level2,6.1,240.01
aqsa,200,classroom,classroom:judder_level0,classroom:stutter_level0,RIGHT,classroom:stutter_level0,classroom:judder_level0,5.2382,239.98
aqsa,201,landscape,landscape:judder_level1,landscape:restir_level1,RIGHT,landscape:restir_level1,landscape:judder_level1,5.4134,239.97
aqsa,202,pink_room,pink_room:restir_level1,pink_room:dlss_rr_level1,LEFT,pink_room:restir_level1,pink_room:dlss_rr_level1,5.4334,240.01
aqsa,203,marbles,marbles:restir_level1,marbles:motion_noise_level0,RIGHT,marbles:motion_noise_level0,marbles:restir_level1,9.5834,240.0
aqsa,204,bistro_exterior,bistro_exterior:dlss_rr_level2,bistro_exterior:stutter_level2,RIGHT,bistro_exterior:stutter_level2,bistro_exterior:dlss_rr_level2,6.9542,240.01
aqsa,205,classroom,classroom:motion_resolution_level0,classroom:motion_noise_level0,LEFT,classroom:motion_resolution_level0,classroom:motion_noise_level0,24.1144,239.98
aqsa,206,bistro_exterior,bistro_exterior:duration_flicker_level2,bistro_exterior:duration_flicker_level1,RIGHT,bistro_exterior:duration_flicker_level1,bistro_exterior:duration_flicker_level2,12.5167,240.0
aqsa,207,classroom,classroom:dlss_rr_level2,classroom:judder_level0,RIGHT,classroom:judder_level0,classroom:dlss_rr_level2,4.4674,239.97
aqsa,208,bistro_interior,bistro_interior:stutter_level1,bistro_interior:motion_noise_level2,LEFT,bistro_interior:stutter_level1,bistro_interior:motion_noise_level2,6.8926,239.98
aqsa,209,attic,attic:judder_level1,attic:stutter_level0,RIGHT,attic:stutter_level0,attic:judder_level1,5.2709,240.01
aqsa,210,zeroday,zeroday:temporal-resolution-multiplexing_level0,zeroday:dlss_rr_level0,RIGHT,zeroday:dlss_rr_level0,zeroday:temporal-resolution-multiplexing_level0,10.4625,240.0
aqsa,211,bistro_interior,bistro_interior:dlss_rr_level2,bistro_interior:noise_colors_level2,LEFT,bistro_interior:dlss_rr_level2,bistro_interior:noise_colors_level2,5.4125,240.0
aqsa,212,attic,attic:judder_level2,attic:dlss_rr_level2,LEFT,attic:judder_level2,attic:dlss_rr_level2,6.3334,240.01
aqsa,213,attic,attic:judder_level1,attic:judder_level0,LEFT,attic:judder_level1,attic:judder_level0,5.2792,240.01
aqsa,214,bistro_interior,bistro_interior:judder_level2,bistro_interior:restir_level1,LEFT,bistro_interior:judder_level2,bistro_interior:restir_level1,4.75,240.01
aqsa,215,pink_room,pink_room:judder_level1,pink_room:motion_noise_level1,LEFT,pink_room:judder_level1,pink_room:motion_noise_level1,5.6584,240.01
aqsa,216,zeroday,zeroday:duration_flicker_level2,zeroday:restir_level2,RIGHT,zeroday:restir_level2,zeroday:duration_flicker_level2,9.2625,240.01
aqsa,217,classroom,classroom:restir_level2,classroom:noise_colors_level2,RIGHT,classroom:noise_colors_level2,classroom:restir_level2,8.7794,240.0
aqsa,218,bistro_interior,bistro_interior:motion_resolution_level0,bistro_interior:restir_level1,LEFT,bistro_interior:motion_resolution_level0,bistro_interior:restir_level1,5.4673,239.98
aqsa,219,bistro_interior,bistro_interior:restir_level1,bistro_interior:restir_level0,LEFT,bistro_interior:restir_level1,bistro_interior:restir_level0,9.8545,239.99
aqsa,220,classroom,classroom:judder_level0,classroom:noise_colors_level1,LEFT,classroom:judder_level0,classroom:noise_colors_level1,4.4667,240.01
aqsa,221,bistro_interior,bistro_interior:stutter_level2,bistro_interior:temporal-resolution-multiplexing_level2,RIGHT,bistro_interior:temporal-resolution-multiplexing_level2,bistro_interior:stutter_level2,5.3881,239.97
aqsa,222,classroom,classroom:duration_flicker_level1,classroom:noise_colors_level2,LEFT,classroom:duration_flicker_level1,classroom:noise_colors_level2,5.2462,239.82
aqsa,223,bistro_interior,bistro_interior:motion_noise_level1,bistro_interior:motion_noise_level0,RIGHT,bistro_interior:motion_noise_level0,bistro_interior:motion_noise_level1,5.4008,239.98
aqsa,224,zeroday,zeroday:temporal-resolution-multiplexing_level0,zeroday:noise_colors_level0,RIGHT,zeroday:noise_colors_level0,zeroday:temporal-resolution-multiplexing_level0,8.9134,239.98
aqsa,225,pink_room,pink_room:temporal-resolution-multiplexing_level0,pink_room:stutter_level1,LEFT,pink_room:temporal-resolution-multiplexing_level0,pink_room:stutter_level1,5.2752,239.99
aqsa,226,bistro_interior,bistro_interior:duration_flicker_level2,bistro_interior:stutter_level0,RIGHT,bistro_interior:stutter_level0,bistro_interior:duration_flicker_level2,5.2508,239.97
aqsa,227,bistro_interior,bistro_interior:stutter_level0,bistro_interior:stutter_level1,RIGHT,bistro_interior:stutter_level1,bistro_interior:stutter_level0,5.2834,240.01
aqsa,228,pink_room,pink_room:motion_resolution_level2,pink_room:temporal-resolution-multiplexing_level2,RIGHT,pink_room:temporal-resolution-multiplexing_level2,pink_room:motion_resolution_level2,5.4792,240.01
aqsa,229,pink_room,pink_room:judder_level0,pink_room:stutter_level1,RIGHT,pink_room:stutter_level1,pink_room:judder_level0,5.2543,240.01
aqsa,230,bistro_interior,bistro_interior:dlss_rr_level2,bistro_interior:temporal-resolution-multiplexing_level2,RIGHT,bistro_interior:temporal-resolution-multiplexing_level2,bistro_interior:dlss_rr_level2,5.2091,239.97
aqsa,231,pink_room,pink_room:noise_colors_level1,pink_room:stutter_level1,RIGHT,pink_room:stutter_level1,pink_room:noise_colors_level1,5.275,240.01
aqsa,232,bistro_interior,bistro_interior:stutter_level2,bistro_interior:restir_level2,LEFT,bistro_interior:stutter_level2,bistro_interior:restir_level2,5.2834,240.01
aqsa,233,bistro_interior,bistro_interior:stutter_level0,bistro_interior:noise_colors_level1,LEFT,bistro_interior:stutter_level0,bistro_interior:noise_colors_level1,5.3,240.0
aqsa,234,bistro_interior,bistro_interior:judder_level1,bistro_interior:stutter_level1,LEFT,bistro_interior:judder_level1,bistro_interior:stutter_level1,6.2132,239.98
ct3,1,zeroday,zeroday:motion_resolution_level0,zeroday:temporal-resolution-multiplexing_level2,LEFT,zeroday:motion_resolution_level0,zeroday:temporal-resolution-multiplexing_level2,8.2931,240.04
ct3,2,subway,subway:noise_colors_level1,subway:stutter_level2,LEFT,subway:noise_colors_level1,subway:stutter_level2,8.9167,240.0
ct3,3,pink_room,pink_room:duration_flicker_level1,pink_room:duration_flicker_level2,LEFT,pink_room:duration_flicker_level1,pink_room:duration_flicker_level2,2.0918,240.01
ct3,4,landscape,landscape:judder_level0,landscape:duration_flicker_level1,LEFT,landscape:judder_level0,landscape:duration_flicker_level1,3.571,240.01
ct3,5,landscape,landscape:stutter_level0,landscape:temporal-resolution-multiplexing_level1,RIGHT,landscape:temporal-resolution-multiplexing_level1,landscape:stutter_level0,4.2959,240.01
ct3,6,subway,subway:restir_level0,subway:duration_flicker_level2,LEFT,subway:restir_level0,subway:duration_flicker_level2,4.2251,240.01
ct3,7,landscape,landscape:stutter_level1,landscape:restir_level0,LEFT,landscape:stutter_level1,landscape:restir_level0,7.0584,240.0
ct3,8,pink_room,pink_room:duration_flicker_level1,pink_room:restir_level2,RIGHT,pink_room:restir_level2,pink_room:duration_flicker_level1,2.4792,240.01
ct3,9,marbles,marbles:noise_colors_level2,marbles:judder_level2,RIGHT,marbles:judder_level2,marbles:noise_colors_level2,3.0793,240.01
ct3,10,bistro_interior,bistro_interior:duration_flicker_level0,bistro_interior:duration_flicker_level2,LEFT,bistro_interior:duration_flicker_level0,bistro_interior:duration_flicker_level2,7.1549,239.97
ct3,11,classroom,classroom:judder_level0,classroom:temporal-resolution-multiplexing_level0,LEFT,classroom:judder_level0,classroom:temporal-resolution-multiplexing_level0,7.201,239.97
ct3,12,bistro_exterior,bistro_exterior:restir_level2,bistro_exterior:noise_colors_level2,LEFT,bistro_exterior:restir_level2,bistro_exterior:noise_colors_level2,9.4887,239.97
ct3,13,marbles,marbles:restir_level0,marbles:motion_noise_level2,RIGHT,marbles:motion_noise_level2,marbles:restir_level0,7.3801,239.97
ct3,14,bistro_exterior,bistro_exterior:judder_level0,bistro_exterior:judder_level1,RIGHT,bistro_exterior:judder_level1,bistro_exterior:judder_level0,10.8639,239.97
ct3,15,subway,subway:temporal-resolution-multiplexing_level1,subway:restir_level0,RIGHT,subway:restir_level0,subway:temporal-resolution-multiplexing_level1,7.8545,239.99
ct3,16,zeroday,zeroday:duration_flicker_level0,zeroday:motion_noise_level2,RIGHT,zeroday:motion_noise_level2,zeroday:duration_flicker_level0,9.2792,240.0
ct3,17,bistro_interior,bistro_interior:motion_resolution_level2,bistro_interior:motion_resolution_level1,RIGHT,bistro_interior:motion_resolution_level1,bistro_interior:motion_resolution_level2,2.05,240.01
ct3,18,pink_room,pink_room:motion_noise_level1,pink_room:noise_colors_level1,RIGHT,pink_room:noise_colors_level1,pink_room:motion_noise_level1,7.8667,240.0
ct3,19,bistro_interior,bistro_interior:restir_level0,bistro_interior:noise_colors_level2,RIGHT,bistro_interior:noise_colors_level2,bistro_interior:restir_level0,2.6795,239.97
ct3,20,attic,attic:noise_colors_level2,attic:restir_level1,RIGHT,attic:restir_level1,attic:noise_colors_level2,6.4259,239.97
ct3,21,bistro_interior,bistro_interior:temporal-resolution-multiplexing_level2,bistro_interior:stutter_level1,LEFT,bistro_interior:temporal-resolution-multiplexing_level2,bistro_interior:stutter_level1,8.376,239.97
ct3,22,bistro_exterior,bistro_exterior:noise_colors_level0,bistro_exterior:reference,RIGHT,bistro_exterior:reference,bistro_exterior:noise_colors_level0,9.6917,240.0
ct3,23,pink_room,pink_room:noise_colors_level2,pink_room:temporal-resolution-multiplexing_level1,RIGHT,pink_room:temporal-resolution-multiplexing_level1,pink_room:noise_colors_level2,9.0292,240.0
ct3,24,pink_room,pink_room:restir_level0,pink_room:noise_colors_level0,RIGHT,pink_room:noise_colors_level0,pink_room:restir_level0,8.9,240.0
ct3,25,landscape,landscape:motion_resolution_level1,landscape:motion_resolution_level2,LEFT,landscape:motion_resolution_level1,landscape:motion_resolution_level2,1.7167,240.0
ct3,26,bistro_exterior,bistro_exterior:restir_level0,bistro_exterior:motion_noise_level1,RIGHT,bistro_exterior:motion_noise_level1,bistro_exterior:restir_level0,15.1751,240.0
ct3,27,attic,attic:duration_flicker_level1,attic:stutter_level2,RIGHT,attic:stutter_level2,attic:duration_flicker_level1,9.4469,239.97
ct3,28,attic,attic:motion_resolution_level2,attic:restir_level2,RIGHT,attic:restir_level2,attic:motion_resolution_level2,1.9921,239.96
ct3,29,zeroday,zeroday:motion_resolution_level2,zeroday:temporal-resolution-multiplexing_level2,RIGHT,zeroday:temporal-resolution-multiplexing_level2,zeroday:motion_resolution_level2,2.2667,240.0
ct3,30,pink_room,pink_room:motion_resolution_level2,pink_room:duration_flicker_level1,RIGHT,pink_room:duration_flicker_level1,pink_room:motion_resolution_level2,1.6625,240.0
ct3,31,subway,subway:noise_colors_level1,subway:duration_flicker_level1,LEFT,subway:noise_colors_level1,subway:duration_flicker_level1,4.4628,239.98
ct3,32,zeroday,zeroday:stutter_level2,zeroday:duration_flicker_level0,LEFT,zeroday:stutter_level2,zeroday:duration_flicker_level0,8.1667,240.0
ct3,33,subway,subway:stutter_level0,subway:judder_level0,LEFT,subway:stutter_level0,subway:judder_level0,9.7553,239.98
ct3,34,attic,attic:restir_level0,attic:motion_resolution_level0,LEFT,attic:restir_level0,attic:motion_resolution_level0,8.1969,239.97
ct3,35,classroom,classroom:duration_flicker_level0,classroom:motion_noise_level2,RIGHT,classroom:motion_noise_level2,classroom:duration_flicker_level0,3.2917,240.01
ct3,36,classroom,classroom:reference,classroom:stutter_level0,RIGHT,classroom:stutter_level0,classroom:reference,7.8125,240.0
ct3,37,subway,subway:noise_colors_level1,subway:dlss_rr_level0,LEFT,subway:noise_colors_level1,subway:dlss_rr_level0,8.8167,240.01
ct3,38,zeroday,zeroday:restir_level1,zeroday:restir_level2,RIGHT,zeroday:restir_level2,zeroday:restir_level1,7.8084,240.0
ct3,39,landscape,landscape:temporal-resolution-multiplexing_level1,landscape:restir_level2,RIGHT,landscape:restir_level2,landscape:temporal-resolution-multiplexing_level1,11.764,239.97
ct3,40,subway,subway:motion_resolution_level1,subway:temporal-resolution-multiplexing_level1,RIGHT,subway:temporal-resolution-multiplexing_level1,subway:motion_resolution_level1,2.7167,240.0
ct3,41,zeroday,zeroday:motion_noise_level1,zeroday:temporal-resolution-multiplexing_level0,LEFT,zeroday:motion_noise_level1,zeroday:temporal-resolution-multiplexing_level0,5.0376,240.01
ct3,42,classroom,classroom:dlss_rr_level2,classroom:motion_noise_level1,LEFT,classroom:dlss_rr_level2,classroom:motion_noise_level1,6.4125,240.0
ct3,43,marbles,marbles:judder_level1,marbles:judder_level0,LEFT,marbles:judder_level1,marbles:judder_level0,10.2762,239.97
ct3,44,zeroday,zeroday:judder_level2,zeroday:judder_level0,RIGHT,zeroday:judder_level0,zeroday:judder_level2,4.1084,240.01
ct3,45,landscape,landscape:restir_level2,landscape:judder_level1,RIGHT,landscape:judder_level1,landscape:restir_level2,6.03,239.96
ct3,46,bistro_interior,bistro_interior:dlss_rr_level2,bistro_interior:restir_level0,RIGHT,bistro_interior:restir_level0,bistro_interior:dlss_rr_level2,3.7631,239.97
ct3,47,subway,subway:dlss_rr_level1,subway:noise_colors_level2,LEFT,subway:dlss_rr_level1,subway:noise_colors_level2,3.1751,240.01
ct3,48,zeroday,zeroday:motion_noise_level0,zeroday:motion_noise_level1,RIGHT,zeroday:motion_noise_level1,zeroday:motion_noise_level0,5.4875,240.0
ct3,49,classroom,classroom:reference,classroom:noise_colors_level0,LEFT,classroom:reference,classroom:noise_colors_level0,10.1211,239.99
ct3,50,bistro_interior,bistro_interior:noise_colors_level1,bistro_interior:duration_flicker_level0,LEFT,bistro_interior:noise_colors_level1,bistro_interior:duration_flicker_level0,8.9929,239.97
ct3,51,attic,attic:dlss_rr_level2,attic:motion_resolution_level2,LEFT,attic:dlss_rr_level2,attic:motion_resolution_level2,3.8964,239.96
ct3,52,subway,subway:duration_flicker_level2,subway:noise_colors_level1,RIGHT,subway:noise_colors_level1,subway:duration_flicker_level2,4.363,239.98
ct3,53,attic,attic:stutter_level2,attic:dlss_rr_level1,LEFT,attic:stutter_level2,attic:dlss_rr_level1,7.0552,239.97
ct3,54,pink_room,pink_room:noise_colors_level0,pink_room:motion_noise_level1,LEFT,pink_room:noise_colors_level0,pink_room:motion_noise_level1,8.4292,240.0
ct3,55,zeroday,zeroday:motion_resolution_level1,zeroday:restir_level2,RIGHT,zeroday:restir_level2,zeroday:motion_resolution_level1,2.5917,239.99
ct3,56,landscape,landscape:noise_colors_level1,landscape:restir_level2,LEFT,landscape:noise_colors_level1,landscape:restir_level2,13.0084,240.0
ct3,57,bistro_exterior,bistro_exterior:duration_flicker_level2,bistro_exterior:motion_noise_level2,RIGHT,bistro_exterior:motion_noise_level2,bistro_exterior:duration_flicker_level2,12.9,240.0
ct3,58,landscape,landscape:motion_noise_level0,landscape:motion_noise_level2,RIGHT,landscape:motion_noise_level2,landscape:motion_noise_level0,10.6835,240.0
ct3,59,zeroday,zeroday:temporal-resolution-multiplexing_level1,zeroday:dlss_rr_level1,RIGHT,zeroday:dlss_rr_level1,zeroday:temporal-resolution-multiplexing_level1,5.8667,240.01
ct3,60,landscape,landscape:dlss_rr_level2,landscape:duration_flicker_level1,LEFT,landscape:dlss_rr_level2,landscape:duration_flicker_level1,2.8459,240.01
ct3,61,bistro_interior,bistro_interior:temporal-resolution-multiplexing_level0,bistro_interior:duration_flicker_level0,LEFT,bistro_interior:temporal-resolution-multiplexing_level0,bistro_interior:duration_flicker_level0,3.9958,240.0
ct3,62,subway,subway:duration_flicker_level0,subway:noise_colors_level1,RIGHT,subway:noise_colors_level1,subway:duration_flicker_level0,6.2377,240.0
ct3,63,classroom,classroom:judder_level1,classroom:motion_resolution_level0,LEFT,classroom:judder_level1,classroom:motion_resolution_level0,15.7375,240.0
ct3,64,bistro_interior,bistro_interior:restir_level2,bistro_interior:restir_level1,RIGHT,bistro_interior:restir_level1,bistro_interior:restir_level2,8.5834,240.0
ct3,65,subway,subway:dlss_rr_level0,subway:motion_resolution_level0,RIGHT,subway:motion_resolution_level0,subway:dlss_rr_level0,2.5042,240.01
ct3,66,landscape,landscape:duration_flicker_level0,landscape:dlss_rr_level0,RIGHT,landscape:dlss_rr_level0,landscape:duration_flicker_level0,3.2084,240.0
ct3,67,bistro_interior,bistro_interior:motion_noise_level0,bistro_interior:noise_colors_level0,RIGHT,bistro_interior:noise_colors_level0,bistro_interior:motion_noise_level0,8.9762,239.97
ct3,68,bistro_interior,bistro_interior:duration_flicker_level0,bistro_interior:motion_noise_level1,RIGHT,bistro_interior:motion_noise_level1,bistro_interior:duration_flicker_level0,8.3804,239.97
ct3,69,attic,attic:noise_colors_level1,attic:reference,RIGHT,attic:reference,attic:noise_colors_level1,9.1209,240.0
ct3,70,zeroday,zeroday:duration_flicker_level0,zeroday:dlss_rr_level1,RIGHT,zeroday:dlss_rr_level1,zeroday:duration_flicker_level0,2.2875,240.01
ct3,71,bistro_exterior,bistro_exterior:duration_flicker_level2,bistro_exterior:noise_colors_level2,RIGHT,bistro_exterior:noise_colors_level2,bistro_exterior:duration_flicker_level2,7.9084,240.0
ct3,72,bistro_exterior,bistro_exterior:restir_level1,bistro_exterior:dlss_rr_level0,LEFT,bistro_exterior:restir_level1,bistro_exterior:dlss_rr_level0,9.072,239.97
ct3,73,subway,subway:motion_resolution_level0,subway:temporal-resolution-multiplexing_level0,LEFT,subway:motion_resolution_level0,subway:temporal-resolution-multiplexing_level0,6.5334,240.0
ct3,74,subway,subway:reference,subway:judder_level1,LEFT,subway:reference,subway:judder_level1,8.7167,240.0
ct3,75,zeroday,zeroday:judder_level1,zeroday:dlss_rr_level0,LEFT,zeroday:judder_level1,zeroday:dlss_rr_level0,5.55,240.01
ct3,76,attic,attic:judder_level0,attic:motion_noise_level1,RIGHT,attic:motion_noise_level1,attic:judder_level0,15.5003,240.0
ct3,77,marbles,marbles:duration_flicker_level1,marbles:dlss_rr_level0,RIGHT,marbles:dlss_rr_level0,marbles:duration_flicker_level1,5.4875,240.0
ct3,78,marbles,marbles:stutter_level0,marbles:noise_colors_level0,LEFT,marbles:stutter_level0,marbles:noise_colors_level0,8.8549,239.98
ct3,79,pink_room,pink_room:restir_level2,pink_room:temporal-resolution-multiplexing_level1,LEFT,pink_room:restir_level2,pink_room:temporal-resolution-multiplexing_level1,6.1754,239.98
ct3,80,bistro_exterior,bistro_exterior:duration_flicker_level2,bistro_exterior:stutter_level2,LEFT,bistro_exterior:duration_flicker_level2,bistro_exterior:stutter_level2,2.4087,239.97
ct3,81,bistro_interior,bistro_interior:stutter_level2,bistro_interior:dlss_rr_level0,LEFT,bistro_interior:stutter_level2,bistro_interior:dlss_rr_level0,2.9542,240.0
ct3,82,subway,subway:dlss_rr_level2,subway:motion_noise_level1,RIGHT,subway:motion_noise_level1,subway:dlss_rr_level2,3.0959,240.0
ct3,83,attic,attic:temporal-resolution-multiplexing_level0,attic:noise_colors_level0,RIGHT,attic:noise_colors_level0,attic:temporal-resolution-multiplexing_level0,10.0803,239.97
ct3,84,attic,attic:restir_level1,attic:dlss_rr_level0,RIGHT,attic:dlss_rr_level0,attic:restir_level1,8.3292,240.0
ct3,85,classroom,classroom:noise_colors_level1,classroom:temporal-resolution-multiplexing_level2,LEFT,classroom:noise_colors_level1,classroom:temporal-resolution-multiplexing_level2,9.0714,239.98
ct3,86,bistro_exterior,bistro_exterior:motion_resolution_level0,bistro_exterior:noise_colors_level2,LEFT,bistro_exterior:motion_resolution_level0,bistro_exterior:noise_colors_level2,10.1345,239.97
ct3,87,zeroday,zeroday:stutter_level1,zeroday:reference,RIGHT,zeroday:reference,zeroday:stutter_level1,3.3584,240.01
ct3,88,bistro_exterior,bistro_exterior:motion_resolution_level2,bistro_exterior:noise_colors_level2,RIGHT,bistro_exterior:noise_colors_level2,bistro_exterior:motion_resolution_level2,1.775,240.01
ct3,89,subway,subway:dlss_rr_level0,subway:judder_level2,RIGHT,subway:judder_level2,subway:dlss_rr_level0,4.9876,240.0
ct3,90,zeroday,zeroday:restir_level1,zeroday:duration_flicker_level0,RIGHT,zeroday:duration_flicker_level0,zeroday:restir_level1,9.7542,240.0
ct3,91,marbles,marbles:dlss_rr_level2,marbles:noise_colors_level1,LEFT,marbles:dlss_rr_level2,marbles:noise_colors_level1,12.2303,239.98
ct3,92,subway,subway:restir_level0,subway:restir_level2,LEFT,subway:restir_level0,subway:restir_level2,4.8667,240.0
ct3,93,bistro_interior,bistro_interior:noise_colors_level0,bistro_interior:stutter_level0,LEFT,bistro_interior:noise_colors_level0,bistro_interior:stutter_level0,8.222,239.97
ct3,94,zeroday,zeroday:dlss_rr_level1,zeroday:dlss_rr_level0,LEFT,zeroday:dlss_rr_level1,zeroday:dlss_rr_level0,9.8208,240.0
ct3,95,pink_room,pink_room:motion_resolution_level1,pink_room:temporal-resolution-multiplexing_level2,RIGHT,pink_room:temporal-resolution-multiplexing_level2,pink_room:motion_resolution_level1,1.8375,240.01
ct3,96,marbles,marbles:motion_resolution_level1,marbles:restir_level2,RIGHT,marbles:restir_level2,marbles:motion_resolution_level1,1.5376,240.0
ct3,97,landscape,landscape:motion_resolution_level0,landscape:dlss_rr_level1,RIGHT,landscape:dlss_rr_level1,landscape:motion_resolution_level0,6.0167,240.0
ct3,98,classroom,classroom:dlss_rr_level0,classroom:temporal-resolution-multiplexing_level1,LEFT,classroom:dlss_rr_level0,classroom:temporal-resolution-multiplexing_level1,4.9084,240.0
ct3,99,pink_room,pink_room:restir_level1,pink_room:dlss_rr_level2,LEFT,pink_room:restir_level1,pink_room:dlss_rr_level2,7.3334,240.0
ct3,100,zeroday,zeroday:noise_colors_level0,zeroday:noise_colors_level2,RIGHT,zeroday:noise_colors_level2,zeroday:noise_colors_level0,4.6547,239.98
ct3,101,bistro_exterior,bistro_exterior:restir_level0,bistro_exterior:judder_level1,RIGHT,bistro_exterior:judder_level1,bistro_exterior:restir_level0,14.5603,239.97
ct3,102,pink_room,pink_room:motion_noise_level2,pink_room:stutter_level0,LEFT,pink_room:motion_noise_level2,pink_room:stutter_level0,10.1875,240.0
ct3,103,bistro_exterior,bistro_exterior:temporal-resolution-multiplexing_level0,bistro_exterior:judder_level1,RIGHT,bistro_exterior:judder_level1,bistro_exterior:temporal-resolution-multiplexing_level0,10.3584,240.0
ct3,104,landscape,landscape:dlss_rr_level2,landscape:duration_flicker_level0,LEFT,landscape:dlss_rr_level2,landscape:duration_flicker_level0,4.2168,240.01
ct3,105,subway,subway:dlss_rr_level1,subway:motion_noise_level2,RIGHT,subway:motion_noise_level2,subway:dlss_rr_level1,4.8212,239.97
ct3,106,subway,subway:judder_level1,subway:judder_level0,RIGHT,subway:judder_level0,subway:judder_level1,7.5168,240.0
ct3,107,bistro_interior,bistro_interior:restir_level0,bistro_interior:dlss_rr_level1,LEFT,bistro_interior:restir_level0,bistro_interior:dlss_rr_level1,3.3167,240.0
ct3,108,bistro_interior,bistro_interior:stutter_level1,bistro_interior:judder_level1,RIGHT,bistro_interior:judder_level1,bistro_interior:stutter_level1,7.5426,239.97
ct3,109,bistro_exterior,bistro_exterior:restir_level0,bistro_exterior:temporal-resolution-multiplexing_level1,RIGHT,bistro_exterior:temporal-resolution-multiplexing_level1,bistro_exterior:restir_level0,10.0763,239.97
ct3,110,subway,subway:noise_colors_level0,subway:stutter_level0,LEFT,subway:noise_colors_level0,subway:stutter_level0,6.9001,240.0
ct3,111,attic,attic:motion_noise_level2,attic:stutter_level2,LEFT,attic:motion_noise_level2,attic:stutter_level2,9.1387,239.97
ct3,112,landscape,landscape:duration_flicker_level1,landscape:temporal-resolution-multiplexing_level1,RIGHT,landscape:temporal-resolution-multiplexing_level1,landscape:duration_flicker_level1,2.95,240.01
ct3,113,subway,subway:noise_colors_level1,subway:motion_noise_level1,LEFT,subway:noise_colors_level1,subway:motion_noise_level1,5.2417,240.01
ct3,114,bistro_interior,bistro_interior:stutter_level2,bistro_interior:judder_level2,LEFT,bistro_interior:stutter_level2,bistro_interior:judder_level2,9.8375,240.0
ct3,115,classroom,classroom:duration_flicker_level2,classroom:restir_level2,RIGHT,classroom:restir_level2,classroom:duration_flicker_level2,1.6834,240.01
ct3,116,attic,attic:stutter_level0,attic:judder_level0,LEFT,attic:stutter_level0,attic:judder_level0,6.7878,239.99
ct3,117,attic,attic:restir_level1,attic:motion_resolution_level1,LEFT,attic:restir_level1,attic:motion_resolution_level1,6.9844,239.96
ct3,118,landscape,landscape:judder_level1,landscape:stutter_level1,LEFT,landscape:judder_level1,landscape:stutter_level1,10.075,240.0
ct3,119,marbles,marbles:temporal-resolution-multiplexing_level1,marbles:temporal-resolution-multiplexing_level0,RIGHT,marbles:temporal-resolution-multiplexing_level0,marbles:temporal-resolution-multiplexing_level1,5.0542,240.0
ct3,120,pink_room,pink_room:stutter_level1,pink_room:judder_level1,LEFT,pink_room:stutter_level1,pink_room:judder_level1,12.9834,240.0
ct3,121,subway,subway:temporal-resolution-multiplexing_level2,subway:motion_resolution_level1,LEFT,subway:temporal-resolution-multiplexing_level2,subway:motion_resolution_level1,1.3335,240.0
ct3,122,zeroday,zeroday:dlss_rr_level2,zeroday:temporal-resolution-multiplexing_level2,LEFT,zeroday:dlss_rr_level2,zeroday:temporal-resolution-multiplexing_level2,2.3625,240.01
ct3,123,classroom,classroom:motion_resolution_level0,classroom:stutter_level0,LEFT,classroom:motion_resolution_level0,classroom:stutter_level0,6.8709,240.0
ct3,124,attic,attic:restir_level0,attic:restir_level1,LEFT,attic:restir_level0,attic:restir_level1,4.9417,240.0
ct3,125,zeroday,zeroday:duration_flicker_level0,zeroday:motion_resolution_level0,RIGHT,zeroday:motion_resolution_level0,zeroday:duration_flicker_level0,8.3001,240.0
ct3,126,landscape,landscape:motion_resolution_level1,landscape:duration_flicker_level0,LEFT,landscape:motion_resolution_level1,landscape:duration_flicker_level0,2.8838,239.97
ct3,127,subway,subway:stutter_level0,subway:temporal-resolution-multiplexing_level0,LEFT,subway:stutter_level0,subway:temporal-resolution-multiplexing_level0,3.1167,240.01
ct3,128,marbles,marbles:noise_colors_level2,marbles:motion_resolution_level1,LEFT,marbles:noise_colors_level2,marbles:motion_resolution_level1,9.7628,239.99
ct3,129,subway,subway:restir_level0,subway:restir_level1,LEFT,subway:restir_level0,subway:restir_level1,13.7584,240.0
ct3,130,bistro_exterior,bistro_exterior:reference,bistro_exterior:stutter_level0,RIGHT,bistro_exterior:stutter_level0,bistro_exterior:reference,9.9965,239.99
ct3,131,marbles,marbles:restir_level1,marbles:dlss_rr_level0,RIGHT,marbles:dlss_rr_level0,marbles:restir_level1,7.4884,239.97
ct3,132,subway,subway:noise_colors_level2,subway:motion_noise_level0,RIGHT,subway:motion_noise_level0,subway:noise_colors_level2,4.4088,239.97
ct3,133,attic,attic:motion_resolution_level1,attic:temporal-resolution-multiplexing_level2,RIGHT,attic:temporal-resolution-multiplexing_level2,attic:motion_resolution_level1,2.9838,239.96
ct3,134,bistro_exterior,bistro_exterior:judder_level1,bistro_exterior:dlss_rr_level0,LEFT,bistro_exterior:judder_level1,bistro_exterior:dlss_rr_level0,3.9462,239.98
ct3,135,bistro_exterior,bistro_exterior:restir_level0,bistro_exterior:duration_flicker_level0,RIGHT,bistro_exterior:duration_flicker_level0,bistro_exterior:restir_level0,10.3346,239.97
ct3,136,zeroday,zeroday:motion_noise_level2,zeroday:judder_level0,RIGHT,zeroday:judder_level0,zeroday:motion_noise_level2,9.7834,240.0
ct3,137,bistro_interior,bistro_interior:motion_noise_level2,bistro_interior:judder_level0,LEFT,bistro_interior:motion_noise_level2,bistro_interior:judder_level0,17.9714,239.99
ct3,138,attic,attic:dlss_rr_level1,attic:temporal-resolution-multiplexing_level1,LEFT,attic:dlss_rr_level1,attic:temporal-resolution-multiplexing_level1,7.13,239.97
ct3,139,bistro_exterior,bistro_exterior:motion_noise_level0,bistro_exterior:dlss_rr_level0,LEFT,bistro_exterior:motion_noise_level0,bistro_exterior:dlss_rr_level0,2.0588,239.95
ct3,140,pink_room,pink_room:motion_noise_level1,pink_room:stutter_level2,RIGHT,pink_room:stutter_level2,pink_room:motion_noise_level1,11.4625,240.0
ct3,141,classroom,classroom:stutter_level2,classroom:motion_noise_level2,LEFT,classroom:stutter_level2,classroom:motion_noise_level2,3.7631,239.96
ct3,142,bistro_interior,bistro_interior:restir_level1,bistro_interior:restir_level0,RIGHT,bistro_interior:restir_level0,bistro_interior:restir_level1,2.4334,240.0
ct3,143,pink_room,pink_room:judder_level2,pink_room:temporal-resolution-multiplexing_level1,RIGHT,pink_room:temporal-resolution-multiplexing_level1,pink_room:judder_level2,7.4334,240.0
ct3,144,pink_room,pink_room:stutter_level1,pink_room:stutter_level0,RIGHT,pink_room:stutter_level0,pink_room:stutter_level1,7.3628,239.99
ct3,145,subway,subway:restir_level0,subway:motion_resolution_level2,LEFT,subway:restir_level0,subway:motion_resolution_level2,1.825,240.0
ct3,146,classroom,classroom:noise_colors_level1,classroom:judder_level0,RIGHT,classroom:judder_level0,classroom:noise_colors_level1,8.1798,239.99
ct3,147,bistro_interior,bistro_interior:stutter_level1,bistro_interior:motion_noise_level2,RIGHT,bistro_interior:motion_noise_level2,bistro_interior:stutter_level1,9.547,239.97
ct3,148,bistro_interior,bistro_interior:temporal-resolution-multiplexing_level2,bistro_interior:duration_flicker_level1,LEFT,bistro_interior:temporal-resolution-multiplexing_level2,bistro_interior:duration_flicker_level1,3.3212,239.97
ct3,149,subway,subway:motion_resolution_level1,subway:noise_colors_level2,LEFT,subway:motion_resolution_level1,subway:noise_colors_level2,4.0917,240.0
ct3,150,pink_room,pink_room:judder_level2,pink_room:duration_flicker_level0,LEFT,pink_room:judder_level2,pink_room:duration_flicker_level0,3.05,240.0
ct3,151,subway,subway:stutter_level1,subway:noise_colors_level0,LEFT,subway:stutter_level1,subway:noise_colors_level0,9.1125,240.0
ct3,152,pink_room,pink_room:duration_flicker_level0,pink_room:dlss_rr_level1,RIGHT,pink_room:dlss_rr_level1,pink_room:duration_flicker_level0,3.2168,240.01
ct3,153,classroom,classroom:motion_noise_level2,classroom:motion_noise_level1,LEFT,classroom:motion_noise_level2,classroom:motion_noise_level1,13.7167,240.0
ct3,154,attic,attic:judder_level2,attic:restir_level1,LEFT,attic:judder_level2,attic:restir_level1,7.2094,239.97
ct3,155,classroom,classroom:dlss_rr_level1,classroom:noise_colors_level1,RIGHT,classroom:noise_colors_level1,classroom:dlss_rr_level1,6.7385,239.97
ct3,156,pink_room,pink_room:temporal-resolution-multiplexing_level1,pink_room:judder_level0,LEFT,pink_room:temporal-resolution-multiplexing_level1,pink_room:judder_level0,9.4003,239.99
ct3,157,landscape,landscape:motion_noise_level1,landscape:noise_colors_level2,LEFT,landscape:motion_noise_level1,landscape:noise_colors_level2,10.375,240.0
ct3,158,marbles,marbles:duration_flicker_level0,marbles:motion_noise_level1,RIGHT,marbles:motion_noise_level1,marbles:duration_flicker_level0,5.0334,240.0
ct3,159,pink_room,pink_room:motion_noise_level0,pink_room:temporal-resolution-multiplexing_level0,LEFT,pink_room:motion_noise_level0,pink_room:temporal-resolution-multiplexing_level0,9.7792,240.0
ct3,160,bistro_interior,bistro_interior:stutter_level1,bistro_interior:temporal-resolution-multiplexing_level1,LEFT,bistro_interior:stutter_level1,bistro_interior:temporal-resolution-multiplexing_level1,8.0875,240.0
ct3,161,bistro_interior,bistro_interior:motion_resolution_level1,bistro_interior:dlss_rr_level1,LEFT,bistro_interior:motion_resolution_level1,bistro_interior:dlss_rr_level1,1.8709,240.02
ct3,162,marbles,marbles:duration_flicker_level0,marbles:dlss_rr_level1,RIGHT,marbles:dlss_rr_level1,marbles:duration_flicker_level0,3.1586,239.99
ct3,163,attic,attic:duration_flicker_level0,attic:stutter_level2,LEFT,attic:duration_flicker_level0,attic:stutter_level2,3.9084,240.0
ct3,164,classroom,classroom:restir_level1,classroom:noise_colors_level1,RIGHT,classroom:noise_colors_level1,classroom:restir_level1,11.189,239.97
ct3,165,attic,attic:judder_level0,attic:noise_colors_level1,LEFT,attic:judder_level0,attic:noise_colors_level1,7.4175,239.97
ct3,166,zeroday,zeroday:noise_colors_level0,zeroday:stutter_level0,RIGHT,zeroday:stutter_level0,zeroday:noise_colors_level0,6.3584,240.0
ct3,167,landscape,landscape:noise_colors_level0,landscape:judder_level1,RIGHT,landscape:judder_level1,landscape:noise_colors_level0,9.1001,240.0
ct3,168,zeroday,zeroday:noise_colors_level2,zeroday:dlss_rr_level0,LEFT,zeroday:noise_colors_level2,zeroday:dlss_rr_level0,8.8417,240.0
ct3,169,landscape,landscape:restir_level1,landscape:judder_level1,LEFT,landscape:restir_level1,landscape:judder_level1,4.4006,239.97
ct3,170,marbles,marbles:duration_flicker_level2,marbles:motion_resolution_level1,RIGHT,marbles:motion_resolution_level1,marbles:duration_flicker_level2,2.5375,240.01
ct3,171,bistro_interior,bistro_interior:stutter_level2,bistro_interior:restir_level0,RIGHT,bistro_interior:restir_level0,bistro_interior:stutter_level2,8.8762,239.97
ct3,172,landscape,landscape:duration_flicker_level2,landscape:motion_resolution_level2,RIGHT,landscape:motion_resolution_level2,landscape:duration_flicker_level2,6.8879,239.99
ct3,173,bistro_interior,bistro_interior:duration_flicker_level0,bistro_interior:reference,RIGHT,bistro_interior:reference,bistro_interior:duration_flicker_level0,4.5918,240.01
ct3,174,bistro_interior,bistro_interior:stutter_level0,bistro_interior:stutter_level1,LEFT,bistro_interior:stutter_level0,bistro_interior:stutter_level1,7.3676,239.97
ct3,175,marbles,marbles:stutter_level2,marbles:restir_level0,RIGHT,marbles:restir_level0,marbles:stutter_level2,3.6671,239.97
ct3,176,landscape,landscape:dlss_rr_level2,landscape:dlss_rr_level1,LEFT,landscape:dlss_rr_level2,landscape:dlss_rr_level1,7.7172,239.98
ct3,177,classroom,classroom:noise_colors_level1,classroom:duration_flicker_level1,LEFT,classroom:noise_colors_level1,classroom:duration_flicker_level1,2.6167,240.0
ct3,178,bistro_interior,bistro_interior:stutter_level0,bistro_interior:reference,LEFT,bistro_interior:stutter_level0,bistro_interior:reference,9.075,240.0
ct3,179,pink_room,pink_room:noise_colors_level0,pink_room:motion_noise_level2,LEFT,pink_room:noise_colors_level0,pink_room:motion_noise_level2,7.3584,240.0
ct3,180,classroom,classroom:restir_level2,classroom:motion_resolution_level1,LEFT,classroom:restir_level2,classroom:motion_resolution_level1,2.5459,240.0
ct3,181,marbles,marbles:temporal-resolution-multiplexing_level0,marbles:judder_level0,LEFT,marbles:temporal-resolution-multiplexing_level0,marbles:judder_level0,5.3251,240.0
ct3,182,bistro_interior,bistro_interior:dlss_rr_level0,bistro_interior:stutter_level1,RIGHT,bistro_interior:stutter_level1,bistro_interior:dlss_rr_level0,3.2963,239.98
ct3,183,attic,attic:motion_resolution_level1,attic:dlss_rr_level2,RIGHT,attic:dlss_rr_level2,attic:motion_resolution_level1,5.4381,239.97
ct3,184,landscape,landscape:restir_level2,landscape:noise_colors_level2,RIGHT,landscape:noise_colors_level2,landscape:restir_level2,4.5208,240.0
ct3,185,bistro_exterior,bistro_exterior:stutter_level1,bistro_exterior:dlss_rr_level1,LEFT,bistro_exterior:stutter_level1,bistro_exterior:dlss_rr_level1,3.2709,239.99
ct3,186,marbles,marbles:noise_colors_level0,marbles:judder_level1,RIGHT,marbles:judder_level1,marbles:noise_colors_level0,6.8967,239.97
ct3,187,pink_room,pink_room:dlss_rr_level0,pink_room:dlss_rr_level2,RIGHT,pink_room:dlss_rr_level2,pink_room:dlss_rr_level0,3.2375,240.0
ct3,188,bistro_interior,bistro_interior:motion_resolution_level0,bistro_interior:dlss_rr_level1,LEFT,bistro_interior:motion_resolution_level0,bistro_interior:dlss_rr_level1,2.3168,240.01
ct3,189,landscape,landscape:duration_flicker_level0,landscape:stutter_level2,LEFT,landscape:duration_flicker_level0,landscape:stutter_level2,2.7917,240.01
ct3,190,attic,attic:judder_level1,attic:dlss_rr_level0,LEFT,attic:judder_level1,attic:dlss_rr_level0,5.7133,239.97
ct3,191,bistro_exterior,bistro_exterior:stutter_level0,bistro_exterior:restir_level1,LEFT,bistro_exterior:stutter_level0,bistro_exterior:restir_level1,6.0967,239.97
ct3,192,landscape,landscape:judder_level1,landscape:temporal-resolution-multiplexing_level0,RIGHT,landscape:temporal-resolution-multiplexing_level0,landscape:judder_level1,7.3,240.0
ct3,193,classroom,classroom:temporal-resolution-multiplexing_level1,classroom:judder_level0,RIGHT,classroom:judder_level0,classroom:temporal-resolution-multiplexing_level1,3.7546,239.97
ct3,194,classroom,classroom:restir_level0,classroom:temporal-resolution-multiplexing_level1,RIGHT,classroom:temporal-resolution-multiplexing_level1,classroom:restir_level0,3.838,239.98
ct3,195,attic,attic:noise_colors_level0,attic:noise_colors_level1,RIGHT,attic:noise_colors_level1,attic:noise_colors_level0,8.4844,239.97
ct3,196,marbles,marbles:motion_resolution_level1,marbles:motion_resolution_level2,RIGHT,marbles:motion_resolution_level2,marbles:motion_resolution_level1,3.4417,240.0
ct3,197,landscape,landscape:motion_resolution_level1,landscape:judder_level2,RIGHT,landscape:judder_level2,landscape:motion_resolution_level1,3.2417,240.0
ct3,198,zeroday,zeroday:temporal-resolution-multiplexing_level0,zeroday:stutter_level1,LEFT,zeroday:temporal-resolution-multiplexing_level0,zeroday:stutter_level1,6.1625,240.0
ct3,199,pink_room,pink_room:reference,pink_room:noise_colors_level0,RIGHT,pink_room:noise_colors_level0,pink_room:reference,12.1,240.0
ct3,200,marbles,marbles:restir_level0,marbles:motion_resolution_level0,RIGHT,marbles:motion_resolution_level0,marbles:restir_level0,3.7839,239.97
ct3,201,classroom,classroom:motion_noise_level1,classroom:noise_colors_level1,LEFT,classroom:motion_noise_level1,classroom:noise_colors_level1,8.0792,240.0
ct3,202,landscape,landscape:noise_colors_level0,landscape:reference,LEFT,landscape:noise_colors_level0,landscape:reference,9.8459,240.0
ct3,203,attic,attic:stutter_level1,attic:temporal-resolution-multiplexing_level0,LEFT,attic:stutter_level1,attic:temporal-resolution-multiplexing_level0,4.2209,240.0
ct3,204,pink_room,pink_room:motion_noise_level0,pink_room:noise_colors_level0,RIGHT,pink_room:noise_colors_level0,pink_room:motion_noise_level0,15.3459,240.0
ct3,205,attic,attic:temporal-resolution-multiplexing_level0,attic:judder_level1,RIGHT,attic:judder_level1,attic:temporal-resolution-multiplexing_level0,3.217,239.97
ct3,206,bistro_exterior,bistro_exterior:motion_noise_level2,bistro_exterior:dlss_rr_level0,LEFT,bistro_exterior:motion_noise_level2,bistro_exterior:dlss_rr_level0,2.2379,239.96
ct3,207,attic,attic:noise_colors_level1,attic:motion_noise_level0,RIGHT,attic:motion_noise_level0,attic:noise_colors_level1,3.7667,240.01
ct3,208,classroom,classroom:reference,classroom:stutter_level1,RIGHT,classroom:stutter_level1,classroom:reference,3.7334,240.0
ct3,209,landscape,landscape:judder_level1,landscape:motion_noise_level2,LEFT,landscape:judder_level1,landscape:motion_noise_level2,10.1251,240.0
ct3,210,classroom,classroom:judder_level2,classroom:temporal-resolution-multiplexing_level1,RIGHT,classroom:temporal-resolution-multiplexing_level1,classroom:judder_level2,9.3846,239.97
ct3,211,attic,attic:stutter_level2,attic:judder_level2,LEFT,attic:stutter_level2,attic:judder_level2,3.3334,240.01
ct3,212,marbles,marbles:motion_resolution_level1,marbles:dlss_rr_level2,RIGHT,marbles:dlss_rr_level2,marbles:motion_resolution_level1,3.8672,239.97
ct3,213,zeroday,zeroday:motion_noise_level0,zeroday:noise_colors_level2,RIGHT,zeroday:noise_colors_level2,zeroday:motion_noise_level0,7.0375,240.0
ct3,214,classroom,classroom:judder_level1,classroom:noise_colors_level1,RIGHT,classroom:noise_colors_level1,classroom:judder_level1,6.6875,240.0
ct3,215,pink_room,pink_room:stutter_level0,pink_room:temporal-resolution-multiplexing_level1,RIGHT,pink_room:temporal-resolution-multiplexing_level1,pink_room:stutter_level0,9.976,239.98
ct3,216,zeroday,zeroday:dlss_rr_level1,zeroday:duration_flicker_level2,LEFT,zeroday:dlss_rr_level1,zeroday:duration_flicker_level2,2.4,240.0
ct3,217,attic,attic:motion_resolution_level0,attic:duration_flicker_level2,RIGHT,attic:duration_flicker_level2,attic:motion_resolution_level0,2.0917,240.02
ct3,218,landscape,landscape:temporal-resolution-multiplexing_level2,landscape:restir_level2,LEFT,landscape:temporal-resolution-multiplexing_level2,landscape:restir_level2,10.3875,240.0
ct3,219,bistro_exterior,bistro_exterior:dlss_rr_level2,bistro_exterior:temporal-resolution-multiplexing_level2,RIGHT,bistro_exterior:temporal-resolution-multiplexing_level2,bistro_exterior:dlss_rr_level2,2.2834,240.01
ct3,220,pink_room,pink_room:motion_resolution_level0,pink_room:motion_noise_level1,RIGHT,pink_room:motion_noise_level1,pink_room:motion_resolution_level0,1.475,240.01
ct3,221,pink_room,pink_room:duration_flicker_level0,pink_room:restir_level1,RIGHT,pink_room:restir_level1,pink_room:duration_flicker_level0,2.8459,240.01
ct3,222,marbles,marbles:duration_flicker_level0,marbles:temporal-resolution-multiplexing_level0,RIGHT,marbles:temporal-resolution-multiplexing_level0,marbles:duration_flicker_level0,2.9584,240.0
ct3,223,classroom,classroom:restir_level2,classroom:motion_noise_level2,RIGHT,classroom:motion_noise_level2,classroom:restir_level2,2.0959,239.98
ct3,224,zeroday,zeroday:restir_level0,zeroday:restir_level1,LEFT,zeroday:restir_level0,zeroday:restir_level1,3.5959,240.01
ct3,225,pink_room,pink_room:temporal-resolution-multiplexing_level2,pink_room:restir_level2,LEFT,pink_room:temporal-resolution-multiplexing_level2,pink_room:restir_level2,4.3292,240.0
ct3,226,classroom,classroom:duration_flicker_level0,classroom:noise_colors_level2,LEFT,classroom:duration_flicker_level0,classroom:noise_colors_level2,2.2959,240.0
ct3,227,classroom,classroom:motion_resolution_level2,classroom:motion_resolution_level1,RIGHT,classroom:motion_resolution_level1,classroom:motion_resolution_level2,2.7379,239.96
ct3,228,bistro_exterior,bistro_exterior:noise_colors_level2,bistro_exterior:dlss_rr_level2,LEFT,bistro_exterior:noise_colors_level2,bistro_exterior:dlss_rr_level2,2.3545,239.97
ct3,229,classroom,classroom:temporal-resolution-multiplexing_level1,classroom:motion_noise_level0,RIGHT,classroom:motion_noise_level0,classroom:temporal-resolution-multiplexing_level1,3.1875,240.0
ct3,230,marbles,marbles:restir_level0,marbles:judder_level2,RIGHT,marbles:judder_level2,marbles:restir_level0,4.2796,239.97
ct3,231,marbles,marbles:duration_flicker_level2,marbles:temporal-resolution-multiplexing_level2,RIGHT,marbles:temporal-resolution-multiplexing_level2,marbles:duration_flicker_level2,2.4794,239.96
ct3,232,zeroday,zeroday:noise_colors_level1,zeroday:duration_flicker_level1,LEFT,zeroday:noise_colors_level1,zeroday:duration_flicker_level1,3.175,240.01
ct3,233,zeroday,zeroday:dlss_rr_level1,zeroday:noise_colors_level1,LEFT,zeroday:dlss_rr_level1,zeroday:noise_colors_level1,5.2459,240.0
ct3,234,marbles,marbles:stutter_level1,marbles:restir_level0,RIGHT,marbles:restir_level0,marbles:stutter_level1,8.6167,240.0
ct3,235,marbles,marbles:stutter_level2,marbles:dlss_rr_level0,RIGHT,marbles:dlss_rr_level0,marbles:stutter_level2,7.4883,239.98
ct3,236,bistro_exterior,bistro_exterior:judder_level1,bistro_exterior:noise_colors_level1,RIGHT,bistro_exterior:noise_colors_level1,bistro_exterior:judder_level1,10.0672,239.99
ct3,237,marbles,marbles:judder_level0,marbles:motion_noise_level0,RIGHT,marbles:motion_noise_level0,marbles:judder_level0,8.2667,240.0
ct3,238,marbles,marbles:judder_level0,marbles:reference,RIGHT,marbles:reference,marbles:judder_level0,6.4549,239.97
ct3,239,bistro_exterior,bistro_exterior:noise_colors_level2,bistro_exterior:judder_level2,RIGHT,bistro_exterior:judder_level2,bistro_exterior:noise_colors_level2,8.851,239.97
ct3,240,marbles,marbles:motion_noise_level1,marbles:restir_level1,LEFT,marbles:motion_noise_level1,marbles:restir_level1,8.8511,239.97
ct3,241,bistro_exterior,bistro_exterior:dlss_rr_level1,bistro_exterior:duration_flicker_level2,LEFT,bistro_exterior:dlss_rr_level1,bistro_exterior:duration_flicker_level2,3.8667,240.0
ct3,242,bistro_exterior,bistro_exterior:temporal-resolution-multiplexing_level2,bistro_exterior:motion_resolution_level1,RIGHT,bistro_exterior:motion_resolution_level1,bistro_exterior:temporal-resolution-multiplexing_level2,1.75,240.01
ct3,243,bistro_exterior,bistro_exterior:dlss_rr_level1,bistro_exterior:duration_flicker_level1,LEFT,bistro_exterior:dlss_rr_level1,bistro_exterior:duration_flicker_level1,10.3217,239.98
em,1,classroom,classroom:dlss_rr_level2,classroom:noise_colors_level2,LEFT,classroom:dlss_rr_level2,classroom:noise_colors_level2,21.7156,239.99
em,2,landscape,landscape:temporal-resolution-multiplexing_level2,landscape:judder_level1,LEFT,landscape:temporal-resolution-multiplexing_level2,landscape:judder_level1,40.3177,239.97
em,3,zeroday,zeroday:motion_noise_level1,zeroday:stutter_level0,RIGHT,zeroday:stutter_level0,zeroday:motion_noise_level1,76.4015,239.98
em,4,attic,attic:restir_level1,attic:motion_resolution_level2,RIGHT,attic:motion_resolution_level2,attic:restir_level1,3.1543,240.0
em,5,attic,attic:restir_level0,attic:dlss_rr_level1,RIGHT,attic:dlss_rr_level1,attic:restir_level0,5.5001,240.0
em,6,marbles,marbles:noise_colors_level0,marbles:restir_level0,LEFT,marbles:noise_colors_level0,marbles:restir_level0,6.6923,239.98
em,7,landscape,landscape:temporal-resolution-multiplexing_level2,landscape:stutter_level0,RIGHT,landscape:stutter_level0,landscape:temporal-resolution-multiplexing_level2,11.0751,240.0
em,8,landscape,landscape:dlss_rr_level2,landscape:dlss_rr_level1,RIGHT,landscape:dlss_rr_level1,landscape:dlss_rr_level2,2.0209,240.0
em,9,bistro_exterior,bistro_exterior:noise_colors_level0,bistro_exterior:temporal-resolution-multiplexing_level0,LEFT,bistro_exterior:noise_colors_level0,bistro_exterior:temporal-resolution-multiplexing_level0,10.668,239.97
em,10,bistro_exterior,bistro_exterior:temporal-resolution-multiplexing_level1,bistro_exterior:dlss_rr_level0,RIGHT,bistro_exterior:dlss_rr_level0,bistro_exterior:temporal-resolution-multiplexing_level1,7.7511,239.97
em,11,landscape,landscape:temporal-resolution-multiplexing_level1,landscape:temporal-resolution-multiplexing_level2,RIGHT,landscape:temporal-resolution-multiplexing_level2,landscape:temporal-resolution-multiplexing_level1,23.9751,240.0
em,12,subway,subway:restir_level1,subway:temporal-resolution-multiplexing_level2,RIGHT,subway:temporal-resolution-multiplexing_level2,subway:restir_level1,3.9839,239.97
em,13,classroom,classroom:restir_level0,classroom:dlss_rr_level0,RIGHT,classroom:dlss_rr_level0,classroom:restir_level0,8.4553,239.97
em,14,pink_room,pink_room:stutter_level0,pink_room:stutter_level1,RIGHT,pink_room:stutter_level1,pink_room:stutter_level0,34.9087,240.0
em,15,bistro_interior,bistro_interior:noise_colors_level2,bistro_interior:dlss_rr_level0,LEFT,bistro_interior:noise_colors_level2,bistro_interior:dlss_rr_level0,15.1396,239.97
em,16,pink_room,pink_room:stutter_level2,pink_room:dlss_rr_level0,RIGHT,pink_room:dlss_rr_level0,pink_room:stutter_level2,3.9712,239.98
em,17,pink_room,pink_room:motion_noise_level2,pink_room:stutter_level1,RIGHT,pink_room:stutter_level1,pink_room:motion_noise_level2,23.4167,240.0
em,18,zeroday,zeroday:restir_level0,zeroday:duration_flicker_level0,RIGHT,zeroday:duration_flicker_level0,zeroday:restir_level0,23.3523,239.98
em,19,landscape,landscape:noise_colors_level1,landscape:motion_noise_level1,RIGHT,landscape:motion_noise_level1,landscape:noise_colors_level1,17.8097,239.98
em,20,subway,subway:motion_noise_level1,subway:dlss_rr_level0,RIGHT,subway:dlss_rr_level0,subway:motion_noise_level1,3.5043,240.01
em,21,marbles,marbles:motion_resolution_level2,marbles:duration_flicker_level2,RIGHT,marbles:duration_flicker_level2,marbles:motion_resolution_level2,17.1888,239.98
em,22,bistro_exterior,bistro_exterior:stutter_level0,bistro_exterior:duration_flicker_level1,LEFT,bistro_exterior:stutter_level0,bistro_exterior:duration_flicker_level1,5.8424,239.97
em,23,subway,subway:motion_resolution_level2,subway:restir_level1,LEFT,subway:motion_resolution_level2,subway:restir_level1,10.7421,239.99
em,24,bistro_interior,bistro_interior:dlss_rr_level1,bistro_interior:motion_noise_level1,RIGHT,bistro_interior:motion_noise_level1,bistro_interior:dlss_rr_level1,6.9425,239.97
em,25,attic,attic:duration_flicker_level2,attic:dlss_rr_level1,LEFT,attic:duration_flicker_level2,attic:dlss_rr_level1,31.3539,239.97
em,26,bistro_exterior,bistro_exterior:restir_level0,bistro_exterior:reference,RIGHT,bistro_exterior:reference,bistro_exterior:restir_level0,21.9668,240.0
em,27,classroom,classroom:judder_level0,classroom:dlss_rr_level1,LEFT,classroom:judder_level0,classroom:dlss_rr_level1,8.2334,240.0
em,28,marbles,marbles:judder_level2,marbles:duration_flicker_level0,LEFT,marbles:judder_level2,marbles:duration_flicker_level0,68.5463,239.98
em,29,bistro_exterior,bistro_exterior:motion_noise_level1,bistro_exterior:noise_colors_level1,RIGHT,bistro_exterior:noise_colors_level1,bistro_exterior:motion_noise_level1,9.3011,239.97
em,30,bistro_interior,bistro_interior:dlss_rr_level1,bistro_interior:motion_resolution_level0,LEFT,bistro_interior:dlss_rr_level1,bistro_interior:motion_resolution_level0,7.2209,240.0
em,31,bistro_exterior,bistro_exterior:judder_level0,bistro_exterior:duration_flicker_level1,RIGHT,bistro_exterior:duration_flicker_level1,bistro_exterior:judder_level0,4.6375,240.01
em,32,landscape,landscape:motion_resolution_level0,landscape:dlss_rr_level2,LEFT,landscape:motion_resolution_level0,landscape:dlss_rr_level2,19.913,239.99
em,33,pink_room,pink_room:restir_level2,pink_room:dlss_rr_level0,RIGHT,pink_room:dlss_rr_level0,pink_room:restir_level2,5.7667,240.0
em,34,marbles,marbles:motion_noise_level2,marbles:noise_colors_level1,LEFT,marbles:motion_noise_level2,marbles:noise_colors_level1,7.2209,240.0
em,35,subway,subway:temporal-resolution-multiplexing_level1,subway:duration_flicker_level2,RIGHT,subway:duration_flicker_level2,subway:temporal-resolution-multiplexing_level1,10.6792,240.0
em,36,zeroday,zeroday:dlss_rr_level0,zeroday:restir_level0,LEFT,zeroday:dlss_rr_level0,zeroday:restir_level0,20.7961,240.0
em,37,bistro_interior,bistro_interior:restir_level1,bistro_interior:dlss_rr_level2,RIGHT,bistro_interior:dlss_rr_level2,bistro_interior:restir_level1,8.3259,239.97
em,38,classroom,classroom:dlss_rr_level2,classroom:motion_noise_level1,LEFT,classroom:dlss_rr_level2,classroom:motion_noise_level1,20.9443,239.97
em,39,subway,subway:reference,subway:judder_level1,LEFT,subway:reference,subway:judder_level1,47.4394,239.99
em,40,bistro_interior,bistro_interior:reference,bistro_interior:motion_noise_level0,LEFT,bistro_interior:reference,bistro_interior:motion_noise_level0,12.884,239.99
em,41,subway,subway:duration_flicker_level0,subway:stutter_level1,LEFT,subway:duration_flicker_level0,subway:stutter_level1,14.577,239.97
em,42,bistro_exterior,bistro_exterior:motion_noise_level0,bistro_exterior:noise_colors_level1,RIGHT,bistro_exterior:noise_colors_level1,bistro_exterior:motion_noise_level0,7.2167,240.0
em,43,attic,attic:reference,attic:temporal-resolution-multiplexing_level0,LEFT,attic:reference,attic:temporal-resolution-multiplexing_level0,22.1459,240.0
em,44,landscape,landscape:duration_flicker_level2,landscape:motion_resolution_level2,LEFT,landscape:duration_flicker_level2,landscape:motion_resolution_level2,15.05,240.0
em,45,subway,subway:stutter_level0,subway:reference,LEFT,subway:stutter_level0,subway:reference,19.8417,240.0
em,46,marbles,marbles:judder_level0,marbles:noise_colors_level0,RIGHT,marbles:noise_colors_level0,marbles:judder_level0,12.4834,240.0
em,47,classroom,classroom:reference,classroom:stutter_level0,RIGHT,classroom:stutter_level0,classroom:reference,24.8055,239.99
em,48,bistro_exterior,bistro_exterior:reference,bistro_exterior:temporal-resolution-multiplexing_level0,LEFT,bistro_exterior:reference,bistro_exterior:temporal-resolution-multiplexing_level0,37.8002,239.97
em,49,marbles,marbles:noise_colors_level0,marbles:stutter_level0,LEFT,marbles:noise_colors_level0,marbles:stutter_level0,48.6937,239.97
em,50,pink_room,pink_room:duration_flicker_level0,pink_room:dlss_rr_level2,LEFT,pink_room:duration_flicker_level0,pink_room:dlss_rr_level2,12.5349,239.97
em,51,bistro_interior,bistro_interior:noise_colors_level2,bistro_interior:restir_level1,LEFT,bistro_interior:noise_colors_level2,bistro_interior:restir_level1,7.2804,240.03
em,52,classroom,classroom:duration_flicker_level1,classroom:temporal-resolution-multiplexing_level1,LEFT,classroom:duration_flicker_level1,classroom:temporal-resolution-multiplexing_level1,28.7952,239.97
em,53,pink_room,pink_room:temporal-resolution-multiplexing_level1,pink_room:dlss_rr_level0,RIGHT,pink_room:dlss_rr_level0,pink_room:temporal-resolution-multiplexing_level1,9.9263,239.97
em,54,marbles,marbles:stutter_level2,marbles:judder_level2,RIGHT,marbles:judder_level2,marbles:stutter_level2,13.5769,239.97
em,55,pink_room,pink_room:duration_flicker_level2,pink_room:motion_resolution_level0,LEFT,pink_room:duration_flicker_level2,pink_room:motion_resolution_level0,28.4406,239.97
em,56,landscape,landscape:judder_level2,landscape:stutter_level2,LEFT,landscape:judder_level2,landscape:stutter_level2,17.5099,239.98
em,57,pink_room,pink_room:restir_level0,pink_room:motion_noise_level0,RIGHT,pink_room:motion_noise_level0,pink_room:restir_level0,8.6376,240.0
em,58,subway,subway:dlss_rr_level1,subway:motion_resolution_level1,LEFT,subway:dlss_rr_level1,subway:motion_resolution_level1,8.9335,240.0
em,59,classroom,classroom:duration_flicker_level1,classroom:motion_noise_level0,RIGHT,classroom:motion_noise_level0,classroom:duration_flicker_level1,14.3465,239.99
em,60,pink_room,pink_room:dlss_rr_level0,pink_room:motion_resolution_level0,RIGHT,pink_room:motion_resolution_level0,pink_room:dlss_rr_level0,18.0014,239.98
em,61,marbles,marbles:dlss_rr_level1,marbles:temporal-resolution-multiplexing_level0,RIGHT,marbles:temporal-resolution-multiplexing_level0,marbles:dlss_rr_level1,9.3543,240.0
em,62,pink_room,pink_room:motion_noise_level2,pink_room:judder_level1,RIGHT,pink_room:judder_level1,pink_room:motion_noise_level2,6.2792,240.0
em,63,landscape,landscape:dlss_rr_level0,landscape:temporal-resolution-multiplexing_level1,LEFT,landscape:dlss_rr_level0,landscape:temporal-resolution-multiplexing_level1,22.5088,240.0
em,64,zeroday,zeroday:motion_resolution_level0,zeroday:restir_level0,RIGHT,zeroday:restir_level0,zeroday:motion_resolution_level0,17.6761,239.98
em,65,bistro_interior,bistro_interior:duration_flicker_level2,bistro_interior:temporal-resolution-multiplexing_level1,LEFT,bistro_interior:duration_flicker_level2,bistro_interior:temporal-resolution-multiplexing_level1,14.2976,239.97
em,66,pink_room,pink_room:duration_flicker_level2,pink_room:motion_resolution_level2,LEFT,pink_room:duration_flicker_level2,pink_room:motion_resolution_level2,8.3169,239.99
em,67,subway,subway:duration_flicker_level1,subway:motion_noise_level0,RIGHT,subway:motion_noise_level0,subway:duration_flicker_level1,8.9917,240.0
em,68,zeroday,zeroday:dlss_rr_level1,zeroday:judder_level1,RIGHT,zeroday:judder_level1,zeroday:dlss_rr_level1,22.2716,239.99
em,69,bistro_exterior,bistro_exterior:dlss_rr_level0,bistro_exterior:noise_colors_level2,LEFT,bistro_exterior:dlss_rr_level0,bistro_exterior:noise_colors_level2,6.0375,240.0
em,70,landscape,landscape:noise_colors_level2,landscape:dlss_rr_level2,LEFT,landscape:noise_colors_level2,landscape:dlss_rr_level2,5.3126,240.01
em,71,subway,subway:temporal-resolution-multiplexing_level1,subway:dlss_rr_level2,RIGHT,subway:dlss_rr_level2,subway:temporal-resolution-multiplexing_level1,7.6924,239.98
em,72,marbles,marbles:restir_level2,marbles:motion_resolution_level2,RIGHT,marbles:motion_resolution_level2,marbles:restir_level2,10.2639,239.97
em,73,landscape,landscape:noise_colors_level1,landscape:restir_level0,RIGHT,landscape:restir_level0,landscape:noise_colors_level1,9.6264,239.97
em,74,attic,attic:temporal-resolution-multiplexing_level2,attic:noise_colors_level2,RIGHT,attic:noise_colors_level2,attic:temporal-resolution-multiplexing_level2,13.485,239.97
em,75,pink_room,pink_room:stutter_level1,pink_room:judder_level2,LEFT,pink_room:stutter_level1,pink_room:judder_level2,12.4625,240.0
em,76,attic,attic:stutter_level2,attic:noise_colors_level1,RIGHT,attic:noise_colors_level1,attic:stutter_level2,3.6418,239.99
em,77,pink_room,pink_room:temporal-resolution-multiplexing_level2,pink_room:dlss_rr_level2,RIGHT,pink_room:dlss_rr_level2,pink_room:temporal-resolution-multiplexing_level2,5.1375,240.0
em,78,subway,subway:noise_colors_level2,subway:temporal-resolution-multiplexing_level1,LEFT,subway:noise_colors_level2,subway:temporal-resolution-multiplexing_level1,15.0384,239.99
em,79,classroom,classroom:motion_resolution_level2,classroom:restir_level2,RIGHT,classroom:restir_level2,classroom:motion_resolution_level2,6.5592,239.97
em,80,pink_room,pink_room:stutter_level1,pink_room:noise_colors_level0,RIGHT,pink_room:noise_colors_level0,pink_room:stutter_level1,11.7917,240.0
em,81,attic,attic:motion_noise_level0,attic:duration_flicker_level1,LEFT,attic:motion_noise_level0,attic:duration_flicker_level1,35.0784,239.98
em,82,marbles,marbles:stutter_level2,marbles:stutter_level1,RIGHT,marbles:stutter_level1,marbles:stutter_level2,5.4959,240.0
em,83,pink_room,pink_room:duration_flicker_level1,pink_room:motion_resolution_level0,RIGHT,pink_room:motion_resolution_level0,pink_room:duration_flicker_level1,9.1375,240.0
em,84,marbles,marbles:stutter_level2,marbles:temporal-resolution-multiplexing_level2,LEFT,marbles:stutter_level2,marbles:temporal-resolution-multiplexing_level2,27.5209,240.0
em,85,classroom,classroom:restir_level0,classroom:motion_resolution_level0,LEFT,classroom:restir_level0,classroom:motion_resolution_level0,16.3178,239.98
em,86,subway,subway:judder_level0,subway:duration_flicker_level0,LEFT,subway:judder_level0,subway:duration_flicker_level0,15.4417,240.0
em,87,zeroday,zeroday:restir_level0,zeroday:stutter_level0,RIGHT,zeroday:stutter_level0,zeroday:restir_level0,11.9334,240.0
em,88,pink_room,pink_room:stutter_level1,pink_room:restir_level1,LEFT,pink_room:stutter_level1,pink_room:restir_level1,6.9589,239.98
em,89,pink_room,pink_room:noise_colors_level1,pink_room:stutter_level1,RIGHT,pink_room:stutter_level1,pink_room:noise_colors_level1,5.0125,240.0
em,90,landscape,landscape:motion_noise_level2,landscape:noise_colors_level1,LEFT,landscape:motion_noise_level2,landscape:noise_colors_level1,5.1126,240.0
em,91,bistro_exterior,bistro_exterior:judder_level1,bistro_exterior:motion_noise_level1,LEFT,bistro_exterior:judder_level1,bistro_exterior:motion_noise_level1,5.9925,239.97
em,92,zeroday,zeroday:judder_level2,zeroday:restir_level0,LEFT,zeroday:judder_level2,zeroday:restir_level0,37.6922,240.0
em,93,landscape,landscape:noise_colors_level1,landscape:noise_colors_level0,RIGHT,landscape:noise_colors_level0,landscape:noise_colors_level1,7.2584,240.0
em,94,attic,attic:dlss_rr_level2,attic:motion_resolution_level2,LEFT,attic:dlss_rr_level2,attic:motion_resolution_level2,22.739,239.98
em,95,marbles,marbles:restir_level1,marbles:motion_noise_level1,RIGHT,marbles:motion_noise_level1,marbles:restir_level1,8.5042,240.0
em,96,classroom,classroom:duration_flicker_level0,classroom:temporal-resolution-multiplexing_level1,RIGHT,classroom:temporal-resolution-multiplexing_level1,classroom:duration_flicker_level0,14.8478,239.97
em,97,pink_room,pink_room:noise_colors_level2,pink_room:dlss_rr_level0,RIGHT,pink_room:dlss_rr_level0,pink_room:noise_colors_level2,12.2806,239.97
em,98,marbles,marbles:duration_flicker_level1,marbles:stutter_level1,RIGHT,marbles:stutter_level1,marbles:duration_flicker_level1,6.6842,239.97
em,99,pink_room,pink_room:temporal-resolution-multiplexing_level0,pink_room:reference,RIGHT,pink_room:reference,pink_room:temporal-resolution-multiplexing_level0,25.9417,240.0
em,100,zeroday,zeroday:noise_colors_level2,zeroday:restir_level0,RIGHT,zeroday:restir_level0,zeroday:noise_colors_level2,17.1772,239.97
em,101,subway,subway:restir_level1,subway:restir_level2,LEFT,subway:restir_level1,subway:restir_level2,8.625,240.0
em,102,subway,subway:stutter_level1,subway:reference,LEFT,subway:stutter_level1,subway:reference,10.45,240.0
em,103,bistro_exterior,bistro_exterior:motion_resolution_level1,bistro_exterior:dlss_rr_level2,RIGHT,bistro_exterior:dlss_rr_level2,bistro_exterior:motion_resolution_level1,7.9217,239.97
em,104,classroom,classroom:judder_level1,classroom:reference,RIGHT,classroom:reference,classroom:judder_level1,7.1917,240.0
em,105,bistro_interior,bistro_interior:stutter_level0,bistro_interior:motion_noise_level0,RIGHT,bistro_interior:motion_noise_level0,bistro_interior:stutter_level0,8.6344,239.97
em,106,zeroday,zeroday:noise_colors_level1,zeroday:restir_level0,RIGHT,zeroday:restir_level0,zeroday:noise_colors_level1,12.0917,240.0
em,107,landscape,landscape:stutter_level0,landscape:duration_flicker_level0,LEFT,landscape:stutter_level0,landscape:duration_flicker_level0,7.8417,240.0
em,108,classroom,classroom:noise_colors_level1,classroom:restir_level1,LEFT,classroom:noise_colors_level1,classroom:restir_level1,7.15,240.0
em,109,pink_room,pink_room:judder_level2,pink_room:duration_flicker_level0,LEFT,pink_room:judder_level2,pink_room:duration_flicker_level0,13.75,240.0
em,110,marbles,marbles:noise_colors_level0,marbles:dlss_rr_level1,LEFT,marbles:noise_colors_level0,marbles:dlss_rr_level1,12.1,240.0
em,111,bistro_exterior,bistro_exterior:motion_resolution_level2,bistro_exterior:motion_resolution_level0,RIGHT,bistro_exterior:motion_resolution_level0,bistro_exterior:motion_resolution_level2,4.5542,240.0
em,112,pink_room,pink_room:reference,pink_room:motion_noise_level0,LEFT,pink_room:reference,pink_room:motion_noise_level0,11.6876,240.0
em,113,pink_room,pink_room:stutter_level1,pink_room:judder_level0,LEFT,pink_room:stutter_level1,pink_room:judder_level0,3.6375,240.0
em,114,subway,subway:judder_level2,subway:temporal-resolution-multiplexing_level1,LEFT,subway:judder_level2,subway:temporal-resolution-multiplexing_level1,2.7584,240.01
em,115,pink_room,pink_room:dlss_rr_level1,pink_room:stutter_level2,RIGHT,pink_room:stutter_level2,pink_room:dlss_rr_level1,6.5959,240.0
em,116,zeroday,zeroday:duration_flicker_level2,zeroday:temporal-resolution-multiplexing_level2,LEFT,zeroday:duration_flicker_level2,zeroday:temporal-resolution-multiplexing_level2,9.025,240.0
em,117,zeroday,zeroday:restir_level2,zeroday:motion_resolution_level2,LEFT,zeroday:restir_level2,zeroday:motion_resolution_level2,25.915,239.98
em,118,classroom,classroom:noise_colors_level0,classroom:stutter_level0,RIGHT,classroom:stutter_level0,classroom:noise_colors_level0,12.1303,239.98
em,119,attic,attic:duration_flicker_level1,attic:duration_flicker_level0,RIGHT,attic:duration_flicker_level0,attic:duration_flicker_level1,15.8187,239.97
em,120,pink_room,pink_room:restir_level0,pink_room:stutter_level1,RIGHT,pink_room:stutter_level1,pink_room:restir_level0,4.4126,240.0
em,121,zeroday,zeroday:stutter_level2,zeroday:duration_flicker_level2,LEFT,zeroday:stutter_level2,zeroday:duration_flicker_level2,31.9292,240.0
em,122,attic,attic:duration_flicker_level2,attic:dlss_rr_level0,RIGHT,attic:dlss_rr_level0,attic:duration_flicker_level2,6.3792,240.0
em,123,pink_room,pink_room:motion_resolution_level2,pink_room:motion_resolution_level1,RIGHT,pink_room:motion_resolution_level1,pink_room:motion_resolution_level2,8.0547,239.99
em,124,pink_room,pink_room:restir_level0,pink_room:motion_noise_level1,RIGHT,pink_room:motion_noise_level1,pink_room:restir_level0,3.85,240.0
em,125,landscape,landscape:motion_noise_level0,landscape:restir_level2,LEFT,landscape:motion_noise_level0,landscape:restir_level2,16.925,240.0
em,126,subway,subway:motion_resolution_level2,subway:temporal-resolution-multiplexing_level1,LEFT,subway:motion_resolution_level2,subway:temporal-resolution-multiplexing_level1,28.2306,239.99
em,127,attic,attic:stutter_level2,attic:motion_noise_level2,LEFT,attic:stutter_level2,attic:motion_noise_level2,27.7614,239.97
em,128,bistro_interior,bistro_interior:restir_level0,bistro_interior:dlss_rr_level1,RIGHT,bistro_interior:dlss_rr_level1,bistro_interior:restir_level0,10.0924,239.98
em,129,bistro_exterior,bistro_exterior:motion_noise_level2,bistro_exterior:stutter_level2,RIGHT,bistro_exterior:stutter_level2,bistro_exterior:motion_noise_level2,18.3981,239.97
em,130,subway,subway:dlss_rr_level0,subway:duration_flicker_level1,LEFT,subway:dlss_rr_level0,subway:duration_flicker_level1,9.7885,239.98
em,131,bistro_interior,bistro_interior:restir_level2,bistro_interior:stutter_level2,RIGHT,bistro_interior:stutter_level2,bistro_interior:restir_level2,5.4004,239.99
em,132,classroom,classroom:motion_noise_level1,classroom:restir_level1,RIGHT,classroom:restir_level1,classroom:motion_noise_level1,39.9415,239.98
em,133,attic,attic:duration_flicker_level1,attic:judder_level2,RIGHT,attic:judder_level2,attic:duration_flicker_level1,25.968,239.99
em,134,pink_room,pink_room:dlss_rr_level0,pink_room:dlss_rr_level2,LEFT,pink_room:dlss_rr_level0,pink_room:dlss_rr_level2,32.0414,239.97
em,135,landscape,landscape:judder_level0,landscape:duration_flicker_level0,LEFT,landscape:judder_level0,landscape:duration_flicker_level0,10.4004,239.99
em,136,subway,subway:temporal-resolution-multiplexing_level1,subway:dlss_rr_level0,RIGHT,subway:dlss_rr_level0,subway:temporal-resolution-multiplexing_level1,8.2125,240.0
em,137,bistro_interior,bistro_interior:stutter_level2,bistro_interior:dlss_rr_level1,RIGHT,bistro_interior:dlss_rr_level1,bistro_interior:stutter_level2,24.8281,239.97
em,138,marbles,marbles:motion_resolution_level0,marbles:stutter_level1,RIGHT,marbles:stutter_level1,marbles:motion_resolution_level0,8.9511,239.97
em,139,bistro_interior,bistro_interior:motion_noise_level0,bistro_interior:judder_level1,LEFT,bistro_interior:motion_noise_level0,bistro_interior:judder_level1,12.2141,239.97
em,140,landscape,landscape:noise_colors_level1,landscape:reference,RIGHT,landscape:reference,landscape:noise_colors_level1,6.9086,239.99
em,141,bistro_exterior,bistro_exterior:restir_level2,bistro_exterior:dlss_rr_level0,RIGHT,bistro_exterior:dlss_rr_level0,bistro_exterior:restir_level2,7.0134,239.97
em,142,subway,subway:noise_colors_level1,subway:dlss_rr_level1,LEFT,subway:noise_colors_level1,subway:dlss_rr_level1,8.7842,239.98
em,143,attic,attic:noise_colors_level1,attic:noise_colors_level0,LEFT,attic:noise_colors_level1,attic:noise_colors_level0,27.7452,239.97
em,144,landscape,landscape:stutter_level1,landscape:noise_colors_level1,LEFT,landscape:stutter_level1,landscape:noise_colors_level1,9.8,240.0
em,145,marbles,marbles:noise_colors_level1,marbles:temporal-resolution-multiplexing_level2,LEFT,marbles:noise_colors_level1,marbles:temporal-resolution-multiplexing_level2,6.5792,240.0
em3,1,marbles,marbles:judder_level2,marbles:duration_flicker_level2,LEFT,marbles:judder_level2,marbles:duration_flicker_level2,74.9303,239.98
em3,2,classroom,classroom:duration_flicker_level0,classroom:judder_level2,RIGHT,classroom:judder_level2,classroom:duration_flicker_level0,4.4379,239.98
em3,3,attic,attic:stutter_level0,attic:motion_noise_level0,LEFT,attic:stutter_level0,attic:motion_noise_level0,46.1597,239.97
em3,4,subway,subway:motion_noise_level0,subway:judder_level1,RIGHT,subway:judder_level1,subway:motion_noise_level0,9.6461,240.0
em3,5,bistro_interior,bistro_interior:motion_noise_level1,bistro_interior:dlss_rr_level0,LEFT,bistro_interior:motion_noise_level1,bistro_interior:dlss_rr_level0,5.3459,240.0
em3,6,bistro_interior,bistro_interior:judder_level0,bistro_interior:motion_noise_level1,LEFT,bistro_interior:judder_level0,bistro_interior:motion_noise_level1,8.4418,240.0
em3,7,bistro_exterior,bistro_exterior:motion_noise_level2,bistro_exterior:stutter_level2,RIGHT,bistro_exterior:stutter_level2,bistro_exterior:motion_noise_level2,13.9933,239.97
em3,8,bistro_exterior,bistro_exterior:restir_level2,bistro_exterior:restir_level1,RIGHT,bistro_exterior:restir_level1,bistro_exterior:restir_level2,12.3433,239.97
em3,9,bistro_interior,bistro_interior:motion_noise_level0,bistro_interior:stutter_level1,LEFT,bistro_interior:motion_noise_level0,bistro_interior:stutter_level1,7.125,240.01
em3,10,attic,attic:dlss_rr_level2,attic:motion_resolution_level2,LEFT,attic:dlss_rr_level2,attic:motion_resolution_level2,6.8507,239.98
em3,11,bistro_interior,bistro_interior:noise_colors_level2,bistro_interior:noise_colors_level1,RIGHT,bistro_interior:noise_colors_level1,bistro_interior:noise_colors_level2,15.4376,240.0
em3,12,zeroday,zeroday:reference,zeroday:judder_level1,LEFT,zeroday:reference,zeroday:judder_level1,42.6135,239.97
em3,13,bistro_interior,bistro_interior:motion_resolution_level0,bistro_interior:motion_resolution_level1,LEFT,bistro_interior:motion_resolution_level0,bistro_interior:motion_resolution_level1,5.8174,239.97
em3,14,pink_room,pink_room:noise_colors_level2,pink_room:motion_resolution_level0,LEFT,pink_room:noise_colors_level2,pink_room:motion_resolution_level0,7.6459,240.0
em3,15,pink_room,pink_room:noise_colors_level0,pink_room:judder_level0,LEFT,pink_room:noise_colors_level0,pink_room:judder_level0,17.0504,240.0
em3,16,bistro_interior,bistro_interior:noise_colors_level1,bistro_interior:noise_colors_level0,RIGHT,bistro_interior:noise_colors_level0,bistro_interior:noise_colors_level1,5.7584,240.0
em3,17,bistro_interior,bistro_interior:noise_colors_level1,bistro_interior:stutter_level0,RIGHT,bistro_interior:stutter_level0,bistro_interior:noise_colors_level1,4.7834,240.01
em3,18,subway,subway:dlss_rr_level2,subway:motion_resolution_level2,RIGHT,subway:motion_resolution_level2,subway:dlss_rr_level2,42.3138,239.99
em3,19,pink_room,pink_room:duration_flicker_level1,pink_room:temporal-resolution-multiplexing_level2,LEFT,pink_room:duration_flicker_level1,pink_room:temporal-resolution-multiplexing_level2,21.1346,239.99
em3,20,landscape,landscape:dlss_rr_level0,landscape:judder_level2,LEFT,landscape:dlss_rr_level0,landscape:judder_level2,21.6678,239.99
em3,21,marbles,marbles:reference,marbles:judder_level1,LEFT,marbles:reference,marbles:judder_level1,24.4042,240.0
em3,22,landscape,landscape:judder_level2,landscape:stutter_level0,LEFT,landscape:judder_level2,landscape:stutter_level0,7.8334,240.0
em3,23,marbles,marbles:temporal-resolution-multiplexing_level1,marbles:dlss_rr_level0,RIGHT,marbles:dlss_rr_level0,marbles:temporal-resolution-multiplexing_level1,31.3057,239.99
em3,24,zeroday,zeroday:motion_resolution_level2,zeroday:temporal-resolution-multiplexing_level2,RIGHT,zeroday:temporal-resolution-multiplexing_level2,zeroday:motion_resolution_level2,39.4208,239.97
em3,25,marbles,marbles:motion_noise_level0,marbles:noise_colors_level0,RIGHT,marbles:noise_colors_level0,marbles:motion_noise_level0,34.0481,239.98
em3,26,bistro_interior,bistro_interior:noise_colors_level2,bistro_interior:temporal-resolution-multiplexing_level2,RIGHT,bistro_interior:temporal-resolution-multiplexing_level2,bistro_interior:noise_colors_level2,4.0834,240.01
em3,27,classroom,classroom:motion_noise_level2,classroom:noise_colors_level2,LEFT,classroom:motion_noise_level2,classroom:noise_colors_level2,14.6477,239.97
em3,28,classroom,classroom:dlss_rr_level0,classroom:duration_flicker_level0,LEFT,classroom:dlss_rr_level0,classroom:duration_flicker_level0,11.7932,239.97
em3,29,marbles,marbles:dlss_rr_level0,marbles:duration_flicker_level0,LEFT,marbles:dlss_rr_level0,marbles:duration_flicker_level0,6.9217,239.97
em3,30,marbles,marbles:judder_level2,marbles:temporal-resolution-multiplexing_level2,LEFT,marbles:judder_level2,marbles:temporal-resolution-multiplexing_level2,21.3568,239.97
em3,31,landscape,landscape:stutter_level1,landscape:restir_level1,RIGHT,landscape:restir_level1,landscape:stutter_level1,39.7633,239.97
em3,32,attic,attic:restir_level1,attic:duration_flicker_level1,RIGHT,attic:duration_flicker_level1,attic:restir_level1,11.3557,239.97
em3,33,classroom,classroom:duration_flicker_level0,classroom:motion_noise_level0,RIGHT,classroom:motion_noise_level0,classroom:duration_flicker_level0,9.022,239.97
em3,34,landscape,landscape:temporal-resolution-multiplexing_level1,landscape:judder_level2,LEFT,landscape:temporal-resolution-multiplexing_level1,landscape:judder_level2,15.7427,239.99
em3,35,zeroday,zeroday:stutter_level1,zeroday:motion_noise_level0,RIGHT,zeroday:motion_noise_level0,zeroday:stutter_level1,34.8502,240.0
em3,36,classroom,classroom:duration_flicker_level0,classroom:dlss_rr_level2,RIGHT,classroom:dlss_rr_level2,classroom:duration_flicker_level0,7.4584,240.0
em3,37,attic,attic:motion_resolution_level1,attic:motion_noise_level2,RIGHT,attic:motion_noise_level2,attic:motion_resolution_level1,5.6376,240.01
em3,38,pink_room,pink_room:judder_level2,pink_room:duration_flicker_level2,LEFT,pink_room:judder_level2,pink_room:duration_flicker_level2,22.0813,239.98
em3,39,marbles,marbles:judder_level1,marbles:restir_level1,LEFT,marbles:judder_level1,marbles:restir_level1,12.2008,239.99
em3,40,marbles,marbles:duration_flicker_level1,marbles:temporal-resolution-multiplexing_level2,LEFT,marbles:duration_flicker_level1,marbles:temporal-resolution-multiplexing_level2,27.6075,239.97
em3,41,pink_room,pink_room:duration_flicker_level1,pink_room:temporal-resolution-multiplexing_level1,RIGHT,pink_room:temporal-resolution-multiplexing_level1,pink_room:duration_flicker_level1,22.9773,239.98
em3,42,marbles,marbles:temporal-resolution-multiplexing_level2,marbles:restir_level2,LEFT,marbles:temporal-resolution-multiplexing_level2,marbles:restir_level2,5.0585,240.0
em3,43,attic,attic:dlss_rr_level2,attic:duration_flicker_level2,RIGHT,attic:duration_flicker_level2,attic:dlss_rr_level2,6.8636,239.97
em3,44,marbles,marbles:motion_noise_level1,marbles:motion_noise_level2,LEFT,marbles:motion_noise_level1,marbles:motion_noise_level2,19.3769,239.98
em3,45,bistro_exterior,bistro_exterior:noise_colors_level1,bistro_exterior:noise_colors_level0,RIGHT,bistro_exterior:noise_colors_level0,bistro_exterior:noise_colors_level1,20.465,239.97
em3,46,classroom,classroom:judder_level0,classroom:reference,RIGHT,classroom:reference,classroom:judder_level0,10.6125,240.0
em3,47,subway,subway:dlss_rr_level2,subway:temporal-resolution-multiplexing_level1,LEFT,subway:dlss_rr_level2,subway:temporal-resolution-multiplexing_level1,6.5834,240.0
em3,48,zeroday,zeroday:dlss_rr_level2,zeroday:stutter_level2,RIGHT,zeroday:stutter_level2,zeroday:dlss_rr_level2,11.3584,240.0
em3,49,bistro_interior,bistro_interior:judder_level1,bistro_interior:temporal-resolution-multiplexing_level0,RIGHT,bistro_interior:temporal-resolution-multiplexing_level0,bistro_interior:judder_level1,43.4888,239.97
em3,50,marbles,marbles:restir_level0,marbles:dlss_rr_level1,RIGHT,marbles:dlss_rr_level1,marbles:restir_level0,13.2639,239.98
em3,51,pink_room,pink_room:stutter_level1,pink_room:motion_noise_level0,LEFT,pink_room:stutter_level1,pink_room:motion_noise_level0,35.8548,239.98
em3,52,subway,subway:duration_flicker_level0,subway:temporal-resolution-multiplexing_level0,RIGHT,subway:temporal-resolution-multiplexing_level0,subway:duration_flicker_level0,7.8001,240.0
em3,53,attic,attic:duration_flicker_level1,attic:restir_level2,LEFT,attic:duration_flicker_level1,attic:restir_level2,4.4376,240.01
em3,54,subway,subway:judder_level1,subway:noise_colors_level1,LEFT,subway:judder_level1,subway:noise_colors_level1,11.8792,240.0
em3,55,zeroday,zeroday:motion_noise_level1,zeroday:dlss_rr_level0,LEFT,zeroday:motion_noise_level1,zeroday:dlss_rr_level0,12.1335,240.0
em3,56,attic,attic:duration_flicker_level1,attic:motion_resolution_level1,LEFT,attic:duration_flicker_level1,attic:motion_resolution_level1,11.6308,239.97
em3,57,bistro_exterior,bistro_exterior:temporal-resolution-multiplexing_level0,bistro_exterior:restir_level0,LEFT,bistro_exterior:temporal-resolution-multiplexing_level0,bistro_exterior:restir_level0,14.1933,239.97
em3,58,bistro_exterior,bistro_exterior:restir_level1,bistro_exterior:motion_noise_level0,RIGHT,bistro_exterior:motion_noise_level0,bistro_exterior:restir_level1,20.1777,239.97
em3,59,marbles,marbles:stutter_level1,marbles:temporal-resolution-multiplexing_level1,LEFT,marbles:stutter_level1,marbles:temporal-resolution-multiplexing_level1,17.7645,239.97
em3,60,pink_room,pink_room:motion_resolution_level2,pink_room:motion_resolution_level1,RIGHT,pink_room:motion_resolution_level1,pink_room:motion_resolution_level2,8.13,239.98
em3,61,landscape,landscape:reference,landscape:motion_noise_level2,RIGHT,landscape:motion_noise_level2,landscape:reference,25.6042,240.0
em3,62,zeroday,zeroday:motion_resolution_level0,zeroday:stutter_level2,RIGHT,zeroday:stutter_level2,zeroday:motion_resolution_level0,20.4834,240.0
em3,63,landscape,landscape:noise_colors_level0,landscape:motion_noise_level0,RIGHT,landscape:motion_noise_level0,landscape:noise_colors_level0,17.8792,240.0
em3,64,bistro_exterior,bistro_exterior:motion_noise_level1,bistro_exterior:stutter_level0,RIGHT,bistro_exterior:stutter_level0,bistro_exterior:motion_noise_level1,15.8644,239.97
em3,65,zeroday,zeroday:noise_colors_level1,zeroday:stutter_level2,RIGHT,zeroday:stutter_level2,zeroday:noise_colors_level1,16.9709,240.0
em3,66,attic,attic:judder_level2,attic:noise_colors_level0,RIGHT,attic:noise_colors_level0,attic:judder_level2,8.0257,239.98
em3,67,pink_room,pink_room:dlss_rr_level0,pink_room:restir_level1,RIGHT,pink_room:restir_level1,pink_room:dlss_rr_level0,17.2304,239.98
em3,68,marbles,marbles:dlss_rr_level1,marbles:motion_noise_level0,RIGHT,marbles:motion_noise_level0,marbles:dlss_rr_level1,14.7977,239.97
em3,69,zeroday,zeroday:dlss_rr_level0,zeroday:judder_level2,RIGHT,zeroday:judder_level2,zeroday:dlss_rr_level0,18.4084,240.0
em3,70,bistro_interior,bistro_interior:noise_colors_level2,bistro_interior:stutter_level2,LEFT,bistro_interior:noise_colors_level2,bistro_interior:stutter_level2,19.9525,239.97
em3,71,bistro_exterior,bistro_exterior:duration_flicker_level0,bistro_exterior:dlss_rr_level0,RIGHT,bistro_exterior:dlss_rr_level0,bistro_exterior:duration_flicker_level0,37.8382,239.97
em3,72,classroom,classroom:dlss_rr_level1,classroom:motion_noise_level1,LEFT,classroom:dlss_rr_level1,classroom:motion_noise_level1,7.6385,239.97
em3,73,marbles,marbles:motion_noise_level2,marbles:stutter_level0,RIGHT,marbles:stutter_level0,marbles:motion_noise_level2,10.9724,239.97
em3,74,pink_room,pink_room:motion_noise_level2,pink_room:judder_level0,RIGHT,pink_room:judder_level0,pink_room:motion_noise_level2,22.7209,240.0
em3,75,pink_room,pink_room:judder_level1,pink_room:restir_level0,LEFT,pink_room:judder_level1,pink_room:restir_level0,6.6375,240.0
em3,76,marbles,marbles:judder_level0,marbles:dlss_rr_level1,RIGHT,marbles:dlss_rr_level1,marbles:judder_level0,35.0878,239.97
em3,77,attic,attic:motion_noise_level0,attic:temporal-resolution-multiplexing_level0,LEFT,attic:motion_noise_level0,attic:temporal-resolution-multiplexing_level0,24.7532,239.97
em3,78,bistro_exterior,bistro_exterior:dlss_rr_level2,bistro_exterior:restir_level2,LEFT,bistro_exterior:dlss_rr_level2,bistro_exterior:restir_level2,12.8682,239.97
em3,79,classroom,classroom:duration_flicker_level2,classroom:duration_flicker_level1,RIGHT,classroom:duration_flicker_level1,classroom:duration_flicker_level2,13.5351,239.97
em3,80,bistro_exterior,bistro_exterior:duration_flicker_level0,bistro_exterior:motion_noise_level2,LEFT,bistro_exterior:duration_flicker_level0,bistro_exterior:motion_noise_level2,9.5261,239.97
em3,81,attic,attic:motion_resolution_level2,attic:noise_colors_level2,RIGHT,attic:noise_colors_level2,attic:motion_resolution_level2,6.5209,240.0
em3,82,landscape,landscape:stutter_level2,landscape:dlss_rr_level1,RIGHT,landscape:dlss_rr_level1,landscape:stutter_level2,19.875,240.0
em3,83,bistro_exterior,bistro_exterior:reference,bistro_exterior:noise_colors_level1,LEFT,bistro_exterior:reference,bistro_exterior:noise_colors_level1,7.8125,240.0
em3,84,pink_room,pink_room:noise_colors_level1,pink_room:restir_level1,LEFT,pink_room:noise_colors_level1,pink_room:restir_level1,6.6672,239.98
em3,85,marbles,marbles:temporal-resolution-multiplexing_level0,marbles:motion_noise_level2,LEFT,marbles:temporal-resolution-multiplexing_level0,marbles:motion_noise_level2,25.4656,239.97
em3,86,bistro_interior,bistro_interior:motion_noise_level2,bistro_interior:duration_flicker_level0,RIGHT,bistro_interior:duration_flicker_level0,bistro_interior:motion_noise_level2,30.3872,239.97
em3,87,pink_room,pink_room:motion_noise_level0,pink_room:motion_noise_level2,LEFT,pink_room:motion_noise_level0,pink_room:motion_noise_level2,6.1292,240.0
em3,88,bistro_exterior,bistro_exterior:dlss_rr_level1,bistro_exterior:duration_flicker_level0,RIGHT,bistro_exterior:duration_flicker_level0,bistro_exterior:dlss_rr_level1,17.0757,239.99
em3,89,classroom,classroom:judder_level0,classroom:stutter_level0,RIGHT,classroom:stutter_level0,classroom:judder_level0,16.2438,239.97
em3,90,zeroday,zeroday:duration_flicker_level2,zeroday:duration_flicker_level1,RIGHT,zeroday:duration_flicker_level1,zeroday:duration_flicker_level2,25.7,240.0
em3,91,classroom,classroom:stutter_level1,classroom:judder_level0,LEFT,classroom:stutter_level1,classroom:judder_level0,14.1806,239.98
em3,92,attic,attic:judder_level2,attic:stutter_level1,RIGHT,attic:stutter_level1,attic:judder_level2,48.7511,239.97
em3,93,attic,attic:temporal-resolution-multiplexing_level1,attic:duration_flicker_level2,RIGHT,attic:duration_flicker_level2,attic:temporal-resolution-multiplexing_level1,11.8,240.0
em3,94,bistro_exterior,bistro_exterior:noise_colors_level2,bistro_exterior:duration_flicker_level0,RIGHT,bistro_exterior:duration_flicker_level0,bistro_exterior:noise_colors_level2,18.9275,239.97
em3,95,bistro_interior,bistro_interior:restir_level1,bistro_interior:dlss_rr_level0,RIGHT,bistro_interior:dlss_rr_level0,bistro_interior:restir_level1,5.6384,239.96
em3,96,bistro_exterior,bistro_exterior:motion_resolution_level0,bistro_exterior:stutter_level2,RIGHT,bistro_exterior:stutter_level2,bistro_exterior:motion_resolution_level0,14.0387,239.98
em3,97,classroom,classroom:stutter_level1,classroom:dlss_rr_level1,LEFT,classroom:stutter_level1,classroom:dlss_rr_level1,5.7344,239.97
em3,98,marbles,marbles:restir_level2,marbles:noise_colors_level2,RIGHT,marbles:noise_colors_level2,marbles:restir_level2,10.7805,239.97
em3,99,bistro_exterior,bistro_exterior:duration_flicker_level0,bistro_exterior:duration_flicker_level1,LEFT,bistro_exterior:duration_flicker_level0,bistro_exterior:duration_flicker_level1,13.2643,239.97
em3,100,bistro_interior,bistro_interior:duration_flicker_level1,bistro_interior:motion_noise_level2,LEFT,bistro_interior:duration_flicker_level1,bistro_interior:motion_noise_level2,7.5084,240.0
em3,101,bistro_interior,bistro_interior:noise_colors_level2,bistro_interior:dlss_rr_level1,LEFT,bistro_interior:noise_colors_level2,bistro_interior:dlss_rr_level1,18.7898,239.97
em3,102,pink_room,pink_room:temporal-resolution-multiplexing_level0,pink_room:judder_level1,LEFT,pink_room:temporal-resolution-multiplexing_level0,pink_room:judder_level1,35.5087,240.0
em3,103,marbles,marbles:temporal-resolution-multiplexing_level2,marbles:duration_flicker_level0,RIGHT,marbles:duration_flicker_level0,marbles:temporal-resolution-multiplexing_level2,11.0209,240.0
em3,104,landscape,landscape:motion_resolution_level1,landscape:duration_flicker_level2,LEFT,landscape:motion_resolution_level1,landscape:duration_flicker_level2,21.43,239.99
em3,105,classroom,classroom:noise_colors_level0,classroom:judder_level1,LEFT,classroom:noise_colors_level0,classroom:judder_level1,26.5056,239.99
em3,106,subway,subway:motion_resolution_level1,subway:dlss_rr_level2,LEFT,subway:motion_resolution_level1,subway:dlss_rr_level2,20.3848,239.98
em3,107,bistro_exterior,bistro_exterior:dlss_rr_level2,bistro_exterior:motion_resolution_level1,LEFT,bistro_exterior:dlss_rr_level2,bistro_exterior:motion_resolution_level1,5.4292,240.0
em3,108,landscape,landscape:noise_colors_level0,landscape:motion_noise_level2,LEFT,landscape:noise_colors_level0,landscape:motion_noise_level2,36.0463,240.0
em3,109,landscape,landscape:temporal-resolution-multiplexing_level1,landscape:temporal-resolution-multiplexing_level2,RIGHT,landscape:temporal-resolution-multiplexing_level2,landscape:temporal-resolution-multiplexing_level1,12.4667,240.0
em3,110,subway,subway:motion_noise_level1,subway:motion_resolution_level1,LEFT,subway:motion_noise_level1,subway:motion_resolution_level1,32.0981,239.98
em3,111,landscape,landscape:duration_flicker_level1,landscape:motion_resolution_level1,LEFT,landscape:duration_flicker_level1,landscape:motion_resolution_level1,25.0729,239.98
em3,112,classroom,classroom:temporal-resolution-multiplexing_level1,classroom:temporal-resolution-multiplexing_level2,LEFT,classroom:temporal-resolution-multiplexing_level1,classroom:temporal-resolution-multiplexing_level2,5.3421,239.98
em3,113,subway,subway:stutter_level0,subway:judder_level1,RIGHT,subway:judder_level1,subway:stutter_level0,18.1084,240.0
em3,114,subway,subway:temporal-resolution-multiplexing_level1,subway:restir_level1,LEFT,subway:temporal-resolution-multiplexing_level1,subway:restir_level1,12.3466,239.99
em3,115,pink_room,pink_room:duration_flicker_level2,pink_room:stutter_level2,RIGHT,pink_room:stutter_level2,pink_room:duration_flicker_level2,40.301,239.99
em3,116,attic,attic:restir_level0,attic:judder_level1,RIGHT,attic:judder_level1,attic:restir_level0,7.575,240.0
em3,117,attic,attic:restir_level2,attic:duration_flicker_level2,RIGHT,attic:duration_flicker_level2,attic:restir_level2,3.075,240.01
em3,118,marbles,marbles:motion_resolution_level0,marbles:noise_colors_level1,LEFT,marbles:motion_resolution_level0,marbles:noise_colors_level1,10.0834,240.0
em3,119,zeroday,zeroday:motion_resolution_level1,zeroday:motion_resolution_level2,LEFT,zeroday:motion_resolution_level1,zeroday:motion_resolution_level2,8.2459,240.0
em3,120,subway,subway:dlss_rr_level0,subway:motion_resolution_level1,LEFT,subway:dlss_rr_level0,subway:motion_resolution_level1,11.3844,239.98
em3,121,bistro_exterior,bistro_exterior:motion_resolution_level2,bistro_exterior:temporal-resolution-multiplexing_level2,RIGHT,bistro_exterior:temporal-resolution-multiplexing_level2,bistro_exterior:motion_resolution_level2,17.2857,239.97
em3,122,bistro_exterior,bistro_exterior:stutter_level0,bistro_exterior:noise_colors_level1,LEFT,bistro_exterior:stutter_level0,bistro_exterior:noise_colors_level1,7.3886,239.97
em3,123,marbles,marbles:restir_level1,marbles:dlss_rr_level1,RIGHT,marbles:dlss_rr_level1,marbles:restir_level1,5.7004,239.99
em3,124,bistro_interior,bistro_interior:motion_noise_level1,bistro_interior:temporal-resolution-multiplexing_level2,RIGHT,bistro_interior:temporal-resolution-multiplexing_level2,bistro_interior:motion_noise_level1,5.3382,239.97
em3,125,landscape,landscape:temporal-resolution-multiplexing_level1,landscape:noise_colors_level2,LEFT,landscape:temporal-resolution-multiplexing_level1,landscape:noise_colors_level2,31.6372,239.97
em3,126,subway,subway:motion_noise_level2,subway:duration_flicker_level2,RIGHT,subway:duration_flicker_level2,subway:motion_noise_level2,10.0337,239.99
em3,127,bistro_exterior,bistro_exterior:dlss_rr_level2,bistro_exterior:duration_flicker_level2,RIGHT,bistro_exterior:duration_flicker_level2,bistro_exterior:dlss_rr_level2,13.2209,240.0
em3,128,classroom,classroom:noise_colors_level2,classroom:restir_level2,LEFT,classroom:noise_colors_level2,classroom:restir_level2,11.0084,240.0
em3,129,bistro_exterior,bistro_exterior:dlss_rr_level2,bistro_exterior:motion_resolution_level2,LEFT,bistro_exterior:dlss_rr_level2,bistro_exterior:motion_resolution_level2,15.1095,239.98
em3,130,classroom,classroom:restir_level1,classroom:motion_noise_level2,LEFT,classroom:restir_level1,classroom:motion_noise_level2,4.4875,240.01
em3,131,bistro_exterior,bistro_exterior:judder_level1,bistro_exterior:noise_colors_level0,RIGHT,bistro_exterior:noise_colors_level0,bistro_exterior:judder_level1,27.4792,240.0
em3,132,pink_room,pink_room:restir_level1,pink_room:noise_colors_level2,LEFT,pink_room:restir_level1,pink_room:noise_colors_level2,19.4667,240.0
em3,133,landscape,landscape:stutter_level1,landscape:temporal-resolution-multiplexing_level1,LEFT,landscape:stutter_level1,landscape:temporal-resolution-multiplexing_level1,9.9084,240.0
em3,134,marbles,marbles:stutter_level2,marbles:stutter_level1,RIGHT,marbles:stutter_level1,marbles:stutter_level2,28.3803,239.99
em3,135,marbles,marbles:dlss_rr_level1,marbles:stutter_level1,RIGHT,marbles:stutter_level1,marbles:dlss_rr_level1,10.9334,240.0
em3,136,zeroday,zeroday:dlss_rr_level0,zeroday:duration_flicker_level0,RIGHT,zeroday:duration_flicker_level0,zeroday:dlss_rr_level0,14.5138,239.98
em3,137,subway,subway:noise_colors_level0,subway:motion_noise_level0,LEFT,subway:noise_colors_level0,subway:motion_noise_level0,7.4838,239.99
em3,138,subway,subway:duration_flicker_level0,subway:dlss_rr_level0,RIGHT,subway:dlss_rr_level0,subway:duration_flicker_level0,12.7292,240.0
em3,139,pink_room,pink_room:duration_flicker_level2,pink_room:temporal-resolution-multiplexing_level1,RIGHT,pink_room:temporal-resolution-multiplexing_level1,pink_room:duration_flicker_level2,9.2167,240.0
em3,140,pink_room,pink_room:motion_noise_level1,pink_room:judder_level0,RIGHT,pink_room:judder_level0,pink_room:motion_noise_level1,9.005,239.98
j3,1,zeroday,zeroday:motion_noise_level0,zeroday:judder_level1,LEFT,zeroday:motion_noise_level0,zeroday:judder_level1,5.3676,240.07
j3,2,bistro_interior,bistro_interior:duration_flicker_level2,bistro_interior:judder_level1,LEFT,bistro_interior:duration_flicker_level2,bistro_interior:judder_level1,10.0293,240.0
j3,3,classroom,classroom:dlss_rr_level1,classroom:motion_noise_level1,LEFT,classroom:dlss_rr_level1,classroom:motion_noise_level1,4.4005,239.99
j3,4,landscape,landscape:temporal-resolution-multiplexing_level0,landscape:restir_level1,RIGHT,landscape:restir_level1,landscape:temporal-resolution-multiplexing_level0,5.4126,240.01
j3,5,classroom,classroom:restir_level2,classroom:motion_resolution_level2,LEFT,classroom:restir_level2,classroom:motion_resolution_level2,4.709,239.98
j3,6,zeroday,zeroday:motion_noise_level1,zeroday:temporal-resolution-multiplexing_level0,RIGHT,zeroday:temporal-resolution-multiplexing_level0,zeroday:motion_noise_level1,5.6799,239.98
j3,7,bistro_interior,bistro_interior:judder_level2,bistro_interior:temporal-resolution-multiplexing_level1,RIGHT,bistro_interior:temporal-resolution-multiplexing_level1,bistro_interior:judder_level2,5.1008,239.98
j3,8,bistro_interior,bistro_interior:stutter_level0,bistro_interior:temporal-resolution-multiplexing_level0,RIGHT,bistro_interior:temporal-resolution-multiplexing_level0,bistro_interior:stutter_level0,8.7264,239.97
j3,9,subway,subway:dlss_rr_level2,subway:dlss_rr_level1,RIGHT,subway:dlss_rr_level1,subway:dlss_rr_level2,5.5421,239.99
j3,10,landscape,landscape:motion_resolution_level1,landscape:temporal-resolution-multiplexing_level0,RIGHT,landscape:temporal-resolution-multiplexing_level0,landscape:motion_resolution_level1,5.4674,239.98
j3,11,bistro_exterior,bistro_exterior:duration_flicker_level1,bistro_exterior:restir_level2,LEFT,bistro_exterior:duration_flicker_level1,bistro_exterior:restir_level2,6.9009,239.98
j3,12,attic,attic:temporal-resolution-multiplexing_level0,attic:motion_resolution_level0,RIGHT,attic:motion_resolution_level0,attic:temporal-resolution-multiplexing_level0,4.9584,240.01
j3,13,attic,attic:dlss_rr_level1,attic:temporal-resolution-multiplexing_level1,RIGHT,attic:temporal-resolution-multiplexing_level1,attic:dlss_rr_level1,8.75,240.0
j3,14,bistro_exterior,bistro_exterior:stutter_level1,bistro_exterior:dlss_rr_level0,RIGHT,bistro_exterior:dlss_rr_level0,bistro_exterior:stutter_level1,5.3167,240.01
j3,15,landscape,landscape:judder_level2,landscape:duration_flicker_level2,RIGHT,landscape:duration_flicker_level2,landscape:judder_level2,5.9842,239.97
j3,16,zeroday,zeroday:duration_flicker_level0,zeroday:motion_noise_level2,LEFT,zeroday:duration_flicker_level0,zeroday:motion_noise_level2,8.9335,240.0
j3,17,pink_room,pink_room:judder_level2,pink_room:noise_colors_level0,RIGHT,pink_room:noise_colors_level0,pink_room:judder_level2,6.5667,240.01
j3,18,marbles,marbles:judder_level2,marbles:noise_colors_level2,LEFT,marbles:judder_level2,marbles:noise_colors_level2,4.65,240.01
j3,19,landscape,landscape:temporal-resolution-multiplexing_level1,landscape:dlss_rr_level0,LEFT,landscape:temporal-resolution-multiplexing_level1,landscape:dlss_rr_level0,5.375,240.0
j3,20,bistro_interior,bistro_interior:motion_noise_level2,bistro_interior:noise_colors_level1,RIGHT,bistro_interior:noise_colors_level1,bistro_interior:motion_noise_level2,7.3385,239.98
j3,21,landscape,landscape:dlss_rr_level0,landscape:temporal-resolution-multiplexing_level2,LEFT,landscape:dlss_rr_level0,landscape:temporal-resolution-multiplexing_level2,5.259,239.98
j3,22,marbles,marbles:dlss_rr_level1,marbles:dlss_rr_level0,RIGHT,marbles:dlss_rr_level0,marbles:dlss_rr_level1,5.1757,239.98
j3,23,attic,attic:restir_level0,attic:restir_level2,LEFT,attic:restir_level0,attic:restir_level2,4.3917,240.01
j3,24,marbles,marbles:dlss_rr_level0,marbles:duration_flicker_level2,LEFT,marbles:dlss_rr_level0,marbles:duration_flicker_level2,4.5155,239.86
j3,25,classroom,classroom:judder_level1,classroom:stutter_level0,LEFT,classroom:judder_level1,classroom:stutter_level0,4.9709,240.0
j3,26,pink_room,pink_room:stutter_level0,pink_room:restir_level1,LEFT,pink_room:stutter_level0,pink_room:restir_level1,5.3501,240.01
j3,27,subway,subway:motion_resolution_level0,subway:duration_flicker_level0,LEFT,subway:motion_resolution_level0,subway:duration_flicker_level0,4.9875,240.01
j3,28,zeroday,zeroday:noise_colors_level0,zeroday:noise_colors_level2,LEFT,zeroday:noise_colors_level0,zeroday:noise_colors_level2,9.5678,239.97
j3,29,classroom,classroom:dlss_rr_level1,classroom:judder_level1,RIGHT,classroom:judder_level1,classroom:dlss_rr_level1,4.65,240.01
j3,30,bistro_interior,bistro_interior:temporal-resolution-multiplexing_level1,bistro_interior:judder_level0,RIGHT,bistro_interior:judder_level0,bistro_interior:temporal-resolution-multiplexing_level1,9.625,240.0
j3,31,classroom,classroom:duration_flicker_level1,classroom:motion_noise_level1,RIGHT,classroom:motion_noise_level1,classroom:duration_flicker_level1,4.4255,239.77
j3,32,subway,subway:temporal-resolution-multiplexing_level2,subway:duration_flicker_level1,RIGHT,subway:duration_flicker_level1,subway:temporal-resolution-multiplexing_level2,4.5174,239.97
j3,33,bistro_interior,bistro_interior:noise_colors_level2,bistro_interior:judder_level2,RIGHT,bistro_interior:judder_level2,bistro_interior:noise_colors_level2,5.4334,240.01
j3,34,bistro_exterior,bistro_exterior:duration_flicker_level1,bistro_exterior:temporal-resolution-multiplexing_level1,LEFT,bistro_exterior:duration_flicker_level1,bistro_exterior:temporal-resolution-multiplexing_level1,12.139,239.97
j3,35,bistro_exterior,bistro_exterior:stutter_level1,bistro_exterior:temporal-resolution-multiplexing_level1,LEFT,bistro_exterior:stutter_level1,bistro_exterior:temporal-resolution-multiplexing_level1,5.225,240.01
j3,36,zeroday,zeroday:judder_level2,zeroday:duration_flicker_level2,RIGHT,zeroday:duration_flicker_level2,zeroday:judder_level2,6.0085,240.0
j3,37,zeroday,zeroday:dlss_rr_level2,zeroday:judder_level2,RIGHT,zeroday:judder_level2,zeroday:dlss_rr_level2,5.4799,239.98
j3,38,marbles,marbles:duration_flicker_level1,marbles:noise_colors_level2,LEFT,marbles:duration_flicker_level1,marbles:noise_colors_level2,10.6682,239.88
j3,39,classroom,classroom:judder_level1,classroom:stutter_level1,LEFT,classroom:judder_level1,classroom:stutter_level1,4.8048,239.98
j3,40,landscape,landscape:judder_level1,landscape:dlss_rr_level0,LEFT,landscape:judder_level1,landscape:dlss_rr_level0,7.2426,239.97
j3,41,attic,attic:temporal-resolution-multiplexing_level1,attic:motion_noise_level0,RIGHT,attic:motion_noise_level0,attic:temporal-resolution-multiplexing_level1,4.6251,240.01
j3,42,subway,subway:stutter_level1,subway:motion_resolution_level0,LEFT,subway:stutter_level1,subway:motion_resolution_level0,11.5139,239.97
j3,43,zeroday,zeroday:noise_colors_level0,zeroday:motion_noise_level0,RIGHT,zeroday:motion_noise_level0,zeroday:noise_colors_level0,5.6917,240.01
j3,44,attic,attic:noise_colors_level2,attic:duration_flicker_level2,LEFT,attic:noise_colors_level2,attic:duration_flicker_level2,8.3209,240.01
j3,45,zeroday,zeroday:noise_colors_level1,zeroday:motion_noise_level1,RIGHT,zeroday:motion_noise_level1,zeroday:noise_colors_level1,6.0292,240.0
j3,46,bistro_interior,bistro_interior:duration_flicker_level2,bistro_interior:temporal-resolution-multiplexing_level1,RIGHT,bistro_interior:temporal-resolution-multiplexing_level1,bistro_interior:duration_flicker_level2,4.4917,240.01
j3,47,classroom,classroom:motion_noise_level1,classroom:duration_flicker_level2,LEFT,classroom:motion_noise_level1,classroom:duration_flicker_level2,4.2966,239.76
j3,48,bistro_exterior,bistro_exterior:judder_level0,bistro_exterior:temporal-resolution-multiplexing_level1,LEFT,bistro_exterior:judder_level0,bistro_exterior:temporal-resolution-multiplexing_level1,9.9675,239.99
j3,49,marbles,marbles:duration_flicker_level2,marbles:duration_flicker_level1,RIGHT,marbles:duration_flicker_level1,marbles:duration_flicker_level2,4.3752,239.79
j3,50,landscape,landscape:dlss_rr_level0,landscape:motion_resolution_level0,LEFT,landscape:dlss_rr_level0,landscape:motion_resolution_level0,5.5257,239.97
j3,51,attic,attic:motion_resolution_level1,attic:dlss_rr_level0,LEFT,attic:motion_resolution_level1,attic:dlss_rr_level0,5.0792,240.01
j3,52,landscape,landscape:dlss_rr_level0,landscape:noise_colors_level0,RIGHT,landscape:noise_colors_level0,landscape:dlss_rr_level0,5.6167,240.01
j3,53,zeroday,zeroday:motion_resolution_level0,zeroday:motion_noise_level1,RIGHT,zeroday:motion_noise_level1,zeroday:motion_resolution_level0,7.5842,239.98
j3,54,landscape,landscape:dlss_rr_level0,landscape:stutter_level1,RIGHT,landscape:stutter_level1,landscape:dlss_rr_level0,6.5593,239.97
j3,55,marbles,marbles:stutter_level0,marbles:noise_colors_level0,LEFT,marbles:stutter_level0,marbles:noise_colors_level0,9.3917,240.01
j3,56,bistro_interior,bistro_interior:duration_flicker_level1,bistro_interior:motion_noise_level1,RIGHT,bistro_interior:motion_noise_level1,bistro_interior:duration_flicker_level1,9.8959,240.01
j3,57,landscape,landscape:temporal-resolution-multiplexing_level0,landscape:noise_colors_level1,RIGHT,landscape:noise_colors_level1,landscape:temporal-resolution-multiplexing_level0,13.7726,239.97
j3,58,subway,subway:noise_colors_level1,subway:temporal-resolution-multiplexing_level0,RIGHT,subway:temporal-resolution-multiplexing_level0,subway:noise_colors_level1,2.3797,239.97
j3,59,attic,attic:noise_colors_level0,attic:dlss_rr_level1,LEFT,attic:noise_colors_level0,attic:dlss_rr_level1,4.3588,239.99
j3,60,subway,subway:stutter_level2,subway:motion_noise_level2,LEFT,subway:stutter_level2,subway:motion_noise_level2,4.7881,239.98
j3,61,zeroday,zeroday:temporal-resolution-multiplexing_level2,zeroday:dlss_rr_level2,RIGHT,zeroday:dlss_rr_level2,zeroday:temporal-resolution-multiplexing_level2,7.2344,239.97
j3,62,subway,subway:stutter_level1,subway:noise_colors_level1,LEFT,subway:stutter_level1,subway:noise_colors_level1,5.8302,239.97
j3,63,classroom,classroom:motion_resolution_level2,classroom:noise_colors_level2,RIGHT,classroom:noise_colors_level2,classroom:motion_resolution_level2,4.9757,239.98
j3,64,bistro_exterior,bistro_exterior:motion_resolution_level1,bistro_exterior:duration_flicker_level1,RIGHT,bistro_exterior:duration_flicker_level1,bistro_exterior:motion_resolution_level1,6.0042,240.01
j3,65,attic,attic:stutter_level0,attic:temporal-resolution-multiplexing_level1,LEFT,attic:stutter_level0,attic:temporal-resolution-multiplexing_level1,4.8084,240.01
j3,66,classroom,classroom:stutter_level2,classroom:motion_noise_level1,RIGHT,classroom:motion_noise_level1,classroom:stutter_level2,4.3212,239.98
j3,67,bistro_interior,bistro_interior:restir_level0,bistro_interior:temporal-resolution-multiplexing_level1,RIGHT,bistro_interior:temporal-resolution-multiplexing_level1,bistro_interior:restir_level0,4.7417,240.01
j3,68,marbles,marbles:stutter_level2,marbles:noise_colors_level2,RIGHT,marbles:noise_colors_level2,marbles:stutter_level2,4.8545,240.0
j3,69,subway,subway:dlss_rr_level1,subway:temporal-resolution-multiplexing_level1,LEFT,subway:dlss_rr_level1,subway:temporal-resolution-multiplexing_level1,4.7375,240.01
j3,70,landscape,landscape:stutter_level2,landscape:dlss_rr_level2,LEFT,landscape:stutter_level2,landscape:dlss_rr_level2,5.3963,239.99
j3,71,pink_room,pink_room:temporal-resolution-multiplexing_level1,pink_room:motion_resolution_level2,LEFT,pink_room:temporal-resolution-multiplexing_level1,pink_room:motion_resolution_level2,7.0334,240.01
j3,72,zeroday,zeroday:dlss_rr_level1,zeroday:judder_level0,RIGHT,zeroday:judder_level0,zeroday:dlss_rr_level1,5.5125,240.01
j3,73,pink_room,pink_room:judder_level0,pink_room:duration_flicker_level0,RIGHT,pink_room:duration_flicker_level0,pink_room:judder_level0,14.1167,240.0
j3,74,classroom,classroom:motion_noise_level1,classroom:duration_flicker_level0,LEFT,classroom:motion_noise_level1,classroom:duration_flicker_level0,3.9381,239.74
j3,75,subway,subway:temporal-resolution-multiplexing_level2,subway:restir_level2,LEFT,subway:temporal-resolution-multiplexing_level2,subway:restir_level2,2.8213,239.97
j3,76,classroom,classroom:temporal-resolution-multiplexing_level2,classroom:motion_noise_level1,RIGHT,classroom:motion_noise_level1,classroom:temporal-resolution-multiplexing_level2,4.4292,240.01
j3,77,zeroday,zeroday:motion_resolution_level1,zeroday:duration_flicker_level2,RIGHT,zeroday:duration_flicker_level2,zeroday:motion_resolution_level1,5.3292,240.0
j3,78,marbles,marbles:temporal-resolution-multiplexing_level0,marbles:noise_colors_level0,LEFT,marbles:temporal-resolution-multiplexing_level0,marbles:noise_colors_level0,7.0965,239.99
j3,79,classroom,classroom:noise_colors_level0,classroom:judder_level1,LEFT,classroom:noise_colors_level0,classroom:judder_level1,4.4959,240.01
j3,80,bistro_exterior,bistro_exterior:judder_level2,bistro_exterior:temporal-resolution-multiplexing_level1,RIGHT,bistro_exterior:temporal-resolution-multiplexing_level1,bistro_exterior:judder_level2,6.4678,240.04
j3,81,classroom,classroom:motion_resolution_level0,classroom:judder_level1,LEFT,classroom:motion_resolution_level0,classroom:judder_level1,4.7175,239.97
j3,82,bistro_exterior,bistro_exterior:duration_flicker_level0,bistro_exterior:motion_noise_level2,LEFT,bistro_exterior:duration_flicker_level0,bistro_exterior:motion_noise_level2,4.759,239.98
j3,83,bistro_exterior,bistro_exterior:motion_resolution_level0,bistro_exterior:motion_resolution_level2,LEFT,bistro_exterior:motion_resolution_level0,bistro_exterior:motion_resolution_level2,5.0468,239.97
j3,84,attic,attic:temporal-resolution-multiplexing_level0,attic:stutter_level1,LEFT,attic:temporal-resolution-multiplexing_level0,attic:stutter_level1,9.4338,240.0
j3,85,classroom,classroom:stutter_level1,classroom:temporal-resolution-multiplexing_level0,LEFT,classroom:stutter_level1,classroom:temporal-resolution-multiplexing_level0,4.9709,240.01
j3,86,marbles,marbles:restir_level2,marbles:dlss_rr_level2,RIGHT,marbles:dlss_rr_level2,marbles:restir_level2,7.392,240.0
j3,87,subway,subway:dlss_rr_level1,subway:duration_flicker_level2,LEFT,subway:dlss_rr_level1,subway:duration_flicker_level2,7.0669,239.99
j3,88,zeroday,zeroday:dlss_rr_level2,zeroday:motion_noise_level1,RIGHT,zeroday:motion_noise_level1,zeroday:dlss_rr_level2,5.0508,239.97
j3,89,marbles,marbles:motion_resolution_level0,marbles:dlss_rr_level0,RIGHT,marbles:dlss_rr_level0,marbles:motion_resolution_level0,4.7297,239.98
j3,90,classroom,classroom:restir_level0,classroom:judder_level1,LEFT,classroom:restir_level0,classroom:judder_level1,4.6876,240.01
j3,91,marbles,marbles:noise_colors_level2,marbles:restir_level1,RIGHT,marbles:restir_level1,marbles:noise_colors_level2,4.0625,240.01
j3,92,subway,subway:restir_level0,subway:noise_colors_level2,RIGHT,subway:noise_colors_level2,subway:restir_level0,4.3625,240.01
j3,93,marbles,marbles:restir_level2,marbles:temporal-resolution-multiplexing_level2,LEFT,marbles:restir_level2,marbles:temporal-resolution-multiplexing_level2,6.0799,239.98
j3,94,marbles,marbles:restir_level2,marbles:stutter_level1,RIGHT,marbles:stutter_level1,marbles:restir_level2,4.275,240.01
j3,95,bistro_exterior,bistro_exterior:temporal-resolution-multiplexing_level1,bistro_exterior:restir_level1,RIGHT,bistro_exterior:restir_level1,bistro_exterior:temporal-resolution-multiplexing_level1,5.3882,239.98
j3,96,attic,attic:judder_level1,attic:temporal-resolution-multiplexing_level0,LEFT,attic:judder_level1,attic:temporal-resolution-multiplexing_level0,4.2834,240.01
j3,97,zeroday,zeroday:dlss_rr_level2,zeroday:temporal-resolution-multiplexing_level1,RIGHT,zeroday:temporal-resolution-multiplexing_level1,zeroday:dlss_rr_level2,6.2375,240.01
j3,98,zeroday,zeroday:motion_noise_level1,zeroday:dlss_rr_level0,LEFT,zeroday:motion_noise_level1,zeroday:dlss_rr_level0,7.7625,240.01
j3,99,subway,subway:duration_flicker_level0,subway:dlss_rr_level1,RIGHT,subway:dlss_rr_level1,subway:duration_flicker_level0,4.1085,240.01
j3,100,zeroday,zeroday:judder_level0,zeroday:motion_noise_level0,RIGHT,zeroday:motion_noise_level0,zeroday:judder_level0,9.8388,239.98
j3,101,classroom,classroom:judder_level2,classroom:motion_noise_level1,RIGHT,classroom:motion_noise_level1,classroom:judder_level2,4.3964,239.98
j3,102,zeroday,zeroday:stutter_level1,zeroday:motion_noise_level0,LEFT,zeroday:stutter_level1,zeroday:motion_noise_level0,7.0209,240.01
j3,103,landscape,landscape:temporal-resolution-multiplexing_level0,landscape:motion_noise_level0,RIGHT,landscape:motion_noise_level0,landscape:temporal-resolution-multiplexing_level0,7.2417,240.0
j3,104,subway,subway:stutter_level2,subway:restir_level2,LEFT,subway:stutter_level2,subway:restir_level2,3.7292,240.02
j3,105,bistro_interior,bistro_interior:restir_level2,bistro_interior:motion_resolution_level2,LEFT,bistro_interior:restir_level2,bistro_interior:motion_resolution_level2,3.296,240.01
j3,106,bistro_interior,bistro_interior:judder_level2,bistro_interior:dlss_rr_level1,LEFT,bistro_interior:judder_level2,bistro_interior:dlss_rr_level1,5.4542,240.01
j3,107,marbles,marbles:judder_level0,marbles:restir_level2,LEFT,marbles:judder_level0,marbles:restir_level2,4.3834,240.01
j3,108,bistro_interior,bistro_interior:duration_flicker_level0,bistro_interior:motion_noise_level0,RIGHT,bistro_interior:motion_noise_level0,bistro_interior:duration_flicker_level0,4.4834,240.01
j3,109,marbles,marbles:restir_level2,marbles:motion_noise_level1,RIGHT,marbles:motion_noise_level1,marbles:restir_level2,3.7171,239.98
j3,110,bistro_interior,bistro_interior:noise_colors_level0,bistro_interior:duration_flicker_level2,LEFT,bistro_interior:noise_colors_level0,bistro_interior:duration_flicker_level2,4.1215,239.98
j3,111,classroom,classroom:dlss_rr_level1,classroom:motion_noise_level0,RIGHT,classroom:motion_noise_level0,classroom:dlss_rr_level1,5.0298,239.98
j3,112,bistro_interior,bistro_interior:motion_noise_level1,bistro_interior:temporal-resolution-multiplexing_level1,RIGHT,bistro_interior:temporal-resolution-multiplexing_level1,bistro_interior:motion_noise_level1,3.7292,240.01
j3,113,landscape,landscape:dlss_rr_level0,landscape:noise_colors_level2,LEFT,landscape:dlss_rr_level0,landscape:noise_colors_level2,5.0084,240.01
j3,114,zeroday,zeroday:duration_flicker_level1,zeroday:motion_noise_level1,RIGHT,zeroday:motion_noise_level1,zeroday:duration_flicker_level1,4.4586,240.0
j3,115,classroom,classroom:motion_noise_level1,classroom:restir_level1,RIGHT,classroom:restir_level1,classroom:motion_noise_level1,4.5125,240.01
j3,116,classroom,classroom:motion_noise_level1,classroom:noise_colors_level1,RIGHT,classroom:noise_colors_level1,classroom:motion_noise_level1,4.2625,240.01
j3,117,landscape,landscape:dlss_rr_level2,landscape:dlss_rr_level1,LEFT,landscape:dlss_rr_level2,landscape:dlss_rr_level1,6.1334,240.01
j3,118,marbles,marbles:noise_colors_level2,marbles:duration_flicker_level0,RIGHT,marbles:duration_flicker_level0,marbles:noise_colors_level2,8.5221,240.03
j3,119,classroom,classroom:dlss_rr_level1,classroom:temporal-resolution-multiplexing_level1,RIGHT,classroom:temporal-resolution-multiplexing_level1,classroom:dlss_rr_level1,4.7174,239.98
j3,120,attic,attic:motion_resolution_level2,attic:dlss_rr_level1,RIGHT,attic:dlss_rr_level1,attic:motion_resolution_level2,4.3256,239.98
j3,121,marbles,marbles:motion_noise_level2,marbles:restir_level2,LEFT,marbles:motion_noise_level2,marbles:restir_level2,5.2959,240.01
j3,122,bistro_exterior,bistro_exterior:noise_colors_level0,bistro_exterior:motion_noise_level2,LEFT,bistro_exterior:noise_colors_level0,bistro_exterior:motion_noise_level2,5.4709,240.01
j3,123,classroom,classroom:duration_flicker_level2,classroom:motion_resolution_level2,LEFT,classroom:duration_flicker_level2,classroom:motion_resolution_level2,4.4447,239.86
j3,124,subway,subway:restir_level2,subway:temporal-resolution-multiplexing_level1,RIGHT,subway:temporal-resolution-multiplexing_level1,subway:restir_level2,4.1709,240.0
j3,125,pink_room,pink_room:noise_colors_level1,pink_room:stutter_level0,RIGHT,pink_room:stutter_level0,pink_room:noise_colors_level1,5.1876,240.01
j3,126,landscape,landscape:duration_flicker_level2,landscape:duration_flicker_level0,RIGHT,landscape:duration_flicker_level0,landscape:duration_flicker_level2,3.9673,239.98
j3,127,attic,attic:noise_colors_level1,attic:temporal-resolution-multiplexing_level1,LEFT,attic:noise_colors_level1,attic:temporal-resolution-multiplexing_level1,8.0209,240.01
j3,128,classroom,classroom:judder_level1,classroom:dlss_rr_level2,LEFT,classroom:judder_level1,classroom:dlss_rr_level2,4.6126,240.01
j3,129,bistro_interior,bistro_interior:duration_flicker_level0,bistro_interior:temporal-resolution-multiplexing_level0,RIGHT,bistro_interior:temporal-resolution-multiplexing_level0,bistro_interior:duration_flicker_level0,5.0297,239.98
j3,130,bistro_interior,bistro_interior:temporal-resolution-multiplexing_level1,bistro_interior:dlss_rr_level0,LEFT,bistro_interior:temporal-resolution-multiplexing_level1,bistro_interior:dlss_rr_level0,5.0292,240.01
j3,131,bistro_exterior,bistro_exterior:motion_noise_level2,bistro_exterior:temporal-resolution-multiplexing_level0,RIGHT,bistro_exterior:temporal-resolution-multiplexing_level0,bistro_exterior:motion_noise_level2,5.3632,239.98
j3,132,marbles,marbles:duration_flicker_level1,marbles:motion_resolution_level2,LEFT,marbles:duration_flicker_level1,marbles:motion_resolution_level2,4.4507,239.77
j3,133,bistro_interior,bistro_interior:temporal-resolution-multiplexing_level1,bistro_interior:motion_resolution_level0,LEFT,bistro_interior:temporal-resolution-multiplexing_level1,bistro_interior:motion_resolution_level0,5.4007,239.98
j3,134,subway,subway:motion_noise_level0,subway:motion_resolution_level0,RIGHT,subway:motion_resolution_level0,subway:motion_noise_level0,4.6716,239.97
j3,135,bistro_exterior,bistro_exterior:stutter_level0,bistro_exterior:motion_noise_level0,LEFT,bistro_exterior:stutter_level0,bistro_exterior:motion_noise_level0,5.3625,240.01
j3,136,bistro_interior,bistro_interior:judder_level2,bistro_interior:temporal-resolution-multiplexing_level2,RIGHT,bistro_interior:temporal-resolution-multiplexing_level2,bistro_interior:judder_level2,7.1508,239.98
j3,137,classroom,classroom:judder_level1,classroom:judder_level0,RIGHT,classroom:judder_level0,classroom:judder_level1,6.6384,239.98
j3,138,pink_room,pink_room:temporal-resolution-multiplexing_level0,pink_room:motion_noise_level2,LEFT,pink_room:temporal-resolution-multiplexing_level0,pink_room:motion_noise_level2,6.8875,240.01
j3,139,classroom,classroom:temporal-resolution-multiplexing_level1,classroom:motion_noise_level2,LEFT,classroom:temporal-resolution-multiplexing_level1,classroom:motion_noise_level2,4.4667,240.0
j3,140,pink_room,pink_room:duration_flicker_level2,pink_room:dlss_rr_level2,RIGHT,pink_room:dlss_rr_level2,pink_room:duration_flicker_level2,8.3962,239.99
j3,141,pink_room,pink_room:judder_level2,pink_room:stutter_level0,RIGHT,pink_room:stutter_level0,pink_room:judder_level2,4.9966,239.97
j3,142,zeroday,zeroday:motion_resolution_level2,zeroday:restir_level2,RIGHT,zeroday:restir_level2,zeroday:motion_resolution_level2,5.3674,239.98
j3,143,bistro_exterior,bistro_exterior:judder_level0,bistro_exterior:motion_resolution_level0,LEFT,bistro_exterior:judder_level0,bistro_exterior:motion_resolution_level0,5.4043,240.01
j3,144,bistro_exterior,bistro_exterior:temporal-resolution-multiplexing_level1,bistro_exterior:noise_colors_level1,RIGHT,bistro_exterior:noise_colors_level1,bistro_exterior:temporal-resolution-multiplexing_level1,11.0055,239.97
j3,145,marbles,marbles:restir_level2,marbles:restir_level0,RIGHT,marbles:restir_level0,marbles:restir_level2,5.3421,239.99
j3,146,attic,attic:stutter_level2,attic:noise_colors_level2,RIGHT,attic:noise_colors_level2,attic:stutter_level2,11.425,240.01
j3,147,pink_room,pink_room:duration_flicker_level2,pink_room:motion_resolution_level2,LEFT,pink_room:duration_flicker_level2,pink_room:motion_resolution_level2,8.7042,240.01
j3,148,landscape,landscape:motion_noise_level1,landscape:temporal-resolution-multiplexing_level0,LEFT,landscape:motion_noise_level1,landscape:temporal-resolution-multiplexing_level0,8.1709,240.01
j3,149,landscape,landscape:duration_flicker_level2,landscape:dlss_rr_level1,LEFT,landscape:duration_flicker_level2,landscape:dlss_rr_level1,8.0542,240.01
j3,150,zeroday,zeroday:stutter_level0,zeroday:stutter_level1,RIGHT,zeroday:stutter_level1,zeroday:stutter_level0,7.8834,240.0
j3,151,bistro_interior,bistro_interior:motion_resolution_level2,bistro_interior:stutter_level2,RIGHT,bistro_interior:stutter_level2,bistro_interior:motion_resolution_level2,4.4917,240.01
j3,152,classroom,classroom:judder_level1,classroom:dlss_rr_level0,LEFT,classroom:judder_level1,classroom:dlss_rr_level0,8.6459,240.01
j3,153,pink_room,pink_room:motion_noise_level0,pink_room:temporal-resolution-multiplexing_level0,LEFT,pink_room:motion_noise_level0,pink_room:temporal-resolution-multiplexing_level0,5.7507,239.98
j3,154,attic,attic:temporal-resolution-multiplexing_level1,attic:judder_level0,RIGHT,attic:judder_level0,attic:temporal-resolution-multiplexing_level1,4.563,239.98
j3,155,zeroday,zeroday:motion_resolution_level1,zeroday:motion_resolution_level2,LEFT,zeroday:motion_resolution_level1,zeroday:motion_resolution_level2,5.3417,240.01
j3,156,zeroday,zeroday:dlss_rr_level2,zeroday:restir_level1,RIGHT,zeroday:restir_level1,zeroday:dlss_rr_level2,12.1834,240.0
j3,157,attic,attic:temporal-resolution-multiplexing_level1,attic:duration_flicker_level0,RIGHT,attic:duration_flicker_level0,attic:temporal-resolution-multiplexing_level1,6.1993,239.88
j3,158,marbles,marbles:temporal-resolution-multiplexing_level1,marbles:dlss_rr_level0,RIGHT,marbles:dlss_rr_level0,marbles:temporal-resolution-multiplexing_level1,7.5344,239.97
j3,159,landscape,landscape:restir_level0,landscape:temporal-resolution-multiplexing_level0,RIGHT,landscape:temporal-resolution-multiplexing_level0,landscape:restir_level0,9.7554,239.98
j3,160,zeroday,zeroday:motion_noise_level2,zeroday:stutter_level2,LEFT,zeroday:motion_noise_level2,zeroday:stutter_level2,3.9462,239.98
j3,161,attic,attic:restir_level1,attic:duration_flicker_level1,RIGHT,attic:duration_flicker_level1,attic:restir_level1,4.2453,239.82
j3,162,attic,attic:motion_noise_level2,attic:restir_level1,LEFT,attic:motion_noise_level2,attic:restir_level1,4.8834,240.01
j3,163,bistro_interior,bistro_interior:motion_resolution_level2,bistro_interior:dlss_rr_level2,RIGHT,bistro_interior:dlss_rr_level2,bistro_interior:motion_resolution_level2,5.4465,239.98
j3,164,subway,subway:motion_noise_level0,subway:judder_level2,LEFT,subway:motion_noise_level0,subway:judder_level2,5.3918,240.01
j3,165,bistro_interior,bistro_interior:motion_resolution_level1,bistro_interior:motion_resolution_level2,LEFT,bistro_interior:motion_resolution_level1,bistro_interior:motion_resolution_level2,6.1459,240.01
j3,166,pink_room,pink_room:stutter_level0,pink_room:motion_noise_level2,LEFT,pink_room:stutter_level0,pink_room:motion_noise_level2,8.8875,240.01
j3,167,zeroday,zeroday:motion_noise_level1,zeroday:judder_level0,RIGHT,zeroday:judder_level0,zeroday:motion_noise_level1,8.0667,240.01
j3,168,bistro_exterior,bistro_exterior:motion_noise_level0,bistro_exterior:judder_level1,LEFT,bistro_exterior:motion_noise_level0,bistro_exterior:judder_level1,13.2917,240.0
j3,169,landscape,landscape:restir_level2,landscape:temporal-resolution-multiplexing_level0,RIGHT,landscape:temporal-resolution-multiplexing_level0,landscape:restir_level2,5.4959,240.01
j3,170,classroom,classroom:motion_resolution_level2,classroom:motion_resolution_level1,RIGHT,classroom:motion_resolution_level1,classroom:motion_resolution_level2,4.5506,239.98
j3,171,zeroday,zeroday:dlss_rr_level2,zeroday:restir_level0,RIGHT,zeroday:restir_level0,zeroday:dlss_rr_level2,5.3507,239.98
j3,172,zeroday,zeroday:motion_noise_level2,zeroday:dlss_rr_level2,LEFT,zeroday:motion_noise_level2,zeroday:dlss_rr_level2,3.1667,240.01
j3,173,pink_room,pink_room:stutter_level0,pink_room:duration_flicker_level0,LEFT,pink_room:stutter_level0,pink_room:duration_flicker_level0,7.1792,240.01
j3,174,bistro_exterior,bistro_exterior:motion_noise_level0,bistro_exterior:motion_noise_level2,LEFT,bistro_exterior:motion_noise_level0,bistro_exterior:motion_noise_level2,5.4709,240.01
j3,175,pink_room,pink_room:temporal-resolution-multiplexing_level2,pink_room:dlss_rr_level0,RIGHT,pink_room:dlss_rr_level0,pink_room:temporal-resolution-multiplexing_level2,4.9667,240.01
j3,176,bistro_interior,bistro_interior:temporal-resolution-multiplexing_level1,bistro_interior:motion_noise_level2,LEFT,bistro_interior:temporal-resolution-multiplexing_level1,bistro_interior:motion_noise_level2,4.9173,239.98
j3,177,landscape,landscape:motion_noise_level2,landscape:motion_noise_level1,RIGHT,landscape:motion_noise_level1,landscape:motion_noise_level2,5.2216,239.98
j3,178,subway,subway:motion_resolution_level1,subway:motion_resolution_level0,RIGHT,subway:motion_resolution_level0,subway:motion_resolution_level1,6.7967,239.97
j3,179,bistro_exterior,bistro_exterior:motion_resolution_level0,bistro_exterior:temporal-resolution-multiplexing_level2,LEFT,bistro_exterior:motion_resolution_level0,bistro_exterior:temporal-resolution-multiplexing_level2,4.7965,239.97
j3,180,bistro_interior,bistro_interior:motion_resolution_level1,bistro_interior:temporal-resolution-multiplexing_level1,RIGHT,bistro_interior:temporal-resolution-multiplexing_level1,bistro_interior:motion_resolution_level1,8.6303,239.97
j3,181,subway,subway:restir_level2,subway:noise_colors_level2,RIGHT,subway:noise_colors_level2,subway:restir_level2,7.0631,239.98
j3,182,bistro_exterior,bistro_exterior:stutter_level2,bistro_exterior:motion_resolution_level0,RIGHT,bistro_exterior:motion_resolution_level0,bistro_exterior:stutter_level2,5.059,239.98
j3,183,attic,attic:noise_colors_level2,attic:motion_resolution_level2,LEFT,attic:noise_colors_level2,attic:motion_resolution_level2,4.8792,240.01
j3,184,bistro_exterior,bistro_exterior:restir_level0,bistro_exterior:motion_noise_level2,LEFT,bistro_exterior:restir_level0,bistro_exterior:motion_noise_level2,6.6134,239.98
j3,185,bistro_exterior,bistro_exterior:duration_flicker_level2,bistro_exterior:temporal-resolution-multiplexing_level1,LEFT,bistro_exterior:duration_flicker_level2,bistro_exterior:temporal-resolution-multiplexing_level1,10.4555,239.97
j3,186,bistro_interior,bistro_interior:stutter_level1,bistro_interior:motion_noise_level1,LEFT,bistro_interior:stutter_level1,bistro_interior:motion_noise_level1,9.422,239.98
j3,187,pink_room,pink_room:stutter_level0,pink_room:dlss_rr_level1,LEFT,pink_room:stutter_level0,pink_room:dlss_rr_level1,5.3091,239.97
j3,188,bistro_interior,bistro_interior:restir_level1,bistro_interior:temporal-resolution-multiplexing_level1,RIGHT,bistro_interior:temporal-resolution-multiplexing_level1,bistro_interior:restir_level1,6.8842,239.98
j3,189,attic,attic:temporal-resolution-multiplexing_level0,attic:stutter_level0,RIGHT,attic:stutter_level0,attic:temporal-resolution-multiplexing_level0,8.9084,240.01
j3,190,marbles,marbles:motion_resolution_level1,marbles:motion_resolution_level2,LEFT,marbles:motion_resolution_level1,marbles:motion_resolution_level2,4.7167,240.01
j3,191,marbles,marbles:restir_level2,marbles:stutter_level0,RIGHT,marbles:stutter_level0,marbles:restir_level2,8.7178,239.98
j3,192,landscape,landscape:dlss_rr_level0,landscape:judder_level2,LEFT,landscape:dlss_rr_level0,landscape:judder_level2,5.0256,239.98
j3,193,marbles,marbles:noise_colors_level1,marbles:noise_colors_level2,LEFT,marbles:noise_colors_level1,marbles:noise_colors_level2,4.9417,240.01
j3,194,bistro_exterior,bistro_exterior:motion_noise_level0,bistro_exterior:motion_noise_level1,LEFT,bistro_exterior:motion_noise_level0,bistro_exterior:motion_noise_level1,5.6342,239.97
j3,195,pink_room,pink_room:motion_noise_level1,pink_room:judder_level1,RIGHT,pink_room:judder_level1,pink_room:motion_noise_level1,7.951,239.98
j3,196,landscape,landscape:temporal-resolution-multiplexing_level0,landscape:judder_level0,LEFT,landscape:temporal-resolution-multiplexing_level0,landscape:judder_level0,4.9548,239.98
j3,197,subway,subway:judder_level1,subway:motion_resolution_level0,LEFT,subway:judder_level1,subway:motion_resolution_level0,3.317,239.99
j3,198,attic,attic:temporal-resolution-multiplexing_level1,attic:dlss_rr_level0,LEFT,attic:temporal-resolution-multiplexing_level1,attic:dlss_rr_level0,17.15,240.0
j3,199,bistro_interior,bistro_interior:temporal-resolution-multiplexing_level0,bistro_interior:duration_flicker_level1,LEFT,bistro_interior:temporal-resolution-multiplexing_level0,bistro_interior:duration_flicker_level1,4.3921,239.98
j3,200,landscape,landscape:stutter_level0,landscape:motion_noise_level2,LEFT,landscape:stutter_level0,landscape:motion_noise_level2,4.3966,239.96
j3,201,attic,attic:noise_colors_level1,attic:judder_level2,LEFT,attic:noise_colors_level1,attic:judder_level2,4.4084,240.01
j3,202,marbles,marbles:dlss_rr_level0,marbles:motion_noise_level0,RIGHT,marbles:motion_noise_level0,marbles:dlss_rr_level0,7.65,240.01
j3,203,pink_room,pink_room:restir_level0,pink_room:stutter_level0,RIGHT,pink_room:stutter_level0,pink_room:restir_level0,4.4965,239.97
j3,204,subway,subway:judder_level0,subway:motion_noise_level0,LEFT,subway:judder_level0,subway:motion_noise_level0,3.9459,240.01
j3,205,landscape,landscape:duration_flicker_level1,landscape:dlss_rr_level0,LEFT,landscape:duration_flicker_level1,landscape:dlss_rr_level0,9.3679,239.97
j3,206,marbles,marbles:dlss_rr_level0,marbles:restir_level2,LEFT,marbles:dlss_rr_level0,marbles:restir_level2,4.1881,239.98
j3,207,pink_room,pink_room:duration_flicker_level1,pink_room:stutter_level0,RIGHT,pink_room:stutter_level0,pink_room:duration_flicker_level1,10.3385,239.98
j3,208,bistro_exterior,bistro_exterior:temporal-resolution-multiplexing_level1,bistro_exterior:noise_colors_level2,LEFT,bistro_exterior:temporal-resolution-multiplexing_level1,bistro_exterior:noise_colors_level2,7.1219,239.97
j3,209,bistro_exterior,bistro_exterior:dlss_rr_level1,bistro_exterior:duration_flicker_level1,LEFT,bistro_exterior:dlss_rr_level1,bistro_exterior:duration_flicker_level1,7.1087,240.0
j3,210,landscape,landscape:dlss_rr_level2,landscape:motion_resolution_level2,LEFT,landscape:dlss_rr_level2,landscape:motion_resolution_level2,5.2459,240.01
j3,211,marbles,marbles:judder_level1,marbles:noise_colors_level0,RIGHT,marbles:noise_colors_level0,marbles:judder_level1,4.9875,240.01
j3,212,bistro_exterior,bistro_exterior:motion_resolution_level0,bistro_exterior:dlss_rr_level2,LEFT,bistro_exterior:motion_resolution_level0,bistro_exterior:dlss_rr_level2,5.1667,240.01
j3,213,bistro_exterior,bistro_exterior:motion_noise_level2,bistro_exterior:noise_colors_level1,RIGHT,bistro_exterior:noise_colors_level1,bistro_exterior:motion_noise_level2,5.3507,239.98
j3,214,landscape,landscape:restir_level0,landscape:dlss_rr_level0,LEFT,landscape:restir_level0,landscape:dlss_rr_level0,5.2007,239.98
j3,215,subway,subway:noise_colors_level0,subway:motion_resolution_level0,LEFT,subway:noise_colors_level0,subway:motion_resolution_level0,5.921,240.0
j3,216,attic,attic:noise_colors_level2,attic:restir_level1,LEFT,attic:noise_colors_level2,attic:restir_level1,4.6,240.01
j3,217,pink_room,pink_room:noise_colors_level2,pink_room:dlss_rr_level2,LEFT,pink_room:noise_colors_level2,pink_room:dlss_rr_level2,7.3292,240.0
j3,218,pink_room,pink_room:motion_noise_level0,pink_room:stutter_level1,LEFT,pink_room:motion_noise_level0,pink_room:stutter_level1,9.3334,240.01
j3,219,subway,subway:noise_colors_level1,subway:stutter_level0,RIGHT,subway:stutter_level0,subway:noise_colors_level1,3.8338,239.98
j3,220,subway,subway:temporal-resolution-multiplexing_level2,subway:motion_noise_level1,RIGHT,subway:motion_noise_level1,subway:temporal-resolution-multiplexing_level2,6.0167,240.01
j3,221,pink_room,pink_room:motion_noise_level0,pink_room:motion_noise_level1,LEFT,pink_room:motion_noise_level0,pink_room:motion_noise_level1,6.2792,240.01
j3,222,pink_room,pink_room:duration_flicker_level2,pink_room:stutter_level2,LEFT,pink_room:duration_flicker_level2,pink_room:stutter_level2,5.3133,239.97
j3,223,subway,subway:restir_level2,subway:motion_resolution_level2,RIGHT,subway:motion_resolution_level2,subway:restir_level2,5.2632,239.98
j3,224,subway,subway:dlss_rr_level0,subway:restir_level2,LEFT,subway:dlss_rr_level0,subway:restir_level2,4.1339,239.98
j3,225,attic,attic:noise_colors_level2,attic:restir_level0,RIGHT,attic:restir_level0,attic:noise_colors_level2,4.85,240.01
j3,226,subway,subway:stutter_level2,subway:restir_level1,LEFT,subway:stutter_level2,subway:restir_level1,5.6128,239.99
j3,227,attic,attic:noise_colors_level2,attic:dlss_rr_level2,LEFT,attic:noise_colors_level2,attic:dlss_rr_level2,4.6043,240.01
j3,228,attic,attic:motion_noise_level1,attic:temporal-resolution-multiplexing_level0,LEFT,attic:motion_noise_level1,attic:temporal-resolution-multiplexing_level0,9.2085,240.0
j3,229,pink_room,pink_room:restir_level2,pink_room:stutter_level0,RIGHT,pink_room:stutter_level0,pink_room:restir_level2,5.434,239.98
j3,230,pink_room,pink_room:duration_flicker_level2,pink_room:motion_resolution_level1,LEFT,pink_room:duration_flicker_level2,pink_room:motion_resolution_level1,6.1634,239.98
j3,231,attic,attic:temporal-resolution-multiplexing_level2,attic:restir_level0,RIGHT,attic:restir_level0,attic:temporal-resolution-multiplexing_level2,4.3125,240.01
j3,232,pink_room,pink_room:dlss_rr_level0,pink_room:duration_flicker_level2,RIGHT,pink_room:duration_flicker_level2,pink_room:dlss_rr_level0,6.2417,240.01
j3,233,pink_room,pink_room:stutter_level0,pink_room:motion_resolution_level0,LEFT,pink_room:stutter_level0,pink_room:motion_resolution_level0,4.675,240.01
j3,234,pink_room,pink_room:dlss_rr_level2,pink_room:stutter_level0,RIGHT,pink_room:stutter_level0,pink_room:dlss_rr_level2,5.0375,240.01
k,1,bistro_interior,bistro_interior:restir_level2,bistro_interior:dlss_rr_level1,RIGHT,bistro_interior:dlss_rr_level1,bistro_interior:restir_level2,3.1674,240.1
k,2,bistro_exterior,bistro_exterior:temporal-resolution-multiplexing_level2,bistro_exterior:motion_resolution_level2,LEFT,bistro_exterior:temporal-resolution-multiplexing_level2,bistro_exterior:motion_resolution_level2,1.8334,240.01
k,3,zeroday,zeroday:judder_level0,zeroday:dlss_rr_level0,RIGHT,zeroday:dlss_rr_level0,zeroday:judder_level0,19.2376,240.0
k,4,attic,attic:dlss_rr_level0,attic:noise_colors_level2,LEFT,attic:dlss_rr_level0,attic:noise_colors_level2,2.7459,240.01
k,5,marbles,marbles:duration_flicker_level1,marbles:temporal-resolution-multiplexing_level2,RIGHT,marbles:temporal-resolution-multiplexing_level2,marbles:duration_flicker_level1,3.6751,240.0
k,6,classroom,classroom:duration_flicker_level2,classroom:motion_resolution_level2,RIGHT,classroom:motion_resolution_level2,classroom:duration_flicker_level2,1.7502,239.98
k,7,bistro_exterior,bistro_exterior:motion_resolution_level0,bistro_exterior:dlss_rr_level2,RIGHT,bistro_exterior:dlss_rr_level2,bistro_exterior:motion_resolution_level0,3.3545,239.99
k,8,subway,subway:restir_level2,subway:restir_level0,RIGHT,subway:restir_level0,subway:restir_level2,1.0543,240.01
k,9,classroom,classroom:motion_noise_level0,classroom:stutter_level2,RIGHT,classroom:stutter_level2,classroom:motion_noise_level0,14.181,239.97
k,10,bistro_exterior,bistro_exterior:reference,bistro_exterior:motion_noise_level0,RIGHT,bistro_exterior:motion_noise_level0,bistro_exterior:reference,20.461,239.97
k,11,attic,attic:motion_noise_level0,attic:reference,RIGHT,attic:reference,attic:motion_noise_level0,7.9346,239.97
k,12,bistro_interior,bistro_interior:judder_level2,bistro_interior:stutter_level2,LEFT,bistro_interior:judder_level2,bistro_interior:stutter_level2,1.9587,239.97
k,13,landscape,landscape:temporal-resolution-multiplexing_level1,landscape:judder_level1,RIGHT,landscape:judder_level1,landscape:temporal-resolution-multiplexing_level1,8.3167,240.0
k,14,pink_room,pink_room:restir_level2,pink_room:duration_flicker_level1,LEFT,pink_room:restir_level2,pink_room:duration_flicker_level1,7.3875,240.0
k,15,subway,subway:judder_level2,subway:restir_level1,LEFT,subway:judder_level2,subway:restir_level1,9.5792,240.0
k,16,landscape,landscape:judder_level1,landscape:noise_colors_level2,RIGHT,landscape:noise_colors_level2,landscape:judder_level1,10.1215,239.98
k,17,bistro_interior,bistro_interior:duration_flicker_level2,bistro_interior:stutter_level0,RIGHT,bistro_interior:stutter_level0,bistro_interior:duration_flicker_level2,10.8305,239.97
k,18,marbles,marbles:duration_flicker_level2,marbles:duration_flicker_level0,RIGHT,marbles:duration_flicker_level0,marbles:duration_flicker_level2,12.6417,240.0
k,19,zeroday,zeroday:motion_resolution_level1,zeroday:motion_resolution_level2,LEFT,zeroday:motion_resolution_level1,zeroday:motion_resolution_level2,6.4875,240.0
k,20,bistro_exterior,bistro_exterior:stutter_level1,bistro_exterior:noise_colors_level1,RIGHT,bistro_exterior:noise_colors_level1,bistro_exterior:stutter_level1,16.5438,239.97
k,21,zeroday,zeroday:duration_flicker_level0,zeroday:judder_level2,RIGHT,zeroday:judder_level2,zeroday:duration_flicker_level0,11.4792,240.0
k,22,attic,attic:noise_colors_level2,attic:dlss_rr_level1,RIGHT,attic:dlss_rr_level1,attic:noise_colors_level2,7.3167,240.0
k,23,landscape,landscape:duration_flicker_level1,landscape:temporal-resolution-multiplexing_level2,RIGHT,landscape:temporal-resolution-multiplexing_level2,landscape:duration_flicker_level1,2.8334,240.01
k,24,bistro_interior,bistro_interior:motion_resolution_level1,bistro_interior:judder_level2,RIGHT,bistro_interior:judder_level2,bistro_interior:motion_resolution_level1,1.5292,240.01
k,25,marbles,marbles:judder_level2,marbles:dlss_rr_level0,RIGHT,marbles:dlss_rr_level0,marbles:judder_level2,17.0963,239.99
k,26,attic,attic:temporal-resolution-multiplexing_level0,attic:noise_colors_level0,LEFT,attic:temporal-resolution-multiplexing_level0,attic:noise_colors_level0,8.9922,239.99
k,27,classroom,classroom:judder_level2,classroom:dlss_rr_level0,LEFT,classroom:judder_level2,classroom:dlss_rr_level0,12.2641,239.97
k,28,zeroday,zeroday:dlss_rr_level2,zeroday:dlss_rr_level1,RIGHT,zeroday:dlss_rr_level1,zeroday:dlss_rr_level2,29.3908,239.97
k,29,landscape,landscape:dlss_rr_level2,landscape:duration_flicker_level1,LEFT,landscape:dlss_rr_level2,landscape:duration_flicker_level1,3.0459,240.0
k,30,attic,attic:temporal-resolution-multiplexing_level2,attic:motion_resolution_level2,RIGHT,attic:motion_resolution_level2,attic:temporal-resolution-multiplexing_level2,3.3796,239.98
k,31,zeroday,zeroday:stutter_level0,zeroday:duration_flicker_level0,RIGHT,zeroday:duration_flicker_level0,zeroday:stutter_level0,10.9133,239.98
k,32,landscape,landscape:temporal-resolution-multiplexing_level0,landscape:noise_colors_level2,LEFT,landscape:temporal-resolution-multiplexing_level0,landscape:noise_colors_level2,16.1551,239.99
k,33,pink_room,pink_room:restir_level1,pink_room:temporal-resolution-multiplexing_level1,LEFT,pink_room:restir_level1,pink_room:temporal-resolution-multiplexing_level1,4.2667,240.01
k,34,landscape,landscape:duration_flicker_level2,landscape:motion_resolution_level1,RIGHT,landscape:motion_resolution_level1,landscape:duration_flicker_level2,1.3917,240.02
k,35,subway,subway:motion_resolution_level1,subway:stutter_level0,RIGHT,subway:stutter_level0,subway:motion_resolution_level1,7.65,240.0
k,36,marbles,marbles:dlss_rr_level1,marbles:temporal-resolution-multiplexing_level1,LEFT,marbles:dlss_rr_level1,marbles:temporal-resolution-multiplexing_level1,25.1157,239.97
k,37,marbles,marbles:stutter_level1,marbles:restir_level1,RIGHT,marbles:restir_level1,marbles:stutter_level1,8.2052,239.97
k,38,subway,subway:motion_resolution_level1,subway:duration_flicker_level1,LEFT,subway:motion_resolution_level1,subway:duration_flicker_level1,3.4417,240.0
k,39,bistro_interior,bistro_interior:motion_noise_level0,bistro_interior:temporal-resolution-multiplexing_level0,RIGHT,bistro_interior:temporal-resolution-multiplexing_level0,bistro_interior:motion_noise_level0,2.55,240.0
k,40,subway,subway:judder_level2,subway:dlss_rr_level2,LEFT,subway:judder_level2,subway:dlss_rr_level2,13.6886,239.98
k,41,bistro_interior,bistro_interior:motion_resolution_level1,bistro_interior:motion_resolution_level2,LEFT,bistro_interior:motion_resolution_level1,bistro_interior:motion_resolution_level2,1.2212,239.94
k,42,attic,attic:motion_resolution_level0,attic:duration_flicker_level0,RIGHT,attic:duration_flicker_level0,attic:motion_resolution_level0,12.7167,240.0
k,43,classroom,classroom:stutter_level0,classroom:motion_noise_level0,LEFT,classroom:stutter_level0,classroom:motion_noise_level0,12.0334,240.0
k,44,marbles,marbles:reference,marbles:motion_noise_level0,RIGHT,marbles:motion_noise_level0,marbles:reference,12.65,240.0
k,45,bistro_exterior,bistro_exterior:duration_flicker_level2,bistro_exterior:duration_flicker_level1,RIGHT,bistro_exterior:duration_flicker_level1,bistro_exterior:duration_flicker_level2,4.4125,240.01
k,46,landscape,landscape:motion_noise_level1,landscape:judder_level1,RIGHT,landscape:judder_level1,landscape:motion_noise_level1,12.5667,240.0
k,47,bistro_exterior,bistro_exterior:temporal-resolution-multiplexing_level1,bistro_exterior:dlss_rr_level0,LEFT,bistro_exterior:temporal-resolution-multiplexing_level1,bistro_exterior:dlss_rr_level0,15.46,239.97
k,48,bistro_interior,bistro_interior:judder_level1,bistro_interior:duration_flicker_level0,LEFT,bistro_interior:judder_level1,bistro_interior:duration_flicker_level0,8.2125,240.0
k,49,landscape,landscape:motion_resolution_level0,landscape:restir_level2,RIGHT,landscape:restir_level2,landscape:motion_resolution_level0,7.25,240.0
k,50,marbles,marbles:motion_noise_level2,marbles:duration_flicker_level0,RIGHT,marbles:duration_flicker_level0,marbles:motion_noise_level2,30.5334,240.0
k,51,landscape,landscape:judder_level1,landscape:noise_colors_level1,RIGHT,landscape:noise_colors_level1,landscape:judder_level1,6.9667,240.0
k,52,bistro_interior,bistro_interior:duration_flicker_level1,bistro_interior:restir_level0,LEFT,bistro_interior:duration_flicker_level1,bistro_interior:restir_level0,1.3042,240.0
k,53,subway,subway:temporal-resolution-multiplexing_level2,subway:temporal-resolution-multiplexing_level1,RIGHT,subway:temporal-resolution-multiplexing_level1,subway:temporal-resolution-multiplexing_level2,2.1208,240.01
k,54,attic,attic:motion_resolution_level1,attic:noise_colors_level2,RIGHT,attic:noise_colors_level2,attic:motion_resolution_level1,1.6959,240.01
k,55,attic,attic:dlss_rr_level1,attic:dlss_rr_level2,LEFT,attic:dlss_rr_level1,attic:dlss_rr_level2,3.6584,240.0
k,56,bistro_interior,bistro_interior:motion_noise_level1,bistro_interior:noise_colors_level1,RIGHT,bistro_interior:noise_colors_level1,bistro_interior:motion_noise_level1,2.65,240.01
k,57,classroom,classroom:motion_noise_level2,classroom:temporal-resolution-multiplexing_level2,RIGHT,classroom:temporal-resolution-multiplexing_level2,classroom:motion_noise_level2,8.096,239.99
k,58,bistro_exterior,bistro_exterior:motion_noise_level2,bistro_exterior:noise_colors_level2,LEFT,bistro_exterior:motion_noise_level2,bistro_exterior:noise_colors_level2,3.0001,239.99
k,59,bistro_interior,bistro_interior:noise_colors_level0,bistro_interior:reference,RIGHT,bistro_interior:reference,bistro_interior:noise_colors_level0,5.1167,240.0
k,60,bistro_interior,bistro_interior:restir_level0,bistro_interior:judder_level0,RIGHT,bistro_interior:judder_level0,bistro_interior:restir_level0,1.9921,239.95
k,61,attic,attic:restir_level2,attic:temporal-resolution-multiplexing_level2,RIGHT,attic:temporal-resolution-multiplexing_level2,attic:restir_level2,1.9253,239.97
k,62,pink_room,pink_room:motion_noise_level0,pink_room:temporal-resolution-multiplexing_level0,RIGHT,pink_room:temporal-resolution-multiplexing_level0,pink_room:motion_noise_level0,5.4126,240.0
k,63,bistro_interior,bistro_interior:duration_flicker_level1,bistro_interior:motion_noise_level1,LEFT,bistro_interior:duration_flicker_level1,bistro_interior:motion_noise_level1,1.8502,239.98
k,64,marbles,marbles:dlss_rr_level1,marbles:dlss_rr_level0,LEFT,marbles:dlss_rr_level1,marbles:dlss_rr_level0,19.0275,239.97
k,65,subway,subway:noise_colors_level0,subway:reference,RIGHT,subway:reference,subway:noise_colors_level0,49.0897,239.99
k,66,zeroday,zeroday:duration_flicker_level2,zeroday:dlss_rr_level2,RIGHT,zeroday:dlss_rr_level2,zeroday:duration_flicker_level2,23.7042,240.0
k,67,classroom,classroom:motion_noise_level0,classroom:dlss_rr_level0,RIGHT,classroom:dlss_rr_level0,classroom:motion_noise_level0,23.8112,239.97
k,68,marbles,marbles:dlss_rr_level0,marbles:duration_flicker_level0,LEFT,marbles:dlss_rr_level0,marbles:duration_flicker_level0,12.6385,239.98
k,69,zeroday,zeroday:stutter_level0,zeroday:stutter_level1,RIGHT,zeroday:stutter_level1,zeroday:stutter_level0,7.0584,240.0
k,70,bistro_interior,bistro_interior:noise_colors_level0,bistro_interior:judder_level1,LEFT,bistro_interior:noise_colors_level0,bistro_interior:judder_level1,2.3002,239.98
k,71,subway,subway:noise_colors_level0,subway:stutter_level0,RIGHT,subway:stutter_level0,subway:noise_colors_level0,16.2084,240.0
k,72,attic,attic:duration_flicker_level2,attic:noise_colors_level2,LEFT,attic:duration_flicker_level2,attic:noise_colors_level2,8.0253,239.99
k,73,classroom,classroom:duration_flicker_level2,classroom:motion_resolution_level1,RIGHT,classroom:motion_resolution_level1,classroom:duration_flicker_level2,1.225,240.01
k,74,bistro_interior,bistro_interior:temporal-resolution-multiplexing_level0,bistro_interior:reference,RIGHT,bistro_interior:reference,bistro_interior:temporal-resolution-multiplexing_level0,5.1667,240.01
k,75,subway,subway:stutter_level1,subway:temporal-resolution-multiplexing_level0,RIGHT,subway:temporal-resolution-multiplexing_level0,subway:stutter_level1,8.4802,239.97
k,76,subway,subway:motion_resolution_level2,subway:judder_level2,RIGHT,subway:judder_level2,subway:motion_resolution_level2,1.9959,240.01
k,77,pink_room,pink_room:restir_level1,pink_room:motion_resolution_level0,LEFT,pink_room:restir_level1,pink_room:motion_resolution_level0,6.1417,240.0
k,78,zeroday,zeroday:dlss_rr_level2,zeroday:restir_level0,RIGHT,zeroday:restir_level0,zeroday:dlss_rr_level2,27.944,239.98
k,79,bistro_interior,bistro_interior:motion_noise_level2,bistro_interior:restir_level1,LEFT,bistro_interior:motion_noise_level2,bistro_interior:restir_level1,1.1792,239.96
k,80,pink_room,pink_room:judder_level1,pink_room:restir_level0,RIGHT,pink_room:restir_level0,pink_room:judder_level1,6.7,240.0
k,81,subway,subway:judder_level2,subway:motion_noise_level2,LEFT,subway:judder_level2,subway:motion_noise_level2,0.8292,240.0
k,82,zeroday,zeroday:temporal-resolution-multiplexing_level2,zeroday:dlss_rr_level2,RIGHT,zeroday:dlss_rr_level2,zeroday:temporal-resolution-multiplexing_level2,1.2917,239.99
k,83,zeroday,zeroday:noise_colors_level1,zeroday:judder_level1,RIGHT,zeroday:judder_level1,zeroday:noise_colors_level1,11.2876,240.0
k,84,classroom,classroom:dlss_rr_level2,classroom:noise_colors_level2,LEFT,classroom:dlss_rr_level2,classroom:noise_colors_level2,1.8709,240.01
k,85,marbles,marbles:temporal-resolution-multiplexing_level0,marbles:stutter_level0,RIGHT,marbles:stutter_level0,marbles:temporal-resolution-multiplexing_level0,10.9673,239.99
k,86,subway,subway:noise_colors_level1,subway:motion_noise_level1,LEFT,subway:noise_colors_level1,subway:motion_noise_level1,1.1542,240.02
k,87,pink_room,pink_room:duration_flicker_level1,pink_room:dlss_rr_level1,LEFT,pink_room:duration_flicker_level1,pink_room:dlss_rr_level1,1.5792,240.02
k,88,pink_room,pink_room:judder_level0,pink_room:motion_resolution_level0,LEFT,pink_room:judder_level0,pink_room:motion_resolution_level0,1.4375,240.0
k,89,bistro_interior,bistro_interior:temporal-resolution-multiplexing_level1,bistro_interior:motion_noise_level1,LEFT,bistro_interior:temporal-resolution-multiplexing_level1,bistro_interior:motion_noise_level1,1.1668,240.0
k,90,pink_room,pink_room:judder_level2,pink_room:motion_resolution_level0,LEFT,pink_room:judder_level2,pink_room:motion_resolution_level0,1.1459,240.03
k,91,bistro_interior,bistro_interior:dlss_rr_level0,bistro_interior:motion_noise_level2,LEFT,bistro_interior:dlss_rr_level0,bistro_interior:motion_noise_level2,1.1542,240.02
k,92,attic,attic:noise_colors_level2,attic:temporal-resolution-multiplexing_level1,RIGHT,attic:temporal-resolution-multiplexing_level1,attic:noise_colors_level2,2.1334,240.01
k,93,attic,attic:duration_flicker_level1,attic:stutter_level1,LEFT,attic:duration_flicker_level1,attic:stutter_level1,12.535,239.97
k,94,bistro_exterior,bistro_exterior:motion_noise_level0,bistro_exterior:stutter_level1,RIGHT,bistro_exterior:stutter_level1,bistro_exterior:motion_noise_level0,2.0543,239.98
k,95,classroom,classroom:noise_colors_level0,classroom:reference,LEFT,classroom:noise_colors_level0,classroom:reference,4.7417,240.0
k,96,marbles,marbles:duration_flicker_level2,marbles:restir_level2,RIGHT,marbles:restir_level2,marbles:duration_flicker_level2,6.9917,240.0
k,97,zeroday,zeroday:noise_colors_level0,zeroday:reference,LEFT,zeroday:noise_colors_level0,zeroday:reference,5.0459,240.01
k,98,zeroday,zeroday:temporal-resolution-multiplexing_level1,zeroday:noise_colors_level1,RIGHT,zeroday:noise_colors_level1,zeroday:temporal-resolution-multiplexing_level1,1.2625,240.03
k,99,bistro_exterior,bistro_exterior:noise_colors_level1,bistro_exterior:restir_level1,LEFT,bistro_exterior:noise_colors_level1,bistro_exterior:restir_level1,2.0084,240.0
k,100,attic,attic:stutter_level0,attic:noise_colors_level1,LEFT,attic:stutter_level0,attic:noise_colors_level1,11.181,240.01
k,101,zeroday,zeroday:restir_level1,zeroday:dlss_rr_level1,RIGHT,zeroday:dlss_rr_level1,zeroday:restir_level1,5.6084,240.0
k,102,subway,subway:stutter_level2,subway:noise_colors_level1,LEFT,subway:stutter_level2,subway:noise_colors_level1,5.2751,240.01
k,103,bistro_exterior,bistro_exterior:stutter_level2,bistro_exterior:dlss_rr_level2,LEFT,bistro_exterior:stutter_level2,bistro_exterior:dlss_rr_level2,3.1793,240.01
k,104,zeroday,zeroday:dlss_rr_level2,zeroday:judder_level0,RIGHT,zeroday:judder_level0,zeroday:dlss_rr_level2,21.5818,239.97
k,105,bistro_exterior,bistro_exterior:duration_flicker_level2,bistro_exterior:stutter_level2,RIGHT,bistro_exterior:stutter_level2,bistro_exterior:duration_flicker_level2,1.8462,239.97
k,106,pink_room,pink_room:motion_noise_level2,pink_room:motion_resolution_level0,LEFT,pink_room:motion_noise_level2,pink_room:motion_resolution_level0,4.1834,240.01
k,107,classroom,classroom:stutter_level2,classroom:motion_noise_level2,LEFT,classroom:stutter_level2,classroom:motion_noise_level2,3.9376,240.01
k,108,pink_room,pink_room:duration_flicker_level1,pink_room:dlss_rr_level0,RIGHT,pink_room:dlss_rr_level0,pink_room:duration_flicker_level1,2.0292,240.02
k,109,pink_room,pink_room:temporal-resolution-multiplexing_level2,pink_room:motion_resolution_level1,LEFT,pink_room:temporal-resolution-multiplexing_level2,pink_room:motion_resolution_level1,2.6584,240.01
k,110,bistro_exterior,bistro_exterior:judder_level0,bistro_exterior:temporal-resolution-multiplexing_level1,RIGHT,bistro_exterior:temporal-resolution-multiplexing_level1,bistro_exterior:judder_level0,11.7875,240.0
k,111,bistro_exterior,bistro_exterior:duration_flicker_level0,bistro_exterior:judder_level0,RIGHT,bistro_exterior:judder_level0,bistro_exterior:duration_flicker_level0,2.6584,240.02
k,112,pink_room,pink_room:stutter_level2,pink_room:duration_flicker_level1,LEFT,pink_room:stutter_level2,pink_room:duration_flicker_level1,2.3,240.02
k,113,subway,subway:restir_level0,subway:motion_resolution_level2,RIGHT,subway:motion_resolution_level2,subway:restir_level0,1.1459,240.01
k,114,zeroday,zeroday:restir_level2,zeroday:motion_resolution_level1,RIGHT,zeroday:motion_resolution_level1,zeroday:restir_level2,0.8583,240.01
k,115,subway,subway:judder_level2,subway:temporal-resolution-multiplexing_level2,LEFT,subway:judder_level2,subway:temporal-resolution-multiplexing_level2,2.271,239.98
k,116,bistro_exterior,bistro_exterior:judder_level1,bistro_exterior:duration_flicker_level0,LEFT,bistro_exterior:judder_level1,bistro_exterior:duration_flicker_level0,1.1959,240.0
k,117,attic,attic:stutter_level1,attic:judder_level1,RIGHT,attic:judder_level1,attic:stutter_level1,14.2668,240.0
k,118,classroom,classroom:restir_level1,classroom:stutter_level2,RIGHT,classroom:stutter_level2,classroom:restir_level1,1.3042,240.03
k,119,classroom,classroom:dlss_rr_level1,classroom:duration_flicker_level0,LEFT,classroom:dlss_rr_level1,classroom:duration_flicker_level0,6.1584,240.0
k,120,zeroday,zeroday:dlss_rr_level2,zeroday:motion_resolution_level0,LEFT,zeroday:dlss_rr_level2,zeroday:motion_resolution_level0,20.418,239.99
k,121,landscape,landscape:dlss_rr_level0,landscape:motion_noise_level2,RIGHT,landscape:motion_noise_level2,landscape:dlss_rr_level0,5.2125,240.0
k,122,bistro_interior,bistro_interior:noise_colors_level1,bistro_interior:stutter_level1,RIGHT,bistro_interior:stutter_level1,bistro_interior:noise_colors_level1,1.771,240.0
k,123,landscape,landscape:noise_colors_level2,landscape:motion_noise_level2,RIGHT,landscape:motion_noise_level2,landscape:noise_colors_level2,6.9,240.0
k,124,subway,subway:dlss_rr_level0,subway:motion_noise_level2,LEFT,subway:dlss_rr_level0,subway:motion_noise_level2,1.0584,240.01
k,125,attic,attic:stutter_level0,attic:judder_level0,RIGHT,attic:judder_level0,attic:stutter_level0,9.6504,239.99
k,126,bistro_exterior,bistro_exterior:temporal-resolution-multiplexing_level1,bistro_exterior:motion_noise_level2,LEFT,bistro_exterior:temporal-resolution-multiplexing_level1,bistro_exterior:motion_noise_level2,1.6584,240.01
k,127,bistro_interior,bistro_interior:restir_level2,bistro_interior:motion_resolution_level0,RIGHT,bistro_interior:motion_resolution_level0,bistro_interior:restir_level2,3.9875,240.0
k,128,bistro_interior,bistro_interior:motion_noise_level2,bistro_interior:temporal-resolution-multiplexing_level2,RIGHT,bistro_interior:temporal-resolution-multiplexing_level2,bistro_interior:motion_noise_level2,7.747,239.97
k,129,classroom,classroom:duration_flicker_level0,classroom:motion_resolution_level0,LEFT,classroom:duration_flicker_level0,classroom:motion_resolution_level0,5.6167,240.0
k,130,pink_room,pink_room:duration_flicker_level0,pink_room:noise_colors_level1,RIGHT,pink_room:noise_colors_level1,pink_room:duration_flicker_level0,2.925,240.01
k,131,bistro_interior,bistro_interior:noise_colors_level2,bistro_interior:duration_flicker_level2,RIGHT,bistro_interior:duration_flicker_level2,bistro_interior:noise_colors_level2,1.0462,239.92
k,132,bistro_exterior,bistro_exterior:noise_colors_level1,bistro_exterior:noise_colors_level0,RIGHT,bistro_exterior:noise_colors_level0,bistro_exterior:noise_colors_level1,5.5459,240.0
k,133,landscape,landscape:dlss_rr_level1,landscape:motion_resolution_level1,RIGHT,landscape:motion_resolution_level1,landscape:dlss_rr_level1,1.6167,240.0
k,134,bistro_interior,bistro_interior:motion_noise_level1,bistro_interior:duration_flicker_level2,RIGHT,bistro_interior:duration_flicker_level2,bistro_interior:motion_noise_level1,1.2667,240.01
k,135,bistro_exterior,bistro_exterior:duration_flicker_level0,bistro_exterior:noise_colors_level1,RIGHT,bistro_exterior:noise_colors_level1,bistro_exterior:duration_flicker_level0,8.1209,240.0
k,136,marbles,marbles:motion_resolution_level1,marbles:motion_resolution_level2,RIGHT,marbles:motion_resolution_level2,marbles:motion_resolution_level1,1.5459,240.02
k,137,attic,attic:stutter_level2,attic:temporal-resolution-multiplexing_level1,LEFT,attic:stutter_level2,attic:temporal-resolution-multiplexing_level1,11.2,240.0
k,138,pink_room,pink_room:noise_colors_level1,pink_room:noise_colors_level2,RIGHT,pink_room:noise_colors_level2,pink_room:noise_colors_level1,6.55,240.0
k,139,pink_room,pink_room:motion_resolution_level2,pink_room:motion_resolution_level1,RIGHT,pink_room:motion_resolution_level1,pink_room:motion_resolution_level2,1.0001,240.02
k,140,subway,subway:motion_noise_level1,subway:noise_colors_level2,LEFT,subway:motion_noise_level1,subway:noise_colors_level2,2.1417,240.01
k,141,pink_room,pink_room:motion_resolution_level1,pink_room:duration_flicker_level1,RIGHT,pink_room:duration_flicker_level1,pink_room:motion_resolution_level1,1.0917,240.03
k,142,attic,attic:restir_level0,attic:duration_flicker_level0,RIGHT,attic:duration_flicker_level0,attic:restir_level0,12.2125,240.0
k,143,attic,attic:noise_colors_level0,attic:motion_noise_level1,RIGHT,attic:motion_noise_level1,attic:noise_colors_level0,8.7427,239.97
k,144,bistro_exterior,bistro_exterior:duration_flicker_level1,bistro_exterior:restir_level2,LEFT,bistro_exterior:duration_flicker_level1,bistro_exterior:restir_level2,1.4002,239.98
k,145,landscape,landscape:temporal-resolution-multiplexing_level2,landscape:judder_level0,RIGHT,landscape:judder_level0,landscape:temporal-resolution-multiplexing_level2,4.5501,240.0
k,146,attic,attic:stutter_level1,attic:stutter_level0,LEFT,attic:stutter_level1,attic:stutter_level0,15.8751,240.0
k,147,bistro_interior,bistro_interior:motion_noise_level1,bistro_interior:duration_flicker_level0,RIGHT,bistro_interior:duration_flicker_level0,bistro_interior:motion_noise_level1,1.5333,240.02
k,148,subway,subway:duration_flicker_level2,subway:noise_colors_level1,RIGHT,subway:noise_colors_level1,subway:duration_flicker_level2,1.4209,240.02
k,149,classroom,classroom:noise_colors_level1,classroom:motion_noise_level2,LEFT,classroom:noise_colors_level1,classroom:motion_noise_level2,4.4209,240.0
k,150,marbles,marbles:stutter_level0,marbles:judder_level0,RIGHT,marbles:judder_level0,marbles:stutter_level0,12.5168,240.0
k,151,pink_room,pink_room:temporal-resolution-multiplexing_level0,pink_room:motion_noise_level1,LEFT,pink_room:temporal-resolution-multiplexing_level0,pink_room:motion_noise_level1,7.3875,240.01
k,152,classroom,classroom:temporal-resolution-multiplexing_level2,classroom:motion_resolution_level1,LEFT,classroom:temporal-resolution-multiplexing_level2,classroom:motion_resolution_level1,5.2756,239.97
k,153,landscape,landscape:duration_flicker_level2,landscape:temporal-resolution-multiplexing_level2,RIGHT,landscape:temporal-resolution-multiplexing_level2,landscape:duration_flicker_level2,1.9542,240.01
k,154,marbles,marbles:dlss_rr_level0,marbles:restir_level1,RIGHT,marbles:restir_level1,marbles:dlss_rr_level0,5.3125,240.01
k,155,subway,subway:noise_colors_level1,subway:motion_noise_level0,LEFT,subway:noise_colors_level1,subway:motion_noise_level0,4.2709,240.01
k,156,subway,subway:judder_level1,subway:duration_flicker_level0,LEFT,subway:judder_level1,subway:duration_flicker_level0,9.0552,239.97
k,157,pink_room,pink_room:temporal-resolution-multiplexing_level0,pink_room:reference,LEFT,pink_room:temporal-resolution-multiplexing_level0,pink_room:reference,11.6334,240.0
k,158,subway,subway:motion_resolution_level1,subway:noise_colors_level1,LEFT,subway:motion_resolution_level1,subway:noise_colors_level1,9.0834,240.0
k,159,marbles,marbles:motion_noise_level2,marbles:duration_flicker_level1,LEFT,marbles:motion_noise_level2,marbles:duration_flicker_level1,3.3085,239.99
k,160,classroom,classroom:dlss_rr_level1,classroom:motion_noise_level0,LEFT,classroom:dlss_rr_level1,classroom:motion_noise_level0,4.4715,239.97
k,161,attic,attic:motion_noise_level0,attic:noise_colors_level0,RIGHT,attic:noise_colors_level0,attic:motion_noise_level0,2.9,240.0
k,162,subway,subway:motion_noise_level2,subway:dlss_rr_level1,RIGHT,subway:dlss_rr_level1,subway:motion_noise_level2,1.4334,240.02
k,163,subway,subway:motion_resolution_level0,subway:duration_flicker_level2,LEFT,subway:motion_resolution_level0,subway:duration_flicker_level2,3.675,240.01
k,164,bistro_interior,bistro_interior:dlss_rr_level2,bistro_interior:judder_level2,RIGHT,bistro_interior:judder_level2,bistro_interior:dlss_rr_level2,1.7542,240.01
k,165,attic,attic:restir_level1,attic:noise_colors_level2,LEFT,attic:restir_level1,attic:noise_colors_level2,7.4459,240.0
k,166,classroom,classroom:temporal-resolution-multiplexing_level0,classroom:motion_noise_level0,LEFT,classroom:temporal-resolution-multiplexing_level0,classroom:motion_noise_level0,5.9884,239.97
k,167,pink_room,pink_room:motion_resolution_level0,pink_room:stutter_level1,RIGHT,pink_room:stutter_level1,pink_room:motion_resolution_level0,5.8,240.0
k,168,landscape,landscape:motion_resolution_level0,landscape:temporal-resolution-multiplexing_level2,RIGHT,landscape:temporal-resolution-multiplexing_level2,landscape:motion_resolution_level0,6.7209,240.0
k,169,subway,subway:noise_colors_level0,subway:temporal-resolution-multiplexing_level0,LEFT,subway:noise_colors_level0,subway:temporal-resolution-multiplexing_level0,4.3584,240.01
k,170,classroom,classroom:dlss_rr_level0,classroom:judder_level0,RIGHT,classroom:judder_level0,classroom:dlss_rr_level0,12.3875,240.0
k,171,classroom,classroom:judder_level1,classroom:dlss_rr_level0,LEFT,classroom:judder_level1,classroom:dlss_rr_level0,4.5505,239.98
k,172,bistro_exterior,bistro_exterior:motion_noise_level1,bistro_exterior:duration_flicker_level0,RIGHT,bistro_exterior:duration_flicker_level0,bistro_exterior:motion_noise_level1,2.7464,239.96
k,173,zeroday,zeroday:reference,zeroday:motion_noise_level0,LEFT,zeroday:reference,zeroday:motion_noise_level0,6.5875,240.0
k,174,bistro_interior,bistro_interior:judder_level0,bistro_interior:dlss_rr_level2,LEFT,bistro_interior:judder_level0,bistro_interior:dlss_rr_level2,1.1419,239.96
k,175,marbles,marbles:motion_resolution_level1,marbles:duration_flicker_level2,RIGHT,marbles:duration_flicker_level2,marbles:motion_resolution_level1,1.3086,239.97
k,176,marbles,marbles:stutter_level0,marbles:restir_level0,LEFT,marbles:stutter_level0,marbles:restir_level0,4.9376,239.99
k,177,zeroday,zeroday:dlss_rr_level2,zeroday:noise_colors_level1,RIGHT,zeroday:noise_colors_level1,zeroday:dlss_rr_level2,2.9334,240.0
k,178,marbles,marbles:temporal-resolution-multiplexing_level0,marbles:motion_noise_level1,LEFT,marbles:temporal-resolution-multiplexing_level0,marbles:motion_noise_level1,1.075,240.0
k,179,marbles,marbles:noise_colors_level1,marbles:judder_level2,RIGHT,marbles:judder_level2,marbles:noise_colors_level1,5.5875,240.0
k,180,subway,subway:duration_flicker_level0,subway:motion_resolution_level0,LEFT,subway:duration_flicker_level0,subway:motion_resolution_level0,1.5625,240.01
k,181,pink_room,pink_room:motion_resolution_level0,pink_room:judder_level1,RIGHT,pink_room:judder_level1,pink_room:motion_resolution_level0,0.95,240.02
k,182,bistro_interior,bistro_interior:motion_noise_level2,bistro_interior:restir_level0,LEFT,bistro_interior:motion_noise_level2,bistro_interior:restir_level0,10.9542,240.0
k,183,subway,subway:motion_noise_level2,subway:motion_resolution_level1,RIGHT,subway:motion_resolution_level1,subway:motion_noise_level2,2.4125,240.01
k,184,zeroday,zeroday:motion_noise_level1,zeroday:noise_colors_level0,LEFT,zeroday:motion_noise_level1,zeroday:noise_colors_level0,27.4709,240.0
k,185,subway,subway:stutter_level2,subway:judder_level0,RIGHT,subway:judder_level0,subway:stutter_level2,7.225,240.0
k,186,marbles,marbles:dlss_rr_level2,marbles:duration_flicker_level2,LEFT,marbles:dlss_rr_level2,marbles:duration_flicker_level2,2.3625,240.01
k,187,bistro_exterior,bistro_exterior:stutter_level0,bistro_exterior:temporal-resolution-multiplexing_level0,RIGHT,bistro_exterior:temporal-resolution-multiplexing_level0,bistro_exterior:stutter_level0,1.4168,240.01
k,188,classroom,classroom:dlss_rr_level2,classroom:temporal-resolution-multiplexing_level2,LEFT,classroom:dlss_rr_level2,classroom:temporal-resolution-multiplexing_level2,1.7834,240.01
k,189,pink_room,pink_room:stutter_level0,pink_room:judder_level0,LEFT,pink_room:stutter_level0,pink_room:judder_level0,1.6792,240.02
k,190,classroom,classroom:duration_flicker_level1,classroom:restir_level1,RIGHT,classroom:restir_level1,classroom:duration_flicker_level1,1.5375,240.0
k,191,zeroday,zeroday:motion_noise_level2,zeroday:dlss_rr_level2,LEFT,zeroday:motion_noise_level2,zeroday:dlss_rr_level2,5.0709,240.01
k,192,landscape,landscape:temporal-resolution-multiplexing_level2,landscape:stutter_level1,RIGHT,landscape:stutter_level1,landscape:temporal-resolution-multiplexing_level2,1.4042,240.02
k,193,bistro_exterior,bistro_exterior:stutter_level1,bistro_exterior:stutter_level0,LEFT,bistro_exterior:stutter_level1,bistro_exterior:stutter_level0,2.8875,240.01
k,194,classroom,classroom:temporal-resolution-multiplexing_level1,classroom:stutter_level2,RIGHT,classroom:stutter_level2,classroom:temporal-resolution-multiplexing_level1,2.7917,240.01
k,195,marbles,marbles:dlss_rr_level1,marbles:temporal-resolution-multiplexing_level0,LEFT,marbles:dlss_rr_level1,marbles:temporal-resolution-multiplexing_level0,4.1005,239.97
k,196,attic,attic:noise_colors_level2,attic:restir_level0,RIGHT,attic:restir_level0,attic:noise_colors_level2,3.4463,239.97
k,197,landscape,landscape:judder_level2,landscape:temporal-resolution-multiplexing_level2,RIGHT,landscape:temporal-resolution-multiplexing_level2,landscape:judder_level2,12.3417,240.0
k,198,bistro_interior,bistro_interior:dlss_rr_level2,bistro_interior:restir_level2,LEFT,bistro_interior:dlss_rr_level2,bistro_interior:restir_level2,1.5628,239.96
k,199,classroom,classroom:restir_level0,classroom:motion_noise_level0,RIGHT,classroom:motion_noise_level0,classroom:restir_level0,5.55,240.01
k,200,zeroday,zeroday:judder_level1,zeroday:noise_colors_level0,LEFT,zeroday:judder_level1,zeroday:noise_colors_level0,1.7459,240.01
k,201,zeroday,zeroday:dlss_rr_level2,zeroday:duration_flicker_level1,RIGHT,zeroday:duration_flicker_level1,zeroday:dlss_rr_level2,3.1667,240.01
k,202,marbles,marbles:noise_colors_level2,marbles:restir_level2,LEFT,marbles:noise_colors_level2,marbles:restir_level2,2.0421,239.98
k,203,bistro_exterior,bistro_exterior:duration_flicker_level1,bistro_exterior:judder_level2,LEFT,bistro_exterior:duration_flicker_level1,bistro_exterior:judder_level2,1.5378,239.94
k,204,bistro_exterior,bistro_exterior:duration_flicker_level1,bistro_exterior:temporal-resolution-multiplexing_level1,LEFT,bistro_exterior:duration_flicker_level1,bistro_exterior:temporal-resolution-multiplexing_level1,1.2917,239.97
k,205,pink_room,pink_room:restir_level0,pink_room:temporal-resolution-multiplexing_level0,RIGHT,pink_room:temporal-resolution-multiplexing_level0,pink_room:restir_level0,6.4591,239.97
k,206,landscape,landscape:reference,landscape:restir_level1,LEFT,landscape:reference,landscape:restir_level1,5.0584,240.0
k,207,zeroday,zeroday:duration_flicker_level0,zeroday:stutter_level2,LEFT,zeroday:duration_flicker_level0,zeroday:stutter_level2,9.4084,240.0
k,208,marbles,marbles:stutter_level2,marbles:noise_colors_level1,LEFT,marbles:stutter_level2,marbles:noise_colors_level1,5.3504,239.99
k,209,marbles,marbles:duration_flicker_level0,marbles:motion_resolution_level0,RIGHT,marbles:motion_resolution_level0,marbles:duration_flicker_level0,2.5834,240.0
k,210,classroom,classroom:restir_level2,classroom:motion_resolution_level1,RIGHT,classroom:motion_resolution_level1,classroom:restir_level2,1.4711,239.97
k,211,bistro_exterior,bistro_exterior:dlss_rr_level1,bistro_exterior:temporal-resolution-multiplexing_level1,RIGHT,bistro_exterior:temporal-resolution-multiplexing_level1,bistro_exterior:dlss_rr_level1,2.3545,239.97
k,212,landscape,landscape:judder_level1,landscape:restir_level0,RIGHT,landscape:restir_level0,landscape:judder_level1,1.5625,240.03
k,213,classroom,classroom:dlss_rr_level0,classroom:noise_colors_level0,RIGHT,classroom:noise_colors_level0,classroom:dlss_rr_level0,1.8042,240.01
k,214,pink_room,pink_room:motion_resolution_level1,pink_room:dlss_rr_level2,RIGHT,pink_room:dlss_rr_level2,pink_room:motion_resolution_level1,1.7667,240.01
k,215,bistro_exterior,bistro_exterior:dlss_rr_level2,bistro_exterior:motion_resolution_level2,LEFT,bistro_exterior:dlss_rr_level2,bistro_exterior:motion_resolution_level2,1.2042,240.01
k,216,attic,attic:stutter_level0,attic:noise_colors_level0,RIGHT,attic:noise_colors_level0,attic:stutter_level0,4.3504,239.98
k,217,landscape,landscape:duration_flicker_level0,landscape:temporal-resolution-multiplexing_level2,LEFT,landscape:duration_flicker_level0,landscape:temporal-resolution-multiplexing_level2,0.95,240.02
k,218,bistro_exterior,bistro_exterior:restir_level0,bistro_exterior:restir_level1,LEFT,bistro_exterior:restir_level0,bistro_exterior:restir_level1,1.6,240.0
k,219,zeroday,zeroday:stutter_level2,zeroday:judder_level1,RIGHT,zeroday:judder_level1,zeroday:stutter_level2,11.7875,240.0
k,220,classroom,classroom:motion_noise_level1,classroom:motion_noise_level2,RIGHT,classroom:motion_noise_level2,classroom:motion_noise_level1,1.4292,239.99
k,221,pink_room,pink_room:noise_colors_level1,pink_room:duration_flicker_level2,LEFT,pink_room:noise_colors_level1,pink_room:duration_flicker_level2,2.1959,240.02
k,222,pink_room,pink_room:noise_colors_level2,pink_room:duration_flicker_level1,LEFT,pink_room:noise_colors_level2,pink_room:duration_flicker_level1,2.2377,239.99
k,223,bistro_exterior,bistro_exterior:motion_resolution_level2,bistro_exterior:motion_resolution_level1,LEFT,bistro_exterior:motion_resolution_level2,bistro_exterior:motion_resolution_level1,0.9001,240.02
k,224,marbles,marbles:motion_noise_level1,marbles:noise_colors_level0,LEFT,marbles:motion_noise_level1,marbles:noise_colors_level0,5.3167,240.0
k,225,landscape,landscape:temporal-resolution-multiplexing_level0,landscape:motion_noise_level0,RIGHT,landscape:motion_noise_level0,landscape:temporal-resolution-multiplexing_level0,1.8667,240.01
k,226,marbles,marbles:restir_level0,marbles:reference,LEFT,marbles:restir_level0,marbles:reference,2.4001,240.01
k,227,classroom,classroom:stutter_level1,classroom:dlss_rr_level0,RIGHT,classroom:dlss_rr_level0,classroom:stutter_level1,3.9003,239.99
k,228,attic,attic:judder_level2,attic:stutter_level0,RIGHT,attic:stutter_level0,attic:judder_level2,6.0883,239.97
k,229,landscape,landscape:dlss_rr_level0,landscape:stutter_level0,LEFT,landscape:dlss_rr_level0,landscape:stutter_level0,2.9375,240.01
k,230,landscape,landscape:stutter_level2,landscape:duration_flicker_level1,LEFT,landscape:stutter_level2,landscape:duration_flicker_level1,2.0167,240.01
k,231,marbles,marbles:judder_level1,marbles:reference,LEFT,marbles:judder_level1,marbles:reference,6.0042,240.0
k,232,pink_room,pink_room:motion_resolution_level0,pink_room:noise_colors_level0,RIGHT,pink_room:noise_colors_level0,pink_room:motion_resolution_level0,3.4917,240.01
k,233,zeroday,zeroday:judder_level1,zeroday:temporal-resolution-multiplexing_level0,LEFT,zeroday:judder_level1,zeroday:temporal-resolution-multiplexing_level0,6.6042,240.0
k,234,pink_room,pink_room:noise_colors_level1,pink_room:motion_resolution_level0,LEFT,pink_room:noise_colors_level1,pink_room:motion_resolution_level0,1.4584,240.01
k,235,zeroday,zeroday:duration_flicker_level0,zeroday:noise_colors_level2,RIGHT,zeroday:noise_colors_level2,zeroday:duration_flicker_level0,6.1459,240.0
k,236,landscape,landscape:dlss_rr_level0,landscape:judder_level0,LEFT,landscape:dlss_rr_level0,landscape:judder_level0,3.0875,240.0
k,237,landscape,landscape:restir_level1,landscape:temporal-resolution-multiplexing_level0,LEFT,landscape:restir_level1,landscape:temporal-resolution-multiplexing_level0,2.4334,240.01
k,238,attic,attic:noise_colors_level2,attic:duration_flicker_level1,RIGHT,attic:duration_flicker_level1,attic:noise_colors_level2,1.6751,239.99
k,239,zeroday,zeroday:motion_resolution_level0,zeroday:restir_level2,LEFT,zeroday:motion_resolution_level0,zeroday:restir_level2,1.4792,240.02
k,240,attic,attic:dlss_rr_level0,attic:restir_level2,LEFT,attic:dlss_rr_level0,attic:restir_level2,1.5334,240.02
k,241,landscape,landscape:dlss_rr_level2,landscape:motion_resolution_level2,LEFT,landscape:dlss_rr_level2,landscape:motion_resolution_level2,1.9959,240.01
k,242,landscape,landscape:temporal-resolution-multiplexing_level0,landscape:noise_colors_level0,LEFT,landscape:temporal-resolution-multiplexing_level0,landscape:noise_colors_level0,2.3334,240.0
k,243,attic,attic:stutter_level0,attic:motion_noise_level2,RIGHT,attic:motion_noise_level2,attic:stutter_level0,2.1375,240.01
kk3,1,subway,subway:noise_colors_level0,subway:motion_resolution_level0,RIGHT,subway:motion_resolution_level0,subway:noise_colors_level0,29.429,239.99
kk3,2,bistro_exterior,bistro_exterior:motion_noise_level0,bistro_exterior:temporal-resolution-multiplexing_level0,RIGHT,bistro_exterior:temporal-resolution-multiplexing_level0,bistro_exterior:motion_noise_level0,32.8746,239.97
kk3,3,marbles,marbles:motion_resolution_level0,marbles:stutter_level2,RIGHT,marbles:stutter_level2,marbles:motion_resolution_level0,26.6868,239.97
kk3,4,bistro_exterior,bistro_exterior:reference,bistro_exterior:noise_colors_level1,RIGHT,bistro_exterior:noise_colors_level1,bistro_exterior:reference,17.5554,239.98
kk3,5,marbles,marbles:motion_noise_level0,marbles:motion_noise_level2,RIGHT,marbles:motion_noise_level2,marbles:motion_noise_level0,25.8303,239.99
kk3,6,subway,subway:duration_flicker_level0,subway:dlss_rr_level1,LEFT,subway:duration_flicker_level0,subway:dlss_rr_level1,51.0228,239.99
kk3,7,attic,attic:dlss_rr_level2,attic:restir_level1,RIGHT,attic:restir_level1,attic:dlss_rr_level2,18.7882,239.99
kk3,8,subway,subway:duration_flicker_level2,subway:motion_resolution_level2,LEFT,subway:duration_flicker_level2,subway:motion_resolution_level2,2.0626,240.01
kk3,9,landscape,landscape:motion_resolution_level1,landscape:dlss_rr_level2,RIGHT,landscape:dlss_rr_level2,landscape:motion_resolution_level1,6.8209,240.0
kk3,10,marbles,marbles:noise_colors_level1,marbles:duration_flicker_level2,RIGHT,marbles:duration_flicker_level2,marbles:noise_colors_level1,46.3235,239.99
kk3,11,zeroday,zeroday:judder_level2,zeroday:dlss_rr_level1,LEFT,zeroday:judder_level2,zeroday:dlss_rr_level1,53.9029,239.99
kk3,12,attic,attic:motion_resolution_level2,attic:temporal-resolution-multiplexing_level2,RIGHT,attic:temporal-resolution-multiplexing_level2,attic:motion_resolution_level2,6.8667,240.01
kk3,13,bistro_interior,bistro_interior:restir_level2,bistro_interior:dlss_rr_level2,RIGHT,bistro_interior:dlss_rr_level2,bistro_interior:restir_level2,3.2625,240.0
kk3,14,subway,subway:judder_level0,subway:temporal-resolution-multiplexing_level0,LEFT,subway:judder_level0,subway:temporal-resolution-multiplexing_level0,57.1564,239.97
kk3,15,marbles,marbles:restir_level1,marbles:restir_level0,LEFT,marbles:restir_level1,marbles:restir_level0,33.1901,239.98
kk3,16,marbles,marbles:dlss_rr_level2,marbles:temporal-resolution-multiplexing_level2,RIGHT,marbles:temporal-resolution-multiplexing_level2,marbles:dlss_rr_level2,28.8014,239.99
kk3,17,subway,subway:dlss_rr_level2,subway:restir_level0,LEFT,subway:dlss_rr_level2,subway:restir_level0,6.95,240.0
kk3,18,attic,attic:noise_colors_level0,attic:reference,RIGHT,attic:reference,attic:noise_colors_level0,77.9056,239.98
kk3,19,bistro_interior,bistro_interior:stutter_level1,bistro_interior:judder_level0,LEFT,bistro_interior:stutter_level1,bistro_interior:judder_level0,22.4751,240.0
kk3,20,pink_room,pink_room:motion_resolution_level1,pink_room:dlss_rr_level1,RIGHT,pink_room:dlss_rr_level1,pink_room:motion_resolution_level1,6.7834,240.01
kk3,21,pink_room,pink_room:motion_noise_level0,pink_room:stutter_level0,RIGHT,pink_room:stutter_level0,pink_room:motion_noise_level0,11.9973,239.97
kk3,22,subway,subway:temporal-resolution-multiplexing_level2,subway:dlss_rr_level2,RIGHT,subway:dlss_rr_level2,subway:temporal-resolution-multiplexing_level2,9.1417,240.0
kk3,23,landscape,landscape:motion_noise_level2,landscape:judder_level0,LEFT,landscape:motion_noise_level2,landscape:judder_level0,63.4535,239.97
kk3,24,marbles,marbles:dlss_rr_level2,marbles:noise_colors_level2,LEFT,marbles:dlss_rr_level2,marbles:noise_colors_level2,4.2504,239.97
kk3,25,attic,attic:restir_level0,attic:stutter_level0,RIGHT,attic:stutter_level0,attic:restir_level0,74.1969,239.97
kk3,26,landscape,landscape:duration_flicker_level1,landscape:duration_flicker_level0,RIGHT,landscape:duration_flicker_level0,landscape:duration_flicker_level1,7.7876,240.0
kk3,27,subway,subway:noise_colors_level2,subway:restir_level0,LEFT,subway:noise_colors_level2,subway:restir_level0,10.2959,240.0
kk3,28,bistro_interior,bistro_interior:duration_flicker_level0,bistro_interior:stutter_level0,RIGHT,bistro_interior:stutter_level0,bistro_interior:duration_flicker_level0,32.9428,239.99
kk3,29,subway,subway:dlss_rr_level1,subway:dlss_rr_level0,RIGHT,subway:dlss_rr_level0,subway:dlss_rr_level1,58.4011,239.98
kk3,30,pink_room,pink_room:judder_level2,pink_room:noise_colors_level1,RIGHT,pink_room:noise_colors_level1,pink_room:judder_level2,36.6087,240.0
kk3,31,attic,attic:dlss_rr_level0,attic:duration_flicker_level1,LEFT,attic:dlss_rr_level0,attic:duration_flicker_level1,22.6222,239.98
kk3,32,subway,subway:motion_noise_level1,subway:motion_resolution_level2,LEFT,subway:motion_noise_level1,subway:motion_resolution_level2,1.9125,240.01
kk3,33,bistro_exterior,bistro_exterior:temporal-resolution-multiplexing_level0,bistro_exterior:judder_level1,LEFT,bistro_exterior:temporal-resolution-multiplexing_level0,bistro_exterior:judder_level1,13.5334,240.0
kk3,34,bistro_exterior,bistro_exterior:duration_flicker_level1,bistro_exterior:motion_noise_level1,RIGHT,bistro_exterior:motion_noise_level1,bistro_exterior:duration_flicker_level1,15.2924,239.99
kk3,35,marbles,marbles:restir_level0,marbles:motion_noise_level0,RIGHT,marbles:motion_noise_level0,marbles:restir_level0,18.4182,239.98
kk3,36,bistro_interior,bistro_interior:duration_flicker_level1,bistro_interior:judder_level0,RIGHT,bistro_interior:judder_level0,bistro_interior:duration_flicker_level1,11.9459,240.0
kk3,37,classroom,classroom:judder_level2,classroom:judder_level1,LEFT,classroom:judder_level2,classroom:judder_level1,26.9157,239.97
kk3,38,subway,subway:dlss_rr_level1,subway:stutter_level2,LEFT,subway:dlss_rr_level1,subway:stutter_level2,12.3334,240.0
kk3,39,classroom,classroom:restir_level1,classroom:dlss_rr_level2,RIGHT,classroom:dlss_rr_level2,classroom:restir_level1,43.4746,239.98
kk3,40,pink_room,pink_room:noise_colors_level2,pink_room:duration_flicker_level0,LEFT,pink_room:noise_colors_level2,pink_room:duration_flicker_level0,12.4792,240.0
kk3,41,pink_room,pink_room:judder_level2,pink_room:motion_noise_level2,RIGHT,pink_room:motion_noise_level2,pink_room:judder_level2,36.4036,239.98
kk3,42,bistro_interior,bistro_interior:temporal-resolution-multiplexing_level1,bistro_interior:motion_noise_level0,RIGHT,bistro_interior:motion_noise_level0,bistro_interior:temporal-resolution-multiplexing_level1,66.6335,239.97
kk3,43,subway,subway:motion_resolution_level1,subway:motion_resolution_level0,RIGHT,subway:motion_resolution_level0,subway:motion_resolution_level1,41.9718,239.97
kk3,44,attic,attic:restir_level0,attic:judder_level2,RIGHT,attic:judder_level2,attic:restir_level0,28.191,239.97
kk3,45,pink_room,pink_room:duration_flicker_level0,pink_room:restir_level2,RIGHT,pink_room:restir_level2,pink_room:duration_flicker_level0,3.225,240.01
kk3,46,zeroday,zeroday:temporal-resolution-multiplexing_level1,zeroday:motion_noise_level1,LEFT,zeroday:temporal-resolution-multiplexing_level1,zeroday:motion_noise_level1,23.7851,239.98
kk3,47,pink_room,pink_room:temporal-resolution-multiplexing_level0,pink_room:stutter_level1,LEFT,pink_room:temporal-resolution-multiplexing_level0,pink_room:stutter_level1,16.4876,240.0
kk3,48,bistro_exterior,bistro_exterior:motion_resolution_level2,bistro_exterior:duration_flicker_level2,LEFT,bistro_exterior:motion_resolution_level2,bistro_exterior:duration_flicker_level2,10.6757,239.98
kk3,49,attic,attic:noise_colors_level1,attic:judder_level0,RIGHT,attic:judder_level0,attic:noise_colors_level1,17.2593,239.99
kk3,50,attic,attic:dlss_rr_level0,attic:restir_level0,RIGHT,attic:restir_level0,attic:dlss_rr_level0,13.3011,239.98
kk3,51,bistro_exterior,bistro_exterior:judder_level0,bistro_exterior:stutter_level0,RIGHT,bistro_exterior:stutter_level0,bistro_exterior:judder_level0,27.1949,239.97
kk3,52,pink_room,pink_room:motion_noise_level0,pink_room:judder_level1,RIGHT,pink_room:judder_level1,pink_room:motion_noise_level0,3.2417,240.01
kk3,53,pink_room,pink_room:motion_resolution_level1,pink_room:dlss_rr_level2,RIGHT,pink_room:dlss_rr_level2,pink_room:motion_resolution_level1,4.1792,240.0
kk3,54,landscape,landscape:motion_resolution_level2,landscape:motion_resolution_level1,RIGHT,landscape:motion_resolution_level1,landscape:motion_resolution_level2,10.4292,240.0
kk3,55,landscape,landscape:restir_level0,landscape:temporal-resolution-multiplexing_level0,RIGHT,landscape:temporal-resolution-multiplexing_level0,landscape:restir_level0,7.15,240.01
kk3,56,attic,attic:reference,attic:motion_noise_level0,RIGHT,attic:motion_noise_level0,attic:reference,27.8522,239.98
kk3,57,marbles,marbles:stutter_level0,marbles:reference,RIGHT,marbles:reference,marbles:stutter_level0,26.0424,239.99
kk3,58,subway,subway:motion_resolution_level0,subway:dlss_rr_level1,LEFT,subway:motion_resolution_level0,subway:dlss_rr_level1,5.7042,240.0
kk3,59,landscape,landscape:motion_resolution_level0,landscape:duration_flicker_level1,RIGHT,landscape:duration_flicker_level1,landscape:motion_resolution_level0,4.575,240.0
kk3,60,subway,subway:duration_flicker_level1,subway:motion_resolution_level0,LEFT,subway:duration_flicker_level1,subway:motion_resolution_level0,6.7375,240.0
kk3,61,bistro_interior,bistro_interior:judder_level0,bistro_interior:duration_flicker_level2,LEFT,bistro_interior:judder_level0,bistro_interior:duration_flicker_level2,3.2792,240.01
kk3,62,bistro_exterior,bistro_exterior:judder_level0,bistro_exterior:dlss_rr_level1,LEFT,bistro_exterior:judder_level0,bistro_exterior:dlss_rr_level1,2.8084,240.01
kk3,63,classroom,classroom:temporal-resolution-multiplexing_level0,classroom:stutter_level0,RIGHT,classroom:stutter_level0,classroom:temporal-resolution-multiplexing_level0,30.1787,239.97
kk3,64,subway,subway:dlss_rr_level1,subway:motion_noise_level1,RIGHT,subway:motion_noise_level1,subway:dlss_rr_level1,4.0292,240.01
kk3,65,pink_room,pink_room:motion_resolution_level1,pink_room:temporal-resolution-multiplexing_level1,RIGHT,pink_room:temporal-resolution-multiplexing_level1,pink_room:motion_resolution_level1,6.1334,240.0
kk3,66,pink_room,pink_room:judder_level2,pink_room:motion_noise_level1,RIGHT,pink_room:motion_noise_level1,pink_room:judder_level2,32.1554,239.99
kk3,67,bistro_exterior,bistro_exterior:noise_colors_level2,bistro_exterior:temporal-resolution-multiplexing_level2,LEFT,bistro_exterior:noise_colors_level2,bistro_exterior:temporal-resolution-multiplexing_level2,5.8923,239.97
kk3,68,attic,attic:motion_resolution_level0,attic:stutter_level1,RIGHT,attic:stutter_level1,attic:motion_resolution_level0,29.983,239.97
kk3,69,zeroday,zeroday:duration_flicker_level2,zeroday:restir_level1,RIGHT,zeroday:restir_level1,zeroday:duration_flicker_level2,38.1125,239.97
kk3,70,pink_room,pink_room:motion_resolution_level0,pink_room:duration_flicker_level0,LEFT,pink_room:motion_resolution_level0,pink_room:duration_flicker_level0,3.7292,240.01
kk3,71,zeroday,zeroday:noise_colors_level0,zeroday:judder_level1,LEFT,zeroday:noise_colors_level0,zeroday:judder_level1,8.759,239.98
kk3,72,pink_room,pink_room:dlss_rr_level1,pink_room:temporal-resolution-multiplexing_level2,RIGHT,pink_room:temporal-resolution-multiplexing_level2,pink_room:dlss_rr_level1,13.45,240.0
kk3,73,classroom,classroom:reference,classroom:temporal-resolution-multiplexing_level0,RIGHT,classroom:temporal-resolution-multiplexing_level0,classroom:reference,22.3896,239.98
kk3,74,subway,subway:noise_colors_level1,subway:motion_resolution_level0,LEFT,subway:noise_colors_level1,subway:motion_resolution_level0,6.3334,240.01
kk3,75,marbles,marbles:restir_level1,marbles:duration_flicker_level0,LEFT,marbles:restir_level1,marbles:duration_flicker_level0,18.2231,239.97
kk3,76,attic,attic:stutter_level1,attic:noise_colors_level1,RIGHT,attic:noise_colors_level1,attic:stutter_level1,24.6167,240.0
kk3,77,attic,attic:dlss_rr_level2,attic:restir_level2,RIGHT,attic:restir_level2,attic:dlss_rr_level2,16.1396,239.97
kk3,78,zeroday,zeroday:restir_level0,zeroday:dlss_rr_level1,RIGHT,zeroday:dlss_rr_level1,zeroday:restir_level0,27.4125,240.0
kk3,79,pink_room,pink_room:judder_level2,pink_room:restir_level0,RIGHT,pink_room:restir_level0,pink_room:judder_level2,36.2706,239.97
kk3,80,bistro_interior,bistro_interior:dlss_rr_level0,bistro_interior:dlss_rr_level1,LEFT,bistro_interior:dlss_rr_level0,bistro_interior:dlss_rr_level1,7.5426,239.97
kk3,81,bistro_exterior,bistro_exterior:stutter_level1,bistro_exterior:judder_level2,LEFT,bistro_exterior:stutter_level1,bistro_exterior:judder_level2,15.7343,239.98
kk3,82,subway,subway:motion_resolution_level2,subway:restir_level1,LEFT,subway:motion_resolution_level2,subway:restir_level1,6.2713,239.99
kk3,83,zeroday,zeroday:noise_colors_level0,zeroday:temporal-resolution-multiplexing_level0,RIGHT,zeroday:temporal-resolution-multiplexing_level0,zeroday:noise_colors_level0,8.0138,240.04
kk3,84,pink_room,pink_room:noise_colors_level0,pink_room:stutter_level0,LEFT,pink_room:noise_colors_level0,pink_room:stutter_level0,16.6501,240.0
kk3,85,bistro_exterior,bistro_exterior:dlss_rr_level0,bistro_exterior:judder_level2,RIGHT,bistro_exterior:judder_level2,bistro_exterior:dlss_rr_level0,12.4924,239.99
kk3,86,pink_room,pink_room:duration_flicker_level1,pink_room:dlss_rr_level1,RIGHT,pink_room:dlss_rr_level1,pink_room:duration_flicker_level1,2.6959,240.0
kk3,87,pink_room,pink_room:motion_noise_level0,pink_room:stutter_level1,RIGHT,pink_room:stutter_level1,pink_room:motion_noise_level0,9.1585,240.0
kk3,88,classroom,classroom:noise_colors_level1,classroom:temporal-resolution-multiplexing_level1,LEFT,classroom:noise_colors_level1,classroom:temporal-resolution-multiplexing_level1,16.2016,239.98
kk3,89,zeroday,zeroday:duration_flicker_level2,zeroday:motion_resolution_level1,LEFT,zeroday:duration_flicker_level2,zeroday:motion_resolution_level1,8.3876,240.0
kk3,90,landscape,landscape:dlss_rr_level0,landscape:noise_colors_level2,RIGHT,landscape:noise_colors_level2,landscape:dlss_rr_level0,15.0103,239.97
kk3,91,marbles,marbles:judder_level2,marbles:restir_level1,RIGHT,marbles:restir_level1,marbles:judder_level2,13.3935,239.97
kk3,92,attic,attic:reference,attic:temporal-resolution-multiplexing_level0,RIGHT,attic:temporal-resolution-multiplexing_level0,attic:reference,32.3375,240.0
kk3,93,classroom,classroom:motion_resolution_level1,classroom:noise_colors_level2,RIGHT,classroom:noise_colors_level2,classroom:motion_resolution_level1,8.2584,240.01
kk3,94,bistro_interior,bistro_interior:stutter_level0,bistro_interior:motion_noise_level2,RIGHT,bistro_interior:motion_noise_level2,bistro_interior:stutter_level0,34.707,239.98
kk3,95,marbles,marbles:restir_level1,marbles:temporal-resolution-multiplexing_level1,LEFT,marbles:restir_level1,marbles:temporal-resolution-multiplexing_level1,35.2536,239.98
kk3,96,landscape,landscape:motion_noise_level1,landscape:restir_level0,RIGHT,landscape:restir_level0,landscape:motion_noise_level1,18.875,240.0
kk3,97,attic,attic:motion_noise_level1,attic:judder_level1,LEFT,attic:motion_noise_level1,attic:judder_level1,22.392,240.0
kk3,98,zeroday,zeroday:noise_colors_level2,zeroday:dlss_rr_level1,LEFT,zeroday:noise_colors_level2,zeroday:dlss_rr_level1,13.4209,240.0
kk3,99,attic,attic:motion_noise_level2,attic:noise_colors_level1,RIGHT,attic:noise_colors_level1,attic:motion_noise_level2,30.9988,239.98
kk3,100,zeroday,zeroday:duration_flicker_level2,zeroday:noise_colors_level1,RIGHT,zeroday:noise_colors_level1,zeroday:duration_flicker_level2,18.0632,239.99
kk3,101,marbles,marbles:duration_flicker_level0,marbles:noise_colors_level1,LEFT,marbles:duration_flicker_level0,marbles:noise_colors_level1,21.0128,240.0
kk3,102,attic,attic:temporal-resolution-multiplexing_level1,attic:restir_level2,RIGHT,attic:restir_level2,attic:temporal-resolution-multiplexing_level1,19.9272,239.97
kk3,103,bistro_exterior,bistro_exterior:temporal-resolution-multiplexing_level2,bistro_exterior:duration_flicker_level2,RIGHT,bistro_exterior:duration_flicker_level2,bistro_exterior:temporal-resolution-multiplexing_level2,17.5647,239.97
kk3,104,zeroday,zeroday:stutter_level1,zeroday:judder_level1,RIGHT,zeroday:judder_level1,zeroday:stutter_level1,17.0084,240.0
kk3,105,classroom,classroom:dlss_rr_level1,classroom:dlss_rr_level0,LEFT,classroom:dlss_rr_level1,classroom:dlss_rr_level0,15.8104,239.97
kk3,106,attic,attic:reference,attic:motion_noise_level1,LEFT,attic:reference,attic:motion_noise_level1,13.2432,239.97
ks2,1,zeroday,zeroday:noise_colors_level2,zeroday:noise_colors_level1,LEFT,zeroday:noise_colors_level2,zeroday:noise_colors_level1,24.0992,240.0
ks2,2,pink_room,pink_room:judder_level1,pink_room:restir_level0,LEFT,pink_room:judder_level1,pink_room:restir_level0,14.3834,240.0
ks2,3,attic,attic:temporal-resolution-multiplexing_level1,attic:restir_level2,LEFT,attic:temporal-resolution-multiplexing_level1,attic:restir_level2,3.1376,240.01
ks2,4,bistro_exterior,bistro_exterior:temporal-resolution-multiplexing_level1,bistro_exterior:motion_noise_level2,RIGHT,bistro_exterior:motion_noise_level2,bistro_exterior:temporal-resolution-multiplexing_level1,7.8584,240.0
ks2,5,bistro_exterior,bistro_exterior:temporal-resolution-multiplexing_level0,bistro_exterior:reference,RIGHT,bistro_exterior:reference,bistro_exterior:temporal-resolution-multiplexing_level0,7.1751,240.01
ks2,6,marbles,marbles:motion_noise_level1,marbles:temporal-resolution-multiplexing_level1,RIGHT,marbles:temporal-resolution-multiplexing_level1,marbles:motion_noise_level1,19.1525,239.97
ks2,7,zeroday,zeroday:stutter_level1,zeroday:restir_level0,RIGHT,zeroday:restir_level0,zeroday:stutter_level1,6.3042,240.0
ks2,8,attic,attic:temporal-resolution-multiplexing_level1,attic:duration_flicker_level2,RIGHT,attic:duration_flicker_level2,attic:temporal-resolution-multiplexing_level1,9.8135,239.98
ks2,9,marbles,marbles:restir_level0,marbles:temporal-resolution-multiplexing_level1,RIGHT,marbles:temporal-resolution-multiplexing_level1,marbles:restir_level0,16.5272,239.97
ks2,10,bistro_exterior,bistro_exterior:judder_level0,bistro_exterior:duration_flicker_level0,LEFT,bistro_exterior:judder_level0,bistro_exterior:duration_flicker_level0,2.8542,240.0
ks2,11,pink_room,pink_room:motion_resolution_level2,pink_room:duration_flicker_level2,RIGHT,pink_room:duration_flicker_level2,pink_room:motion_resolution_level2,1.3709,240.02
ks2,12,classroom,classroom:duration_flicker_level0,classroom:motion_resolution_level1,RIGHT,classroom:motion_resolution_level1,classroom:duration_flicker_level0,2.525,240.01
ks2,13,attic,attic:motion_noise_level2,attic:dlss_rr_level0,LEFT,attic:motion_noise_level2,attic:dlss_rr_level0,3.6917,240.0
ks2,14,bistro_exterior,bistro_exterior:noise_colors_level1,bistro_exterior:temporal-resolution-multiplexing_level1,LEFT,bistro_exterior:noise_colors_level1,bistro_exterior:temporal-resolution-multiplexing_level1,6.5634,239.97
ks2,15,pink_room,pink_room:temporal-resolution-multiplexing_level1,pink_room:noise_colors_level1,LEFT,pink_room:temporal-resolution-multiplexing_level1,pink_room:noise_colors_level1,1.7542,240.01
ks2,16,bistro_interior,bistro_interior:noise_colors_level1,bistro_interior:noise_colors_level0,LEFT,bistro_interior:noise_colors_level1,bistro_interior:noise_colors_level0,3.1542,240.0
ks2,17,bistro_interior,bistro_interior:judder_level0,bistro_interior:stutter_level1,RIGHT,bistro_interior:stutter_level1,bistro_interior:judder_level0,2.6709,240.01
ks2,18,landscape,landscape:restir_level1,landscape:stutter_level1,LEFT,landscape:restir_level1,landscape:stutter_level1,41.3171,239.97
ks2,19,pink_room,pink_room:noise_colors_level2,pink_room:temporal-resolution-multiplexing_level2,RIGHT,pink_room:temporal-resolution-multiplexing_level2,pink_room:noise_colors_level2,5.8917,240.0
ks2,20,bistro_exterior,bistro_exterior:temporal-resolution-multiplexing_level0,bistro_exterior:noise_colors_level1,RIGHT,bistro_exterior:noise_colors_level1,bistro_exterior:temporal-resolution-multiplexing_level0,10.4668,240.0
ks2,21,attic,attic:noise_colors_level0,attic:judder_level1,RIGHT,attic:judder_level1,attic:noise_colors_level0,10.0375,240.0
ks2,22,landscape,landscape:duration_flicker_level2,landscape:duration_flicker_level1,RIGHT,landscape:duration_flicker_level1,landscape:duration_flicker_level2,1.3876,239.99
ks2,23,subway,subway:judder_level1,subway:motion_noise_level0,RIGHT,subway:motion_noise_level0,subway:judder_level1,4.4167,240.01
ks2,24,attic,attic:dlss_rr_level0,attic:stutter_level1,LEFT,attic:dlss_rr_level0,attic:stutter_level1,8.1301,239.97
ks2,25,attic,attic:motion_noise_level1,attic:noise_colors_level1,RIGHT,attic:noise_colors_level1,attic:motion_noise_level1,8.7845,239.97
ks2,26,subway,subway:motion_resolution_level2,subway:duration_flicker_level1,RIGHT,subway:duration_flicker_level1,subway:motion_resolution_level2,1.6459,240.02
ks2,27,marbles,marbles:restir_level2,marbles:stutter_level2,RIGHT,marbles:stutter_level2,marbles:restir_level2,3.3042,240.01
ks2,28,zeroday,zeroday:duration_flicker_level1,zeroday:duration_flicker_level2,LEFT,zeroday:duration_flicker_level1,zeroday:duration_flicker_level2,1.7792,240.01
ks2,29,landscape,landscape:motion_resolution_level2,landscape:duration_flicker_level1,RIGHT,landscape:duration_flicker_level1,landscape:motion_resolution_level2,1.1084,240.0
ks2,30,zeroday,zeroday:stutter_level2,zeroday:stutter_level0,RIGHT,zeroday:stutter_level0,zeroday:stutter_level2,1.1127,239.97
ks2,31,marbles,marbles:temporal-resolution-multiplexing_level2,marbles:motion_resolution_level2,LEFT,marbles:temporal-resolution-multiplexing_level2,marbles:motion_resolution_level2,1.7919,239.98
ks2,32,zeroday,zeroday:judder_level1,zeroday:noise_colors_level2,LEFT,zeroday:judder_level1,zeroday:noise_colors_level2,8.5542,240.0
ks2,33,bistro_interior,bistro_interior:judder_level0,bistro_interior:judder_level1,LEFT,bistro_interior:judder_level0,bistro_interior:judder_level1,2.1627,239.97
ks2,34,classroom,classroom:duration_flicker_level2,classroom:motion_resolution_level1,RIGHT,classroom:motion_resolution_level1,classroom:duration_flicker_level2,1.2544,239.97
ks2,35,bistro_interior,bistro_interior:dlss_rr_level0,bistro_interior:motion_noise_level2,LEFT,bistro_interior:dlss_rr_level0,bistro_interior:motion_noise_level2,2.0878,239.97
ks2,36,attic,attic:judder_level0,attic:motion_noise_level1,LEFT,attic:judder_level0,attic:motion_noise_level1,8.2677,239.97
ks2,37,subway,subway:duration_flicker_level1,subway:dlss_rr_level1,RIGHT,subway:dlss_rr_level1,subway:duration_flicker_level1,2.1709,240.0
ks2,38,marbles,marbles:reference,marbles:motion_noise_level1,LEFT,marbles:reference,marbles:motion_noise_level1,5.9917,240.0
ks2,39,marbles,marbles:noise_colors_level0,marbles:motion_noise_level1,RIGHT,marbles:motion_noise_level1,marbles:noise_colors_level0,2.2084,240.0
ks2,40,classroom,classroom:motion_noise_level0,classroom:judder_level0,RIGHT,classroom:judder_level0,classroom:motion_noise_level0,2.1292,240.0
ks2,41,attic,attic:motion_noise_level1,attic:stutter_level0,RIGHT,attic:stutter_level0,attic:motion_noise_level1,3.6334,240.01
ks2,42,bistro_exterior,bistro_exterior:temporal-resolution-multiplexing_level2,bistro_exterior:motion_resolution_level0,RIGHT,bistro_exterior:motion_resolution_level0,bistro_exterior:temporal-resolution-multiplexing_level2,0.8125,239.99
ks2,43,landscape,landscape:noise_colors_level1,landscape:restir_level1,LEFT,landscape:noise_colors_level1,landscape:restir_level1,1.3959,240.01
ks2,44,attic,attic:noise_colors_level1,attic:temporal-resolution-multiplexing_level0,RIGHT,attic:temporal-resolution-multiplexing_level0,attic:noise_colors_level1,10.7846,239.97
ks2,45,bistro_interior,bistro_interior:restir_level0,bistro_interior:temporal-resolution-multiplexing_level2,LEFT,bistro_interior:restir_level0,bistro_interior:temporal-resolution-multiplexing_level2,1.0502,239.96
ks2,46,subway,subway:restir_level0,subway:dlss_rr_level2,RIGHT,subway:dlss_rr_level2,subway:restir_level0,1.0167,240.03
ks2,47,landscape,landscape:stutter_level2,landscape:dlss_rr_level0,RIGHT,landscape:dlss_rr_level0,landscape:stutter_level2,2.7709,240.0
ks2,48,zeroday,zeroday:temporal-resolution-multiplexing_level1,zeroday:noise_colors_level1,LEFT,zeroday:temporal-resolution-multiplexing_level1,zeroday:noise_colors_level1,2.2708,240.01
ks2,49,pink_room,pink_room:restir_level0,pink_room:noise_colors_level1,LEFT,pink_room:restir_level0,pink_room:noise_colors_level1,2.6167,240.01
ks2,50,classroom,classroom:noise_colors_level1,classroom:motion_noise_level2,LEFT,classroom:noise_colors_level1,classroom:motion_noise_level2,1.7959,240.01
ks2,51,bistro_interior,bistro_interior:judder_level1,bistro_interior:motion_noise_level1,LEFT,bistro_interior:judder_level1,bistro_interior:motion_noise_level1,2.125,240.01
ks2,52,attic,attic:motion_resolution_level1,attic:temporal-resolution-multiplexing_level1,RIGHT,attic:temporal-resolution-multiplexing_level1,attic:motion_resolution_level1,1.2792,240.02
ks2,53,bistro_interior,bistro_interior:stutter_level2,bistro_interior:dlss_rr_level0,RIGHT,bistro_interior:dlss_rr_level0,bistro_interior:stutter_level2,2.2253,239.97
ks2,54,zeroday,zeroday:duration_flicker_level2,zeroday:restir_level2,LEFT,zeroday:duration_flicker_level2,zeroday:restir_level2,0.9209,240.02
ks2,55,bistro_exterior,bistro_exterior:motion_noise_level1,bistro_exterior:noise_colors_level0,RIGHT,bistro_exterior:noise_colors_level0,bistro_exterior:motion_noise_level1,1.5792,240.01
ks2,56,classroom,classroom:noise_colors_level1,classroom:temporal-resolution-multiplexing_level1,RIGHT,classroom:temporal-resolution-multiplexing_level1,classroom:noise_colors_level1,2.0503,239.98
ks2,57,pink_room,pink_room:duration_flicker_level2,pink_room:temporal-resolution-multiplexing_level2,RIGHT,pink_room:temporal-resolution-multiplexing_level2,pink_room:duration_flicker_level2,1.7877,239.98
ks2,58,classroom,classroom:restir_level1,classroom:stutter_level2,RIGHT,classroom:stutter_level2,classroom:restir_level1,1.4754,239.95
ks2,59,classroom,classroom:duration_flicker_level2,classroom:restir_level2,RIGHT,classroom:restir_level2,classroom:duration_flicker_level2,1.275,240.01
ks2,60,marbles,marbles:motion_resolution_level0,marbles:noise_colors_level1,LEFT,marbles:motion_resolution_level0,marbles:noise_colors_level1,2.1379,239.96
ks2,61,pink_room,pink_room:motion_noise_level1,pink_room:temporal-resolution-multiplexing_level1,RIGHT,pink_room:temporal-resolution-multiplexing_level1,pink_room:motion_noise_level1,6.325,240.0
ks2,62,bistro_exterior,bistro_exterior:stutter_level2,bistro_exterior:judder_level2,RIGHT,bistro_exterior:judder_level2,bistro_exterior:stutter_level2,9.3222,239.97
ks2,63,subway,subway:motion_noise_level2,subway:duration_flicker_level1,RIGHT,subway:duration_flicker_level1,subway:motion_noise_level2,0.8542,240.03
ks2,64,bistro_interior,bistro_interior:motion_resolution_level0,bistro_interior:stutter_level2,RIGHT,bistro_interior:stutter_level2,bistro_interior:motion_resolution_level0,1.4667,240.01
ks2,65,classroom,classroom:duration_flicker_level2,classroom:motion_resolution_level2,LEFT,classroom:duration_flicker_level2,classroom:motion_resolution_level2,1.0334,240.01
ks2,66,zeroday,zeroday:temporal-resolution-multiplexing_level0,zeroday:motion_noise_level0,LEFT,zeroday:temporal-resolution-multiplexing_level0,zeroday:motion_noise_level0,1.6459,240.01
ks2,67,marbles,marbles:dlss_rr_level2,marbles:restir_level2,LEFT,marbles:dlss_rr_level2,marbles:restir_level2,8.4792,240.0
ks2,68,zeroday,zeroday:judder_level2,zeroday:stutter_level2,LEFT,zeroday:judder_level2,zeroday:stutter_level2,9.4167,240.0
ks2,69,landscape,landscape:restir_level0,landscape:temporal-resolution-multiplexing_level2,LEFT,landscape:restir_level0,landscape:temporal-resolution-multiplexing_level2,12.8549,239.99
ks2,70,bistro_exterior,bistro_exterior:dlss_rr_level0,bistro_exterior:temporal-resolution-multiplexing_level1,LEFT,bistro_exterior:dlss_rr_level0,bistro_exterior:temporal-resolution-multiplexing_level1,1.7584,240.01
ks2,71,classroom,classroom:dlss_rr_level0,classroom:motion_resolution_level0,LEFT,classroom:dlss_rr_level0,classroom:motion_resolution_level0,1.8625,240.0
ks2,72,attic,attic:dlss_rr_level1,attic:duration_flicker_level1,LEFT,attic:dlss_rr_level1,attic:duration_flicker_level1,4.0584,240.01
ks2,73,zeroday,zeroday:restir_level0,zeroday:noise_colors_level1,LEFT,zeroday:restir_level0,zeroday:noise_colors_level1,3.2334,240.0
ks2,74,bistro_exterior,bistro_exterior:duration_flicker_level2,bistro_exterior:judder_level2,RIGHT,bistro_exterior:judder_level2,bistro_exterior:duration_flicker_level2,3.0003,239.98
ks2,75,subway,subway:noise_colors_level0,subway:stutter_level1,RIGHT,subway:stutter_level1,subway:noise_colors_level0,8.4667,240.0
ks2,76,landscape,landscape:motion_resolution_level1,landscape:judder_level2,RIGHT,landscape:judder_level2,landscape:motion_resolution_level1,1.1417,240.03
ks2,77,bistro_interior,bistro_interior:dlss_rr_level2,bistro_interior:stutter_level2,RIGHT,bistro_interior:stutter_level2,bistro_interior:dlss_rr_level2,1.4792,240.03
ks2,78,bistro_interior,bistro_interior:motion_noise_level2,bistro_interior:motion_noise_level1,LEFT,bistro_interior:motion_noise_level2,bistro_interior:motion_noise_level1,3.3709,240.01
ks2,79,bistro_exterior,bistro_exterior:temporal-resolution-multiplexing_level2,bistro_exterior:duration_flicker_level2,RIGHT,bistro_exterior:duration_flicker_level2,bistro_exterior:temporal-resolution-multiplexing_level2,1.1167,240.0
ks2,80,pink_room,pink_room:restir_level1,pink_room:temporal-resolution-multiplexing_level1,LEFT,pink_room:restir_level1,pink_room:temporal-resolution-multiplexing_level1,1.2084,240.02
ks2,81,classroom,classroom:temporal-resolution-multiplexing_level1,classroom:motion_noise_level0,LEFT,classroom:temporal-resolution-multiplexing_level1,classroom:motion_noise_level0,2.0959,240.01
ks2,82,bistro_interior,bistro_interior:temporal-resolution-multiplexing_level1,bistro_interior:temporal-resolution-multiplexing_level0,RIGHT,bistro_interior:temporal-resolution-multiplexing_level0,bistro_interior:temporal-resolution-multiplexing_level1,1.7797,240.2
ks2,83,bistro_exterior,bistro_exterior:restir_level1,bistro_exterior:stutter_level1,RIGHT,bistro_exterior:stutter_level1,bistro_exterior:restir_level1,1.3795,239.96
ks2,84,bistro_exterior,bistro_exterior:motion_resolution_level0,bistro_exterior:motion_resolution_level1,LEFT,bistro_exterior:motion_resolution_level0,bistro_exterior:motion_resolution_level1,0.9376,240.01
ks2,85,attic,attic:stutter_level2,attic:stutter_level1,RIGHT,attic:stutter_level1,attic:stutter_level2,7.6636,239.97
ks2,86,classroom,classroom:motion_resolution_level0,classroom:restir_level0,RIGHT,classroom:restir_level0,classroom:motion_resolution_level0,2.7505,239.97
ks2,87,bistro_exterior,bistro_exterior:judder_level1,bistro_exterior:dlss_rr_level1,LEFT,bistro_exterior:judder_level1,bistro_exterior:dlss_rr_level1,2.2504,239.97
ks2,88,attic,attic:noise_colors_level2,attic:duration_flicker_level1,RIGHT,attic:duration_flicker_level1,attic:noise_colors_level2,2.6751,240.01
ks2,89,bistro_interior,bistro_interior:judder_level1,bistro_interior:reference,LEFT,bistro_interior:judder_level1,bistro_interior:reference,1.3667,240.02
ks2,90,landscape,landscape:judder_level1,landscape:noise_colors_level2,LEFT,landscape:judder_level1,landscape:noise_colors_level2,1.2459,240.01
ks2,91,marbles,marbles:motion_noise_level0,marbles:judder_level1,LEFT,marbles:motion_noise_level0,marbles:judder_level1,2.0295,239.96
ks2,92,marbles,marbles:temporal-resolution-multiplexing_level1,marbles:motion_resolution_level0,LEFT,marbles:temporal-resolution-multiplexing_level1,marbles:motion_resolution_level0,3.4252,239.99
ks2,93,landscape,landscape:duration_flicker_level0,landscape:temporal-resolution-multiplexing_level1,LEFT,landscape:duration_flicker_level0,landscape:temporal-resolution-multiplexing_level1,2.1834,240.01
ks2,94,zeroday,zeroday:motion_resolution_level0,zeroday:restir_level0,RIGHT,zeroday:restir_level0,zeroday:motion_resolution_level0,3.4917,240.01
ks2,95,marbles,marbles:temporal-resolution-multiplexing_level0,marbles:temporal-resolution-multiplexing_level1,RIGHT,marbles:temporal-resolution-multiplexing_level1,marbles:temporal-resolution-multiplexing_level0,3.6375,240.01
ks2,96,classroom,classroom:reference,classroom:judder_level1,RIGHT,classroom:judder_level1,classroom:reference,2.1959,240.01
ks2,97,landscape,landscape:temporal-resolution-multiplexing_level1,landscape:dlss_rr_level1,LEFT,landscape:temporal-resolution-multiplexing_level1,landscape:dlss_rr_level1,8.2417,240.0
ks2,98,marbles,marbles:motion_noise_level0,marbles:dlss_rr_level1,LEFT,marbles:motion_noise_level0,marbles:dlss_rr_level1,3.5375,240.0
ks2,99,zeroday,zeroday:restir_level0,zeroday:stutter_level0,RIGHT,zeroday:stutter_level0,zeroday:restir_level0,2.9709,240.01
ks2,100,bistro_interior,bistro_interior:stutter_level1,bistro_interior:motion_noise_level0,LEFT,bistro_interior:stutter_level1,bistro_interior:motion_noise_level0,1.8209,240.02
ks2,101,attic,attic:temporal-resolution-multiplexing_level2,attic:dlss_rr_level2,LEFT,attic:temporal-resolution-multiplexing_level2,attic:dlss_rr_level2,1.8126,240.01
ks2,102,classroom,classroom:temporal-resolution-multiplexing_level1,classroom:dlss_rr_level1,RIGHT,classroom:dlss_rr_level1,classroom:temporal-resolution-multiplexing_level1,1.9542,240.01
ks2,103,classroom,classroom:noise_colors_level2,classroom:duration_flicker_level2,RIGHT,classroom:duration_flicker_level2,classroom:noise_colors_level2,1.4294,239.98
ks2,104,marbles,marbles:temporal-resolution-multiplexing_level1,marbles:motion_noise_level2,RIGHT,marbles:motion_noise_level2,marbles:temporal-resolution-multiplexing_level1,5.5754,239.98
ks2,105,pink_room,pink_room:noise_colors_level2,pink_room:restir_level2,LEFT,pink_room:noise_colors_level2,pink_room:restir_level2,1.7711,239.97
ks2,106,classroom,classroom:restir_level0,classroom:noise_colors_level0,RIGHT,classroom:noise_colors_level0,classroom:restir_level0,1.9627,239.98
ks2,107,landscape,landscape:restir_level0,landscape:noise_colors_level1,LEFT,landscape:restir_level0,landscape:noise_colors_level1,2.5001,240.01
ks2,108,subway,subway:judder_level2,subway:judder_level1,LEFT,subway:judder_level2,subway:judder_level1,2.3709,240.0
ks2,109,pink_room,pink_room:dlss_rr_level0,pink_room:restir_level2,LEFT,pink_room:dlss_rr_level0,pink_room:restir_level2,1.225,240.0
ks2,110,pink_room,pink_room:dlss_rr_level1,pink_room:noise_colors_level2,RIGHT,pink_room:noise_colors_level2,pink_room:dlss_rr_level1,1.4792,240.02
ks2,111,classroom,classroom:stutter_level2,classroom:noise_colors_level1,RIGHT,classroom:noise_colors_level1,classroom:stutter_level2,3.2667,240.0
ks2,112,bistro_interior,bistro_interior:judder_level1,bistro_interior:duration_flicker_level1,LEFT,bistro_interior:judder_level1,bistro_interior:duration_flicker_level1,1.6252,239.97
ks2,113,bistro_interior,bistro_interior:duration_flicker_level0,bistro_interior:judder_level1,LEFT,bistro_interior:duration_flicker_level0,bistro_interior:judder_level1,1.1835,239.96
ks2,114,attic,attic:duration_flicker_level2,attic:restir_level1,RIGHT,attic:restir_level1,attic:duration_flicker_level2,4.2464,239.97
ks2,115,subway,subway:noise_colors_level0,subway:noise_colors_level1,LEFT,subway:noise_colors_level0,subway:noise_colors_level1,4.125,240.0
ks2,116,zeroday,zeroday:temporal-resolution-multiplexing_level0,zeroday:noise_colors_level2,LEFT,zeroday:temporal-resolution-multiplexing_level0,zeroday:noise_colors_level2,4.7334,240.0
ks2,117,classroom,classroom:motion_noise_level1,classroom:judder_level2,RIGHT,classroom:judder_level2,classroom:motion_noise_level1,2.6253,239.99
ks2,118,zeroday,zeroday:restir_level1,zeroday:temporal-resolution-multiplexing_level2,RIGHT,zeroday:temporal-resolution-multiplexing_level2,zeroday:restir_level1,6.7209,240.0
ks2,119,attic,attic:duration_flicker_level0,attic:noise_colors_level1,LEFT,attic:duration_flicker_level0,attic:noise_colors_level1,4.3959,240.01
ks2,120,attic,attic:noise_colors_level2,attic:motion_resolution_level2,LEFT,attic:noise_colors_level2,attic:motion_resolution_level2,4.7375,240.0
ks2,121,pink_room,pink_room:noise_colors_level0,pink_room:motion_noise_level0,LEFT,pink_room:noise_colors_level0,pink_room:motion_noise_level0,2.45,240.0
ks2,122,pink_room,pink_room:motion_noise_level2,pink_room:temporal-resolution-multiplexing_level1,RIGHT,pink_room:temporal-resolution-multiplexing_level1,pink_room:motion_noise_level2,1.0959,240.02
ks2,123,zeroday,zeroday:noise_colors_level2,zeroday:reference,RIGHT,zeroday:reference,zeroday:noise_colors_level2,8.2459,240.0
ks2,124,bistro_interior,bistro_interior:motion_resolution_level1,bistro_interior:judder_level2,RIGHT,bistro_interior:judder_level2,bistro_interior:motion_resolution_level1,1.0709,240.02
ks2,125,classroom,classroom:restir_level1,classroom:duration_flicker_level0,RIGHT,classroom:duration_flicker_level0,classroom:restir_level1,1.3334,240.01
ks2,126,pink_room,pink_room:duration_flicker_level0,pink_room:restir_level2,LEFT,pink_room:duration_flicker_level0,pink_room:restir_level2,1.1,240.03
ks2,127,marbles,marbles:duration_flicker_level1,marbles:noise_colors_level1,RIGHT,marbles:noise_colors_level1,marbles:duration_flicker_level1,2.5292,240.01
ks2,128,pink_room,pink_room:noise_colors_level2,pink_room:duration_flicker_level1,LEFT,pink_room:noise_colors_level2,pink_room:duration_flicker_level1,1.8751,240.01
ks2,129,zeroday,zeroday:duration_flicker_level1,zeroday:restir_level1,LEFT,zeroday:duration_flicker_level1,zeroday:restir_level1,2.6084,240.0
ks2,130,marbles,marbles:judder_level0,marbles:noise_colors_level0,LEFT,marbles:judder_level0,marbles:noise_colors_level0,3.4838,239.97
ks2,131,zeroday,zeroday:temporal-resolution-multiplexing_level2,zeroday:motion_resolution_level2,LEFT,zeroday:temporal-resolution-multiplexing_level2,zeroday:motion_resolution_level2,1.2917,240.0
ks2,132,attic,attic:duration_flicker_level1,attic:stutter_level2,RIGHT,attic:stutter_level2,attic:duration_flicker_level1,3.8,240.01
ks2,133,attic,attic:motion_noise_level0,attic:duration_flicker_level0,LEFT,attic:motion_noise_level0,attic:duration_flicker_level0,3.3542,240.01
ks2,134,zeroday,zeroday:judder_level0,zeroday:motion_noise_level2,RIGHT,zeroday:motion_noise_level2,zeroday:judder_level0,19.0891,239.98
ks2,135,attic,attic:restir_level0,attic:dlss_rr_level0,RIGHT,attic:dlss_rr_level0,attic:restir_level0,4.4214,239.97
ks2,136,marbles,marbles:restir_level1,marbles:temporal-resolution-multiplexing_level1,RIGHT,marbles:temporal-resolution-multiplexing_level1,marbles:restir_level1,14.406,239.97
ks2,137,bistro_interior,bistro_interior:temporal-resolution-multiplexing_level2,bistro_interior:duration_flicker_level0,RIGHT,bistro_interior:duration_flicker_level0,bistro_interior:temporal-resolution-multiplexing_level2,1.6502,239.98
ks2,138,subway,subway:stutter_level2,subway:duration_flicker_level0,LEFT,subway:stutter_level2,subway:duration_flicker_level0,3.3625,240.01
ks2,139,zeroday,zeroday:dlss_rr_level1,zeroday:reference,RIGHT,zeroday:reference,zeroday:dlss_rr_level1,15.2,240.0
ks2,140,classroom,classroom:temporal-resolution-multiplexing_level2,classroom:duration_flicker_level0,RIGHT,classroom:duration_flicker_level0,classroom:temporal-resolution-multiplexing_level2,0.9627,239.95
ks2,141,pink_room,pink_room:restir_level2,pink_room:judder_level2,RIGHT,pink_room:judder_level2,pink_room:restir_level2,4.6417,240.01
ks2,142,landscape,landscape:noise_colors_level1,landscape:motion_noise_level2,RIGHT,landscape:motion_noise_level2,landscape:noise_colors_level1,1.0584,240.02
ks2,143,bistro_interior,bistro_interior:dlss_rr_level1,bistro_interior:judder_level2,RIGHT,bistro_interior:judder_level2,bistro_interior:dlss_rr_level1,1.1542,240.02
ks2,144,classroom,classroom:dlss_rr_level2,classroom:noise_colors_level1,RIGHT,classroom:noise_colors_level1,classroom:dlss_rr_level2,6.0217,239.97
ks2,145,marbles,marbles:dlss_rr_level2,marbles:duration_flicker_level0,RIGHT,marbles:duration_flicker_level0,marbles:dlss_rr_level2,7.0375,240.0
ks2,146,landscape,landscape:motion_noise_level0,landscape:reference,RIGHT,landscape:reference,landscape:motion_noise_level0,3.875,240.0
ks2,147,bistro_exterior,bistro_exterior:stutter_level2,bistro_exterior:dlss_rr_level2,LEFT,bistro_exterior:stutter_level2,bistro_exterior:dlss_rr_level2,1.925,240.01
ks2,148,landscape,landscape:noise_colors_level1,landscape:restir_level2,RIGHT,landscape:restir_level2,landscape:noise_colors_level1,5.1167,240.0
ks2,149,subway,subway:motion_noise_level1,subway:duration_flicker_level1,LEFT,subway:motion_noise_level1,subway:duration_flicker_level1,2.7709,240.02
ks2,150,landscape,landscape:noise_colors_level1,landscape:judder_level1,RIGHT,landscape:judder_level1,landscape:noise_colors_level1,3.35,240.01
ks2,151,zeroday,zeroday:dlss_rr_level0,zeroday:restir_level0,RIGHT,zeroday:restir_level0,zeroday:dlss_rr_level0,2.7,240.01
ks2,152,subway,subway:noise_colors_level2,subway:motion_resolution_level1,RIGHT,subway:motion_resolution_level1,subway:noise_colors_level2,1.3209,240.0
ks2,153,attic,attic:reference,attic:judder_level0,RIGHT,attic:judder_level0,attic:reference,2.275,240.02
ks2,154,zeroday,zeroday:noise_colors_level0,zeroday:judder_level1,RIGHT,zeroday:judder_level1,zeroday:noise_colors_level0,2.6542,240.01
ks2,155,classroom,classroom:stutter_level1,classroom:temporal-resolution-multiplexing_level1,RIGHT,classroom:temporal-resolution-multiplexing_level1,classroom:stutter_level1,3.4964,239.97
ks2,156,pink_room,pink_room:motion_resolution_level0,pink_room:noise_colors_level1,RIGHT,pink_room:noise_colors_level1,pink_room:motion_resolution_level0,1.1335,239.98
ks2,157,attic,attic:noise_colors_level0,attic:stutter_level1,RIGHT,attic:stutter_level1,attic:noise_colors_level0,3.9417,240.0
ks2,158,zeroday,zeroday:noise_colors_level2,zeroday:motion_noise_level1,RIGHT,zeroday:motion_noise_level1,zeroday:noise_colors_level2,10.3792,240.0
ks2,159,bistro_interior,bistro_interior:restir_level2,bistro_interior:restir_level0,RIGHT,bistro_interior:restir_level0,bistro_interior:restir_level2,0.9042,239.98
ks2,160,bistro_interior,bistro_interior:motion_resolution_level2,bistro_interior:motion_resolution_level0,RIGHT,bistro_interior:motion_resolution_level0,bistro_interior:motion_resolution_level2,0.7876,239.98
ks2,161,subway,subway:duration_flicker_level0,subway:judder_level0,RIGHT,subway:judder_level0,subway:duration_flicker_level0,25.2459,240.0
ks2,162,subway,subway:duration_flicker_level0,subway:stutter_level1,RIGHT,subway:stutter_level1,subway:duration_flicker_level0,2.3334,240.01
ks2,163,classroom,classroom:duration_flicker_level1,classroom:motion_noise_level2,RIGHT,classroom:motion_noise_level2,classroom:duration_flicker_level1,1.6,240.01
ks2,164,zeroday,zeroday:dlss_rr_level2,zeroday:duration_flicker_level1,LEFT,zeroday:dlss_rr_level2,zeroday:duration_flicker_level1,1.2418,240.02
ks2,165,bistro_interior,bistro_interior:noise_colors_level2,bistro_interior:motion_noise_level2,RIGHT,bistro_interior:motion_noise_level2,bistro_interior:noise_colors_level2,0.9875,239.99
ks2,166,attic,attic:motion_resolution_level0,attic:dlss_rr_level1,RIGHT,attic:dlss_rr_level1,attic:motion_resolution_level0,1.5126,239.97
ks2,167,classroom,classroom:motion_noise_level1,classroom:dlss_rr_level0,RIGHT,classroom:dlss_rr_level0,classroom:motion_noise_level1,1.042,239.96
ks2,168,zeroday,zeroday:duration_flicker_level2,zeroday:motion_resolution_level1,LEFT,zeroday:duration_flicker_level2,zeroday:motion_resolution_level1,1.1084,240.02
ks2,169,zeroday,zeroday:duration_flicker_level1,zeroday:motion_noise_level2,RIGHT,zeroday:motion_noise_level2,zeroday:duration_flicker_level1,2.0167,240.01
ks2,170,landscape,landscape:stutter_level2,landscape:motion_resolution_level1,LEFT,landscape:stutter_level2,landscape:motion_resolution_level1,2.2126,240.01
ks2,171,subway,subway:noise_colors_level2,subway:duration_flicker_level1,RIGHT,subway:duration_flicker_level1,subway:noise_colors_level2,10.4417,240.0
ks2,172,zeroday,zeroday:duration_flicker_level0,zeroday:motion_resolution_level0,RIGHT,zeroday:motion_resolution_level0,zeroday:duration_flicker_level0,2.9834,240.0
ks2,173,classroom,classroom:noise_colors_level0,classroom:temporal-resolution-multiplexing_level0,RIGHT,classroom:temporal-resolution-multiplexing_level0,classroom:noise_colors_level0,4.5792,240.0
ks2,174,bistro_interior,bistro_interior:judder_level2,bistro_interior:noise_colors_level2,LEFT,bistro_interior:judder_level2,bistro_interior:noise_colors_level2,1.4667,239.99
ks2,175,bistro_exterior,bistro_exterior:dlss_rr_level1,bistro_exterior:judder_level2,RIGHT,bistro_exterior:judder_level2,bistro_exterior:dlss_rr_level1,1.2875,240.01
ks2,176,bistro_exterior,bistro_exterior:stutter_level1,bistro_exterior:dlss_rr_level0,LEFT,bistro_exterior:stutter_level1,bistro_exterior:dlss_rr_level0,1.9375,240.01
ks2,177,pink_room,pink_room:duration_flicker_level0,pink_room:noise_colors_level1,RIGHT,pink_room:noise_colors_level1,pink_room:duration_flicker_level0,2.6459,240.01
ks2,178,classroom,classroom:dlss_rr_level0,classroom:noise_colors_level1,RIGHT,classroom:noise_colors_level1,classroom:dlss_rr_level0,3.2294,239.98
ks2,179,zeroday,zeroday:motion_resolution_level0,zeroday:duration_flicker_level1,RIGHT,zeroday:duration_flicker_level1,zeroday:motion_resolution_level0,2.3043,239.98
ks2,180,landscape,landscape:dlss_rr_level2,landscape:temporal-resolution-multiplexing_level2,RIGHT,landscape:temporal-resolution-multiplexing_level2,landscape:dlss_rr_level2,4.525,240.01
ks2,181,marbles,marbles:stutter_level0,marbles:motion_noise_level0,LEFT,marbles:stutter_level0,marbles:motion_noise_level0,6.3334,240.0
ks2,182,attic,attic:motion_noise_level0,attic:stutter_level1,RIGHT,attic:stutter_level1,attic:motion_noise_level0,5.0084,240.0
ks2,183,bistro_interior,bistro_interior:judder_level0,bistro_interior:stutter_level0,RIGHT,bistro_interior:stutter_level0,bistro_interior:judder_level0,1.6959,240.01
ks2,184,bistro_exterior,bistro_exterior:duration_flicker_level1,bistro_exterior:noise_colors_level2,LEFT,bistro_exterior:duration_flicker_level1,bistro_exterior:noise_colors_level2,1.325,240.0
ks2,185,landscape,landscape:noise_colors_level0,landscape:noise_colors_level1,RIGHT,landscape:noise_colors_level1,landscape:noise_colors_level0,4.0084,240.0
ks2,186,bistro_exterior,bistro_exterior:judder_level2,bistro_exterior:restir_level2,LEFT,bistro_exterior:judder_level2,bistro_exterior:restir_level2,1.1375,239.99
ks2,187,subway,subway:noise_colors_level1,subway:reference,RIGHT,subway:reference,subway:noise_colors_level1,8.6667,240.0
ks2,188,pink_room,pink_room:dlss_rr_level2,pink_room:duration_flicker_level1,RIGHT,pink_room:duration_flicker_level1,pink_room:dlss_rr_level2,1.2334,240.01
ks2,189,attic,attic:dlss_rr_level0,attic:duration_flicker_level2,LEFT,attic:dlss_rr_level0,attic:duration_flicker_level2,3.6834,240.01
ks2,190,pink_room,pink_room:dlss_rr_level1,pink_room:motion_resolution_level1,LEFT,pink_room:dlss_rr_level1,pink_room:motion_resolution_level1,1.1709,240.02
ks2,191,marbles,marbles:duration_flicker_level2,marbles:stutter_level2,RIGHT,marbles:stutter_level2,marbles:duration_flicker_level2,1.6626,240.01
ks2,192,subway,subway:duration_flicker_level1,subway:duration_flicker_level2,LEFT,subway:duration_flicker_level1,subway:duration_flicker_level2,5.8584,240.0
ks2,193,pink_room,pink_room:judder_level1,pink_room:noise_colors_level0,RIGHT,pink_room:noise_colors_level0,pink_room:judder_level1,1.3167,240.02
ks2,194,subway,subway:duration_flicker_level0,subway:motion_resolution_level0,RIGHT,subway:motion_resolution_level0,subway:duration_flicker_level0,3.4375,240.01
ks2,195,landscape,landscape:stutter_level0,landscape:dlss_rr_level1,RIGHT,landscape:dlss_rr_level1,landscape:stutter_level0,2.675,240.01
ks2,196,subway,subway:motion_resolution_level0,subway:temporal-resolution-multiplexing_level0,RIGHT,subway:temporal-resolution-multiplexing_level0,subway:motion_resolution_level0,3.5459,240.01
ks2,197,marbles,marbles:motion_resolution_level0,marbles:judder_level2,RIGHT,marbles:judder_level2,marbles:motion_resolution_level0,2.842,239.97
ks2,198,bistro_exterior,bistro_exterior:motion_noise_level1,bistro_exterior:noise_colors_level1,LEFT,bistro_exterior:motion_noise_level1,bistro_exterior:noise_colors_level1,1.8961,239.97
ks2,199,bistro_interior,bistro_interior:duration_flicker_level2,bistro_interior:temporal-resolution-multiplexing_level2,LEFT,bistro_interior:duration_flicker_level2,bistro_interior:temporal-resolution-multiplexing_level2,1.2543,239.98
ks2,200,attic,attic:judder_level2,attic:dlss_rr_level0,RIGHT,attic:dlss_rr_level0,attic:judder_level2,1.6334,240.01
ks2,201,landscape,landscape:dlss_rr_level2,landscape:motion_resolution_level0,LEFT,landscape:dlss_rr_level2,landscape:motion_resolution_level0,2.4209,240.01
ks2,202,bistro_exterior,bistro_exterior:temporal-resolution-multiplexing_level1,bistro_exterior:duration_flicker_level0,RIGHT,bistro_exterior:duration_flicker_level0,bistro_exterior:temporal-resolution-multiplexing_level1,1.3542,240.0
ks2,203,bistro_exterior,bistro_exterior:noise_colors_level2,bistro_exterior:temporal-resolution-multiplexing_level2,LEFT,bistro_exterior:noise_colors_level2,bistro_exterior:temporal-resolution-multiplexing_level2,0.9376,239.97
ks2,204,attic,attic:motion_resolution_level1,attic:temporal-resolution-multiplexing_level2,RIGHT,attic:temporal-resolution-multiplexing_level2,attic:motion_resolution_level1,1.225,240.02
ks2,205,classroom,classroom:stutter_level0,classroom:dlss_rr_level1,RIGHT,classroom:dlss_rr_level1,classroom:stutter_level0,1.9251,240.02
ks2,206,landscape,landscape:restir_level1,landscape:judder_level0,RIGHT,landscape:judder_level0,landscape:restir_level1,1.1125,240.01
ks2,207,bistro_exterior,bistro_exterior:restir_level0,bistro_exterior:temporal-resolution-multiplexing_level1,RIGHT,bistro_exterior:temporal-resolution-multiplexing_level1,bistro_exterior:restir_level0,26.3962,240.0
ks2,208,bistro_exterior,bistro_exterior:temporal-resolution-multiplexing_level1,bistro_exterior:dlss_rr_level1,LEFT,bistro_exterior:temporal-resolution-multiplexing_level1,bistro_exterior:dlss_rr_level1,0.9417,240.02
ks2,209,classroom,classroom:judder_level1,classroom:temporal-resolution-multiplexing_level1,RIGHT,classroom:temporal-resolution-multiplexing_level1,classroom:judder_level1,2.3459,240.01
ks2,210,bistro_interior,bistro_interior:temporal-resolution-multiplexing_level1,bistro_interior:noise_colors_level1,RIGHT,bistro_interior:noise_colors_level1,bistro_interior:temporal-resolution-multiplexing_level1,1.9708,240.01
ks2,211,pink_room,pink_room:reference,pink_room:temporal-resolution-multiplexing_level0,LEFT,pink_room:reference,pink_room:temporal-resolution-multiplexing_level0,4.9459,240.01
ks2,212,bistro_exterior,bistro_exterior:motion_resolution_level2,bistro_exterior:motion_resolution_level0,RIGHT,bistro_exterior:motion_resolution_level0,bistro_exterior:motion_resolution_level2,0.9709,240.03
ks2,213,marbles,marbles:dlss_rr_level1,marbles:stutter_level1,RIGHT,marbles:stutter_level1,marbles:dlss_rr_level1,2.1961,239.97
ks2,214,marbles,marbles:motion_resolution_level1,marbles:dlss_rr_level2,RIGHT,marbles:dlss_rr_level2,marbles:motion_resolution_level1,1.1126,239.99
ks2,215,bistro_interior,bistro_interior:motion_noise_level0,bistro_interior:temporal-resolution-multiplexing_level1,LEFT,bistro_interior:motion_noise_level0,bistro_interior:temporal-resolution-multiplexing_level1,1.4752,239.98
ks2,216,landscape,landscape:temporal-resolution-multiplexing_level2,landscape:motion_resolution_level1,LEFT,landscape:temporal-resolution-multiplexing_level2,landscape:motion_resolution_level1,4.2667,240.0
ks2,217,bistro_interior,bistro_interior:stutter_level2,bistro_interior:restir_level1,LEFT,bistro_interior:stutter_level2,bistro_interior:restir_level1,0.9959,240.02
ks2,218,subway,subway:restir_level2,subway:motion_resolution_level2,RIGHT,subway:motion_resolution_level2,subway:restir_level2,0.7668,239.99
ks2,219,subway,subway:restir_level1,subway:dlss_rr_level2,RIGHT,subway:dlss_rr_level2,subway:restir_level1,0.7084,239.99
ks2,220,pink_room,pink_room:stutter_level1,pink_room:judder_level0,LEFT,pink_room:stutter_level1,pink_room:judder_level0,6.375,240.0
ks2,221,marbles,marbles:stutter_level2,marbles:noise_colors_level2,LEFT,marbles:stutter_level2,marbles:noise_colors_level2,2.5084,240.01
ks2,222,marbles,marbles:temporal-resolution-multiplexing_level1,marbles:dlss_rr_level1,LEFT,marbles:temporal-resolution-multiplexing_level1,marbles:dlss_rr_level1,10.7167,240.0
ks2,223,pink_room,pink_room:restir_level0,pink_room:stutter_level0,RIGHT,pink_room:stutter_level0,pink_room:restir_level0,4.0834,240.01
ks2,224,marbles,marbles:noise_colors_level2,marbles:motion_resolution_level2,RIGHT,marbles:motion_resolution_level2,marbles:noise_colors_level2,3.1084,240.0
ks2,225,landscape,landscape:motion_resolution_level1,landscape:duration_flicker_level1,LEFT,landscape:motion_resolution_level1,landscape:duration_flicker_level1,2.6625,240.01
ks2,226,bistro_exterior,bistro_exterior:stutter_level0,bistro_exterior:motion_noise_level0,RIGHT,bistro_exterior:motion_noise_level0,bistro_exterior:stutter_level0,4.5375,240.01
ks2,227,pink_room,pink_room:judder_level0,pink_room:temporal-resolution-multiplexing_level1,LEFT,pink_room:judder_level0,pink_room:temporal-resolution-multiplexing_level1,1.2959,240.01
ks2,228,bistro_exterior,bistro_exterior:motion_noise_level0,bistro_exterior:noise_colors_level0,RIGHT,bistro_exterior:noise_colors_level0,bistro_exterior:motion_noise_level0,1.3834,240.0
ks2,229,marbles,marbles:duration_flicker_level1,marbles:noise_colors_level2,LEFT,marbles:duration_flicker_level1,marbles:noise_colors_level2,1.15,240.02
ks2,230,pink_room,pink_room:stutter_level2,pink_room:noise_colors_level1,RIGHT,pink_room:noise_colors_level1,pink_room:stutter_level2,1.0084,240.0
ks2,231,pink_room,pink_room:reference,pink_room:stutter_level1,LEFT,pink_room:reference,pink_room:stutter_level1,0.825,240.01
ks2,232,marbles,marbles:noise_colors_level1,marbles:dlss_rr_level0,RIGHT,marbles:dlss_rr_level0,marbles:noise_colors_level1,1.7293,240.01
ks2,233,subway,subway:dlss_rr_level2,subway:temporal-resolution-multiplexing_level2,LEFT,subway:dlss_rr_level2,subway:temporal-resolution-multiplexing_level2,2.525,240.01
ks2,234,landscape,landscape:motion_noise_level1,landscape:motion_noise_level0,RIGHT,landscape:motion_noise_level0,landscape:motion_noise_level1,1.5792,240.0
ks2,235,landscape,landscape:motion_noise_level2,landscape:motion_noise_level0,LEFT,landscape:motion_noise_level2,landscape:motion_noise_level0,0.8584,240.02
ks2,236,subway,subway:duration_flicker_level1,subway:temporal-resolution-multiplexing_level2,LEFT,subway:duration_flicker_level1,subway:temporal-resolution-multiplexing_level2,1.2542,240.01
ks2,237,landscape,landscape:temporal-resolution-multiplexing_level0,landscape:motion_noise_level0,LEFT,landscape:temporal-resolution-multiplexing_level0,landscape:motion_noise_level0,3.2417,240.0
ks2,238,subway,subway:duration_flicker_level2,subway:stutter_level2,RIGHT,subway:stutter_level2,subway:duration_flicker_level2,1.7459,240.02
ks2,239,landscape,landscape:motion_resolution_level0,landscape:stutter_level0,RIGHT,landscape:stutter_level0,landscape:motion_resolution_level0,3.3834,240.01
ks2,240,subway,subway:noise_colors_level0,subway:judder_level1,RIGHT,subway:judder_level1,subway:noise_colors_level0,4.6375,240.01
ks2,241,subway,subway:stutter_level0,subway:reference,LEFT,subway:stutter_level0,subway:reference,11.0875,240.0
ks2,242,subway,subway:temporal-resolution-multiplexing_level1,subway:motion_noise_level1,RIGHT,subway:motion_noise_level1,subway:temporal-resolution-multiplexing_level1,1.6167,240.0
ks2,243,subway,subway:dlss_rr_level0,subway:noise_colors_level0,LEFT,subway:dlss_rr_level0,subway:noise_colors_level0,5.2917,240.0
o1,1,subway,subway:judder_level2,subway:temporal-resolution-multiplexing_level2,LEFT,subway:judder_level2,subway:temporal-resolution-multiplexing_level2,1.3046,240.32
o1,2,pink_room,pink_room:stutter_level1,pink_room:judder_level1,LEFT,pink_room:stutter_level1,pink_room:judder_level1,2.4126,240.0
o1,3,bistro_exterior,bistro_exterior:judder_level0,bistro_exterior:noise_colors_level1,LEFT,bistro_exterior:judder_level0,bistro_exterior:noise_colors_level1,1.6755,239.96
o1,4,marbles,marbles:noise_colors_level0,marbles:dlss_rr_level1,LEFT,marbles:noise_colors_level0,marbles:dlss_rr_level1,2.8339,239.95
o1,5,landscape,landscape:temporal-resolution-multiplexing_level2,landscape:dlss_rr_level0,LEFT,landscape:temporal-resolution-multiplexing_level2,landscape:dlss_rr_level0,2.5959,240.0
o1,6,marbles,marbles:motion_resolution_level0,marbles:judder_level0,RIGHT,marbles:judder_level0,marbles:motion_resolution_level0,2.2792,240.01
o1,7,zeroday,zeroday:judder_level2,zeroday:motion_resolution_level0,LEFT,zeroday:judder_level2,zeroday:motion_resolution_level0,4.3085,240.0
o1,8,subway,subway:temporal-resolution-multiplexing_level1,subway:dlss_rr_level1,RIGHT,subway:dlss_rr_level1,subway:temporal-resolution-multiplexing_level1,1.9459,240.01
o1,9,bistro_exterior,bistro_exterior:restir_level0,bistro_exterior:dlss_rr_level0,LEFT,bistro_exterior:restir_level0,bistro_exterior:dlss_rr_level0,2.667,239.98
o1,10,zeroday,zeroday:noise_colors_level0,zeroday:motion_noise_level1,LEFT,zeroday:noise_colors_level0,zeroday:motion_noise_level1,6.975,240.0
o1,11,pink_room,pink_room:dlss_rr_level1,pink_room:motion_resolution_level0,RIGHT,pink_room:motion_resolution_level0,pink_room:dlss_rr_level1,2.6793,240.01
o1,12,bistro_interior,bistro_interior:judder_level0,bistro_interior:noise_colors_level2,LEFT,bistro_interior:judder_level0,bistro_interior:noise_colors_level2,1.6461,239.98
o1,13,marbles,marbles:motion_noise_level1,marbles:temporal-resolution-multiplexing_level0,LEFT,marbles:motion_noise_level1,marbles:temporal-resolution-multiplexing_level0,3.3129,239.97
o1,14,subway,subway:reference,subway:stutter_level0,LEFT,subway:reference,subway:stutter_level0,2.5375,240.01
o1,15,classroom,classroom:judder_level2,classroom:dlss_rr_level2,RIGHT,classroom:dlss_rr_level2,classroom:judder_level2,2.3792,240.01
o1,16,bistro_exterior,bistro_exterior:judder_level2,bistro_exterior:motion_resolution_level0,LEFT,bistro_exterior:judder_level2,bistro_exterior:motion_resolution_level0,7.0584,240.0
o1,17,classroom,classroom:stutter_level1,classroom:motion_resolution_level0,LEFT,classroom:stutter_level1,classroom:motion_resolution_level0,2.1917,240.0
o1,18,classroom,classroom:noise_colors_level1,classroom:motion_noise_level0,RIGHT,classroom:motion_noise_level0,classroom:noise_colors_level1,2.2379,239.96
o1,19,subway,subway:motion_noise_level2,subway:duration_flicker_level2,RIGHT,subway:duration_flicker_level2,subway:motion_noise_level2,1.475,240.02
o1,20,subway,subway:noise_colors_level0,subway:temporal-resolution-multiplexing_level0,LEFT,subway:noise_colors_level0,subway:temporal-resolution-multiplexing_level0,4.1126,240.0
o1,21,landscape,landscape:duration_flicker_level1,landscape:duration_flicker_level2,LEFT,landscape:duration_flicker_level1,landscape:duration_flicker_level2,1.8375,240.01
o1,22,classroom,classroom:temporal-resolution-multiplexing_level2,classroom:duration_flicker_level1,LEFT,classroom:temporal-resolution-multiplexing_level2,classroom:duration_flicker_level1,6.7917,240.0
o1,23,subway,subway:restir_level2,subway:restir_level1,RIGHT,subway:restir_level1,subway:restir_level2,3.6417,240.01
o1,24,classroom,classroom:duration_flicker_level1,classroom:duration_flicker_level2,LEFT,classroom:duration_flicker_level1,classroom:duration_flicker_level2,7.0292,240.0
o1,25,subway,subway:restir_level1,subway:temporal-resolution-multiplexing_level1,RIGHT,subway:temporal-resolution-multiplexing_level1,subway:restir_level1,2.3459,240.01
o1,26,marbles,marbles:motion_noise_level0,marbles:judder_level1,RIGHT,marbles:judder_level1,marbles:motion_noise_level0,5.9334,240.0
o1,27,pink_room,pink_room:noise_colors_level2,pink_room:dlss_rr_level2,LEFT,pink_room:noise_colors_level2,pink_room:dlss_rr_level2,3.0292,240.01
o1,28,subway,subway:noise_colors_level0,subway:duration_flicker_level0,LEFT,subway:noise_colors_level0,subway:duration_flicker_level0,4.925,240.0
o1,29,landscape,landscape:noise_colors_level0,landscape:stutter_level1,LEFT,landscape:noise_colors_level0,landscape:stutter_level1,3.1,240.01
o1,30,zeroday,zeroday:temporal-resolution-multiplexing_level2,zeroday:duration_flicker_level2,RIGHT,zeroday:duration_flicker_level2,zeroday:temporal-resolution-multiplexing_level2,2.1084,240.01
o1,31,zeroday,zeroday:judder_level0,zeroday:motion_noise_level0,RIGHT,zeroday:motion_noise_level0,zeroday:judder_level0,5.3542,240.0
o1,32,classroom,classroom:stutter_level1,classroom:judder_level0,RIGHT,classroom:judder_level0,classroom:stutter_level1,7.0259,239.97
o1,33,bistro_exterior,bistro_exterior:noise_colors_level1,bistro_exterior:motion_noise_level0,LEFT,bistro_exterior:noise_colors_level1,bistro_exterior:motion_noise_level0,7.7299,239.98
o1,34,attic,attic:motion_noise_level1,attic:stutter_level1,LEFT,attic:motion_noise_level1,attic:stutter_level1,4.0042,240.01
o1,35,classroom,classroom:motion_noise_level0,classroom:temporal-resolution-multiplexing_level0,RIGHT,classroom:temporal-resolution-multiplexing_level0,classroom:motion_noise_level0,7.7843,239.97
o1,36,attic,attic:judder_level0,attic:restir_level0,LEFT,attic:judder_level0,attic:restir_level0,2.3254,239.96
o1,37,zeroday,zeroday:dlss_rr_level1,zeroday:stutter_level0,LEFT,zeroday:dlss_rr_level1,zeroday:stutter_level0,4.825,240.01
o1,38,attic,attic:reference,attic:stutter_level0,LEFT,attic:reference,attic:stutter_level0,7.6042,240.0
o1,39,pink_room,pink_room:stutter_level2,pink_room:restir_level0,RIGHT,pink_room:restir_level0,pink_room:stutter_level2,1.25,240.02
o1,40,subway,subway:duration_flicker_level2,subway:temporal-resolution-multiplexing_level2,LEFT,subway:duration_flicker_level2,subway:temporal-resolution-multiplexing_level2,1.4125,240.01
o1,41,pink_room,pink_room:motion_resolution_level1,pink_room:duration_flicker_level0,RIGHT,pink_room:duration_flicker_level0,pink_room:motion_resolution_level1,1.1834,240.02
o1,42,marbles,marbles:motion_noise_level2,marbles:judder_level0,RIGHT,marbles:judder_level0,marbles:motion_noise_level2,2.125,240.01
o1,43,landscape,landscape:judder_level0,landscape:judder_level2,LEFT,landscape:judder_level0,landscape:judder_level2,1.9959,240.0
o1,44,bistro_exterior,bistro_exterior:judder_level0,bistro_exterior:temporal-resolution-multiplexing_level1,LEFT,bistro_exterior:judder_level0,bistro_exterior:temporal-resolution-multiplexing_level1,1.225,240.0
o1,45,bistro_interior,bistro_interior:duration_flicker_level1,bistro_interior:dlss_rr_level0,LEFT,bistro_interior:duration_flicker_level1,bistro_interior:dlss_rr_level0,5.0876,239.99
o1,46,marbles,marbles:stutter_level2,marbles:restir_level0,RIGHT,marbles:restir_level0,marbles:stutter_level2,1.4375,240.01
o1,47,classroom,classroom:restir_level0,classroom:motion_noise_level0,LEFT,classroom:restir_level0,classroom:motion_noise_level0,3.8876,240.0
o1,48,marbles,marbles:duration_flicker_level0,marbles:noise_colors_level2,LEFT,marbles:duration_flicker_level0,marbles:noise_colors_level2,2.5417,240.0
o1,49,landscape,landscape:dlss_rr_level2,landscape:dlss_rr_level0,RIGHT,landscape:dlss_rr_level0,landscape:dlss_rr_level2,1.9834,240.01
o1,50,zeroday,zeroday:dlss_rr_level2,zeroday:duration_flicker_level2,LEFT,zeroday:dlss_rr_level2,zeroday:duration_flicker_level2,2.8667,240.01
o1,51,pink_room,pink_room:duration_flicker_level1,pink_room:dlss_rr_level0,RIGHT,pink_room:dlss_rr_level0,pink_room:duration_flicker_level1,2.3,240.0
o1,52,bistro_exterior,bistro_exterior:motion_noise_level2,bistro_exterior:judder_level0,RIGHT,bistro_exterior:judder_level0,bistro_exterior:motion_noise_level2,1.8125,239.99
o1,53,classroom,classroom:restir_level1,classroom:motion_noise_level2,RIGHT,classroom:motion_noise_level2,classroom:restir_level1,6.7216,239.97
o1,54,bistro_interior,bistro_interior:motion_noise_level2,bistro_interior:noise_colors_level1,RIGHT,bistro_interior:noise_colors_level1,bistro_interior:motion_noise_level2,1.9171,239.95
o1,55,classroom,classroom:stutter_level1,classroom:reference,RIGHT,classroom:reference,classroom:stutter_level1,11.1084,240.0
o1,56,classroom,classroom:stutter_level2,classroom:motion_noise_level1,RIGHT,classroom:motion_noise_level1,classroom:stutter_level2,1.9417,240.01
o1,57,attic,attic:noise_colors_level2,attic:temporal-resolution-multiplexing_level2,LEFT,attic:noise_colors_level2,attic:temporal-resolution-multiplexing_level2,11.5792,240.0
o1,58,bistro_interior,bistro_interior:dlss_rr_level0,bistro_interior:restir_level0,LEFT,bistro_interior:dlss_rr_level0,bistro_interior:restir_level0,8.0292,240.0
o1,59,marbles,marbles:duration_flicker_level1,marbles:duration_flicker_level0,RIGHT,marbles:duration_flicker_level0,marbles:duration_flicker_level1,3.1584,239.99
o1,60,bistro_exterior,bistro_exterior:stutter_level1,bistro_exterior:judder_level0,LEFT,bistro_exterior:stutter_level1,bistro_exterior:judder_level0,6.9959,240.0
o1,61,marbles,marbles:restir_level2,marbles:dlss_rr_level2,RIGHT,marbles:dlss_rr_level2,marbles:restir_level2,2.1209,240.01
o1,62,bistro_exterior,bistro_exterior:motion_noise_level0,bistro_exterior:reference,RIGHT,bistro_exterior:reference,bistro_exterior:motion_noise_level0,2.0084,240.02
o1,63,classroom,classroom:temporal-resolution-multiplexing_level1,classroom:judder_level2,LEFT,classroom:temporal-resolution-multiplexing_level1,classroom:judder_level2,1.175,240.01
o1,64,attic,attic:motion_resolution_level2,attic:motion_resolution_level1,RIGHT,attic:motion_resolution_level1,attic:motion_resolution_level2,4.2294,239.99
o1,65,subway,subway:stutter_level0,subway:stutter_level1,LEFT,subway:stutter_level0,subway:stutter_level1,9.125,240.0
o1,66,classroom,classroom:restir_level1,classroom:dlss_rr_level2,RIGHT,classroom:dlss_rr_level2,classroom:restir_level1,2.4,240.02
o1,67,subway,subway:judder_level1,subway:temporal-resolution-multiplexing_level0,RIGHT,subway:temporal-resolution-multiplexing_level0,subway:judder_level1,8.4667,240.0
o1,68,bistro_exterior,bistro_exterior:judder_level2,bistro_exterior:judder_level0,RIGHT,bistro_exterior:judder_level0,bistro_exterior:judder_level2,4.7584,240.01
o1,69,attic,attic:duration_flicker_level0,attic:motion_resolution_level0,LEFT,attic:duration_flicker_level0,attic:motion_resolution_level0,6.3048,239.98
o1,70,landscape,landscape:duration_flicker_level1,landscape:judder_level2,RIGHT,landscape:judder_level2,landscape:duration_flicker_level1,8.75,240.0
o1,71,attic,attic:noise_colors_level0,attic:stutter_level0,LEFT,attic:noise_colors_level0,attic:stutter_level0,7.0793,240.0
o1,72,subway,subway:duration_flicker_level1,subway:motion_noise_level0,RIGHT,subway:motion_noise_level0,subway:duration_flicker_level1,4.4375,240.0
o1,73,pink_room,pink_room:judder_level2,pink_room:dlss_rr_level1,LEFT,pink_room:judder_level2,pink_room:dlss_rr_level1,5.0167,240.0
o1,74,bistro_interior,bistro_interior:noise_colors_level2,bistro_interior:duration_flicker_level2,LEFT,bistro_interior:noise_colors_level2,bistro_interior:duration_flicker_level2,11.9459,240.0
o1,75,marbles,marbles:motion_noise_level2,marbles:dlss_rr_level0,RIGHT,marbles:dlss_rr_level0,marbles:motion_noise_level2,3.088,239.97
o1,76,attic,attic:motion_noise_level0,attic:motion_noise_level1,LEFT,attic:motion_noise_level0,attic:motion_noise_level1,6.3549,239.97
o1,77,zeroday,zeroday:temporal-resolution-multiplexing_level1,zeroday:restir_level0,LEFT,zeroday:temporal-resolution-multiplexing_level1,zeroday:restir_level0,7.2125,240.0
o1,78,landscape,landscape:judder_level1,landscape:reference,RIGHT,landscape:reference,landscape:judder_level1,8.3709,240.0
o1,79,bistro_interior,bistro_interior:motion_resolution_level2,bistro_interior:motion_resolution_level0,RIGHT,bistro_interior:motion_resolution_level0,bistro_interior:motion_resolution_level2,1.521,239.98
o1,80,bistro_exterior,bistro_exterior:motion_noise_level2,bistro_exterior:duration_flicker_level1,RIGHT,bistro_exterior:duration_flicker_level1,bistro_exterior:motion_noise_level2,1.3875,240.0
o1,81,landscape,landscape:restir_level1,landscape:temporal-resolution-multiplexing_level0,LEFT,landscape:restir_level1,landscape:temporal-resolution-multiplexing_level0,3.9209,240.0
o1,82,attic,attic:stutter_level1,attic:judder_level0,LEFT,attic:stutter_level1,attic:judder_level0,6.6959,240.0
o1,83,pink_room,pink_room:judder_level1,pink_room:judder_level0,LEFT,pink_room:judder_level1,pink_room:judder_level0,2.9834,240.01
o1,84,subway,subway:restir_level0,subway:duration_flicker_level2,RIGHT,subway:duration_flicker_level2,subway:restir_level0,9.4167,240.0
o1,85,marbles,marbles:motion_resolution_level1,marbles:motion_resolution_level2,LEFT,marbles:motion_resolution_level1,marbles:motion_resolution_level2,7.6011,239.97
o1,86,pink_room,pink_room:noise_colors_level1,pink_room:judder_level1,RIGHT,pink_room:judder_level1,pink_room:noise_colors_level1,2.3292,240.01
o1,87,landscape,landscape:duration_flicker_level0,landscape:motion_resolution_level2,LEFT,landscape:duration_flicker_level0,landscape:motion_resolution_level2,1.825,240.01
o1,88,subway,subway:temporal-resolution-multiplexing_level2,subway:dlss_rr_level1,RIGHT,subway:dlss_rr_level1,subway:temporal-resolution-multiplexing_level2,2.1084,240.0
o1,89,subway,subway:restir_level0,subway:motion_noise_level1,RIGHT,subway:motion_noise_level1,subway:restir_level0,2.2251,240.01
o1,90,classroom,classroom:motion_noise_level0,classroom:restir_level1,RIGHT,classroom:restir_level1,classroom:motion_noise_level0,3.9542,240.01
o1,91,bistro_interior,bistro_interior:reference,bistro_interior:stutter_level0,RIGHT,bistro_interior:stutter_level0,bistro_interior:reference,7.75,240.0
o1,92,zeroday,zeroday:noise_colors_level0,zeroday:restir_level0,LEFT,zeroday:noise_colors_level0,zeroday:restir_level0,9.6084,240.0
o1,93,landscape,landscape:stutter_level0,landscape:noise_colors_level2,RIGHT,landscape:noise_colors_level2,landscape:stutter_level0,8.7298,239.99
o1,94,attic,attic:noise_colors_level2,attic:dlss_rr_level2,LEFT,attic:noise_colors_level2,attic:dlss_rr_level2,10.2264,239.97
o1,95,zeroday,zeroday:judder_level2,zeroday:noise_colors_level1,LEFT,zeroday:judder_level2,zeroday:noise_colors_level1,11.2959,240.0
o1,96,attic,attic:restir_level1,attic:duration_flicker_level0,RIGHT,attic:duration_flicker_level0,attic:restir_level1,3.6171,239.98
o1,97,pink_room,pink_room:temporal-resolution-multiplexing_level2,pink_room:noise_colors_level2,RIGHT,pink_room:noise_colors_level2,pink_room:temporal-resolution-multiplexing_level2,2.7542,240.0
o1,98,zeroday,zeroday:restir_level2,zeroday:motion_noise_level2,RIGHT,zeroday:motion_noise_level2,zeroday:restir_level2,1.8542,240.01
o1,99,landscape,landscape:stutter_level1,landscape:dlss_rr_level0,LEFT,landscape:stutter_level1,landscape:dlss_rr_level0,4.7,239.99
o1,100,zeroday,zeroday:duration_flicker_level2,zeroday:duration_flicker_level0,RIGHT,zeroday:duration_flicker_level0,zeroday:duration_flicker_level2,10.625,240.0
o1,101,marbles,marbles:stutter_level2,marbles:restir_level2,LEFT,marbles:stutter_level2,marbles:restir_level2,7.7045,239.99
o1,102,landscape,landscape:stutter_level0,landscape:judder_level2,LEFT,landscape:stutter_level0,landscape:judder_level2,4.3338,239.97
o1,103,subway,subway:noise_colors_level1,subway:temporal-resolution-multiplexing_level0,LEFT,subway:noise_colors_level1,subway:temporal-resolution-multiplexing_level0,4.2,240.0
o1,104,attic,attic:duration_flicker_level1,attic:temporal-resolution-multiplexing_level1,LEFT,attic:duration_flicker_level1,attic:temporal-resolution-multiplexing_level1,2.5877,239.98
o1,105,landscape,landscape:judder_level2,landscape:temporal-resolution-multiplexing_level1,RIGHT,landscape:temporal-resolution-multiplexing_level1,landscape:judder_level2,5.05,240.0
o1,106,landscape,landscape:restir_level0,landscape:restir_level1,RIGHT,landscape:restir_level1,landscape:restir_level0,10.8084,240.0
o1,107,zeroday,zeroday:motion_resolution_level0,zeroday:noise_colors_level2,RIGHT,zeroday:noise_colors_level2,zeroday:motion_resolution_level0,2.0792,240.02
o1,108,attic,attic:temporal-resolution-multiplexing_level1,attic:noise_colors_level2,RIGHT,attic:noise_colors_level2,attic:temporal-resolution-multiplexing_level1,2.5042,240.01
o1,109,bistro_interior,bistro_interior:noise_colors_level0,bistro_interior:reference,RIGHT,bistro_interior:reference,bistro_interior:noise_colors_level0,9.0709,240.0
o1,110,landscape,landscape:motion_resolution_level2,landscape:duration_flicker_level1,RIGHT,landscape:duration_flicker_level1,landscape:motion_resolution_level2,1.5417,240.03
o1,111,attic,attic:noise_colors_level0,attic:motion_noise_level0,RIGHT,attic:motion_noise_level0,attic:noise_colors_level0,5.6375,240.0
o1,112,landscape,landscape:duration_flicker_level0,landscape:restir_level2,RIGHT,landscape:restir_level2,landscape:duration_flicker_level0,4.1417,240.01
o1,113,marbles,marbles:judder_level2,marbles:stutter_level2,LEFT,marbles:judder_level2,marbles:stutter_level2,3.9,240.0
o1,114,classroom,classroom:motion_noise_level0,classroom:noise_colors_level0,RIGHT,classroom:noise_colors_level0,classroom:motion_noise_level0,2.9754,239.97
o1,115,bistro_exterior,bistro_exterior:temporal-resolution-multiplexing_level0,bistro_exterior:duration_flicker_level0,LEFT,bistro_exterior:temporal-resolution-multiplexing_level0,bistro_exterior:duration_flicker_level0,3.7084,240.01
o1,116,landscape,landscape:temporal-resolution-multiplexing_level0,landscape:noise_colors_level1,LEFT,landscape:temporal-resolution-multiplexing_level0,landscape:noise_colors_level1,2.2667,240.01
o1,117,subway,subway:judder_level0,subway:duration_flicker_level1,LEFT,subway:judder_level0,subway:duration_flicker_level1,2.75,240.01
o1,118,pink_room,pink_room:motion_noise_level0,pink_room:restir_level0,LEFT,pink_room:motion_noise_level0,pink_room:restir_level0,8.375,240.0
o1,119,subway,subway:motion_resolution_level2,subway:motion_resolution_level1,RIGHT,subway:motion_resolution_level1,subway:motion_resolution_level2,7.3255,239.99
o1,120,marbles,marbles:noise_colors_level0,marbles:motion_noise_level0,RIGHT,marbles:motion_noise_level0,marbles:noise_colors_level0,10.0515,239.97
o1,121,zeroday,zeroday:dlss_rr_level1,zeroday:stutter_level1,LEFT,zeroday:dlss_rr_level1,zeroday:stutter_level1,10.6547,239.99
o1,122,attic,attic:motion_resolution_level1,attic:temporal-resolution-multiplexing_level2,LEFT,attic:motion_resolution_level1,attic:temporal-resolution-multiplexing_level2,2.5709,240.02
o1,123,classroom,classroom:noise_colors_level0,classroom:motion_resolution_level0,LEFT,classroom:noise_colors_level0,classroom:motion_resolution_level0,1.7213,240.2
o1,124,bistro_interior,bistro_interior:temporal-resolution-multiplexing_level1,bistro_interior:noise_colors_level2,LEFT,bistro_interior:temporal-resolution-multiplexing_level1,bistro_interior:noise_colors_level2,1.2503,239.98
o1,125,marbles,marbles:motion_noise_level2,marbles:duration_flicker_level1,RIGHT,marbles:duration_flicker_level1,marbles:motion_noise_level2,2.0837,239.98
o1,126,classroom,classroom:restir_level1,classroom:duration_flicker_level1,LEFT,classroom:restir_level1,classroom:duration_flicker_level1,2.9376,240.01
o1,127,marbles,marbles:motion_noise_level2,marbles:temporal-resolution-multiplexing_level1,LEFT,marbles:motion_noise_level2,marbles:temporal-resolution-multiplexing_level1,2.6293,240.01
o1,128,pink_room,pink_room:dlss_rr_level2,pink_room:judder_level2,RIGHT,pink_room:judder_level2,pink_room:dlss_rr_level2,1.8209,240.01
o1,129,bistro_exterior,bistro_exterior:restir_level2,bistro_exterior:dlss_rr_level2,RIGHT,bistro_exterior:dlss_rr_level2,bistro_exterior:restir_level2,6.2174,239.98
o1,130,bistro_exterior,bistro_exterior:temporal-resolution-multiplexing_level1,bistro_exterior:judder_level1,RIGHT,bistro_exterior:judder_level1,bistro_exterior:temporal-resolution-multiplexing_level1,2.8626,239.99
o1,131,subway,subway:noise_colors_level1,subway:reference,RIGHT,subway:reference,subway:noise_colors_level1,3.3001,240.0
o1,132,attic,attic:stutter_level0,attic:temporal-resolution-multiplexing_level0,LEFT,attic:stutter_level0,attic:temporal-resolution-multiplexing_level0,6.0084,240.01
o1,133,classroom,classroom:duration_flicker_level0,classroom:duration_flicker_level1,LEFT,classroom:duration_flicker_level0,classroom:duration_flicker_level1,6.2293,240.0
o1,134,classroom,classroom:motion_resolution_level2,classroom:motion_resolution_level1,RIGHT,classroom:motion_resolution_level1,classroom:motion_resolution_level2,3.0378,239.98
o1,135,bistro_interior,bistro_interior:dlss_rr_level0,bistro_interior:stutter_level2,LEFT,bistro_interior:dlss_rr_level0,bistro_interior:stutter_level2,8.1636,239.97
o1,136,bistro_interior,bistro_interior:motion_noise_level1,bistro_interior:noise_colors_level1,RIGHT,bistro_interior:noise_colors_level1,bistro_interior:motion_noise_level1,3.3046,239.97
o1,137,classroom,classroom:stutter_level0,classroom:motion_noise_level0,LEFT,classroom:stutter_level0,classroom:motion_noise_level0,3.7209,240.0
o1,138,subway,subway:stutter_level2,subway:noise_colors_level0,RIGHT,subway:noise_colors_level0,subway:stutter_level2,1.975,240.0
o1,139,bistro_exterior,bistro_exterior:restir_level2,bistro_exterior:motion_noise_level2,RIGHT,bistro_exterior:motion_noise_level2,bistro_exterior:restir_level2,4.9459,240.0
o1,140,classroom,classroom:dlss_rr_level1,classroom:dlss_rr_level2,RIGHT,classroom:dlss_rr_level2,classroom:dlss_rr_level1,3.4375,240.0
o1,141,attic,attic:judder_level2,attic:dlss_rr_level0,RIGHT,attic:dlss_rr_level0,attic:judder_level2,1.7542,240.01
o1,142,bistro_interior,bistro_interior:restir_level1,bistro_interior:restir_level2,RIGHT,bistro_interior:restir_level2,bistro_interior:restir_level1,5.0418,240.0
o1,143,zeroday,zeroday:motion_noise_level0,zeroday:judder_level1,RIGHT,zeroday:judder_level1,zeroday:motion_noise_level0,6.55,240.0
o1,144,bistro_exterior,bistro_exterior:noise_colors_level1,bistro_exterior:dlss_rr_level0,LEFT,bistro_exterior:noise_colors_level1,bistro_exterior:dlss_rr_level0,3.5917,240.01
o1,145,classroom,classroom:restir_level2,classroom:duration_flicker_level1,RIGHT,classroom:duration_flicker_level1,classroom:restir_level2,1.2125,240.0
o1,146,classroom,classroom:motion_resolution_level1,classroom:temporal-resolution-multiplexing_level2,LEFT,classroom:motion_resolution_level1,classroom:temporal-resolution-multiplexing_level2,3.3005,239.97
o1,147,bistro_interior,bistro_interior:noise_colors_level2,bistro_interior:duration_flicker_level1,RIGHT,bistro_interior:duration_flicker_level1,bistro_interior:noise_colors_level2,9.4135,239.97
o1,148,marbles,marbles:temporal-resolution-multiplexing_level2,marbles:noise_colors_level1,RIGHT,marbles:noise_colors_level1,marbles:temporal-resolution-multiplexing_level2,2.1921,239.97
o1,149,bistro_interior,bistro_interior:judder_level1,bistro_interior:noise_colors_level1,RIGHT,bistro_interior:noise_colors_level1,bistro_interior:judder_level1,9.7584,240.0
o1,150,bistro_interior,bistro_interior:temporal-resolution-multiplexing_level0,bistro_interior:noise_colors_level0,RIGHT,bistro_interior:noise_colors_level0,bistro_interior:temporal-resolution-multiplexing_level0,2.1209,240.01
o1,151,bistro_exterior,bistro_exterior:motion_resolution_level2,bistro_exterior:motion_resolution_level0,RIGHT,bistro_exterior:motion_resolution_level0,bistro_exterior:motion_resolution_level2,1.6084,240.01
o1,152,zeroday,zeroday:motion_noise_level2,zeroday:judder_level2,RIGHT,zeroday:judder_level2,zeroday:motion_noise_level2,4.9167,240.01
o1,153,attic,attic:dlss_rr_level1,attic:duration_flicker_level0,RIGHT,attic:duration_flicker_level0,attic:dlss_rr_level1,2.2044,239.98
o1,154,pink_room,pink_room:restir_level0,pink_room:temporal-resolution-multiplexing_level1,RIGHT,pink_room:temporal-resolution-multiplexing_level1,pink_room:restir_level0,4.8542,240.0
o1,155,bistro_interior,bistro_interior:dlss_rr_level1,bistro_interior:restir_level1,LEFT,bistro_interior:dlss_rr_level1,bistro_interior:restir_level1,17.4,240.0
o1,156,pink_room,pink_room:stutter_level1,pink_room:noise_colors_level0,LEFT,pink_room:stutter_level1,pink_room:noise_colors_level0,7.0959,240.0
o1,157,subway,subway:dlss_rr_level0,subway:duration_flicker_level1,LEFT,subway:dlss_rr_level0,subway:duration_flicker_level1,3.5,240.0
o1,158,classroom,classroom:noise_colors_level2,classroom:motion_noise_level1,RIGHT,classroom:motion_noise_level1,classroom:noise_colors_level2,3.6167,240.0
o1,159,marbles,marbles:stutter_level2,marbles:noise_colors_level1,RIGHT,marbles:noise_colors_level1,marbles:stutter_level2,2.8004,239.97
o1,160,subway,subway:temporal-resolution-multiplexing_level0,subway:motion_resolution_level0,LEFT,subway:temporal-resolution-multiplexing_level0,subway:motion_resolution_level0,10.2667,240.0
o1,161,subway,subway:noise_colors_level2,subway:restir_level1,LEFT,subway:noise_colors_level2,subway:restir_level1,3.6625,240.01
o1,162,bistro_exterior,bistro_exterior:noise_colors_level2,bistro_exterior:stutter_level2,LEFT,bistro_exterior:noise_colors_level2,bistro_exterior:stutter_level2,3.142,239.98
o1,163,landscape,landscape:dlss_rr_level1,landscape:duration_flicker_level1,LEFT,landscape:dlss_rr_level1,landscape:duration_flicker_level1,3.6709,240.0
o1,164,bistro_interior,bistro_interior:judder_level2,bistro_interior:dlss_rr_level0,LEFT,bistro_interior:judder_level2,bistro_interior:dlss_rr_level0,1.9459,240.0
o1,165,bistro_exterior,bistro_exterior:duration_flicker_level2,bistro_exterior:temporal-resolution-multiplexing_level2,LEFT,bistro_exterior:duration_flicker_level2,bistro_exterior:temporal-resolution-multiplexing_level2,2.8834,240.0
o1,166,zeroday,zeroday:motion_noise_level0,zeroday:judder_level2,LEFT,zeroday:motion_noise_level0,zeroday:judder_level2,4.6875,240.01
o1,167,bistro_interior,bistro_interior:motion_resolution_level0,bistro_interior:judder_level2,LEFT,bistro_interior:motion_resolution_level0,bistro_interior:judder_level2,3.8917,240.01
o1,168,landscape,landscape:motion_resolution_level1,landscape:motion_resolution_level0,RIGHT,landscape:motion_resolution_level0,landscape:motion_resolution_level1,3.0709,240.01
o1,169,attic,attic:dlss_rr_level0,attic:judder_level0,RIGHT,attic:judder_level0,attic:dlss_rr_level0,2.1334,240.01
o1,170,bistro_interior,bistro_interior:temporal-resolution-multiplexing_level2,bistro_interior:judder_level1,RIGHT,bistro_interior:judder_level1,bistro_interior:temporal-resolution-multiplexing_level2,0.8625,240.02
o1,171,classroom,classroom:noise_colors_level1,classroom:judder_level1,RIGHT,classroom:judder_level1,classroom:noise_colors_level1,3.55,240.01
o1,172,classroom,classroom:dlss_rr_level2,classroom:dlss_rr_level0,RIGHT,classroom:dlss_rr_level0,classroom:dlss_rr_level2,2.4042,240.01
o1,173,bistro_exterior,bistro_exterior:restir_level0,bistro_exterior:restir_level1,RIGHT,bistro_exterior:restir_level1,bistro_exterior:restir_level0,3.317,239.97
o1,174,marbles,marbles:duration_flicker_level2,marbles:restir_level2,RIGHT,marbles:restir_level2,marbles:duration_flicker_level2,6.7167,240.0
o1,175,zeroday,zeroday:motion_resolution_level1,zeroday:motion_resolution_level2,LEFT,zeroday:motion_resolution_level1,zeroday:motion_resolution_level2,1.1709,240.01
o1,176,zeroday,zeroday:noise_colors_level0,zeroday:dlss_rr_level1,RIGHT,zeroday:dlss_rr_level1,zeroday:noise_colors_level0,8.8542,240.0
o1,177,bistro_exterior,bistro_exterior:motion_noise_level1,bistro_exterior:motion_noise_level0,RIGHT,bistro_exterior:motion_noise_level0,bistro_exterior:motion_noise_level1,8.0709,240.0
o1,178,landscape,landscape:motion_noise_level2,landscape:stutter_level1,LEFT,landscape:motion_noise_level2,landscape:stutter_level1,4.65,240.0
o1,179,attic,attic:restir_level0,attic:noise_colors_level1,RIGHT,attic:noise_colors_level1,attic:restir_level0,1.9129,239.97
o1,180,zeroday,zeroday:temporal-resolution-multiplexing_level1,zeroday:motion_resolution_level0,RIGHT,zeroday:motion_resolution_level0,zeroday:temporal-resolution-multiplexing_level1,7.9292,240.0
o1,181,landscape,landscape:stutter_level2,landscape:duration_flicker_level1,RIGHT,landscape:duration_flicker_level1,landscape:stutter_level2,4.725,240.0
o1,182,classroom,classroom:duration_flicker_level1,classroom:motion_noise_level1,RIGHT,classroom:motion_noise_level1,classroom:duration_flicker_level1,2.4417,240.01
o1,183,zeroday,zeroday:duration_flicker_level2,zeroday:motion_resolution_level0,RIGHT,zeroday:motion_resolution_level0,zeroday:duration_flicker_level2,2.7792,240.01
o1,184,bistro_interior,bistro_interior:restir_level1,bistro_interior:noise_colors_level2,RIGHT,bistro_interior:noise_colors_level2,bistro_interior:restir_level1,3.0715,239.96
o1,185,landscape,landscape:motion_noise_level0,landscape:motion_noise_level1,LEFT,landscape:motion_noise_level0,landscape:motion_noise_level1,9.0625,240.0
o1,186,attic,attic:judder_level2,attic:judder_level1,RIGHT,attic:judder_level1,attic:judder_level2,3.1667,240.01
o1,187,subway,subway:motion_noise_level0,subway:motion_noise_level1,LEFT,subway:motion_noise_level0,subway:motion_noise_level1,2.2959,240.0
o1,188,zeroday,zeroday:restir_level1,zeroday:duration_flicker_level2,RIGHT,zeroday:duration_flicker_level2,zeroday:restir_level1,2.9334,240.01
o1,189,landscape,landscape:motion_noise_level0,landscape:restir_level1,LEFT,landscape:motion_noise_level0,landscape:restir_level1,6.0125,240.0
o1,190,marbles,marbles:motion_noise_level1,marbles:dlss_rr_level1,RIGHT,marbles:dlss_rr_level1,marbles:motion_noise_level1,2.9504,239.99
o1,191,marbles,marbles:motion_noise_level0,marbles:stutter_level0,RIGHT,marbles:stutter_level0,marbles:motion_noise_level0,6.0459,240.0
o1,192,landscape,landscape:noise_colors_level0,landscape:restir_level1,LEFT,landscape:noise_colors_level0,landscape:restir_level1,2.4417,240.01
o1,193,bistro_exterior,bistro_exterior:noise_colors_level0,bistro_exterior:duration_flicker_level0,LEFT,bistro_exterior:noise_colors_level0,bistro_exterior:duration_flicker_level0,3.4834,240.0
o1,194,landscape,landscape:judder_level2,landscape:dlss_rr_level2,LEFT,landscape:judder_level2,landscape:dlss_rr_level2,5.0793,239.99
o1,195,attic,attic:duration_flicker_level0,attic:restir_level0,LEFT,attic:duration_flicker_level0,attic:restir_level0,2.7375,240.01
o1,196,subway,subway:judder_level0,subway:noise_colors_level0,LEFT,subway:judder_level0,subway:noise_colors_level0,7.5875,240.0
o1,197,zeroday,zeroday:dlss_rr_level0,zeroday:motion_resolution_level0,LEFT,zeroday:dlss_rr_level0,zeroday:motion_resolution_level0,4.1542,240.01
o1,198,attic,attic:duration_flicker_level0,attic:temporal-resolution-multiplexing_level1,LEFT,attic:duration_flicker_level0,attic:temporal-resolution-multiplexing_level1,1.7542,240.0
o1,199,landscape,landscape:restir_level1,landscape:reference,RIGHT,landscape:reference,landscape:restir_level1,4.7334,240.01
o1,200,bistro_exterior,bistro_exterior:stutter_level2,bistro_exterior:motion_resolution_level1,LEFT,bistro_exterior:stutter_level2,bistro_exterior:motion_resolution_level1,9.7667,240.0
o1,201,landscape,landscape:motion_resolution_level0,landscape:dlss_rr_level0,LEFT,landscape:motion_resolution_level0,landscape:dlss_rr_level0,11.3,240.0
o1,202,subway,subway:dlss_rr_level2,subway:duration_flicker_level2,RIGHT,subway:duration_flicker_level2,subway:dlss_rr_level2,3.0375,240.01
o1,203,marbles,marbles:noise_colors_level0,marbles:stutter_level1,LEFT,marbles:noise_colors_level0,marbles:stutter_level1,5.8959,240.0
o1,204,marbles,marbles:noise_colors_level2,marbles:noise_colors_level1,RIGHT,marbles:noise_colors_level1,marbles:noise_colors_level2,3.0125,240.0
o1,205,subway,subway:motion_resolution_level1,subway:restir_level0,LEFT,subway:motion_resolution_level1,subway:restir_level0,3.325,240.0
o1,206,pink_room,pink_room:temporal-resolution-multiplexing_level0,pink_room:stutter_level1,LEFT,pink_room:temporal-resolution-multiplexing_level0,pink_room:stutter_level1,13.2591,239.99
o1,207,marbles,marbles:restir_level1,marbles:motion_noise_level2,LEFT,marbles:restir_level1,marbles:motion_noise_level2,6.0042,240.0
o1,208,attic,attic:stutter_level2,attic:judder_level0,RIGHT,attic:judder_level0,attic:stutter_level2,1.4,240.01
o1,209,zeroday,zeroday:judder_level1,zeroday:reference,LEFT,zeroday:judder_level1,zeroday:reference,11.7709,240.0
o1,210,zeroday,zeroday:reference,zeroday:temporal-resolution-multiplexing_level0,LEFT,zeroday:reference,zeroday:temporal-resolution-multiplexing_level0,10.225,240.0
o1,211,bistro_interior,bistro_interior:motion_noise_level0,bistro_interior:duration_flicker_level2,LEFT,bistro_interior:motion_noise_level0,bistro_interior:duration_flicker_level2,1.7709,240.01
o1,212,bistro_exterior,bistro_exterior:restir_level0,bistro_exterior:dlss_rr_level1,LEFT,bistro_exterior:restir_level0,bistro_exterior:dlss_rr_level1,9.0042,240.0
o1,213,bistro_interior,bistro_interior:duration_flicker_level1,bistro_interior:stutter_level0,RIGHT,bistro_interior:stutter_level0,bistro_interior:duration_flicker_level1,2.2875,240.01
o1,214,pink_room,pink_room:duration_flicker_level2,pink_room:motion_resolution_level2,RIGHT,pink_room:motion_resolution_level2,pink_room:duration_flicker_level2,5.0417,240.01
o1,215,bistro_exterior,bistro_exterior:noise_colors_level0,bistro_exterior:stutter_level0,LEFT,bistro_exterior:noise_colors_level0,bistro_exterior:stutter_level0,8.5302,239.97
o1,216,zeroday,zeroday:motion_resolution_level0,zeroday:stutter_level2,LEFT,zeroday:motion_resolution_level0,zeroday:stutter_level2,8.0459,240.0
o1,217,bistro_exterior,bistro_exterior:motion_resolution_level1,bistro_exterior:duration_flicker_level2,RIGHT,bistro_exterior:duration_flicker_level2,bistro_exterior:motion_resolution_level1,8.9667,240.0
o1,218,zeroday,zeroday:restir_level1,zeroday:motion_resolution_level1,RIGHT,zeroday:motion_resolution_level1,zeroday:restir_level1,3.8209,240.0
o1,219,zeroday,zeroday:duration_flicker_level1,zeroday:restir_level2,LEFT,zeroday:duration_flicker_level1,zeroday:restir_level2,3.7417,240.01
o1,220,attic,attic:dlss_rr_level1,attic:restir_level2,LEFT,attic:dlss_rr_level1,attic:restir_level2,3.6625,240.0
o1,221,bistro_exterior,bistro_exterior:restir_level1,bistro_exterior:noise_colors_level0,RIGHT,bistro_exterior:noise_colors_level0,bistro_exterior:restir_level1,2.825,240.01
o1,222,pink_room,pink_room:stutter_level2,pink_room:judder_level0,RIGHT,pink_room:judder_level0,pink_room:stutter_level2,6.5125,240.01
o1,223,marbles,marbles:reference,marbles:judder_level1,RIGHT,marbles:judder_level1,marbles:reference,10.0428,239.97
o1,224,bistro_interior,bistro_interior:temporal-resolution-multiplexing_level2,bistro_interior:duration_flicker_level0,RIGHT,bistro_interior:duration_flicker_level0,bistro_interior:temporal-resolution-multiplexing_level2,5.2215,239.97
o1,225,marbles,marbles:motion_noise_level2,marbles:dlss_rr_level1,RIGHT,marbles:dlss_rr_level1,marbles:motion_noise_level2,2.0836,239.97
o1,226,pink_room,pink_room:dlss_rr_level0,pink_room:judder_level0,RIGHT,pink_room:judder_level0,pink_room:dlss_rr_level0,4.9667,240.01
o1,227,attic,attic:duration_flicker_level2,attic:motion_noise_level2,RIGHT,attic:motion_noise_level2,attic:duration_flicker_level2,9.6178,239.97
o1,228,marbles,marbles:motion_resolution_level1,marbles:restir_level2,LEFT,marbles:motion_resolution_level1,marbles:restir_level2,7.7634,239.98
o1,229,pink_room,pink_room:stutter_level2,pink_room:stutter_level0,RIGHT,pink_room:stutter_level0,pink_room:stutter_level2,5.2459,240.0
o1,230,bistro_exterior,bistro_exterior:temporal-resolution-multiplexing_level2,bistro_exterior:restir_level2,RIGHT,bistro_exterior:restir_level2,bistro_exterior:temporal-resolution-multiplexing_level2,7.5594,239.97
o1,231,attic,attic:duration_flicker_level2,attic:judder_level0,RIGHT,attic:judder_level0,attic:duration_flicker_level2,3.7922,239.97
o1,232,bistro_interior,bistro_interior:restir_level1,bistro_interior:dlss_rr_level2,RIGHT,bistro_interior:dlss_rr_level2,bistro_interior:restir_level1,13.506,239.97
o1,233,bistro_interior,bistro_interior:stutter_level1,bistro_interior:temporal-resolution-multiplexing_level2,LEFT,bistro_interior:stutter_level1,bistro_interior:temporal-resolution-multiplexing_level2,1.7711,239.97
o1,234,pink_room,pink_room:motion_noise_level0,pink_room:reference,LEFT,pink_room:motion_noise_level0,pink_room:reference,12.9507,239.99
o1,235,bistro_interior,bistro_interior:judder_level0,bistro_interior:noise_colors_level1,RIGHT,bistro_interior:noise_colors_level1,bistro_interior:judder_level0,2.55,240.01
o1,236,pink_room,pink_room:noise_colors_level1,pink_room:motion_noise_level1,RIGHT,pink_room:motion_noise_level1,pink_room:noise_colors_level1,4.0544,239.99
o1,237,pink_room,pink_room:judder_level1,pink_room:restir_level1,LEFT,pink_room:judder_level1,pink_room:restir_level1,2.9334,240.0
o1,238,bistro_interior,bistro_interior:restir_level1,bistro_interior:motion_resolution_level1,RIGHT,bistro_interior:motion_resolution_level1,bistro_interior:restir_level1,2.5337,239.98
o1,239,pink_room,pink_room:judder_level0,pink_room:noise_colors_level2,LEFT,pink_room:judder_level0,pink_room:noise_colors_level2,2.0586,239.96
o1,240,pink_room,pink_room:motion_resolution_level1,pink_room:duration_flicker_level2,LEFT,pink_room:motion_resolution_level1,pink_room:duration_flicker_level2,1.6044,239.97
o1,241,pink_room,pink_room:dlss_rr_level2,pink_room:restir_level2,RIGHT,pink_room:restir_level2,pink_room:dlss_rr_level2,2.7709,240.0
o1,242,pink_room,pink_room:noise_colors_level1,pink_room:motion_noise_level2,LEFT,pink_room:noise_colors_level1,pink_room:motion_noise_level2,3.4042,240.0
o1,243,pink_room,pink_room:duration_flicker_level2,pink_room:dlss_rr_level0,RIGHT,pink_room:dlss_rr_level0,pink_room:duration_flicker_level2,1.8959,240.01
o3,1,marbles,marbles:judder_level2,marbles:motion_noise_level2,LEFT,marbles:judder_level2,marbles:motion_noise_level2,2.6381,240.14
o3,2,pink_room,pink_room:motion_noise_level2,pink_room:restir_level1,LEFT,pink_room:motion_noise_level2,pink_room:restir_level1,2.8751,240.01
o3,3,marbles,marbles:noise_colors_level0,marbles:temporal-resolution-multiplexing_level1,LEFT,marbles:noise_colors_level0,marbles:temporal-resolution-multiplexing_level1,3.2709,240.0
o3,4,bistro_exterior,bistro_exterior:duration_flicker_level0,bistro_exterior:motion_noise_level2,LEFT,bistro_exterior:duration_flicker_level0,bistro_exterior:motion_noise_level2,2.4209,240.01
o3,5,zeroday,zeroday:judder_level1,zeroday:reference,RIGHT,zeroday:reference,zeroday:judder_level1,8.7042,240.0
o3,6,bistro_interior,bistro_interior:stutter_level1,bistro_interior:noise_colors_level1,LEFT,bistro_interior:stutter_level1,bistro_interior:noise_colors_level1,2.4793,240.01
o3,7,zeroday,zeroday:dlss_rr_level0,zeroday:duration_flicker_level0,LEFT,zeroday:dlss_rr_level0,zeroday:duration_flicker_level0,3.0834,240.01
o3,8,landscape,landscape:judder_level2,landscape:stutter_level2,LEFT,landscape:judder_level2,landscape:stutter_level2,4.3459,240.0
o3,9,bistro_interior,bistro_interior:noise_colors_level2,bistro_interior:stutter_level2,LEFT,bistro_interior:noise_colors_level2,bistro_interior:stutter_level2,2.3877,240.0
o3,10,subway,subway:motion_resolution_level1,subway:duration_flicker_level2,LEFT,subway:motion_resolution_level1,subway:duration_flicker_level2,4.7167,240.0
o3,11,attic,attic:restir_level2,attic:noise_colors_level2,RIGHT,attic:noise_colors_level2,attic:restir_level2,3.3168,240.0
o3,12,classroom,classroom:judder_level2,classroom:motion_resolution_level0,RIGHT,classroom:motion_resolution_level0,classroom:judder_level2,2.1917,240.02
o3,13,bistro_interior,bistro_interior:motion_resolution_level1,bistro_interior:restir_level0,RIGHT,bistro_interior:restir_level0,bistro_interior:motion_resolution_level1,4.2459,240.0
o3,14,classroom,classroom:judder_level0,classroom:motion_resolution_level0,RIGHT,classroom:motion_resolution_level0,classroom:judder_level0,6.4709,240.01
o3,15,classroom,classroom:motion_resolution_level1,classroom:duration_flicker_level1,LEFT,classroom:motion_resolution_level1,classroom:duration_flicker_level1,3.6625,240.0
o3,16,subway,subway:temporal-resolution-multiplexing_level1,subway:duration_flicker_level2,LEFT,subway:temporal-resolution-multiplexing_level1,subway:duration_flicker_level2,8.338,239.99
o3,17,landscape,landscape:judder_level2,landscape:duration_flicker_level0,LEFT,landscape:judder_level2,landscape:duration_flicker_level0,3.7421,239.97
o3,18,bistro_exterior,bistro_exterior:duration_flicker_level2,bistro_exterior:dlss_rr_level2,RIGHT,bistro_exterior:dlss_rr_level2,bistro_exterior:duration_flicker_level2,4.0292,240.01
o3,19,subway,subway:noise_colors_level0,subway:motion_noise_level0,LEFT,subway:noise_colors_level0,subway:motion_noise_level0,3.8,240.0
o3,20,landscape,landscape:noise_colors_level1,landscape:dlss_rr_level0,LEFT,landscape:noise_colors_level1,landscape:dlss_rr_level0,3.3792,240.01
o3,21,pink_room,pink_room:noise_colors_level1,pink_room:motion_noise_level2,RIGHT,pink_room:motion_noise_level2,pink_room:noise_colors_level1,2.7417,240.0
o3,22,landscape,landscape:noise_colors_level0,landscape:restir_level0,LEFT,landscape:noise_colors_level0,landscape:restir_level0,9.7,240.0
o3,23,subway,subway:duration_flicker_level2,subway:duration_flicker_level0,LEFT,subway:duration_flicker_level2,subway:duration_flicker_level0,8.6875,240.0
o3,24,marbles,marbles:stutter_level1,marbles:motion_noise_level0,LEFT,marbles:stutter_level1,marbles:motion_noise_level0,3.7417,240.0
o3,25,bistro_exterior,bistro_exterior:restir_level1,bistro_exterior:temporal-resolution-multiplexing_level1,RIGHT,bistro_exterior:temporal-resolution-multiplexing_level1,bistro_exterior:restir_level1,4.7167,240.01
o3,26,marbles,marbles:stutter_level0,marbles:judder_level0,LEFT,marbles:stutter_level0,marbles:judder_level0,7.6834,240.0
o3,27,pink_room,pink_room:stutter_level0,pink_room:noise_colors_level0,LEFT,pink_room:stutter_level0,pink_room:noise_colors_level0,9.1584,240.0
o3,28,zeroday,zeroday:noise_colors_level0,zeroday:judder_level2,LEFT,zeroday:noise_colors_level0,zeroday:judder_level2,5.2292,240.0
o3,29,landscape,landscape:dlss_rr_level0,landscape:judder_level2,RIGHT,landscape:judder_level2,landscape:dlss_rr_level0,4.7042,240.01
o3,30,classroom,classroom:duration_flicker_level1,classroom:dlss_rr_level2,RIGHT,classroom:dlss_rr_level2,classroom:duration_flicker_level1,3.0167,240.01
o3,31,attic,attic:motion_resolution_level1,attic:duration_flicker_level2,LEFT,attic:motion_resolution_level1,attic:duration_flicker_level2,3.025,240.01
o3,32,marbles,marbles:judder_level1,marbles:noise_colors_level0,LEFT,marbles:judder_level1,marbles:noise_colors_level0,12.0,240.0
o3,33,subway,subway:reference,subway:stutter_level1,RIGHT,subway:stutter_level1,subway:reference,10.0792,240.0
o3,34,subway,subway:motion_noise_level2,subway:temporal-resolution-multiplexing_level1,RIGHT,subway:temporal-resolution-multiplexing_level1,subway:motion_noise_level2,1.8419,239.98
o3,35,attic,attic:restir_level2,attic:duration_flicker_level1,RIGHT,attic:duration_flicker_level1,attic:restir_level2,2.0959,240.01
o3,36,zeroday,zeroday:reference,zeroday:temporal-resolution-multiplexing_level0,RIGHT,zeroday:temporal-resolution-multiplexing_level0,zeroday:reference,9.7875,240.0
o3,37,zeroday,zeroday:dlss_rr_level0,zeroday:noise_colors_level1,LEFT,zeroday:dlss_rr_level0,zeroday:noise_colors_level1,1.6042,240.02
o3,38,classroom,classroom:judder_level1,classroom:judder_level0,LEFT,classroom:judder_level1,classroom:judder_level0,8.275,240.0
o3,39,subway,subway:duration_flicker_level1,subway:motion_resolution_level1,RIGHT,subway:motion_resolution_level1,subway:duration_flicker_level1,3.3542,240.01
o3,40,pink_room,pink_room:stutter_level2,pink_room:dlss_rr_level1,RIGHT,pink_room:dlss_rr_level1,pink_room:stutter_level2,1.3001,239.98
o3,41,bistro_exterior,bistro_exterior:duration_flicker_level0,bistro_exterior:stutter_level1,RIGHT,bistro_exterior:stutter_level1,bistro_exterior:duration_flicker_level0,3.3167,240.0
o3,42,landscape,landscape:dlss_rr_level2,landscape:motion_resolution_level2,RIGHT,landscape:motion_resolution_level2,landscape:dlss_rr_level2,8.4626,240.0
o3,43,classroom,classroom:dlss_rr_level1,classroom:motion_noise_level0,RIGHT,classroom:motion_noise_level0,classroom:dlss_rr_level1,2.5875,240.0
o3,44,landscape,landscape:dlss_rr_level0,landscape:duration_flicker_level1,LEFT,landscape:dlss_rr_level0,landscape:duration_flicker_level1,2.15,240.01
o3,45,marbles,marbles:duration_flicker_level0,marbles:judder_level2,RIGHT,marbles:judder_level2,marbles:duration_flicker_level0,2.9625,240.01
o3,46,attic,attic:temporal-resolution-multiplexing_level2,attic:temporal-resolution-multiplexing_level1,LEFT,attic:temporal-resolution-multiplexing_level2,attic:temporal-resolution-multiplexing_level1,3.0588,239.97
o3,47,marbles,marbles:judder_level2,marbles:dlss_rr_level0,RIGHT,marbles:dlss_rr_level0,marbles:judder_level2,3.6797,239.98
o3,48,marbles,marbles:restir_level2,marbles:duration_flicker_level2,RIGHT,marbles:duration_flicker_level2,marbles:restir_level2,7.4709,240.0
o3,49,bistro_interior,bistro_interior:restir_level1,bistro_interior:motion_resolution_level0,RIGHT,bistro_interior:motion_resolution_level0,bistro_interior:restir_level1,1.7584,240.0
o3,50,attic,attic:temporal-resolution-multiplexing_level2,attic:dlss_rr_level2,RIGHT,attic:dlss_rr_level2,attic:temporal-resolution-multiplexing_level2,2.4586,239.98
o3,51,attic,attic:motion_noise_level1,attic:motion_noise_level2,LEFT,attic:motion_noise_level1,attic:motion_noise_level2,6.4544,239.99
o3,52,bistro_exterior,bistro_exterior:reference,bistro_exterior:motion_noise_level1,LEFT,bistro_exterior:reference,bistro_exterior:motion_noise_level1,1.85,240.02
o3,53,bistro_exterior,bistro_exterior:motion_noise_level1,bistro_exterior:duration_flicker_level0,LEFT,bistro_exterior:motion_noise_level1,bistro_exterior:duration_flicker_level0,3.3459,240.01
o3,54,classroom,classroom:motion_noise_level2,classroom:judder_level2,RIGHT,classroom:judder_level2,classroom:motion_noise_level2,7.8917,240.0
o3,55,pink_room,pink_room:restir_level0,pink_room:reference,RIGHT,pink_room:reference,pink_room:restir_level0,4.6625,240.01
o3,56,bistro_interior,bistro_interior:noise_colors_level2,bistro_interior:temporal-resolution-multiplexing_level2,RIGHT,bistro_interior:temporal-resolution-multiplexing_level2,bistro_interior:noise_colors_level2,3.1672,239.95
o3,57,attic,attic:duration_flicker_level0,attic:judder_level2,RIGHT,attic:judder_level2,attic:duration_flicker_level0,3.1084,240.0
o3,58,subway,subway:judder_level2,subway:stutter_level2,LEFT,subway:judder_level2,subway:stutter_level2,6.5084,240.0
o3,59,zeroday,zeroday:dlss_rr_level0,zeroday:judder_level0,LEFT,zeroday:dlss_rr_level0,zeroday:judder_level0,8.1959,240.0
o3,60,bistro_interior,bistro_interior:restir_level0,bistro_interior:noise_colors_level2,RIGHT,bistro_interior:noise_colors_level2,bistro_interior:restir_level0,2.6667,240.01
o3,61,pink_room,pink_room:motion_resolution_level0,pink_room:judder_level2,LEFT,pink_room:motion_resolution_level0,pink_room:judder_level2,2.1167,240.02
o3,62,subway,subway:stutter_level1,subway:judder_level0,LEFT,subway:stutter_level1,subway:judder_level0,7.4844,239.97
o3,63,bistro_interior,bistro_interior:judder_level2,bistro_interior:dlss_rr_level1,LEFT,bistro_interior:judder_level2,bistro_interior:dlss_rr_level1,2.1379,239.96
o3,64,landscape,landscape:motion_noise_level1,landscape:stutter_level1,RIGHT,landscape:stutter_level1,landscape:motion_noise_level1,4.7125,240.0
o3,65,subway,subway:temporal-resolution-multiplexing_level2,subway:temporal-resolution-multiplexing_level1,RIGHT,subway:temporal-resolution-multiplexing_level1,subway:temporal-resolution-multiplexing_level2,1.5125,240.02
o3,66,bistro_exterior,bistro_exterior:motion_resolution_level2,bistro_exterior:motion_resolution_level1,RIGHT,bistro_exterior:motion_resolution_level1,bistro_exterior:motion_resolution_level2,5.0584,240.0
o3,67,landscape,landscape:dlss_rr_level0,landscape:temporal-resolution-multiplexing_level2,LEFT,landscape:dlss_rr_level0,landscape:temporal-resolution-multiplexing_level2,4.7667,240.0
o3,68,attic,attic:judder_level0,attic:noise_colors_level0,RIGHT,attic:noise_colors_level0,attic:judder_level0,7.3426,239.97
o3,69,zeroday,zeroday:restir_level1,zeroday:dlss_rr_level2,RIGHT,zeroday:dlss_rr_level2,zeroday:restir_level1,1.1834,240.01
o3,70,classroom,classroom:restir_level1,classroom:duration_flicker_level0,LEFT,classroom:restir_level1,classroom:duration_flicker_level0,2.5667,240.01
o3,71,subway,subway:stutter_level2,subway:motion_resolution_level0,RIGHT,subway:motion_resolution_level0,subway:stutter_level2,7.1835,240.0
o3,72,marbles,marbles:motion_resolution_level0,marbles:stutter_level2,RIGHT,marbles:stutter_level2,marbles:motion_resolution_level0,3.8464,239.97
o3,73,classroom,classroom:motion_noise_level2,classroom:restir_level1,RIGHT,classroom:restir_level1,classroom:motion_noise_level2,2.9792,240.01
o3,74,zeroday,zeroday:motion_noise_level0,zeroday:judder_level2,LEFT,zeroday:motion_noise_level0,zeroday:judder_level2,4.9917,240.01
o3,75,landscape,landscape:temporal-resolution-multiplexing_level0,landscape:reference,LEFT,landscape:temporal-resolution-multiplexing_level0,landscape:reference,6.4709,240.0
o3,76,classroom,classroom:temporal-resolution-multiplexing_level2,classroom:noise_colors_level2,RIGHT,classroom:noise_colors_level2,classroom:temporal-resolution-multiplexing_level2,3.3125,240.0
o3,77,classroom,classroom:stutter_level0,classroom:judder_level0,LEFT,classroom:stutter_level0,classroom:judder_level0,5.3382,239.97
o3,78,subway,subway:judder_level0,subway:motion_noise_level0,LEFT,subway:judder_level0,subway:motion_noise_level0,2.0542,240.01
o3,79,classroom,classroom:motion_resolution_level0,classroom:stutter_level1,RIGHT,classroom:stutter_level1,classroom:motion_resolution_level0,6.6167,240.01
o3,80,marbles,marbles:noise_colors_level1,marbles:restir_level1,RIGHT,marbles:restir_level1,marbles:noise_colors_level1,1.2544,239.97
o3,81,bistro_exterior,bistro_exterior:motion_resolution_level1,bistro_exterior:temporal-resolution-multiplexing_level2,LEFT,bistro_exterior:motion_resolution_level1,bistro_exterior:temporal-resolution-multiplexing_level2,3.5753,239.98
o3,82,zeroday,zeroday:motion_resolution_level1,zeroday:restir_level2,LEFT,zeroday:motion_resolution_level1,zeroday:restir_level2,4.7584,240.01
o3,83,pink_room,pink_room:stutter_level2,pink_room:noise_colors_level2,RIGHT,pink_room:noise_colors_level2,pink_room:stutter_level2,6.8043,240.0
o3,84,subway,subway:temporal-resolution-multiplexing_level1,subway:noise_colors_level2,LEFT,subway:temporal-resolution-multiplexing_level1,subway:noise_colors_level2,2.8625,240.01
o3,85,attic,attic:temporal-resolution-multiplexing_level0,attic:stutter_level1,RIGHT,attic:stutter_level1,attic:temporal-resolution-multiplexing_level0,6.0625,240.01
o3,86,zeroday,zeroday:restir_level2,zeroday:motion_resolution_level2,RIGHT,zeroday:motion_resolution_level2,zeroday:restir_level2,3.0834,240.0
o3,87,bistro_exterior,bistro_exterior:stutter_level1,bistro_exterior:restir_level0,LEFT,bistro_exterior:stutter_level1,bistro_exterior:restir_level0,4.7167,240.01
o3,88,landscape,landscape:dlss_rr_level1,landscape:stutter_level1,RIGHT,landscape:stutter_level1,landscape:dlss_rr_level1,2.7959,240.01
o3,89,classroom,classroom:restir_level2,classroom:temporal-resolution-multiplexing_level2,RIGHT,classroom:temporal-resolution-multiplexing_level2,classroom:restir_level2,7.0385,239.97
o3,90,zeroday,zeroday:stutter_level2,zeroday:motion_noise_level2,RIGHT,zeroday:motion_noise_level2,zeroday:stutter_level2,4.3,240.01
o3,91,bistro_exterior,bistro_exterior:restir_level2,bistro_exterior:noise_colors_level2,RIGHT,bistro_exterior:noise_colors_level2,bistro_exterior:restir_level2,2.1793,239.99
o3,92,pink_room,pink_room:dlss_rr_level1,pink_room:duration_flicker_level2,LEFT,pink_room:dlss_rr_level1,pink_room:duration_flicker_level2,1.8125,240.02
o3,93,subway,subway:judder_level0,subway:dlss_rr_level0,LEFT,subway:judder_level0,subway:dlss_rr_level0,2.4,240.02
o3,94,pink_room,pink_room:motion_noise_level0,pink_room:temporal-resolution-multiplexing_level0,LEFT,pink_room:motion_noise_level0,pink_room:temporal-resolution-multiplexing_level0,3.8209,240.0
o3,95,landscape,landscape:restir_level1,landscape:noise_colors_level2,RIGHT,landscape:noise_colors_level2,landscape:restir_level1,3.8042,240.01
o3,96,subway,subway:motion_noise_level0,subway:temporal-resolution-multiplexing_level0,RIGHT,subway:temporal-resolution-multiplexing_level0,subway:motion_noise_level0,6.3292,240.0
o3,97,pink_room,pink_room:motion_noise_level0,pink_room:temporal-resolution-multiplexing_level1,LEFT,pink_room:motion_noise_level0,pink_room:temporal-resolution-multiplexing_level1,3.0375,240.0
o3,98,marbles,marbles:stutter_level1,marbles:temporal-resolution-multiplexing_level0,LEFT,marbles:stutter_level1,marbles:temporal-resolution-multiplexing_level0,3.5834,240.01
o3,99,attic,attic:stutter_level0,attic:noise_colors_level1,LEFT,attic:stutter_level0,attic:noise_colors_level1,5.975,240.0
o3,100,bistro_exterior,bistro_exterior:dlss_rr_level1,bistro_exterior:stutter_level2,LEFT,bistro_exterior:dlss_rr_level1,bistro_exterior:stutter_level2,3.9917,240.0
o3,101,subway,subway:motion_resolution_level1,subway:dlss_rr_level1,LEFT,subway:motion_resolution_level1,subway:dlss_rr_level1,2.7459,240.02
o3,102,bistro_exterior,bistro_exterior:temporal-resolution-multiplexing_level0,bistro_exterior:motion_noise_level0,LEFT,bistro_exterior:temporal-resolution-multiplexing_level0,bistro_exterior:motion_noise_level0,4.9966,239.97
o3,103,bistro_interior,bistro_interior:dlss_rr_level1,bistro_interior:restir_level1,LEFT,bistro_interior:dlss_rr_level1,bistro_interior:restir_level1,13.9349,239.97
o3,104,bistro_interior,bistro_interior:temporal-resolution-multiplexing_level2,bistro_interior:dlss_rr_level0,LEFT,bistro_interior:temporal-resolution-multiplexing_level2,bistro_interior:dlss_rr_level0,2.0126,240.0
o3,105,subway,subway:judder_level1,subway:noise_colors_level1,LEFT,subway:judder_level1,subway:noise_colors_level1,3.6834,240.01
o3,106,subway,subway:restir_level0,subway:temporal-resolution-multiplexing_level2,RIGHT,subway:temporal-resolution-multiplexing_level2,subway:restir_level0,3.5292,240.0
o3,107,landscape,landscape:noise_colors_level0,landscape:judder_level0,LEFT,landscape:noise_colors_level0,landscape:judder_level0,14.231,239.97
o3,108,zeroday,zeroday:restir_level0,zeroday:motion_noise_level0,RIGHT,zeroday:motion_noise_level0,zeroday:restir_level0,3.4917,240.01
o3,109,bistro_interior,bistro_interior:judder_level1,bistro_interior:motion_noise_level0,RIGHT,bistro_interior:motion_noise_level0,bistro_interior:judder_level1,6.8962,239.99
o3,110,subway,subway:motion_noise_level0,subway:stutter_level0,RIGHT,subway:stutter_level0,subway:motion_noise_level0,1.9335,240.0
o3,111,bistro_exterior,bistro_exterior:duration_flicker_level0,bistro_exterior:judder_level2,RIGHT,bistro_exterior:judder_level2,bistro_exterior:duration_flicker_level0,3.8709,240.0
o3,112,bistro_interior,bistro_interior:dlss_rr_level0,bistro_interior:stutter_level1,RIGHT,bistro_interior:stutter_level1,bistro_interior:dlss_rr_level0,1.4836,239.99
o3,113,bistro_interior,bistro_interior:noise_colors_level0,bistro_interior:noise_colors_level1,LEFT,bistro_interior:noise_colors_level0,bistro_interior:noise_colors_level1,11.9298,239.99
o3,114,marbles,marbles:stutter_level1,marbles:judder_level0,LEFT,marbles:stutter_level1,marbles:judder_level0,3.7418,239.99
o3,115,bistro_exterior,bistro_exterior:noise_colors_level2,bistro_exterior:stutter_level2,RIGHT,bistro_exterior:stutter_level2,bistro_exterior:noise_colors_level2,10.2096,239.97
o3,116,pink_room,pink_room:duration_flicker_level2,pink_room:duration_flicker_level1,RIGHT,pink_room:duration_flicker_level1,pink_room:duration_flicker_level2,1.4792,240.01
o3,117,subway,subway:motion_resolution_level2,subway:restir_level2,LEFT,subway:motion_resolution_level2,subway:restir_level2,2.05,240.02
o3,118,landscape,landscape:motion_noise_level2,landscape:temporal-resolution-multiplexing_level0,RIGHT,landscape:temporal-resolution-multiplexing_level0,landscape:motion_noise_level2,3.2375,240.0
o3,119,landscape,landscape:stutter_level1,landscape:motion_noise_level2,RIGHT,landscape:motion_noise_level2,landscape:stutter_level1,4.7334,240.0
o3,120,bistro_interior,bistro_interior:motion_noise_level1,bistro_interior:duration_flicker_level1,LEFT,bistro_interior:motion_noise_level1,bistro_interior:duration_flicker_level1,2.7542,240.01
o3,121,attic,attic:motion_resolution_level0,attic:judder_level2,RIGHT,attic:judder_level2,attic:motion_resolution_level0,5.9757,239.98
o3,122,classroom,classroom:noise_colors_level1,classroom:judder_level2,RIGHT,classroom:judder_level2,classroom:noise_colors_level1,3.5588,239.97
o3,123,marbles,marbles:stutter_level1,marbles:reference,LEFT,marbles:stutter_level1,marbles:reference,3.5966,240.09
o3,124,subway,subway:motion_resolution_level1,subway:motion_resolution_level2,LEFT,subway:motion_resolution_level1,subway:motion_resolution_level2,2.9417,240.01
o3,125,pink_room,pink_room:motion_noise_level2,pink_room:restir_level0,RIGHT,pink_room:restir_level0,pink_room:motion_noise_level2,2.8126,240.01
o3,126,subway,subway:motion_noise_level1,subway:duration_flicker_level2,RIGHT,subway:duration_flicker_level2,subway:motion_noise_level1,4.1126,240.01
o3,127,marbles,marbles:duration_flicker_level1,marbles:judder_level2,LEFT,marbles:duration_flicker_level1,marbles:judder_level2,4.0001,240.01
o3,128,marbles,marbles:motion_resolution_level1,marbles:noise_colors_level2,LEFT,marbles:motion_resolution_level1,marbles:noise_colors_level2,3.7626,240.0
o3,129,zeroday,zeroday:reference,zeroday:judder_level2,LEFT,zeroday:reference,zeroday:judder_level2,14.0383,239.99
o3,130,attic,attic:stutter_level0,attic:judder_level0,RIGHT,attic:judder_level0,attic:stutter_level0,2.796,240.01
o3,131,pink_room,pink_room:dlss_rr_level2,pink_room:duration_flicker_level2,LEFT,pink_room:dlss_rr_level2,pink_room:duration_flicker_level2,3.2459,240.0
o3,132,bistro_interior,bistro_interior:noise_colors_level1,bistro_interior:temporal-resolution-multiplexing_level0,RIGHT,bistro_interior:temporal-resolution-multiplexing_level0,bistro_interior:noise_colors_level1,3.1209,240.0
o3,133,pink_room,pink_room:stutter_level0,pink_room:judder_level0,LEFT,pink_room:stutter_level0,pink_room:judder_level0,2.4626,240.0
o3,134,subway,subway:dlss_rr_level2,subway:duration_flicker_level2,RIGHT,subway:duration_flicker_level2,subway:dlss_rr_level2,8.3302,239.97
o3,135,attic,attic:motion_noise_level1,attic:judder_level2,LEFT,attic:motion_noise_level1,attic:judder_level2,6.2173,239.98
o3,136,marbles,marbles:motion_noise_level2,marbles:motion_resolution_level0,LEFT,marbles:motion_noise_level2,marbles:motion_resolution_level0,3.3,240.0
o3,137,bistro_interior,bistro_interior:dlss_rr_level2,bistro_interior:motion_resolution_level2,LEFT,bistro_interior:dlss_rr_level2,bistro_interior:motion_resolution_level2,4.5378,239.99
o3,138,pink_room,pink_room:judder_level2,pink_room:duration_flicker_level0,LEFT,pink_room:judder_level2,pink_room:duration_flicker_level0,2.8964,239.96
o3,139,pink_room,pink_room:temporal-resolution-multiplexing_level2,pink_room:duration_flicker_level0,LEFT,pink_room:temporal-resolution-multiplexing_level2,pink_room:duration_flicker_level0,3.0459,240.0
o3,140,bistro_interior,bistro_interior:duration_flicker_level1,bistro_interior:duration_flicker_level2,LEFT,bistro_interior:duration_flicker_level1,bistro_interior:duration_flicker_level2,3.8334,240.0
o3,141,pink_room,pink_room:temporal-resolution-multiplexing_level0,pink_room:stutter_level1,RIGHT,pink_room:stutter_level1,pink_room:temporal-resolution-multiplexing_level0,4.9042,240.0
o3,142,bistro_exterior,bistro_exterior:restir_level0,bistro_exterior:noise_colors_level1,LEFT,bistro_exterior:restir_level0,bistro_exterior:noise_colors_level1,3.9088,239.98
o3,143,landscape,landscape:motion_resolution_level0,landscape:stutter_level2,LEFT,landscape:motion_resolution_level0,landscape:stutter_level2,3.5959,240.01
o3,144,classroom,classroom:restir_level1,classroom:duration_flicker_level2,LEFT,classroom:restir_level1,classroom:duration_flicker_level2,2.5792,240.0
o3,145,zeroday,zeroday:duration_flicker_level2,zeroday:duration_flicker_level0,RIGHT,zeroday:duration_flicker_level0,zeroday:duration_flicker_level2,2.0917,240.01
o3,146,zeroday,zeroday:stutter_level2,zeroday:duration_flicker_level1,RIGHT,zeroday:duration_flicker_level1,zeroday:stutter_level2,3.3167,240.01
o3,147,marbles,marbles:restir_level0,marbles:judder_level2,LEFT,marbles:restir_level0,marbles:judder_level2,3.75,240.0
o3,148,subway,subway:noise_colors_level2,subway:restir_level1,LEFT,subway:noise_colors_level2,subway:restir_level1,3.3042,240.01
o3,149,subway,subway:duration_flicker_level0,subway:judder_level2,RIGHT,subway:judder_level2,subway:duration_flicker_level0,8.1875,240.0
o3,150,bistro_interior,bistro_interior:temporal-resolution-multiplexing_level1,bistro_interior:noise_colors_level1,LEFT,bistro_interior:temporal-resolution-multiplexing_level1,bistro_interior:noise_colors_level1,2.2211,239.98
o3,151,marbles,marbles:noise_colors_level2,marbles:duration_flicker_level2,LEFT,marbles:noise_colors_level2,marbles:duration_flicker_level2,5.9836,239.99
o3,152,pink_room,pink_room:stutter_level2,pink_room:motion_noise_level2,RIGHT,pink_room:motion_noise_level2,pink_room:stutter_level2,4.4375,240.01
o3,153,attic,attic:restir_level0,attic:temporal-resolution-multiplexing_level1,LEFT,attic:restir_level0,attic:temporal-resolution-multiplexing_level1,9.2508,239.98
o3,154,classroom,classroom:reference,classroom:dlss_rr_level0,LEFT,classroom:reference,classroom:dlss_rr_level0,3.6209,240.0
o3,155,pink_room,pink_room:restir_level0,pink_room:stutter_level1,RIGHT,pink_room:stutter_level1,pink_room:restir_level0,3.8834,240.0
o3,156,subway,subway:duration_flicker_level0,subway:stutter_level0,RIGHT,subway:stutter_level0,subway:duration_flicker_level0,4.25,240.01
o3,157,subway,subway:judder_level1,subway:judder_level2,LEFT,subway:judder_level1,subway:judder_level2,4.3167,240.01
o3,158,landscape,landscape:dlss_rr_level0,landscape:temporal-resolution-multiplexing_level1,LEFT,landscape:dlss_rr_level0,landscape:temporal-resolution-multiplexing_level1,3.3792,240.01
o3,159,bistro_interior,bistro_interior:judder_level0,bistro_interior:temporal-resolution-multiplexing_level1,LEFT,bistro_interior:judder_level0,bistro_interior:temporal-resolution-multiplexing_level1,2.1417,240.01
o3,160,zeroday,zeroday:stutter_level1,zeroday:dlss_rr_level0,RIGHT,zeroday:dlss_rr_level0,zeroday:stutter_level1,11.6042,240.0
o3,161,landscape,landscape:motion_resolution_level1,landscape:dlss_rr_level2,LEFT,landscape:motion_resolution_level1,landscape:dlss_rr_level2,5.3459,240.0
o3,162,classroom,classroom:restir_level0,classroom:reference,RIGHT,classroom:reference,classroom:restir_level0,3.9584,240.01
o3,163,attic,attic:duration_flicker_level1,attic:restir_level0,LEFT,attic:duration_flicker_level1,attic:restir_level0,2.5168,240.01
o3,164,pink_room,pink_room:motion_resolution_level1,pink_room:duration_flicker_level1,LEFT,pink_room:motion_resolution_level1,pink_room:duration_flicker_level1,2.9667,240.01
o3,165,classroom,classroom:motion_resolution_level2,classroom:duration_flicker_level2,RIGHT,classroom:duration_flicker_level2,classroom:motion_resolution_level2,6.5959,240.0
o3,166,attic,attic:restir_level2,attic:motion_resolution_level1,RIGHT,attic:motion_resolution_level1,attic:restir_level2,1.825,240.01
o3,167,zeroday,zeroday:dlss_rr_level1,zeroday:motion_noise_level0,LEFT,zeroday:dlss_rr_level1,zeroday:motion_noise_level0,3.2209,240.0
o3,168,classroom,classroom:dlss_rr_level2,classroom:motion_noise_level2,LEFT,classroom:dlss_rr_level2,classroom:motion_noise_level2,2.8375,240.0
o3,169,bistro_interior,bistro_interior:dlss_rr_level1,bistro_interior:dlss_rr_level2,LEFT,bistro_interior:dlss_rr_level1,bistro_interior:dlss_rr_level2,2.2252,240.01
o3,170,bistro_interior,bistro_interior:reference,bistro_interior:stutter_level0,LEFT,bistro_interior:reference,bistro_interior:stutter_level0,4.4459,240.0
o3,171,bistro_exterior,bistro_exterior:duration_flicker_level1,bistro_exterior:restir_level1,RIGHT,bistro_exterior:restir_level1,bistro_exterior:duration_flicker_level1,3.6044,239.98
o3,172,pink_room,pink_room:motion_noise_level1,pink_room:motion_resolution_level0,LEFT,pink_room:motion_noise_level1,pink_room:motion_resolution_level0,2.8709,240.01
o3,173,bistro_interior,bistro_interior:duration_flicker_level1,bistro_interior:judder_level2,RIGHT,bistro_interior:judder_level2,bistro_interior:duration_flicker_level1,2.4167,240.0
o3,174,attic,attic:judder_level2,attic:restir_level1,LEFT,attic:judder_level2,attic:restir_level1,2.4546,239.94
o3,175,bistro_interior,bistro_interior:judder_level2,bistro_interior:temporal-resolution-multiplexing_level2,RIGHT,bistro_interior:temporal-resolution-multiplexing_level2,bistro_interior:judder_level2,2.8125,239.99
o3,176,pink_room,pink_room:temporal-resolution-multiplexing_level1,pink_room:judder_level1,RIGHT,pink_room:judder_level1,pink_room:temporal-resolution-multiplexing_level1,3.8292,240.0
o3,177,bistro_interior,bistro_interior:stutter_level0,bistro_interior:duration_flicker_level0,RIGHT,bistro_interior:duration_flicker_level0,bistro_interior:stutter_level0,2.0834,240.01
o3,178,attic,attic:motion_noise_level0,attic:stutter_level0,LEFT,attic:motion_noise_level0,attic:stutter_level0,6.9799,239.97
o3,179,bistro_exterior,bistro_exterior:duration_flicker_level2,bistro_exterior:restir_level2,RIGHT,bistro_exterior:restir_level2,bistro_exterior:duration_flicker_level2,3.0379,239.98
o3,180,marbles,marbles:judder_level2,marbles:motion_noise_level1,RIGHT,marbles:motion_noise_level1,marbles:judder_level2,11.9348,239.97
o3,181,attic,attic:noise_colors_level0,attic:stutter_level2,LEFT,attic:noise_colors_level0,attic:stutter_level2,6.5051,239.97
o3,182,classroom,classroom:motion_noise_level0,classroom:judder_level2,RIGHT,classroom:judder_level2,classroom:motion_noise_level0,2.3211,239.98
o3,183,classroom,classroom:motion_noise_level2,classroom:temporal-resolution-multiplexing_level2,LEFT,classroom:motion_noise_level2,classroom:temporal-resolution-multiplexing_level2,2.7546,239.98
o3,184,attic,attic:restir_level0,attic:stutter_level2,RIGHT,attic:stutter_level2,attic:restir_level0,1.8044,239.99
o3,185,marbles,marbles:dlss_rr_level0,marbles:reference,RIGHT,marbles:reference,marbles:dlss_rr_level0,2.8459,240.01
o3,186,bistro_exterior,bistro_exterior:duration_flicker_level1,bistro_exterior:dlss_rr_level0,RIGHT,bistro_exterior:dlss_rr_level0,bistro_exterior:duration_flicker_level1,3.5047,239.97
o3,187,zeroday,zeroday:restir_level1,zeroday:restir_level2,LEFT,zeroday:restir_level1,zeroday:restir_level2,2.4125,240.01
o3,188,classroom,classroom:reference,classroom:temporal-resolution-multiplexing_level0,RIGHT,classroom:temporal-resolution-multiplexing_level0,classroom:reference,4.1042,240.01
o3,189,attic,attic:reference,attic:motion_noise_level2,LEFT,attic:reference,attic:motion_noise_level2,5.2167,240.01
o3,190,zeroday,zeroday:motion_resolution_level0,zeroday:temporal-resolution-multiplexing_level2,LEFT,zeroday:motion_resolution_level0,zeroday:temporal-resolution-multiplexing_level2,1.8876,240.0
o3,191,pink_room,pink_room:restir_level2,pink_room:temporal-resolution-multiplexing_level2,LEFT,pink_room:restir_level2,pink_room:temporal-resolution-multiplexing_level2,2.1375,240.0
o3,192,zeroday,zeroday:dlss_rr_level0,zeroday:judder_level2,LEFT,zeroday:dlss_rr_level0,zeroday:judder_level2,7.6093,239.97
o3,193,bistro_exterior,bistro_exterior:noise_colors_level0,bistro_exterior:reference,LEFT,bistro_exterior:noise_colors_level0,bistro_exterior:reference,7.0334,240.0
o3,194,bistro_exterior,bistro_exterior:restir_level2,bistro_exterior:duration_flicker_level1,RIGHT,bistro_exterior:duration_flicker_level1,bistro_exterior:restir_level2,7.6677,239.97
o3,195,attic,attic:judder_level1,attic:stutter_level0,LEFT,attic:judder_level1,attic:stutter_level0,6.8759,239.97
o3,196,marbles,marbles:temporal-resolution-multiplexing_level2,marbles:duration_flicker_level1,RIGHT,marbles:duration_flicker_level1,marbles:temporal-resolution-multiplexing_level2,6.105,239.97
o3,197,bistro_interior,bistro_interior:motion_noise_level0,bistro_interior:noise_colors_level1,RIGHT,bistro_interior:noise_colors_level1,bistro_interior:motion_noise_level0,3.9213,239.97
o3,198,classroom,classroom:judder_level2,classroom:stutter_level2,RIGHT,classroom:stutter_level2,classroom:judder_level2,2.9881,239.95
o3,199,attic,attic:restir_level0,attic:dlss_rr_level1,RIGHT,attic:dlss_rr_level1,attic:restir_level0,2.371,239.99
o3,200,landscape,landscape:judder_level0,landscape:stutter_level1,LEFT,landscape:judder_level0,landscape:stutter_level1,4.8167,240.01
o3,201,bistro_exterior,bistro_exterior:duration_flicker_level1,bistro_exterior:motion_resolution_level0,RIGHT,bistro_exterior:motion_resolution_level0,bistro_exterior:duration_flicker_level1,2.9792,240.01
o3,202,landscape,landscape:noise_colors_level2,landscape:stutter_level1,RIGHT,landscape:stutter_level1,landscape:noise_colors_level2,2.6709,240.01
o3,203,classroom,classroom:motion_noise_level1,classroom:judder_level2,RIGHT,classroom:judder_level2,classroom:motion_noise_level1,2.6125,240.01
o3,204,classroom,classroom:dlss_rr_level2,classroom:dlss_rr_level0,LEFT,classroom:dlss_rr_level2,classroom:dlss_rr_level0,6.6625,240.0
o3,205,marbles,marbles:motion_resolution_level2,marbles:temporal-resolution-multiplexing_level2,LEFT,marbles:motion_resolution_level2,marbles:temporal-resolution-multiplexing_level2,11.6182,239.97
o3,206,bistro_interior,bistro_interior:restir_level1,bistro_interior:restir_level2,LEFT,bistro_interior:restir_level1,bistro_interior:restir_level2,9.9171,239.99
o3,207,marbles,marbles:restir_level0,marbles:noise_colors_level0,RIGHT,marbles:noise_colors_level0,marbles:restir_level0,6.6292,240.0
o3,208,landscape,landscape:noise_colors_level2,landscape:dlss_rr_level0,RIGHT,landscape:dlss_rr_level0,landscape:noise_colors_level2,7.0917,240.0
o3,209,attic,attic:judder_level0,attic:temporal-resolution-multiplexing_level0,LEFT,attic:judder_level0,attic:temporal-resolution-multiplexing_level0,2.5672,239.97
o3,210,attic,attic:dlss_rr_level0,attic:motion_noise_level1,RIGHT,attic:motion_noise_level1,attic:dlss_rr_level0,1.8377,239.98
o3,211,classroom,classroom:reference,classroom:noise_colors_level0,RIGHT,classroom:noise_colors_level0,classroom:reference,6.6709,240.0
o3,212,marbles,marbles:duration_flicker_level1,marbles:duration_flicker_level2,RIGHT,marbles:duration_flicker_level2,marbles:duration_flicker_level1,3.45,240.01
o3,213,bistro_exterior,bistro_exterior:stutter_level0,bistro_exterior:judder_level0,LEFT,bistro_exterior:stutter_level0,bistro_exterior:judder_level0,6.55,240.0
o3,214,bistro_interior,bistro_interior:motion_noise_level2,bistro_interior:duration_flicker_level0,RIGHT,bistro_interior:duration_flicker_level0,bistro_interior:motion_noise_level2,2.0667,240.01
o3,215,attic,attic:motion_resolution_level1,attic:motion_resolution_level2,LEFT,attic:motion_resolution_level1,attic:motion_resolution_level2,1.8293,239.99
o3,216,marbles,marbles:dlss_rr_level2,marbles:temporal-resolution-multiplexing_level2,LEFT,marbles:dlss_rr_level2,marbles:temporal-resolution-multiplexing_level2,2.8042,240.01
o3,217,classroom,classroom:temporal-resolution-multiplexing_level1,classroom:motion_resolution_level0,RIGHT,classroom:motion_resolution_level0,classroom:temporal-resolution-multiplexing_level1,4.1042,240.0
o3,218,bistro_exterior,bistro_exterior:restir_level1,bistro_exterior:motion_noise_level2,RIGHT,bistro_exterior:motion_noise_level2,bistro_exterior:restir_level1,1.6127,240.0
o3,219,zeroday,zeroday:noise_colors_level2,zeroday:stutter_level0,RIGHT,zeroday:stutter_level0,zeroday:noise_colors_level2,2.6542,240.01
o3,220,pink_room,pink_room:stutter_level2,pink_room:duration_flicker_level0,RIGHT,pink_room:duration_flicker_level0,pink_room:stutter_level2,1.6959,240.01
o3,221,bistro_interior,bistro_interior:duration_flicker_level1,bistro_interior:duration_flicker_level0,RIGHT,bistro_interior:duration_flicker_level0,bistro_interior:duration_flicker_level1,3.2629,239.98
o3,222,attic,attic:judder_level2,attic:stutter_level2,LEFT,attic:judder_level2,attic:stutter_level2,3.7379,239.97
o3,223,landscape,landscape:duration_flicker_level2,landscape:dlss_rr_level2,RIGHT,landscape:dlss_rr_level2,landscape:duration_flicker_level2,3.3375,240.01
o3,224,landscape,landscape:noise_colors_level0,landscape:stutter_level0,LEFT,landscape:noise_colors_level0,landscape:stutter_level0,4.9,240.01
o3,225,bistro_exterior,bistro_exterior:judder_level1,bistro_exterior:judder_level0,LEFT,bistro_exterior:judder_level1,bistro_exterior:judder_level0,4.4375,240.0
o3,226,pink_room,pink_room:motion_resolution_level1,pink_room:motion_resolution_level2,LEFT,pink_room:motion_resolution_level1,pink_room:motion_resolution_level2,1.7417,240.03
o3,227,marbles,marbles:judder_level2,marbles:dlss_rr_level1,RIGHT,marbles:dlss_rr_level1,marbles:judder_level2,4.0588,239.98
o3,228,bistro_exterior,bistro_exterior:temporal-resolution-multiplexing_level0,bistro_exterior:duration_flicker_level1,LEFT,bistro_exterior:temporal-resolution-multiplexing_level0,bistro_exterior:duration_flicker_level1,2.8879,239.96
o3,229,pink_room,pink_room:duration_flicker_level0,pink_room:dlss_rr_level0,LEFT,pink_room:duration_flicker_level0,pink_room:dlss_rr_level0,2.0209,240.02
o3,230,bistro_exterior,bistro_exterior:motion_noise_level2,bistro_exterior:judder_level0,RIGHT,bistro_exterior:judder_level0,bistro_exterior:motion_noise_level2,6.8667,240.0
o3,231,landscape,landscape:motion_noise_level0,landscape:restir_level0,LEFT,landscape:motion_noise_level0,landscape:restir_level0,4.6625,240.01
o3,232,landscape,landscape:stutter_level2,landscape:dlss_rr_level2,LEFT,landscape:stutter_level2,landscape:dlss_rr_level2,3.8334,240.01
o3,233,marbles,marbles:restir_level0,marbles:restir_level1,LEFT,marbles:restir_level0,marbles:restir_level1,3.4089,239.96
o3,234,bistro_exterior,bistro_exterior:motion_resolution_level2,bistro_exterior:dlss_rr_level2,RIGHT,bistro_exterior:dlss_rr_level2,bistro_exterior:motion_resolution_level2,5.1507,239.97
o3,235,landscape,landscape:judder_level0,landscape:judder_level1,LEFT,landscape:judder_level0,landscape:judder_level1,4.9834,240.0
o3,236,zeroday,zeroday:dlss_rr_level2,zeroday:dlss_rr_level0,RIGHT,zeroday:dlss_rr_level0,zeroday:dlss_rr_level2,3.2625,240.01
o3,237,landscape,landscape:restir_level2,landscape:noise_colors_level0,RIGHT,landscape:noise_colors_level0,landscape:restir_level2,2.1796,239.95
o3,238,zeroday,zeroday:motion_resolution_level0,zeroday:dlss_rr_level0,RIGHT,zeroday:dlss_rr_level0,zeroday:motion_resolution_level0,2.7417,240.0
o3,239,pink_room,pink_room:judder_level0,pink_room:judder_level2,LEFT,pink_room:judder_level0,pink_room:judder_level2,3.6417,240.0
o3,240,zeroday,zeroday:stutter_level2,zeroday:dlss_rr_level0,RIGHT,zeroday:dlss_rr_level0,zeroday:stutter_level2,2.4003,239.97
o3,241,zeroday,zeroday:stutter_level0,zeroday:stutter_level1,LEFT,zeroday:stutter_level0,zeroday:stutter_level1,7.7417,240.0
o3,242,zeroday,zeroday:temporal-resolution-multiplexing_level1,zeroday:dlss_rr_level0,LEFT,zeroday:temporal-resolution-multiplexing_level1,zeroday:dlss_rr_level0,8.1875,240.0
o3,243,zeroday,zeroday:motion_noise_level1,zeroday:judder_level1,RIGHT,zeroday:judder_level1,zeroday:motion_noise_level1,8.7625,240.0
rafal,1,bistro_interior,bistro_interior:motion_resolution_level0,bistro_interior:dlss_rr_level0,RIGHT,bistro_interior:dlss_rr_level0,bistro_interior:motion_resolution_level0,2.8836,240.2
rafal,2,bistro_exterior,bistro_exterior:stutter_level2,bistro_exterior:duration_flicker_level2,LEFT,bistro_exterior:stutter_level2,bistro_exterior:duration_flicker_level2,8.2595,239.98
rafal,3,marbles,marbles:stutter_level1,marbles:duration_flicker_level0,RIGHT,marbles:duration_flicker_level0,marbles:stutter_level1,31.1625,239.94
rafal,4,subway,subway:restir_level1,subway:restir_level0,RIGHT,subway:restir_level0,subway:restir_level1,20.8293,240.0
rafal,5,attic,attic:judder_level2,attic:motion_resolution_level1,LEFT,attic:judder_level2,attic:motion_resolution_level1,38.6717,239.97
rafal,6,bistro_exterior,bistro_exterior:stutter_level2,bistro_exterior:dlss_rr_level1,RIGHT,bistro_exterior:dlss_rr_level1,bistro_exterior:stutter_level2,3.7298,239.98
rafal,7,bistro_interior,bistro_interior:motion_resolution_level2,bistro_interior:motion_resolution_level0,RIGHT,bistro_interior:motion_resolution_level0,bistro_interior:motion_resolution_level2,2.1793,240.02
rafal,8,bistro_interior,bistro_interior:judder_level2,bistro_interior:dlss_rr_level2,LEFT,bistro_interior:judder_level2,bistro_interior:dlss_rr_level2,13.8168,240.0
rafal,9,classroom,classroom:dlss_rr_level2,classroom:stutter_level2,RIGHT,classroom:stutter_level2,classroom:dlss_rr_level2,14.1042,240.0
rafal,10,zeroday,zeroday:motion_resolution_level0,zeroday:temporal-resolution-multiplexing_level2,LEFT,zeroday:motion_resolution_level0,zeroday:temporal-resolution-multiplexing_level2,2.3084,240.02
rafal,11,bistro_exterior,bistro_exterior:stutter_level1,bistro_exterior:motion_resolution_level1,LEFT,bistro_exterior:stutter_level1,bistro_exterior:motion_resolution_level1,4.7129,240.0
rafal,12,subway,subway:stutter_level1,subway:noise_colors_level0,LEFT,subway:stutter_level1,subway:noise_colors_level0,13.2559,239.97
rafal,13,pink_room,pink_room:duration_flicker_level0,pink_room:temporal-resolution-multiplexing_level1,RIGHT,pink_room:temporal-resolution-multiplexing_level1,pink_room:duration_flicker_level0,3.1625,240.02
rafal,14,marbles,marbles:judder_level2,marbles:dlss_rr_level1,RIGHT,marbles:dlss_rr_level1,marbles:judder_level2,14.097,239.98
rafal,15,landscape,landscape:dlss_rr_level2,landscape:motion_resolution_level1,LEFT,landscape:dlss_rr_level2,landscape:motion_resolution_level1,8.4763,239.97
rafal,16,marbles,marbles:motion_noise_level1,marbles:stutter_level0,RIGHT,marbles:stutter_level0,marbles:motion_noise_level1,8.5719,239.98
rafal,17,marbles,marbles:restir_level0,marbles:dlss_rr_level2,LEFT,marbles:restir_level0,marbles:dlss_rr_level2,5.3466,239.97
rafal,18,attic,attic:restir_level0,attic:temporal-resolution-multiplexing_level0,RIGHT,attic:temporal-resolution-multiplexing_level0,attic:restir_level0,4.4542,240.01
rafal,19,zeroday,zeroday:duration_flicker_level1,zeroday:noise_colors_level1,RIGHT,zeroday:noise_colors_level1,zeroday:duration_flicker_level1,12.7751,240.0
rafal,20,pink_room,pink_room:stutter_level2,pink_room:motion_resolution_level2,LEFT,pink_room:stutter_level2,pink_room:motion_resolution_level2,3.1961,240.01
rafal,21,attic,attic:temporal-resolution-multiplexing_level1,attic:judder_level2,RIGHT,attic:judder_level2,attic:temporal-resolution-multiplexing_level1,7.9209,240.01
rafal,22,bistro_exterior,bistro_exterior:motion_noise_level2,bistro_exterior:stutter_level1,RIGHT,bistro_exterior:stutter_level1,bistro_exterior:motion_noise_level2,8.5584,240.0
rafal,23,attic,attic:noise_colors_level0,attic:stutter_level0,LEFT,attic:noise_colors_level0,attic:stutter_level0,8.4174,239.98
rafal,24,landscape,landscape:motion_resolution_level2,landscape:motion_resolution_level1,RIGHT,landscape:motion_resolution_level1,landscape:motion_resolution_level2,4.6625,240.01
rafal,25,subway,subway:motion_noise_level2,subway:temporal-resolution-multiplexing_level1,RIGHT,subway:temporal-resolution-multiplexing_level1,subway:motion_noise_level2,16.3854,239.97
rafal,26,subway,subway:temporal-resolution-multiplexing_level2,subway:temporal-resolution-multiplexing_level1,RIGHT,subway:temporal-resolution-multiplexing_level1,subway:temporal-resolution-multiplexing_level2,6.3008,239.98
rafal,27,landscape,landscape:duration_flicker_level1,landscape:duration_flicker_level2,LEFT,landscape:duration_flicker_level1,landscape:duration_flicker_level2,15.2345,239.98
rafal,28,attic,attic:dlss_rr_level0,attic:judder_level0,RIGHT,attic:judder_level0,attic:dlss_rr_level0,9.0554,239.98
rafal,29,landscape,landscape:motion_resolution_level1,landscape:temporal-resolution-multiplexing_level1,RIGHT,landscape:temporal-resolution-multiplexing_level1,landscape:motion_resolution_level1,5.275,240.01
rafal,30,landscape,landscape:motion_resolution_level2,landscape:dlss_rr_level1,RIGHT,landscape:dlss_rr_level1,landscape:motion_resolution_level2,8.2709,240.01
rafal,31,marbles,marbles:reference,marbles:judder_level0,LEFT,marbles:reference,marbles:judder_level0,48.8764,239.97
rafal,32,classroom,classroom:temporal-resolution-multiplexing_level2,classroom:dlss_rr_level2,RIGHT,classroom:dlss_rr_level2,classroom:temporal-resolution-multiplexing_level2,7.8468,239.97
rafal,33,marbles,marbles:dlss_rr_level2,marbles:restir_level1,RIGHT,marbles:restir_level1,marbles:dlss_rr_level2,13.135,239.98
rafal,34,zeroday,zeroday:reference,zeroday:stutter_level0,LEFT,zeroday:reference,zeroday:stutter_level0,24.0018,239.99
rafal,35,landscape,landscape:restir_level1,landscape:noise_colors_level1,LEFT,landscape:restir_level1,landscape:noise_colors_level1,29.4556,239.99
rafal,36,attic,attic:duration_flicker_level1,attic:dlss_rr_level1,LEFT,attic:duration_flicker_level1,attic:dlss_rr_level1,23.3488,239.93
rafal,37,zeroday,zeroday:noise_colors_level1,zeroday:restir_level1,LEFT,zeroday:noise_colors_level1,zeroday:restir_level1,12.1183,239.97
rafal,38,marbles,marbles:motion_noise_level2,marbles:judder_level0,LEFT,marbles:motion_noise_level2,marbles:judder_level0,40.326,239.97
rafal,39,attic,attic:noise_colors_level2,attic:dlss_rr_level1,LEFT,attic:noise_colors_level2,attic:dlss_rr_level1,13.8091,239.99
rafal,40,landscape,landscape:duration_flicker_level0,landscape:motion_resolution_level1,LEFT,landscape:duration_flicker_level0,landscape:motion_resolution_level1,13.3975,239.97
rafal,41,zeroday,zeroday:temporal-resolution-multiplexing_level0,zeroday:restir_level0,RIGHT,zeroday:restir_level0,zeroday:temporal-resolution-multiplexing_level0,45.3346,239.97
rafal,42,marbles,marbles:temporal-resolution-multiplexing_level2,marbles:noise_colors_level2,RIGHT,marbles:noise_colors_level2,marbles:temporal-resolution-multiplexing_level2,8.3219,239.98
rafal,43,marbles,marbles:temporal-resolution-multiplexing_level2,marbles:motion_resolution_level1,LEFT,marbles:temporal-resolution-multiplexing_level2,marbles:motion_resolution_level1,10.1263,239.97
rafal,44,attic,attic:restir_level2,attic:dlss_rr_level1,RIGHT,attic:dlss_rr_level1,attic:restir_level2,19.0209,240.0
rafal,45,classroom,classroom:duration_flicker_level1,classroom:dlss_rr_level2,RIGHT,classroom:dlss_rr_level2,classroom:duration_flicker_level1,12.7768,240.03
rafal,46,attic,attic:dlss_rr_level0,attic:judder_level1,RIGHT,attic:judder_level1,attic:dlss_rr_level0,12.2129,240.0
rafal,47,landscape,landscape:stutter_level1,landscape:judder_level2,LEFT,landscape:stutter_level1,landscape:judder_level2,12.664,239.97
rafal,48,zeroday,zeroday:stutter_level1,zeroday:noise_colors_level2,LEFT,zeroday:stutter_level1,zeroday:noise_colors_level2,9.9677,239.17
rafal,49,classroom,classroom:temporal-resolution-multiplexing_level1,classroom:noise_colors_level0,RIGHT,classroom:noise_colors_level0,classroom:temporal-resolution-multiplexing_level1,8.4807,239.42
rafal,50,zeroday,zeroday:restir_level0,zeroday:duration_flicker_level0,RIGHT,zeroday:duration_flicker_level0,zeroday:restir_level0,33.3962,240.0
rafal,51,subway,subway:duration_flicker_level0,subway:judder_level2,LEFT,subway:duration_flicker_level0,subway:judder_level2,13.2129,240.0
rafal,52,bistro_exterior,bistro_exterior:dlss_rr_level2,bistro_exterior:dlss_rr_level1,RIGHT,bistro_exterior:dlss_rr_level1,bistro_exterior:dlss_rr_level2,7.3179,239.98
rafal,53,marbles,marbles:dlss_rr_level2,marbles:duration_flicker_level2,RIGHT,marbles:duration_flicker_level2,marbles:dlss_rr_level2,33.809,239.94
rafal,54,subway,subway:dlss_rr_level1,subway:noise_colors_level1,RIGHT,subway:noise_colors_level1,subway:dlss_rr_level1,57.6822,239.97
rafal,55,classroom,classroom:temporal-resolution-multiplexing_level2,classroom:noise_colors_level1,RIGHT,classroom:noise_colors_level1,classroom:temporal-resolution-multiplexing_level2,7.3385,239.97
rafal,56,attic,attic:restir_level1,attic:motion_resolution_level2,RIGHT,attic:motion_resolution_level2,attic:restir_level1,10.7417,240.01
rafal,57,landscape,landscape:temporal-resolution-multiplexing_level0,landscape:motion_resolution_level0,LEFT,landscape:temporal-resolution-multiplexing_level0,landscape:motion_resolution_level0,65.8331,239.97
rafal,58,landscape,landscape:restir_level0,landscape:noise_colors_level1,RIGHT,landscape:noise_colors_level1,landscape:restir_level0,39.5711,239.97
rafal,59,bistro_exterior,bistro_exterior:temporal-resolution-multiplexing_level1,bistro_exterior:stutter_level2,LEFT,bistro_exterior:temporal-resolution-multiplexing_level1,bistro_exterior:stutter_level2,18.2857,239.97
rafal,60,landscape,landscape:noise_colors_level1,landscape:dlss_rr_level0,LEFT,landscape:noise_colors_level1,landscape:dlss_rr_level0,61.7535,239.97
rafal,61,pink_room,pink_room:dlss_rr_level2,pink_room:motion_resolution_level2,LEFT,pink_room:dlss_rr_level2,pink_room:motion_resolution_level2,36.8661,239.98
rafal,62,marbles,marbles:stutter_level0,marbles:restir_level0,RIGHT,marbles:restir_level0,marbles:stutter_level0,19.4467,239.99
rafal,63,classroom,classroom:noise_colors_level0,classroom:judder_level0,LEFT,classroom:noise_colors_level0,classroom:judder_level0,14.3334,240.0
rafal,64,landscape,landscape:judder_level2,landscape:motion_resolution_level1,LEFT,landscape:judder_level2,landscape:motion_resolution_level1,8.3468,239.98
rafal,65,pink_room,pink_room:temporal-resolution-multiplexing_level1,pink_room:judder_level0,RIGHT,pink_room:judder_level0,pink_room:temporal-resolution-multiplexing_level1,9.8888,239.98
rafal,66,pink_room,pink_room:motion_noise_level2,pink_room:restir_level1,RIGHT,pink_room:restir_level1,pink_room:motion_noise_level2,7.4292,240.01
rafal,67,subway,subway:motion_noise_level1,subway:duration_flicker_level0,RIGHT,subway:duration_flicker_level0,subway:motion_noise_level1,2.6834,240.01
rafal,68,attic,attic:duration_flicker_level0,attic:dlss_rr_level1,LEFT,attic:duration_flicker_level0,attic:dlss_rr_level1,3.6913,239.78
rafal,69,bistro_interior,bistro_interior:duration_flicker_level2,bistro_interior:motion_noise_level2,LEFT,bistro_interior:duration_flicker_level2,bistro_interior:motion_noise_level2,6.8425,239.97
rafal,70,pink_room,pink_room:restir_level2,pink_room:restir_level1,RIGHT,pink_room:restir_level1,pink_room:restir_level2,9.6667,240.0
rafal,71,attic,attic:stutter_level2,attic:motion_resolution_level1,RIGHT,attic:motion_resolution_level1,attic:stutter_level2,13.6,240.0
rafal,72,landscape,landscape:motion_resolution_level1,landscape:temporal-resolution-multiplexing_level2,RIGHT,landscape:temporal-resolution-multiplexing_level2,landscape:motion_resolution_level1,3.7,240.01
rafal,73,subway,subway:reference,subway:stutter_level0,LEFT,subway:reference,subway:stutter_level0,25.2084,240.0
rafal,74,attic,attic:temporal-resolution-multiplexing_level0,attic:dlss_rr_level0,LEFT,attic:temporal-resolution-multiplexing_level0,attic:dlss_rr_level0,4.375,240.01
rafal,75,subway,subway:dlss_rr_level2,subway:duration_flicker_level0,RIGHT,subway:duration_flicker_level0,subway:dlss_rr_level2,7.9336,240.0
rafal,76,classroom,classroom:reference,classroom:stutter_level1,RIGHT,classroom:stutter_level1,classroom:reference,9.9503,240.0
rafal,77,subway,subway:dlss_rr_level0,subway:judder_level2,LEFT,subway:dlss_rr_level0,subway:judder_level2,17.574,239.15
rafal,78,classroom,classroom:duration_flicker_level1,classroom:duration_flicker_level2,LEFT,classroom:duration_flicker_level1,classroom:duration_flicker_level2,8.5594,239.86
rafal,79,subway,subway:noise_colors_level1,subway:motion_noise_level0,LEFT,subway:noise_colors_level1,subway:motion_noise_level0,7.3426,239.97
rafal,80,zeroday,zeroday:judder_level2,zeroday:dlss_rr_level1,RIGHT,zeroday:dlss_rr_level1,zeroday:judder_level2,7.8385,239.98
rafal,81,subway,subway:duration_flicker_level1,subway:judder_level2,LEFT,subway:duration_flicker_level1,subway:judder_level2,3.2542,240.02
rafal,82,bistro_exterior,bistro_exterior:temporal-resolution-multiplexing_level0,bistro_exterior:noise_colors_level1,LEFT,bistro_exterior:temporal-resolution-multiplexing_level0,bistro_exterior:noise_colors_level1,6.0792,240.01
rafal,83,subway,subway:dlss_rr_level1,subway:stutter_level1,RIGHT,subway:stutter_level1,subway:dlss_rr_level1,8.5459,240.01
rafal,84,subway,subway:motion_resolution_level2,subway:temporal-resolution-multiplexing_level1,LEFT,subway:motion_resolution_level2,subway:temporal-resolution-multiplexing_level1,5.2167,240.01
rafal,85,bistro_exterior,bistro_exterior:restir_level0,bistro_exterior:motion_resolution_level0,LEFT,bistro_exterior:restir_level0,bistro_exterior:motion_resolution_level0,3.5251,240.01
rafal,86,bistro_exterior,bistro_exterior:duration_flicker_level1,bistro_exterior:judder_level2,LEFT,bistro_exterior:duration_flicker_level1,bistro_exterior:judder_level2,4.1542,240.01
rafal,87,bistro_interior,bistro_interior:judder_level2,bistro_interior:duration_flicker_level1,RIGHT,bistro_interior:duration_flicker_level1,bistro_interior:judder_level2,8.58,239.98
rafal,88,marbles,marbles:duration_flicker_level0,marbles:dlss_rr_level1,RIGHT,marbles:dlss_rr_level1,marbles:duration_flicker_level0,12.8182,239.97
rafal,89,landscape,landscape:restir_level2,landscape:noise_colors_level1,RIGHT,landscape:noise_colors_level1,landscape:restir_level2,10.1194,239.97
rafal,90,zeroday,zeroday:noise_colors_level0,zeroday:reference,RIGHT,zeroday:reference,zeroday:noise_colors_level0,30.3008,239.99
rafal,91,zeroday,zeroday:temporal-resolution-multiplexing_level1,zeroday:duration_flicker_level0,LEFT,zeroday:temporal-resolution-multiplexing_level1,zeroday:duration_flicker_level0,8.4584,240.01
rafal,92,classroom,classroom:restir_level1,classroom:duration_flicker_level1,LEFT,classroom:restir_level1,classroom:duration_flicker_level1,6.7602,239.95
rafal,93,zeroday,zeroday:noise_colors_level1,zeroday:motion_noise_level2,RIGHT,zeroday:motion_noise_level2,zeroday:noise_colors_level1,34.2586,240.0
rafal,94,zeroday,zeroday:restir_level1,zeroday:motion_resolution_level1,LEFT,zeroday:restir_level1,zeroday:motion_resolution_level1,4.1459,240.01
rafal,95,classroom,classroom:motion_noise_level0,classroom:restir_level0,RIGHT,classroom:restir_level0,classroom:motion_noise_level0,8.6959,240.01
rafal,96,bistro_interior,bistro_interior:temporal-resolution-multiplexing_level0,bistro_interior:reference,RIGHT,bistro_interior:reference,bistro_interior:temporal-resolution-multiplexing_level0,8.9084,240.01
rafal,97,zeroday,zeroday:judder_level0,zeroday:judder_level1,LEFT,zeroday:judder_level0,zeroday:judder_level1,7.2001,240.01
rafal,98,attic,attic:motion_resolution_level1,attic:dlss_rr_level1,LEFT,attic:motion_resolution_level1,attic:dlss_rr_level1,2.675,240.02
rafal,99,marbles,marbles:duration_flicker_level0,marbles:dlss_rr_level2,LEFT,marbles:duration_flicker_level0,marbles:dlss_rr_level2,7.4337,239.86
rafal,100,bistro_interior,bistro_interior:motion_noise_level2,bistro_interior:judder_level0,LEFT,bistro_interior:motion_noise_level2,bistro_interior:judder_level0,19.2792,240.0
rafal,101,pink_room,pink_room:restir_level2,pink_room:motion_noise_level1,RIGHT,pink_room:motion_noise_level1,pink_room:restir_level2,4.8209,240.0
rafal,102,pink_room,pink_room:dlss_rr_level1,pink_room:stutter_level1,RIGHT,pink_room:stutter_level1,pink_room:dlss_rr_level1,3.1713,239.98
rafal,103,zeroday,zeroday:reference,zeroday:judder_level0,LEFT,zeroday:reference,zeroday:judder_level0,7.1712,239.99
rafal,104,classroom,classroom:motion_noise_level0,classroom:stutter_level0,RIGHT,classroom:stutter_level0,classroom:motion_noise_level0,3.9088,239.97
rafal,105,pink_room,pink_room:duration_flicker_level0,pink_room:duration_flicker_level1,LEFT,pink_room:duration_flicker_level0,pink_room:duration_flicker_level1,7.2094,239.97
rafal,106,bistro_interior,bistro_interior:judder_level2,bistro_interior:motion_resolution_level0,LEFT,bistro_interior:judder_level2,bistro_interior:motion_resolution_level0,6.7592,239.97
rafal,107,bistro_exterior,bistro_exterior:restir_level0,bistro_exterior:stutter_level1,LEFT,bistro_exterior:restir_level0,bistro_exterior:stutter_level1,8.8084,240.01
rafal,108,zeroday,zeroday:judder_level1,zeroday:judder_level2,RIGHT,zeroday:judder_level2,zeroday:judder_level1,13.3293,240.0
rafal,109,zeroday,zeroday:noise_colors_level1,zeroday:dlss_rr_level2,RIGHT,zeroday:dlss_rr_level2,zeroday:noise_colors_level1,12.6875,240.0
rafal,110,landscape,landscape:motion_noise_level1,landscape:motion_noise_level0,RIGHT,landscape:motion_noise_level0,landscape:motion_noise_level1,9.2928,239.97
rafal,111,attic,attic:judder_level1,attic:motion_noise_level2,LEFT,attic:judder_level1,attic:motion_noise_level2,6.2253,240.0
rafal,112,landscape,landscape:noise_colors_level1,landscape:judder_level2,LEFT,landscape:noise_colors_level1,landscape:judder_level2,4.6584,240.01
rafal,113,subway,subway:judder_level0,subway:motion_resolution_level0,RIGHT,subway:motion_resolution_level0,subway:judder_level0,17.5209,240.0
rafal,114,attic,attic:dlss_rr_level0,attic:stutter_level0,RIGHT,attic:stutter_level0,attic:dlss_rr_level0,4.3875,240.01
rafal,115,marbles,marbles:judder_level1,marbles:restir_level0,RIGHT,marbles:restir_level0,marbles:judder_level1,13.476,239.99
rafal,116,subway,subway:stutter_level1,subway:temporal-resolution-multiplexing_level0,RIGHT,subway:temporal-resolution-multiplexing_level0,subway:stutter_level1,7.9386,239.97
rafal,117,marbles,marbles:temporal-resolution-multiplexing_level0,marbles:noise_colors_level0,RIGHT,marbles:noise_colors_level0,marbles:temporal-resolution-multiplexing_level0,9.7929,239.97
rafal,118,landscape,landscape:dlss_rr_level1,landscape:stutter_level2,LEFT,landscape:dlss_rr_level1,landscape:stutter_level2,4.1292,240.01
rafal,119,landscape,landscape:noise_colors_level2,landscape:motion_resolution_level1,LEFT,landscape:noise_colors_level2,landscape:motion_resolution_level1,3.9667,240.01
rafal,120,zeroday,zeroday:noise_colors_level1,zeroday:duration_flicker_level2,RIGHT,zeroday:duration_flicker_level2,zeroday:noise_colors_level1,11.7625,240.01
rafal,121,attic,attic:noise_colors_level1,attic:motion_resolution_level0,RIGHT,attic:motion_resolution_level0,attic:noise_colors_level1,3.7792,240.01
rafal,122,zeroday,zeroday:stutter_level1,zeroday:reference,RIGHT,zeroday:reference,zeroday:stutter_level1,13.0375,240.0
rafal,123,landscape,landscape:noise_colors_level1,landscape:judder_level0,RIGHT,landscape:judder_level0,landscape:noise_colors_level1,7.8834,240.0
rafal,124,bistro_interior,bistro_interior:judder_level2,bistro_interior:stutter_level2,LEFT,bistro_interior:judder_level2,bistro_interior:stutter_level2,12.0625,240.01
rafal,125,zeroday,zeroday:restir_level2,zeroday:motion_resolution_level1,LEFT,zeroday:restir_level2,zeroday:motion_resolution_level1,4.8625,240.01
rafal,126,marbles,marbles:temporal-resolution-multiplexing_level0,marbles:reference,RIGHT,marbles:reference,marbles:temporal-resolution-multiplexing_level0,15.3811,239.97
rafal,127,pink_room,pink_room:motion_noise_level0,pink_room:judder_level0,LEFT,pink_room:motion_noise_level0,pink_room:judder_level0,37.9663,239.98
rafal,128,attic,attic:motion_noise_level0,attic:noise_colors_level0,RIGHT,attic:noise_colors_level0,attic:motion_noise_level0,9.0795,240.0
rafal,129,bistro_interior,bistro_interior:noise_colors_level2,bistro_interior:stutter_level2,LEFT,bistro_interior:noise_colors_level2,bistro_interior:stutter_level2,8.4677,239.98
rafal,130,classroom,classroom:motion_noise_level1,classroom:judder_level0,RIGHT,classroom:judder_level0,classroom:motion_noise_level1,3.9714,239.98
rafal,131,marbles,marbles:temporal-resolution-multiplexing_level1,marbles:dlss_rr_level2,LEFT,marbles:temporal-resolution-multiplexing_level1,marbles:dlss_rr_level2,8.0136,239.98
rafal,132,subway,subway:duration_flicker_level2,subway:dlss_rr_level0,RIGHT,subway:dlss_rr_level0,subway:duration_flicker_level2,7.1417,240.01
rafal,133,zeroday,zeroday:motion_resolution_level2,zeroday:restir_level2,RIGHT,zeroday:restir_level2,zeroday:motion_resolution_level2,3.3625,240.0
rafal,134,pink_room,pink_room:temporal-resolution-multiplexing_level0,pink_room:restir_level2,LEFT,pink_room:temporal-resolution-multiplexing_level0,pink_room:restir_level2,8.601,239.98
rafal,135,subway,subway:restir_level2,subway:noise_colors_level2,RIGHT,subway:noise_colors_level2,subway:restir_level2,6.8343,239.98
rafal,136,classroom,classroom:judder_level1,classroom:restir_level1,LEFT,classroom:judder_level1,classroom:restir_level1,3.7711,239.99
rafal,137,subway,subway:dlss_rr_level1,subway:motion_resolution_level0,RIGHT,subway:motion_resolution_level0,subway:dlss_rr_level1,8.7459,240.0
rafal,138,classroom,classroom:judder_level0,classroom:restir_level1,LEFT,classroom:judder_level0,classroom:restir_level1,4.0631,239.97
rafal,139,zeroday,zeroday:restir_level0,zeroday:stutter_level2,LEFT,zeroday:restir_level0,zeroday:stutter_level2,3.9417,240.02
rafal,140,landscape,landscape:stutter_level0,landscape:noise_colors_level0,RIGHT,landscape:noise_colors_level0,landscape:stutter_level0,7.6792,240.01
rafal,141,marbles,marbles:motion_noise_level0,marbles:judder_level1,LEFT,marbles:motion_noise_level0,marbles:judder_level1,9.3469,239.98
rafal,142,landscape,landscape:stutter_level0,landscape:motion_resolution_level0,LEFT,landscape:stutter_level0,landscape:motion_resolution_level0,4.3543,240.0
rafal,143,marbles,marbles:duration_flicker_level1,marbles:noise_colors_level1,RIGHT,marbles:noise_colors_level1,marbles:duration_flicker_level1,9.7971,239.88
rafal,144,classroom,classroom:stutter_level2,classroom:dlss_rr_level0,RIGHT,classroom:dlss_rr_level0,classroom:stutter_level2,8.7667,240.01
rafal,145,bistro_interior,bistro_interior:noise_colors_level1,bistro_interior:motion_noise_level0,RIGHT,bistro_interior:motion_noise_level0,bistro_interior:noise_colors_level1,9.8375,240.01
rafal,146,classroom,classroom:duration_flicker_level1,classroom:noise_colors_level2,LEFT,classroom:duration_flicker_level1,classroom:noise_colors_level2,6.6468,239.97
rafal,147,zeroday,zeroday:motion_noise_level1,zeroday:restir_level0,LEFT,zeroday:motion_noise_level1,zeroday:restir_level0,7.9751,240.01
rafal,148,marbles,marbles:dlss_rr_level2,marbles:temporal-resolution-multiplexing_level2,LEFT,marbles:dlss_rr_level2,marbles:temporal-resolution-multiplexing_level2,8.0384,239.98
rafal,149,classroom,classroom:restir_level2,classroom:motion_resolution_level2,LEFT,classroom:restir_level2,classroom:motion_resolution_level2,3.2547,239.97
rafal,150,pink_room,pink_room:motion_resolution_level2,pink_room:noise_colors_level2,RIGHT,pink_room:noise_colors_level2,pink_room:motion_resolution_level2,4.8167,240.01
rafal,151,marbles,marbles:restir_level2,marbles:duration_flicker_level1,RIGHT,marbles:duration_flicker_level1,marbles:restir_level2,4.2297,239.76
rafal,152,bistro_exterior,bistro_exterior:noise_colors_level0,bistro_exterior:judder_level1,LEFT,bistro_exterior:noise_colors_level0,bistro_exterior:judder_level1,8.3292,240.0
rafal,153,bistro_exterior,bistro_exterior:temporal-resolution-multiplexing_level2,bistro_exterior:temporal-resolution-multiplexing_level1,RIGHT,bistro_exterior:temporal-resolution-multiplexing_level1,bistro_exterior:temporal-resolution-multiplexing_level2,7.7591,239.98
rafal,154,classroom,classroom:judder_level0,classroom:motion_resolution_level0,LEFT,classroom:judder_level0,classroom:motion_resolution_level0,3.8172,239.98
rafal,155,landscape,landscape:motion_noise_level1,landscape:reference,RIGHT,landscape:reference,landscape:motion_noise_level1,4.5792,240.01
rafal,156,subway,subway:duration_flicker_level0,subway:motion_resolution_level2,LEFT,subway:duration_flicker_level0,subway:motion_resolution_level2,2.6417,240.02
rafal,157,zeroday,zeroday:dlss_rr_level0,zeroday:noise_colors_level1,LEFT,zeroday:dlss_rr_level0,zeroday:noise_colors_level1,7.1459,240.01
rafal,158,marbles,marbles:stutter_level2,marbles:dlss_rr_level2,LEFT,marbles:stutter_level2,marbles:dlss_rr_level2,4.775,240.01
rafal,159,subway,subway:noise_colors_level2,subway:motion_resolution_level2,LEFT,subway:noise_colors_level2,subway:motion_resolution_level2,2.6334,240.02
rafal,160,classroom,classroom:stutter_level1,classroom:motion_noise_level0,LEFT,classroom:stutter_level1,classroom:motion_noise_level0,7.3042,240.01
rafal,161,bistro_exterior,bistro_exterior:restir_level2,bistro_exterior:judder_level2,LEFT,bistro_exterior:restir_level2,bistro_exterior:judder_level2,3.6668,240.01
rafal,162,zeroday,zeroday:noise_colors_level1,zeroday:temporal-resolution-multiplexing_level2,LEFT,zeroday:noise_colors_level1,zeroday:temporal-resolution-multiplexing_level2,3.2917,240.02
rafal,163,attic,attic:temporal-resolution-multiplexing_level0,attic:duration_flicker_level2,LEFT,attic:temporal-resolution-multiplexing_level0,attic:duration_flicker_level2,6.8318,239.92
rafal,164,marbles,marbles:motion_resolution_level2,marbles:temporal-resolution-multiplexing_level2,RIGHT,marbles:temporal-resolution-multiplexing_level2,marbles:motion_resolution_level2,13.1308,239.97
rafal,165,zeroday,zeroday:dlss_rr_level1,zeroday:restir_level0,RIGHT,zeroday:restir_level0,zeroday:dlss_rr_level1,4.9042,240.01
rafal,166,classroom,classroom:restir_level2,classroom:dlss_rr_level2,RIGHT,classroom:dlss_rr_level2,classroom:restir_level2,5.1459,240.01
rafal,167,zeroday,zeroday:reference,zeroday:motion_noise_level0,RIGHT,zeroday:motion_noise_level0,zeroday:reference,8.7584,240.0
rafal,168,pink_room,pink_room:duration_flicker_level1,pink_room:motion_resolution_level2,LEFT,pink_room:duration_flicker_level1,pink_room:motion_resolution_level2,7.8043,240.01
rafal,169,classroom,classroom:temporal-resolution-multiplexing_level0,classroom:reference,RIGHT,classroom:reference,classroom:temporal-resolution-multiplexing_level0,13.2542,240.0
rafal,170,attic,attic:noise_colors_level1,attic:reference,RIGHT,attic:reference,attic:noise_colors_level1,12.0667,240.0
rafal,171,marbles,marbles:motion_noise_level2,marbles:dlss_rr_level0,RIGHT,marbles:dlss_rr_level0,marbles:motion_noise_level2,18.6565,239.97
rafal,172,marbles,marbles:duration_flicker_level0,marbles:motion_noise_level2,RIGHT,marbles:motion_noise_level2,marbles:duration_flicker_level0,6.4968,239.97
rafal,173,bistro_exterior,bistro_exterior:restir_level0,bistro_exterior:motion_noise_level0,RIGHT,bistro_exterior:motion_noise_level0,bistro_exterior:restir_level0,8.6209,240.0
rafal,174,landscape,landscape:noise_colors_level0,landscape:motion_noise_level1,RIGHT,landscape:motion_noise_level1,landscape:noise_colors_level0,9.2672,239.99
rafal,175,attic,attic:dlss_rr_level1,attic:restir_level1,RIGHT,attic:restir_level1,attic:dlss_rr_level1,14.0351,239.97
rafal,176,landscape,landscape:motion_resolution_level0,landscape:motion_noise_level2,RIGHT,landscape:motion_noise_level2,landscape:motion_resolution_level0,4.209,239.98
rafal,177,classroom,classroom:dlss_rr_level2,classroom:motion_resolution_level1,LEFT,classroom:dlss_rr_level2,classroom:motion_resolution_level1,7.4084,240.0
rafal,178,classroom,classroom:noise_colors_level0,classroom:stutter_level1,LEFT,classroom:noise_colors_level0,classroom:stutter_level1,9.2417,240.01
rafal,179,bistro_interior,bistro_interior:reference,bistro_interior:motion_noise_level0,RIGHT,bistro_interior:motion_noise_level0,bistro_interior:reference,12.9847,239.98
rafal,180,bistro_exterior,bistro_exterior:reference,bistro_exterior:stutter_level0,LEFT,bistro_exterior:reference,bistro_exterior:stutter_level0,3.4709,240.01
rafal,181,landscape,landscape:motion_resolution_level0,landscape:noise_colors_level1,RIGHT,landscape:noise_colors_level1,landscape:motion_resolution_level0,4.5209,240.01
rafal,182,attic,attic:stutter_level1,attic:noise_colors_level1,LEFT,attic:stutter_level1,attic:noise_colors_level1,7.8792,240.01
rafal,183,bistro_exterior,bistro_exterior:stutter_level0,bistro_exterior:judder_level1,LEFT,bistro_exterior:stutter_level0,bistro_exterior:judder_level1,3.2875,240.01
rafal,184,attic,attic:stutter_level1,attic:dlss_rr_level0,LEFT,attic:stutter_level1,attic:dlss_rr_level0,2.8046,239.98
rafal,185,pink_room,pink_room:noise_colors_level0,pink_room:judder_level1,RIGHT,pink_room:judder_level1,pink_room:noise_colors_level0,8.8089,239.99
rafal,186,bistro_exterior,bistro_exterior:restir_level0,bistro_exterior:dlss_rr_level0,LEFT,bistro_exterior:restir_level0,bistro_exterior:dlss_rr_level0,7.6,240.01
rafal,187,pink_room,pink_room:motion_resolution_level2,pink_room:motion_resolution_level1,RIGHT,pink_room:motion_resolution_level1,pink_room:motion_resolution_level2,2.2334,240.02
rafal,188,marbles,marbles:motion_resolution_level0,marbles:dlss_rr_level2,RIGHT,marbles:dlss_rr_level2,marbles:motion_resolution_level0,14.7383,239.99
rafal,189,marbles,marbles:noise_colors_level1,marbles:dlss_rr_level2,LEFT,marbles:noise_colors_level1,marbles:dlss_rr_level2,7.6512,239.97
rafal,190,zeroday,zeroday:restir_level0,zeroday:dlss_rr_level0,RIGHT,zeroday:dlss_rr_level0,zeroday:restir_level0,7.9,240.01
rafal,191,bistro_interior,bistro_interior:dlss_rr_level1,bistro_interior:motion_noise_level1,RIGHT,bistro_interior:motion_noise_level1,bistro_interior:dlss_rr_level1,4.4125,240.01
rafal,192,classroom,classroom:dlss_rr_level1,classroom:judder_level0,RIGHT,classroom:judder_level0,classroom:dlss_rr_level1,2.325,240.02
rafal,193,bistro_interior,bistro_interior:stutter_level0,bistro_interior:dlss_rr_level1,LEFT,bistro_interior:stutter_level0,bistro_interior:dlss_rr_level1,2.5875,240.02
rafal,194,pink_room,pink_room:duration_flicker_level2,pink_room:duration_flicker_level0,RIGHT,pink_room:duration_flicker_level0,pink_room:duration_flicker_level2,4.2709,240.0
rafal,195,subway,subway:dlss_rr_level1,subway:motion_resolution_level1,LEFT,subway:dlss_rr_level1,subway:motion_resolution_level1,7.0542,240.01
rafal,196,classroom,classroom:judder_level0,classroom:judder_level2,RIGHT,classroom:judder_level2,classroom:judder_level0,88.5602,239.97
rafal,197,bistro_interior,bistro_interior:restir_level2,bistro_interior:motion_resolution_level1,LEFT,bistro_interior:restir_level2,bistro_interior:motion_resolution_level1,2.1667,240.03
rafal,198,attic,attic:restir_level1,attic:temporal-resolution-multiplexing_level2,LEFT,attic:restir_level1,attic:temporal-resolution-multiplexing_level2,3.3,240.02
rafal,199,landscape,landscape:motion_resolution_level0,landscape:judder_level1,RIGHT,landscape:judder_level1,landscape:motion_resolution_level0,4.0417,240.01
rafal,200,bistro_exterior,bistro_exterior:restir_level0,bistro_exterior:judder_level1,LEFT,bistro_exterior:restir_level0,bistro_exterior:judder_level1,3.3667,240.02
rafal,201,subway,subway:judder_level1,subway:noise_colors_level1,RIGHT,subway:noise_colors_level1,subway:judder_level1,7.3125,240.01
rafal,202,attic,attic:dlss_rr_level0,attic:judder_level2,RIGHT,attic:judder_level2,attic:dlss_rr_level0,3.7709,240.01
rafal,203,landscape,landscape:duration_flicker_level1,landscape:dlss_rr_level2,LEFT,landscape:duration_flicker_level1,landscape:dlss_rr_level2,9.675,240.01
rafal,204,subway,subway:dlss_rr_level1,subway:dlss_rr_level0,RIGHT,subway:dlss_rr_level0,subway:dlss_rr_level1,18.35,240.0
rafal,205,bistro_exterior,bistro_exterior:noise_colors_level2,bistro_exterior:motion_resolution_level2,LEFT,bistro_exterior:noise_colors_level2,bistro_exterior:motion_resolution_level2,3.6839,239.98
rafal,206,subway,subway:stutter_level0,subway:temporal-resolution-multiplexing_level0,RIGHT,subway:temporal-resolution-multiplexing_level0,subway:stutter_level0,10.225,240.0
rafal,207,bistro_interior,bistro_interior:duration_flicker_level0,bistro_interior:dlss_rr_level1,LEFT,bistro_interior:duration_flicker_level0,bistro_interior:dlss_rr_level1,3.4292,240.01
rafal,208,attic,attic:motion_noise_level1,attic:noise_colors_level1,RIGHT,attic:noise_colors_level1,attic:motion_noise_level1,17.9773,239.97
rafal,209,bistro_exterior,bistro_exterior:restir_level0,bistro_exterior:noise_colors_level1,LEFT,bistro_exterior:restir_level0,bistro_exterior:noise_colors_level1,8.2584,240.01
rafal,210,subway,subway:restir_level1,subway:temporal-resolution-multiplexing_level1,RIGHT,subway:temporal-resolution-multiplexing_level1,subway:restir_level1,8.0585,240.0
rafal,211,attic,attic:dlss_rr_level2,attic:motion_resolution_level1,RIGHT,attic:motion_resolution_level1,attic:dlss_rr_level2,3.3125,240.02
rafal,212,bistro_interior,bistro_interior:temporal-resolution-multiplexing_level2,bistro_interior:motion_resolution_level0,LEFT,bistro_interior:temporal-resolution-multiplexing_level2,bistro_interior:motion_resolution_level0,6.2584,240.01
rafal,213,bistro_interior,bistro_interior:motion_resolution_level1,bistro_interior:judder_level2,RIGHT,bistro_interior:judder_level2,bistro_interior:motion_resolution_level1,7.8125,240.0
rafal,214,pink_room,pink_room:motion_resolution_level2,pink_room:temporal-resolution-multiplexing_level2,RIGHT,pink_room:temporal-resolution-multiplexing_level2,pink_room:motion_resolution_level2,4.5292,240.01
rafal,215,bistro_exterior,bistro_exterior:stutter_level2,bistro_exterior:duration_flicker_level1,RIGHT,bistro_exterior:duration_flicker_level1,bistro_exterior:stutter_level2,3.625,240.01
rafal,216,classroom,classroom:dlss_rr_level2,classroom:duration_flicker_level0,RIGHT,classroom:duration_flicker_level0,classroom:dlss_rr_level2,6.2761,239.97
rafal,217,pink_room,pink_room:dlss_rr_level1,pink_room:judder_level2,RIGHT,pink_room:judder_level2,pink_room:dlss_rr_level1,8.9178,239.98
rafal,218,classroom,classroom:duration_flicker_level1,classroom:motion_noise_level2,LEFT,classroom:duration_flicker_level1,classroom:motion_noise_level2,7.459,239.86
rafal,219,pink_room,pink_room:dlss_rr_level1,pink_room:judder_level0,RIGHT,pink_room:judder_level0,pink_room:dlss_rr_level1,4.0465,239.97
rafal,220,bistro_exterior,bistro_exterior:motion_resolution_level0,bistro_exterior:duration_flicker_level0,RIGHT,bistro_exterior:duration_flicker_level0,bistro_exterior:motion_resolution_level0,3.2209,240.02
rafal,221,bistro_interior,bistro_interior:noise_colors_level1,bistro_interior:duration_flicker_level2,RIGHT,bistro_interior:duration_flicker_level2,bistro_interior:noise_colors_level1,9.7084,240.01
rafal,222,bistro_interior,bistro_interior:duration_flicker_level2,bistro_interior:dlss_rr_level2,LEFT,bistro_interior:duration_flicker_level2,bistro_interior:dlss_rr_level2,2.3625,240.02
rafal,223,bistro_exterior,bistro_exterior:noise_colors_level2,bistro_exterior:duration_flicker_level1,RIGHT,bistro_exterior:duration_flicker_level1,bistro_exterior:noise_colors_level2,3.225,240.01
rafal,224,pink_room,pink_room:motion_resolution_level0,pink_room:dlss_rr_level1,LEFT,pink_room:motion_resolution_level0,pink_room:dlss_rr_level1,4.9258,239.97
rafal,225,pink_room,pink_room:restir_level2,pink_room:judder_level0,RIGHT,pink_room:judder_level0,pink_room:restir_level2,4.0542,240.02
rafal,226,bistro_exterior,bistro_exterior:judder_level0,bistro_exterior:restir_level0,RIGHT,bistro_exterior:restir_level0,bistro_exterior:judder_level0,3.1709,240.02
rafal,227,bistro_interior,bistro_interior:dlss_rr_level1,bistro_interior:motion_noise_level2,RIGHT,bistro_interior:motion_noise_level2,bistro_interior:dlss_rr_level1,3.25,240.01
rafal,228,bistro_exterior,bistro_exterior:judder_level1,bistro_exterior:restir_level1,LEFT,bistro_exterior:judder_level1,bistro_exterior:restir_level1,12.8959,240.0
rafal,229,bistro_interior,bistro_interior:stutter_level0,bistro_interior:judder_level1,LEFT,bistro_interior:stutter_level0,bistro_interior:judder_level1,9.263,239.99
rafal,230,bistro_interior,bistro_interior:noise_colors_level1,bistro_interior:noise_colors_level0,LEFT,bistro_interior:noise_colors_level1,bistro_interior:noise_colors_level0,3.3792,240.01
rafal,231,subway,subway:dlss_rr_level0,subway:stutter_level2,LEFT,subway:dlss_rr_level0,subway:stutter_level2,2.4709,240.02
rafal,232,bistro_interior,bistro_interior:restir_level0,bistro_interior:dlss_rr_level2,LEFT,bistro_interior:restir_level0,bistro_interior:dlss_rr_level2,3.2792,240.02
rafal,233,pink_room,pink_room:noise_colors_level1,pink_room:dlss_rr_level1,LEFT,pink_room:noise_colors_level1,pink_room:dlss_rr_level1,4.4917,240.01
rafal,234,bistro_interior,bistro_interior:temporal-resolution-multiplexing_level1,bistro_interior:duration_flicker_level1,LEFT,bistro_interior:temporal-resolution-multiplexing_level1,bistro_interior:duration_flicker_level1,13.4917,240.0
rafal,235,pink_room,pink_room:stutter_level0,pink_room:reference,RIGHT,pink_room:reference,pink_room:stutter_level0,8.8711,240.0
rafal,236,bistro_interior,bistro_interior:stutter_level1,bistro_interior:dlss_rr_level1,LEFT,bistro_interior:stutter_level1,bistro_interior:dlss_rr_level1,7.7917,240.01
rafal,237,pink_room,pink_room:noise_colors_level0,pink_room:restir_level1,LEFT,pink_room:noise_colors_level0,pink_room:restir_level1,9.2717,239.99
rafal,238,bistro_exterior,bistro_exterior:motion_noise_level1,bistro_exterior:judder_level1,LEFT,bistro_exterior:motion_noise_level1,bistro_exterior:judder_level1,9.0917,240.01
rafal,239,bistro_exterior,bistro_exterior:duration_flicker_level1,bistro_exterior:stutter_level1,RIGHT,bistro_exterior:stutter_level1,bistro_exterior:duration_flicker_level1,8.15,240.01
rafal,240,bistro_interior,bistro_interior:restir_level1,bistro_interior:restir_level2,LEFT,bistro_interior:restir_level1,bistro_interior:restir_level2,8.4594,239.97
rafal,241,pink_room,pink_room:judder_level1,pink_room:reference,RIGHT,pink_room:reference,pink_room:judder_level1,8.8792,240.0
rafal,242,pink_room,pink_room:dlss_rr_level0,pink_room:judder_level0,RIGHT,pink_room:judder_level0,pink_room:dlss_rr_level0,9.1792,240.01
rafal,243,pink_room,pink_room:restir_level0,pink_room:judder_level0,LEFT,pink_room:restir_level0,pink_room:judder_level0,16.8438,239.97
ref,1,bistro_interior,bistro_interior:reference,bistro_interior:motion_noise_level1,LEFT,bistro_interior:reference,bistro_interior:motion_noise_level1,5.2758,240.09
ref,2,marbles,marbles:reference,marbles:restir_level2,LEFT,marbles:reference,marbles:restir_level2,4.9876,240.01
ref,3,classroom,classroom:duration_flicker_level0,classroom:reference,RIGHT,classroom:reference,classroom:duration_flicker_level0,4.4834,240.01
ref,4,zeroday,zeroday:motion_noise_level2,zeroday:motion_resolution_level1,LEFT,zeroday:motion_noise_level2,zeroday:motion_resolution_level1,5.4584,240.01
ref,5,pink_room,pink_room:noise_colors_level0,pink_room:motion_noise_level0,LEFT,pink_room:noise_colors_level0,pink_room:motion_noise_level0,6.5251,240.01
ref,6,pink_room,pink_room:stutter_level1,pink_room:motion_noise_level2,LEFT,pink_room:stutter_level1,pink_room:motion_noise_level2,5.7334,240.01
ref,7,attic,attic:duration_flicker_level1,attic:reference,RIGHT,attic:reference,attic:duration_flicker_level1,4.3459,240.01
ref,8,pink_room,pink_room:reference,pink_room:judder_level2,LEFT,pink_room:reference,pink_room:judder_level2,4.5709,240.01
ref,9,classroom,classroom:temporal-resolution-multiplexing_level0,classroom:reference,RIGHT,classroom:reference,classroom:temporal-resolution-multiplexing_level0,4.9417,240.01
ref,10,pink_room,pink_room:dlss_rr_level0,pink_room:stutter_level2,LEFT,pink_room:dlss_rr_level0,pink_room:stutter_level2,5.0625,240.01
ref,11,attic,attic:restir_level2,attic:reference,RIGHT,attic:reference,attic:restir_level2,3.9543,240.01
ref,12,zeroday,zeroday:reference,zeroday:noise_colors_level2,RIGHT,zeroday:noise_colors_level2,zeroday:reference,5.6667,240.01
ref,13,zeroday,zeroday:duration_flicker_level0,zeroday:duration_flicker_level2,LEFT,zeroday:duration_flicker_level0,zeroday:duration_flicker_level2,7.8375,240.01
ref,14,pink_room,pink_room:temporal-resolution-multiplexing_level1,pink_room:noise_colors_level2,LEFT,pink_room:temporal-resolution-multiplexing_level1,pink_room:noise_colors_level2,6.9292,240.01
ref,15,pink_room,pink_room:restir_level2,pink_room:reference,RIGHT,pink_room:reference,pink_room:restir_level2,4.95,240.01
ref,16,bistro_exterior,bistro_exterior:motion_resolution_level1,bistro_exterior:reference,RIGHT,bistro_exterior:reference,bistro_exterior:motion_resolution_level1,4.6292,240.01
ref,17,bistro_exterior,bistro_exterior:motion_resolution_level0,bistro_exterior:reference,RIGHT,bistro_exterior:reference,bistro_exterior:motion_resolution_level0,4.8542,240.01
ref,18,landscape,landscape:judder_level1,landscape:reference,RIGHT,landscape:reference,landscape:judder_level1,7.2584,240.0
ref,19,bistro_exterior,bistro_exterior:motion_resolution_level2,bistro_exterior:reference,RIGHT,bistro_exterior:reference,bistro_exterior:motion_resolution_level2,6.0375,240.01
ref,20,subway,subway:reference,subway:judder_level0,RIGHT,subway:judder_level0,subway:reference,8.3459,240.01
ref,21,classroom,classroom:reference,classroom:motion_noise_level1,LEFT,classroom:reference,classroom:motion_noise_level1,4.15,240.01
ref,22,subway,subway:reference,subway:temporal-resolution-multiplexing_level2,LEFT,subway:reference,subway:temporal-resolution-multiplexing_level2,4.7167,240.01
ref,23,subway,subway:noise_colors_level2,subway:motion_noise_level1,RIGHT,subway:motion_noise_level1,subway:noise_colors_level2,5.2834,240.01
ref,24,marbles,marbles:reference,marbles:restir_level1,LEFT,marbles:reference,marbles:restir_level1,4.8459,240.03
ref,25,zeroday,zeroday:reference,zeroday:dlss_rr_level2,LEFT,zeroday:reference,zeroday:dlss_rr_level2,5.0792,240.01
ref,26,subway,subway:reference,subway:temporal-resolution-multiplexing_level1,LEFT,subway:reference,subway:temporal-resolution-multiplexing_level1,3.9709,240.01
ref,27,zeroday,zeroday:temporal-resolution-multiplexing_level1,zeroday:reference,RIGHT,zeroday:reference,zeroday:temporal-resolution-multiplexing_level1,5.2709,240.01
ref,28,pink_room,pink_room:reference,pink_room:restir_level1,LEFT,pink_room:reference,pink_room:restir_level1,5.0792,240.01
ref,29,bistro_interior,bistro_interior:noise_colors_level2,bistro_interior:reference,RIGHT,bistro_interior:reference,bistro_interior:noise_colors_level2,4.3917,240.01
ref,30,landscape,landscape:reference,landscape:duration_flicker_level1,LEFT,landscape:reference,landscape:duration_flicker_level1,5.2834,240.01
ref,31,bistro_interior,bistro_interior:reference,bistro_interior:duration_flicker_level0,LEFT,bistro_interior:reference,bistro_interior:duration_flicker_level0,7.6125,240.0
ref,32,bistro_interior,bistro_interior:temporal-resolution-multiplexing_level2,bistro_interior:reference,RIGHT,bistro_interior:reference,bistro_interior:temporal-resolution-multiplexing_level2,4.1917,240.01
ref,33,attic,attic:motion_resolution_level1,attic:duration_flicker_level2,RIGHT,attic:duration_flicker_level2,attic:motion_resolution_level1,8.3417,240.01
ref,34,subway,subway:judder_level2,subway:reference,RIGHT,subway:reference,subway:judder_level2,4.625,240.02
ref,35,pink_room,pink_room:reference,pink_room:duration_flicker_level1,LEFT,pink_room:reference,pink_room:duration_flicker_level1,5.4792,240.01
ref,36,marbles,marbles:reference,marbles:dlss_rr_level0,LEFT,marbles:reference,marbles:dlss_rr_level0,5.0875,240.0
ref,37,attic,attic:judder_level2,attic:reference,RIGHT,attic:reference,attic:judder_level2,6.0,240.01
ref,38,pink_room,pink_room:noise_colors_level0,pink_room:reference,RIGHT,pink_room:reference,pink_room:noise_colors_level0,7.9084,240.01
ref,39,pink_room,pink_room:reference,pink_room:dlss_rr_level2,LEFT,pink_room:reference,pink_room:dlss_rr_level2,4.6959,240.01
ref,40,attic,attic:motion_noise_level1,attic:noise_colors_level0,RIGHT,attic:noise_colors_level0,attic:motion_noise_level1,10.0584,240.0
ref,41,marbles,marbles:motion_resolution_level0,marbles:reference,RIGHT,marbles:reference,marbles:motion_resolution_level0,4.6209,240.01
ref,42,attic,attic:motion_resolution_level2,attic:stutter_level2,RIGHT,attic:stutter_level2,attic:motion_resolution_level2,8.6167,240.01
ref,43,attic,attic:reference,attic:duration_flicker_level0,LEFT,attic:reference,attic:duration_flicker_level0,7.9417,240.01
ref,44,classroom,classroom:reference,classroom:duration_flicker_level1,LEFT,classroom:reference,classroom:duration_flicker_level1,4.4209,240.01
ref,45,pink_room,pink_room:reference,pink_room:dlss_rr_level1,LEFT,pink_room:reference,pink_room:dlss_rr_level1,5.1542,240.01
ref,46,subway,subway:reference,subway:stutter_level0,LEFT,subway:reference,subway:stutter_level0,6.8917,240.01
ref,47,marbles,marbles:motion_noise_level1,marbles:reference,LEFT,marbles:motion_noise_level1,marbles:reference,8.7667,240.01
ref,48,attic,attic:motion_noise_level1,attic:reference,RIGHT,attic:reference,attic:motion_noise_level1,5.2417,240.01
ref,49,bistro_interior,bistro_interior:reference,bistro_interior:motion_noise_level2,LEFT,bistro_interior:reference,bistro_interior:motion_noise_level2,5.2459,240.01
ref,50,landscape,landscape:dlss_rr_level0,landscape:reference,RIGHT,landscape:reference,landscape:dlss_rr_level0,7.9875,240.01
ref,51,subway,subway:restir_level2,subway:motion_noise_level2,RIGHT,subway:motion_noise_level2,subway:restir_level2,4.4375,240.01
ref,52,classroom,classroom:stutter_level0,classroom:reference,RIGHT,classroom:reference,classroom:stutter_level0,7.4542,240.01
ref,53,subway,subway:stutter_level0,subway:stutter_level1,LEFT,subway:stutter_level0,subway:stutter_level1,9.8296,232.88
ref,54,bistro_exterior,bistro_exterior:reference,bistro_exterior:restir_level1,LEFT,bistro_exterior:reference,bistro_exterior:restir_level1,5.2834,240.01
ref,55,classroom,classroom:motion_noise_level2,classroom:reference,RIGHT,classroom:reference,classroom:motion_noise_level2,4.8875,240.01
ref,56,subway,subway:reference,subway:motion_resolution_level2,LEFT,subway:reference,subway:motion_resolution_level2,5.2834,240.01
ref,57,landscape,landscape:temporal-resolution-multiplexing_level1,landscape:reference,RIGHT,landscape:reference,landscape:temporal-resolution-multiplexing_level1,5.1334,240.01
ref,58,attic,attic:reference,attic:judder_level0,LEFT,attic:reference,attic:judder_level0,9.9292,240.0
ref,59,marbles,marbles:restir_level2,marbles:noise_colors_level1,RIGHT,marbles:noise_colors_level1,marbles:restir_level2,9.9868,235.84
ref,60,subway,subway:reference,subway:dlss_rr_level1,LEFT,subway:reference,subway:dlss_rr_level1,7.8792,240.01
ref,61,marbles,marbles:reference,marbles:restir_level0,LEFT,marbles:reference,marbles:restir_level0,9.3084,240.01
ref,62,marbles,marbles:reference,marbles:duration_flicker_level2,LEFT,marbles:reference,marbles:duration_flicker_level2,4.5751,240.01
ref,63,bistro_exterior,bistro_exterior:temporal-resolution-multiplexing_level0,bistro_exterior:duration_flicker_level1,LEFT,bistro_exterior:temporal-resolution-multiplexing_level0,bistro_exterior:duration_flicker_level1,5.875,240.01
ref,64,bistro_interior,bistro_interior:stutter_level1,bistro_interior:temporal-resolution-multiplexing_level0,RIGHT,bistro_interior:temporal-resolution-multiplexing_level0,bistro_interior:stutter_level1,5.425,240.01
ref,65,classroom,classroom:reference,classroom:dlss_rr_level0,LEFT,classroom:reference,classroom:dlss_rr_level0,4.5584,240.01
ref,66,subway,subway:stutter_level2,subway:duration_flicker_level2,RIGHT,subway:duration_flicker_level2,subway:stutter_level2,5.7726,236.14
ref,67,classroom,classroom:noise_colors_level0,classroom:reference,LEFT,classroom:noise_colors_level0,classroom:reference,8.6709,240.0
ref,68,landscape,landscape:reference,landscape:temporal-resolution-multiplexing_level0,RIGHT,landscape:temporal-resolution-multiplexing_level0,landscape:reference,5.5292,240.01
ref,69,zeroday,zeroday:reference,zeroday:duration_flicker_level0,LEFT,zeroday:reference,zeroday:duration_flicker_level0,7.1917,240.01
ref,70,bistro_interior,bistro_interior:restir_level1,bistro_interior:noise_colors_level2,RIGHT,bistro_interior:noise_colors_level2,bistro_interior:restir_level1,8.651,237.29
ref,71,landscape,landscape:reference,landscape:dlss_rr_level1,LEFT,landscape:reference,landscape:dlss_rr_level1,7.1667,240.01
ref,72,classroom,classroom:restir_level2,classroom:motion_noise_level2,RIGHT,classroom:motion_noise_level2,classroom:restir_level2,4.5,240.01
ref,73,classroom,classroom:restir_level1,classroom:reference,RIGHT,classroom:reference,classroom:restir_level1,4.8334,240.01
ref,74,bistro_exterior,bistro_exterior:temporal-resolution-multiplexing_level1,bistro_exterior:reference,RIGHT,bistro_exterior:reference,bistro_exterior:temporal-resolution-multiplexing_level1,6.0459,240.01
ref,75,bistro_interior,bistro_interior:reference,bistro_interior:noise_colors_level1,LEFT,bistro_interior:reference,bistro_interior:noise_colors_level1,5.2917,240.01
ref,76,bistro_interior,bistro_interior:stutter_level1,bistro_interior:reference,RIGHT,bistro_interior:reference,bistro_interior:stutter_level1,5.4542,240.01
ref,77,zeroday,zeroday:dlss_rr_level0,zeroday:reference,RIGHT,zeroday:reference,zeroday:dlss_rr_level0,5.4875,240.01
ref,78,subway,subway:reference,subway:dlss_rr_level0,LEFT,subway:reference,subway:dlss_rr_level0,5.2334,240.01
ref,79,bistro_exterior,bistro_exterior:reference,bistro_exterior:duration_flicker_level1,LEFT,bistro_exterior:reference,bistro_exterior:duration_flicker_level1,5.25,240.01
ref,80,marbles,marbles:reference,marbles:dlss_rr_level1,LEFT,marbles:reference,marbles:dlss_rr_level1,5.2417,240.01
ref,81,marbles,marbles:restir_level2,marbles:stutter_level2,LEFT,marbles:restir_level2,marbles:stutter_level2,7.375,240.01
ref,82,bistro_interior,bistro_interior:reference,bistro_interior:restir_level2,LEFT,bistro_interior:reference,bistro_interior:restir_level2,5.3209,240.01
ref,83,landscape,landscape:motion_noise_level1,landscape:judder_level0,RIGHT,landscape:judder_level0,landscape:motion_noise_level1,12.5751,240.0
ref,84,pink_room,pink_room:motion_resolution_level2,pink_room:reference,RIGHT,pink_room:reference,pink_room:motion_resolution_level2,5.3084,240.01
ref,85,attic,attic:reference,attic:temporal-resolution-multiplexing_level0,LEFT,attic:reference,attic:temporal-resolution-multiplexing_level0,9.3307,240.02
ref,86,classroom,classroom:motion_resolution_level1,classroom:reference,RIGHT,classroom:reference,classroom:motion_resolution_level1,4.3084,240.01
ref,87,bistro_interior,bistro_interior:motion_resolution_level1,bistro_interior:reference,RIGHT,bistro_interior:reference,bistro_interior:motion_resolution_level1,5.2543,240.01
ref,88,subway,subway:duration_flicker_level2,subway:reference,RIGHT,subway:reference,subway:duration_flicker_level2,4.9251,240.01
ref,89,bistro_exterior,bistro_exterior:judder_level1,bistro_exterior:reference,RIGHT,bistro_exterior:reference,bistro_exterior:judder_level1,5.3834,240.01
ref,90,classroom,classroom:reference,classroom:temporal-resolution-multiplexing_level2,LEFT,classroom:reference,classroom:temporal-resolution-multiplexing_level2,4.4418,240.01
ref,91,zeroday,zeroday:reference,zeroday:motion_resolution_level2,LEFT,zeroday:reference,zeroday:motion_resolution_level2,5.0835,240.01
ref,92,pink_room,pink_room:temporal-resolution-multiplexing_level1,pink_room:dlss_rr_level2,LEFT,pink_room:temporal-resolution-multiplexing_level1,pink_room:dlss_rr_level2,6.6834,240.01
ref,93,subway,subway:reference,subway:duration_flicker_level0,LEFT,subway:reference,subway:duration_flicker_level0,4.7709,240.01
ref,94,subway,subway:restir_level2,subway:restir_level0,RIGHT,subway:restir_level0,subway:restir_level2,4.8917,240.01
ref,95,classroom,classroom:motion_resolution_level2,classroom:duration_flicker_level2,RIGHT,classroom:duration_flicker_level2,classroom:motion_resolution_level2,4.6459,240.01
ref,96,marbles,marbles:stutter_level1,marbles:reference,RIGHT,marbles:reference,marbles:stutter_level1,8.8834,240.0
ref,97,landscape,landscape:judder_level0,landscape:restir_level1,LEFT,landscape:judder_level0,landscape:restir_level1,9.2792,240.0
ref,98,pink_room,pink_room:reference,pink_room:motion_noise_level1,LEFT,pink_room:reference,pink_room:motion_noise_level1,6.3375,240.01
ref,99,pink_room,pink_room:stutter_level0,pink_room:judder_level1,LEFT,pink_room:stutter_level0,pink_room:judder_level1,3.8125,240.01
ref,100,subway,subway:judder_level1,subway:motion_noise_level0,LEFT,subway:judder_level1,subway:motion_noise_level0,6.5676,233.13
ref,101,landscape,landscape:noise_colors_level0,landscape:reference,LEFT,landscape:noise_colors_level0,landscape:reference,5.0917,240.01
ref,102,attic,attic:motion_resolution_level0,attic:reference,RIGHT,attic:reference,attic:motion_resolution_level0,6.2125,240.01
ref,103,pink_room,pink_room:temporal-resolution-multiplexing_level2,pink_room:dlss_rr_level2,RIGHT,pink_room:dlss_rr_level2,pink_room:temporal-resolution-multiplexing_level2,5.3042,240.01
ref,104,zeroday,zeroday:dlss_rr_level0,zeroday:judder_level2,RIGHT,zeroday:judder_level2,zeroday:dlss_rr_level0,10.9954,234.96
ref,105,classroom,classroom:judder_level2,classroom:reference,RIGHT,classroom:reference,classroom:judder_level2,4.4375,240.01
ref,106,bistro_interior,bistro_interior:stutter_level0,bistro_interior:motion_noise_level1,LEFT,bistro_interior:stutter_level0,bistro_interior:motion_noise_level1,7.7263,240.05
ref,107,bistro_exterior,bistro_exterior:reference,bistro_exterior:dlss_rr_level1,LEFT,bistro_exterior:reference,bistro_exterior:dlss_rr_level1,5.3301,239.97
ref,108,marbles,marbles:reference,marbles:noise_colors_level2,LEFT,marbles:reference,marbles:noise_colors_level2,4.8376,240.01
ref,109,bistro_exterior,bistro_exterior:noise_colors_level2,bistro_exterior:dlss_rr_level2,LEFT,bistro_exterior:noise_colors_level2,bistro_exterior:dlss_rr_level2,11.1882,239.99
ref,110,marbles,marbles:judder_level0,marbles:temporal-resolution-multiplexing_level0,RIGHT,marbles:temporal-resolution-multiplexing_level0,marbles:judder_level0,6.5091,239.98
ref,111,marbles,marbles:noise_colors_level2,marbles:motion_resolution_level2,LEFT,marbles:noise_colors_level2,marbles:motion_resolution_level2,3.4376,240.01
ref,112,subway,subway:noise_colors_level1,subway:reference,RIGHT,subway:reference,subway:noise_colors_level1,7.5959,240.01
ref,113,classroom,classroom:duration_flicker_level2,classroom:noise_colors_level2,RIGHT,classroom:noise_colors_level2,classroom:duration_flicker_level2,9.8933,239.97
ref,114,subway,subway:motion_resolution_level1,subway:reference,RIGHT,subway:reference,subway:motion_resolution_level1,2.6042,240.02
ref,115,pink_room,pink_room:noise_colors_level2,pink_room:duration_flicker_level2,LEFT,pink_room:noise_colors_level2,pink_room:duration_flicker_level2,4.6959,240.01
ref,116,marbles,marbles:reference,marbles:duration_flicker_level1,LEFT,marbles:reference,marbles:duration_flicker_level1,4.146,240.01
ref,117,attic,attic:noise_colors_level2,attic:reference,RIGHT,attic:reference,attic:noise_colors_level2,4.8042,240.01
ref,118,pink_room,pink_room:reference,pink_room:temporal-resolution-multiplexing_level0,LEFT,pink_room:reference,pink_room:temporal-resolution-multiplexing_level0,4.9792,240.01
ref,119,landscape,landscape:reference,landscape:noise_colors_level1,LEFT,landscape:reference,landscape:noise_colors_level1,4.9419,239.99
ref,120,subway,subway:reference,subway:motion_noise_level1,LEFT,subway:reference,subway:motion_noise_level1,4.45,240.01
ref,121,classroom,classroom:dlss_rr_level1,classroom:reference,RIGHT,classroom:reference,classroom:dlss_rr_level1,4.1584,240.02
ref,122,marbles,marbles:reference,marbles:noise_colors_level0,RIGHT,marbles:noise_colors_level0,marbles:reference,4.9292,240.01
ref,123,attic,attic:reference,attic:temporal-resolution-multiplexing_level1,LEFT,attic:reference,attic:temporal-resolution-multiplexing_level1,4.3959,240.01
ref,124,bistro_exterior,bistro_exterior:reference,bistro_exterior:noise_colors_level1,LEFT,bistro_exterior:reference,bistro_exterior:noise_colors_level1,5.142,234.96
ref,125,classroom,classroom:reference,classroom:dlss_rr_level2,LEFT,classroom:reference,classroom:dlss_rr_level2,4.6189,240.23
ref,126,marbles,marbles:reference,marbles:motion_noise_level0,LEFT,marbles:reference,marbles:motion_noise_level0,4.7875,240.01
ref,127,bistro_interior,bistro_interior:judder_level2,bistro_interior:reference,RIGHT,bistro_interior:reference,bistro_interior:judder_level2,3.25,240.02
ref,128,landscape,landscape:reference,landscape:dlss_rr_level2,LEFT,landscape:reference,landscape:dlss_rr_level2,4.1125,240.01
ref,129,bistro_interior,bistro_interior:dlss_rr_level0,bistro_interior:reference,RIGHT,bistro_interior:reference,bistro_interior:dlss_rr_level0,2.9625,240.0
ref,130,bistro_interior,bistro_interior:reference,bistro_interior:duration_flicker_level2,LEFT,bistro_interior:reference,bistro_interior:duration_flicker_level2,4.2459,240.01
ref,131,marbles,marbles:duration_flicker_level0,marbles:reference,RIGHT,marbles:reference,marbles:duration_flicker_level0,4.5126,240.01
ref,132,zeroday,zeroday:restir_level2,zeroday:reference,RIGHT,zeroday:reference,zeroday:restir_level2,4.4292,240.01
ref,133,pink_room,pink_room:reference,pink_room:motion_resolution_level0,LEFT,pink_room:reference,pink_room:motion_resolution_level0,3.85,240.02
ref,134,bistro_interior,bistro_interior:reference,bistro_interior:duration_flicker_level1,LEFT,bistro_interior:reference,bistro_interior:duration_flicker_level1,4.5875,240.01
ref,135,landscape,landscape:stutter_level2,landscape:reference,RIGHT,landscape:reference,landscape:stutter_level2,4.4584,240.01
ref,136,pink_room,pink_room:noise_colors_level1,pink_room:reference,RIGHT,pink_room:reference,pink_room:noise_colors_level1,4.9125,240.01
ref,137,bistro_interior,bistro_interior:restir_level0,bistro_interior:noise_colors_level2,RIGHT,bistro_interior:noise_colors_level2,bistro_interior:restir_level0,2.5875,240.02
ref,138,marbles,marbles:reference,marbles:dlss_rr_level2,LEFT,marbles:reference,marbles:dlss_rr_level2,4.0042,240.01
ref,139,attic,attic:reference,attic:dlss_rr_level0,LEFT,attic:reference,attic:dlss_rr_level0,4.3834,240.01
ref,140,zeroday,zeroday:reference,zeroday:restir_level0,LEFT,zeroday:reference,zeroday:restir_level0,4.5334,240.01
ref,141,zeroday,zeroday:stutter_level2,zeroday:reference,RIGHT,zeroday:reference,zeroday:stutter_level2,4.8834,240.01
ref,142,subway,subway:reference,subway:dlss_rr_level2,LEFT,subway:reference,subway:dlss_rr_level2,4.7919,240.0
ref,143,bistro_exterior,bistro_exterior:reference,bistro_exterior:noise_colors_level2,LEFT,bistro_exterior:reference,bistro_exterior:noise_colors_level2,4.696,240.01
ref,144,bistro_exterior,bistro_exterior:restir_level0,bistro_exterior:reference,RIGHT,bistro_exterior:reference,bistro_exterior:restir_level0,5.0003,240.0
ref,145,landscape,landscape:reference,landscape:stutter_level0,LEFT,landscape:reference,landscape:stutter_level0,4.8209,240.01
ref,146,classroom,classroom:duration_flicker_level2,classroom:reference,RIGHT,classroom:reference,classroom:duration_flicker_level2,4.3865,239.63
ref,147,zeroday,zeroday:reference,zeroday:dlss_rr_level1,LEFT,zeroday:reference,zeroday:dlss_rr_level1,4.2,240.01
ref,148,bistro_interior,bistro_interior:stutter_level2,bistro_interior:reference,RIGHT,bistro_interior:reference,bistro_interior:stutter_level2,3.4584,240.01
ref,149,bistro_interior,bistro_interior:noise_colors_level2,bistro_interior:motion_resolution_level2,LEFT,bistro_interior:noise_colors_level2,bistro_interior:motion_resolution_level2,3.5459,240.02
ref,150,landscape,landscape:reference,landscape:restir_level0,LEFT,landscape:reference,landscape:restir_level0,3.9167,240.01
ref,151,bistro_exterior,bistro_exterior:duration_flicker_level2,bistro_exterior:reference,RIGHT,bistro_exterior:reference,bistro_exterior:duration_flicker_level2,4.6625,240.01
ref,152,bistro_exterior,bistro_exterior:stutter_level0,bistro_exterior:motion_noise_level0,LEFT,bistro_exterior:stutter_level0,bistro_exterior:motion_noise_level0,5.2161,239.49
ref,153,subway,subway:dlss_rr_level1,subway:judder_level1,RIGHT,subway:judder_level1,subway:dlss_rr_level1,4.8967,239.97
ref,154,attic,attic:motion_resolution_level1,attic:reference,RIGHT,attic:reference,attic:motion_resolution_level1,4.1084,240.01
ref,155,subway,subway:reference,subway:restir_level1,LEFT,subway:reference,subway:restir_level1,3.8334,240.02
ref,156,classroom,classroom:motion_noise_level0,classroom:reference,RIGHT,classroom:reference,classroom:motion_noise_level0,4.3334,240.02
ref,157,subway,subway:reference,subway:noise_colors_level0,LEFT,subway:reference,subway:noise_colors_level0,4.1167,240.01
ref,158,pink_room,pink_room:reference,pink_room:motion_noise_level2,LEFT,pink_room:reference,pink_room:motion_noise_level2,6.1709,240.01
ref,159,landscape,landscape:motion_noise_level0,landscape:reference,LEFT,landscape:motion_noise_level0,landscape:reference,5.7085,240.0
ref,160,attic,attic:dlss_rr_level2,attic:dlss_rr_level0,RIGHT,attic:dlss_rr_level0,attic:dlss_rr_level2,4.5546,239.98
ref,161,zeroday,zeroday:stutter_level0,zeroday:noise_colors_level0,RIGHT,zeroday:noise_colors_level0,zeroday:stutter_level0,4.1209,240.01
ref,162,attic,attic:stutter_level1,attic:reference,LEFT,attic:stutter_level1,attic:reference,9.7625,240.01
ref,163,zeroday,zeroday:temporal-resolution-multiplexing_level0,zeroday:reference,RIGHT,zeroday:reference,zeroday:temporal-resolution-multiplexing_level0,6.625,240.01
ref,164,bistro_interior,bistro_interior:dlss_rr_level2,bistro_interior:reference,RIGHT,bistro_interior:reference,bistro_interior:dlss_rr_level2,2.5459,240.02
ref,165,landscape,landscape:reference,landscape:duration_flicker_level0,LEFT,landscape:reference,landscape:duration_flicker_level0,8.4625,240.01
ref,166,marbles,marbles:stutter_level0,marbles:reference,RIGHT,marbles:reference,marbles:stutter_level0,6.9292,240.01
ref,167,landscape,landscape:dlss_rr_level2,landscape:duration_flicker_level2,RIGHT,landscape:duration_flicker_level2,landscape:dlss_rr_level2,4.684,239.98
ref,168,subway,subway:duration_flicker_level2,subway:duration_flicker_level1,RIGHT,subway:duration_flicker_level1,subway:duration_flicker_level2,4.7292,240.01
ref,169,pink_room,pink_room:reference,pink_room:judder_level1,LEFT,pink_room:reference,pink_room:judder_level1,4.2125,240.01
ref,170,marbles,marbles:judder_level1,marbles:dlss_rr_level1,LEFT,marbles:judder_level1,marbles:dlss_rr_level1,5.3459,240.01
ref,171,marbles,marbles:dlss_rr_level0,marbles:judder_level0,RIGHT,marbles:judder_level0,marbles:dlss_rr_level0,14.384,239.99
ref,172,attic,attic:reference,attic:judder_level1,RIGHT,attic:judder_level1,attic:reference,4.6877,240.0
ref,173,bistro_exterior,bistro_exterior:motion_noise_level1,bistro_exterior:reference,RIGHT,bistro_exterior:reference,bistro_exterior:motion_noise_level1,3.5042,240.01
ref,174,zeroday,zeroday:stutter_level1,zeroday:noise_colors_level0,LEFT,zeroday:stutter_level1,zeroday:noise_colors_level0,9.2,240.01
ref,175,landscape,landscape:judder_level0,landscape:motion_noise_level2,RIGHT,landscape:motion_noise_level2,landscape:judder_level0,3.842,239.98
ref,176,bistro_exterior,bistro_exterior:dlss_rr_level0,bistro_exterior:reference,RIGHT,bistro_exterior:reference,bistro_exterior:dlss_rr_level0,5.5042,240.01
ref,177,classroom,classroom:restir_level0,classroom:reference,RIGHT,classroom:reference,classroom:restir_level0,4.375,240.01
ref,178,subway,subway:temporal-resolution-multiplexing_level0,subway:reference,LEFT,subway:temporal-resolution-multiplexing_level0,subway:reference,7.3459,240.01
ref,179,landscape,landscape:reference,landscape:noise_colors_level2,LEFT,landscape:reference,landscape:noise_colors_level2,5.3417,240.01
ref,180,zeroday,zeroday:restir_level1,zeroday:reference,RIGHT,zeroday:reference,zeroday:restir_level1,5.0417,240.01
ref,181,bistro_exterior,bistro_exterior:reference,bistro_exterior:judder_level2,LEFT,bistro_exterior:reference,bistro_exterior:judder_level2,3.7917,240.01
ref,182,zeroday,zeroday:judder_level0,zeroday:temporal-resolution-multiplexing_level1,LEFT,zeroday:judder_level0,zeroday:temporal-resolution-multiplexing_level1,4.6584,240.01
ref,183,bistro_exterior,bistro_exterior:duration_flicker_level0,bistro_exterior:stutter_level2,LEFT,bistro_exterior:duration_flicker_level0,bistro_exterior:stutter_level2,3.9042,240.01
ref,184,subway,subway:motion_noise_level2,subway:reference,RIGHT,subway:reference,subway:motion_noise_level2,4.1209,240.06
ref,185,subway,subway:reference,subway:motion_resolution_level0,LEFT,subway:reference,subway:motion_resolution_level0,3.3959,240.02
ref,186,classroom,classroom:reference,classroom:judder_level0,LEFT,classroom:reference,classroom:judder_level0,4.6625,240.01
ref,187,pink_room,pink_room:duration_flicker_level0,pink_room:reference,RIGHT,pink_room:reference,pink_room:duration_flicker_level0,6.2334,240.01
ref,188,pink_room,pink_room:dlss_rr_level0,pink_room:reference,RIGHT,pink_room:reference,pink_room:dlss_rr_level0,4.4334,240.01
ref,189,bistro_interior,bistro_interior:reference,bistro_interior:judder_level0,LEFT,bistro_interior:reference,bistro_interior:judder_level0,3.1917,240.0
ref,190,pink_room,pink_room:judder_level0,pink_room:reference,RIGHT,pink_room:reference,pink_room:judder_level0,6.325,240.0
ref,191,bistro_interior,bistro_interior:motion_resolution_level1,bistro_interior:motion_resolution_level0,RIGHT,bistro_interior:motion_resolution_level0,bistro_interior:motion_resolution_level1,3.2959,240.02
ref,192,zeroday,zeroday:reference,zeroday:motion_noise_level1,LEFT,zeroday:reference,zeroday:motion_noise_level1,4.1459,240.01
ref,193,pink_room,pink_room:motion_resolution_level1,pink_room:dlss_rr_level2,RIGHT,pink_room:dlss_rr_level2,pink_room:motion_resolution_level1,4.0625,240.01
ref,194,bistro_exterior,bistro_exterior:reference,bistro_exterior:restir_level2,LEFT,bistro_exterior:reference,bistro_exterior:restir_level2,4.7251,240.01
ref,195,bistro_exterior,bistro_exterior:reference,bistro_exterior:duration_flicker_level0,LEFT,bistro_exterior:reference,bistro_exterior:duration_flicker_level0,4.9792,240.01
ref,196,bistro_interior,bistro_interior:judder_level1,bistro_interior:reference,RIGHT,bistro_interior:reference,bistro_interior:judder_level1,4.2292,240.01
ref,197,zeroday,zeroday:judder_level1,zeroday:dlss_rr_level1,LEFT,zeroday:judder_level1,zeroday:dlss_rr_level1,5.2625,240.01
ref,198,bistro_exterior,bistro_exterior:motion_noise_level2,bistro_exterior:reference,RIGHT,bistro_exterior:reference,bistro_exterior:motion_noise_level2,4.6709,240.01
ref,199,bistro_interior,bistro_interior:reference,bistro_interior:dlss_rr_level1,LEFT,bistro_interior:reference,bistro_interior:dlss_rr_level1,4.55,240.0
ref,200,bistro_interior,bistro_interior:temporal-resolution-multiplexing_level1,bistro_interior:duration_flicker_level0,RIGHT,bistro_interior:duration_flicker_level0,bistro_interior:temporal-resolution-multiplexing_level1,13.7125,240.0
ref,201,pink_room,pink_room:reference,pink_room:restir_level0,LEFT,pink_room:reference,pink_room:restir_level0,4.1792,240.01
ref,202,bistro_interior,bistro_interior:noise_colors_level0,bistro_interior:reference,LEFT,bistro_interior:noise_colors_level0,bistro_interior:reference,6.3959,240.01
ref,203,bistro_interior,bistro_interior:motion_noise_level0,bistro_interior:reference,RIGHT,bistro_interior:reference,bistro_interior:motion_noise_level0,8.2375,240.01
ref,204,attic,attic:motion_noise_level0,attic:noise_colors_level1,LEFT,attic:motion_noise_level0,attic:noise_colors_level1,4.4,240.01
ref,205,landscape,landscape:reference,landscape:judder_level0,LEFT,landscape:reference,landscape:judder_level0,4.6542,240.01
ref,206,marbles,marbles:temporal-resolution-multiplexing_level1,marbles:temporal-resolution-multiplexing_level2,LEFT,marbles:temporal-resolution-multiplexing_level1,marbles:temporal-resolution-multiplexing_level2,4.0125,240.01
ref,207,zeroday,zeroday:reference,zeroday:motion_noise_level2,LEFT,zeroday:reference,zeroday:motion_noise_level2,4.4,240.01
ref,208,classroom,classroom:reference,classroom:judder_level1,LEFT,classroom:reference,classroom:judder_level1,5.225,240.01
ref,209,classroom,classroom:restir_level0,classroom:stutter_level1,RIGHT,classroom:stutter_level1,classroom:restir_level0,4.9959,240.01
ref,210,zeroday,zeroday:restir_level2,zeroday:motion_resolution_level0,RIGHT,zeroday:motion_resolution_level0,zeroday:restir_level2,1.2962,239.97
ref,211,zeroday,zeroday:duration_flicker_level1,zeroday:reference,RIGHT,zeroday:reference,zeroday:duration_flicker_level1,3.5334,240.02
ref,212,bistro_exterior,bistro_exterior:motion_resolution_level2,bistro_exterior:temporal-resolution-multiplexing_level2,LEFT,bistro_exterior:motion_resolution_level2,bistro_exterior:temporal-resolution-multiplexing_level2,4.575,240.01
ref,213,landscape,landscape:stutter_level1,landscape:reference,RIGHT,landscape:reference,landscape:stutter_level1,5.5,240.01
ref,214,classroom,classroom:temporal-resolution-multiplexing_level1,classroom:reference,RIGHT,classroom:reference,classroom:temporal-resolution-multiplexing_level1,4.375,240.01
ref,215,attic,attic:motion_noise_level2,attic:reference,RIGHT,attic:reference,attic:motion_noise_level2,6.5251,240.01
ref,216,landscape,landscape:motion_resolution_level1,landscape:reference,RIGHT,landscape:reference,landscape:motion_resolution_level1,4.4209,240.01
ref,217,marbles,marbles:motion_noise_level2,marbles:reference,RIGHT,marbles:reference,marbles:motion_noise_level2,4.625,240.02
ref,218,bistro_exterior,bistro_exterior:reference,bistro_exterior:stutter_level1,LEFT,bistro_exterior:reference,bistro_exterior:stutter_level1,4.9167,240.0
ref,219,attic,attic:restir_level1,attic:reference,RIGHT,attic:reference,attic:restir_level1,3.9209,240.02
ref,220,zeroday,zeroday:reference,zeroday:motion_noise_level0,LEFT,zeroday:reference,zeroday:motion_noise_level0,7.3,240.01
ref,221,zeroday,zeroday:temporal-resolution-multiplexing_level2,zeroday:duration_flicker_level0,RIGHT,zeroday:duration_flicker_level0,zeroday:temporal-resolution-multiplexing_level2,4.275,240.02
ref,222,marbles,marbles:judder_level2,marbles:reference,RIGHT,marbles:reference,marbles:judder_level2,4.6792,240.01
ref,223,marbles,marbles:motion_resolution_level0,marbles:temporal-resolution-multiplexing_level1,LEFT,marbles:motion_resolution_level0,marbles:temporal-resolution-multiplexing_level1,5.6672,239.99
ref,224,landscape,landscape:reference,landscape:judder_level2,LEFT,landscape:reference,landscape:judder_level2,3.2255,239.98
ref,225,bistro_exterior,bistro_exterior:judder_level0,bistro_exterior:reference,RIGHT,bistro_exterior:reference,bistro_exterior:judder_level0,4.3375,240.0
ref,226,marbles,marbles:reference,marbles:motion_resolution_level1,LEFT,marbles:reference,marbles:motion_resolution_level1,4.4042,240.01
ref,227,zeroday,zeroday:reference,zeroday:noise_colors_level1,LEFT,zeroday:reference,zeroday:noise_colors_level1,5.2412,238.78
ref,228,classroom,classroom:reference,classroom:motion_resolution_level0,LEFT,classroom:reference,classroom:motion_resolution_level0,4.1167,240.01
ref,229,attic,attic:reference,attic:dlss_rr_level1,LEFT,attic:reference,attic:dlss_rr_level1,3.8007,240.01
ref,230,classroom,classroom:reference,classroom:noise_colors_level1,LEFT,classroom:reference,classroom:noise_colors_level1,4.0876,240.01
ref,231,classroom,classroom:reference,classroom:stutter_level2,LEFT,classroom:reference,classroom:stutter_level2,4.2334,240.01
ref,232,bistro_exterior,bistro_exterior:noise_colors_level0,bistro_exterior:reference,RIGHT,bistro_exterior:reference,bistro_exterior:noise_colors_level0,5.45,240.0
ref,233,bistro_exterior,bistro_exterior:reference,bistro_exterior:motion_noise_level0,LEFT,bistro_exterior:reference,bistro_exterior:motion_noise_level0,4.9209,240.01
ref,234,zeroday,zeroday:motion_noise_level0,zeroday:noise_colors_level0,RIGHT,zeroday:noise_colors_level0,zeroday:motion_noise_level0,4.4209,240.01
ref,235,landscape,landscape:reference,landscape:temporal-resolution-multiplexing_level2,LEFT,landscape:reference,landscape:temporal-resolution-multiplexing_level2,3.525,240.02
ref,236,landscape,landscape:reference,landscape:restir_level2,LEFT,landscape:reference,landscape:restir_level2,4.3626,240.02
ref,237,attic,attic:motion_noise_level2,attic:motion_noise_level0,LEFT,attic:motion_noise_level2,attic:motion_noise_level0,5.9048,239.98
ref,238,landscape,landscape:motion_resolution_level0,landscape:reference,LEFT,landscape:motion_resolution_level0,landscape:reference,4.7417,240.01
ref,239,attic,attic:reference,attic:restir_level0,LEFT,attic:reference,attic:restir_level0,8.5084,240.01
ref,240,attic,attic:motion_resolution_level2,attic:reference,RIGHT,attic:reference,attic:motion_resolution_level2,3.1375,240.02
ref,241,landscape,landscape:motion_resolution_level2,landscape:reference,RIGHT,landscape:reference,landscape:motion_resolution_level2,1.8375,240.03
ref,242,attic,attic:reference,attic:stutter_level0,LEFT,attic:reference,attic:stutter_level0,4.8334,240.01
ref,243,attic,attic:temporal-resolution-multiplexing_level2,attic:motion_resolution_level2,RIGHT,attic:motion_resolution_level2,attic:temporal-resolution-multiplexing_level2,7.5502,240.0
rm2,1,bistro_interior,bistro_interior:judder_level1,bistro_interior:duration_flicker_level2,LEFT,bistro_interior:judder_level1,bistro_interior:duration_flicker_level2,10.8184,240.01
rm2,2,pink_room,pink_room:motion_noise_level0,pink_room:judder_level2,LEFT,pink_room:motion_noise_level0,pink_room:judder_level2,25.8272,239.98
rm2,3,landscape,landscape:dlss_rr_level1,landscape:judder_level1,RIGHT,landscape:judder_level1,landscape:dlss_rr_level1,12.5834,240.0
rm2,4,bistro_interior,bistro_interior:motion_resolution_level0,bistro_interior:motion_resolution_level1,LEFT,bistro_interior:motion_resolution_level0,bistro_interior:motion_resolution_level1,6.4633,239.97
rm2,5,bistro_interior,bistro_interior:temporal-resolution-multiplexing_level1,bistro_interior:motion_noise_level0,RIGHT,bistro_interior:motion_noise_level0,bistro_interior:temporal-resolution-multiplexing_level1,6.5718,239.97
rm2,6,classroom,classroom:duration_flicker_level0,classroom:noise_colors_level1,LEFT,classroom:duration_flicker_level0,classroom:noise_colors_level1,14.9061,239.97
rm2,7,bistro_interior,bistro_interior:judder_level1,bistro_interior:duration_flicker_level1,LEFT,bistro_interior:judder_level1,bistro_interior:duration_flicker_level1,9.0178,239.97
rm2,8,classroom,classroom:motion_resolution_level0,classroom:dlss_rr_level2,RIGHT,classroom:dlss_rr_level2,classroom:motion_resolution_level0,15.7271,239.97
rm2,9,zeroday,zeroday:motion_noise_level2,zeroday:noise_colors_level2,RIGHT,zeroday:noise_colors_level2,zeroday:motion_noise_level2,18.8149,239.97
rm2,10,classroom,classroom:motion_noise_level0,classroom:judder_level1,RIGHT,classroom:judder_level1,classroom:motion_noise_level0,7.2171,239.99
rm2,11,bistro_exterior,bistro_exterior:motion_resolution_level2,bistro_exterior:noise_colors_level2,RIGHT,bistro_exterior:noise_colors_level2,bistro_exterior:motion_resolution_level2,6.5259,239.97
rm2,12,pink_room,pink_room:noise_colors_level0,pink_room:restir_level0,LEFT,pink_room:noise_colors_level0,pink_room:restir_level0,11.2,240.0
rm2,13,classroom,classroom:temporal-resolution-multiplexing_level0,classroom:stutter_level0,RIGHT,classroom:stutter_level0,classroom:temporal-resolution-multiplexing_level0,12.6339,239.99
rm2,14,classroom,classroom:temporal-resolution-multiplexing_level1,classroom:dlss_rr_level1,RIGHT,classroom:dlss_rr_level1,classroom:temporal-resolution-multiplexing_level1,13.4334,240.0
rm2,15,marbles,marbles:judder_level1,marbles:noise_colors_level0,LEFT,marbles:judder_level1,marbles:noise_colors_level0,23.3946,239.97
rm2,16,zeroday,zeroday:motion_noise_level1,zeroday:stutter_level2,LEFT,zeroday:motion_noise_level1,zeroday:stutter_level2,3.35,240.0
rm2,17,marbles,marbles:restir_level2,marbles:judder_level2,RIGHT,marbles:judder_level2,marbles:restir_level2,3.2963,239.97
rm2,18,attic,attic:motion_resolution_level1,attic:restir_level1,RIGHT,attic:restir_level1,attic:motion_resolution_level1,11.4889,239.97
rm2,19,attic,attic:duration_flicker_level0,attic:dlss_rr_level2,LEFT,attic:duration_flicker_level0,attic:dlss_rr_level2,11.1431,239.97
rm2,20,subway,subway:judder_level2,subway:duration_flicker_level0,RIGHT,subway:duration_flicker_level0,subway:judder_level2,12.1084,240.0
rm2,21,bistro_exterior,bistro_exterior:duration_flicker_level2,bistro_exterior:motion_noise_level2,LEFT,bistro_exterior:duration_flicker_level2,bistro_exterior:motion_noise_level2,3.8212,239.98
rm2,22,marbles,marbles:restir_level1,marbles:duration_flicker_level1,LEFT,marbles:restir_level1,marbles:duration_flicker_level1,10.9054,239.97
rm2,23,bistro_exterior,bistro_exterior:noise_colors_level2,bistro_exterior:motion_resolution_level0,LEFT,bistro_exterior:noise_colors_level2,bistro_exterior:motion_resolution_level0,8.1844,239.97
rm2,24,zeroday,zeroday:temporal-resolution-multiplexing_level2,zeroday:motion_resolution_level2,LEFT,zeroday:temporal-resolution-multiplexing_level2,zeroday:motion_resolution_level2,17.2224,239.98
rm2,25,zeroday,zeroday:noise_colors_level2,zeroday:duration_flicker_level0,LEFT,zeroday:noise_colors_level2,zeroday:duration_flicker_level0,20.3189,239.98
rm2,26,landscape,landscape:stutter_level0,landscape:duration_flicker_level1,LEFT,landscape:stutter_level0,landscape:duration_flicker_level1,5.1841,239.97
rm2,27,landscape,landscape:motion_resolution_level1,landscape:duration_flicker_level0,RIGHT,landscape:duration_flicker_level0,landscape:motion_resolution_level1,4.7459,240.0
rm2,28,bistro_interior,bistro_interior:temporal-resolution-multiplexing_level2,bistro_interior:stutter_level2,LEFT,bistro_interior:temporal-resolution-multiplexing_level2,bistro_interior:stutter_level2,14.1125,240.0
rm2,29,classroom,classroom:duration_flicker_level2,classroom:duration_flicker_level1,RIGHT,classroom:duration_flicker_level1,classroom:duration_flicker_level2,11.7841,239.99
rm2,30,pink_room,pink_room:duration_flicker_level2,pink_room:noise_colors_level2,LEFT,pink_room:duration_flicker_level2,pink_room:noise_colors_level2,12.6667,240.0
rm2,31,bistro_exterior,bistro_exterior:duration_flicker_level1,bistro_exterior:dlss_rr_level0,RIGHT,bistro_exterior:dlss_rr_level0,bistro_exterior:duration_flicker_level1,9.5386,239.97
rm2,32,landscape,landscape:motion_noise_level1,landscape:noise_colors_level0,RIGHT,landscape:noise_colors_level0,landscape:motion_noise_level1,9.6176,239.98
rm2,33,pink_room,pink_room:restir_level1,pink_room:noise_colors_level2,LEFT,pink_room:restir_level1,pink_room:noise_colors_level2,7.0084,240.0
rm2,34,zeroday,zeroday:motion_noise_level2,zeroday:temporal-resolution-multiplexing_level1,LEFT,zeroday:motion_noise_level2,zeroday:temporal-resolution-multiplexing_level1,23.0509,239.99
rm2,35,pink_room,pink_room:judder_level1,pink_room:judder_level0,LEFT,pink_room:judder_level1,pink_room:judder_level0,13.0959,240.0
rm2,36,subway,subway:motion_noise_level1,subway:judder_level2,LEFT,subway:motion_noise_level1,subway:judder_level2,7.3591,239.98
rm2,37,bistro_exterior,bistro_exterior:judder_level1,bistro_exterior:restir_level1,RIGHT,bistro_exterior:restir_level1,bistro_exterior:judder_level1,8.1763,239.96
rm2,38,classroom,classroom:motion_noise_level1,classroom:duration_flicker_level0,RIGHT,classroom:duration_flicker_level0,classroom:motion_noise_level1,19.5566,239.97
rm2,39,bistro_interior,bistro_interior:motion_resolution_level2,bistro_interior:restir_level2,RIGHT,bistro_interior:restir_level2,bistro_interior:motion_resolution_level2,5.0632,239.97
rm2,40,subway,subway:noise_colors_level1,subway:duration_flicker_level0,RIGHT,subway:duration_flicker_level0,subway:noise_colors_level1,13.2173,239.99
rm2,41,classroom,classroom:judder_level1,classroom:temporal-resolution-multiplexing_level1,LEFT,classroom:judder_level1,classroom:temporal-resolution-multiplexing_level1,6.3876,240.0
rm2,42,attic,attic:temporal-resolution-multiplexing_level0,attic:judder_level0,LEFT,attic:temporal-resolution-multiplexing_level0,attic:judder_level0,7.3292,240.0
rm2,43,pink_room,pink_room:restir_level2,pink_room:duration_flicker_level2,LEFT,pink_room:restir_level2,pink_room:duration_flicker_level2,8.7125,240.0
rm2,44,landscape,landscape:dlss_rr_level1,landscape:dlss_rr_level0,RIGHT,landscape:dlss_rr_level0,landscape:dlss_rr_level1,7.8253,239.99
rm2,45,bistro_interior,bistro_interior:stutter_level1,bistro_interior:judder_level0,LEFT,bistro_interior:stutter_level1,bistro_interior:judder_level0,7.655,239.97
rm2,46,marbles,marbles:judder_level1,marbles:motion_noise_level2,LEFT,marbles:judder_level1,marbles:motion_noise_level2,7.7134,239.97
rm2,47,landscape,landscape:duration_flicker_level1,landscape:noise_colors_level1,RIGHT,landscape:noise_colors_level1,landscape:duration_flicker_level1,4.8008,239.97
rm2,48,bistro_exterior,bistro_exterior:motion_noise_level0,bistro_exterior:restir_level0,LEFT,bistro_exterior:motion_noise_level0,bistro_exterior:restir_level0,8.6971,239.97
rm2,49,bistro_exterior,bistro_exterior:dlss_rr_level0,bistro_exterior:restir_level1,RIGHT,bistro_exterior:restir_level1,bistro_exterior:dlss_rr_level0,4.3673,239.97
rm2,50,bistro_interior,bistro_interior:dlss_rr_level0,bistro_interior:temporal-resolution-multiplexing_level2,LEFT,bistro_interior:dlss_rr_level0,bistro_interior:temporal-resolution-multiplexing_level2,2.1253,239.98
rm2,51,subway,subway:duration_flicker_level2,subway:judder_level2,LEFT,subway:duration_flicker_level2,subway:judder_level2,4.2917,240.0
rm2,52,landscape,landscape:stutter_level2,landscape:motion_resolution_level2,LEFT,landscape:stutter_level2,landscape:motion_resolution_level2,8.7292,240.0
rm2,53,attic,attic:stutter_level0,attic:temporal-resolution-multiplexing_level0,RIGHT,attic:temporal-resolution-multiplexing_level0,attic:stutter_level0,15.5959,240.0
rm2,54,pink_room,pink_room:motion_noise_level0,pink_room:reference,RIGHT,pink_room:reference,pink_room:motion_noise_level0,10.8042,240.0
rm2,55,bistro_exterior,bistro_exterior:dlss_rr_level2,bistro_exterior:temporal-resolution-multiplexing_level2,LEFT,bistro_exterior:dlss_rr_level2,bistro_exterior:temporal-resolution-multiplexing_level2,13.875,240.0
rm2,56,marbles,marbles:judder_level0,marbles:motion_noise_level1,RIGHT,marbles:motion_noise_level1,marbles:judder_level0,32.479,239.97
rm2,57,landscape,landscape:judder_level0,landscape:restir_level0,RIGHT,landscape:restir_level0,landscape:judder_level0,16.4013,239.98
rm2,58,bistro_exterior,bistro_exterior:motion_noise_level0,bistro_exterior:duration_flicker_level1,LEFT,bistro_exterior:motion_noise_level0,bistro_exterior:duration_flicker_level1,13.3558,239.97
rm2,59,landscape,landscape:duration_flicker_level0,landscape:dlss_rr_level1,LEFT,landscape:duration_flicker_level0,landscape:dlss_rr_level1,7.8756,239.98
rm2,60,bistro_exterior,bistro_exterior:stutter_level1,bistro_exterior:dlss_rr_level0,LEFT,bistro_exterior:stutter_level1,bistro_exterior:dlss_rr_level0,14.8555,239.98
rm2,61,attic,attic:temporal-resolution-multiplexing_level0,attic:noise_colors_level1,LEFT,attic:temporal-resolution-multiplexing_level0,attic:noise_colors_level1,8.0593,239.97
rm2,62,marbles,marbles:temporal-resolution-multiplexing_level2,marbles:motion_resolution_level1,RIGHT,marbles:motion_resolution_level1,marbles:temporal-resolution-multiplexing_level2,15.3186,239.97
rm2,63,classroom,classroom:noise_colors_level2,classroom:motion_noise_level1,RIGHT,classroom:motion_noise_level1,classroom:noise_colors_level2,6.0376,240.0
rm2,64,attic,attic:temporal-resolution-multiplexing_level2,attic:dlss_rr_level1,RIGHT,attic:dlss_rr_level1,attic:temporal-resolution-multiplexing_level2,2.5962,239.97
rm2,65,pink_room,pink_room:motion_resolution_level0,pink_room:stutter_level2,LEFT,pink_room:motion_resolution_level0,pink_room:stutter_level2,9.8417,240.0
rm2,66,bistro_exterior,bistro_exterior:motion_resolution_level0,bistro_exterior:restir_level2,RIGHT,bistro_exterior:restir_level2,bistro_exterior:motion_resolution_level0,3.8292,240.01
rm2,67,zeroday,zeroday:restir_level1,zeroday:dlss_rr_level2,RIGHT,zeroday:dlss_rr_level2,zeroday:restir_level1,9.3381,239.99
rm2,68,landscape,landscape:motion_noise_level1,landscape:temporal-resolution-multiplexing_level1,LEFT,landscape:motion_noise_level1,landscape:temporal-resolution-multiplexing_level1,7.4167,240.0
rm2,69,subway,subway:dlss_rr_level0,subway:noise_colors_level2,LEFT,subway:dlss_rr_level0,subway:noise_colors_level2,7.8295,239.99
rm2,70,attic,attic:restir_level1,attic:dlss_rr_level1,LEFT,attic:restir_level1,attic:dlss_rr_level1,27.9285,239.97
rm2,71,subway,subway:reference,subway:motion_resolution_level0,LEFT,subway:reference,subway:motion_resolution_level0,12.1875,240.0
rm2,72,attic,attic:motion_resolution_level1,attic:restir_level2,LEFT,attic:motion_resolution_level1,attic:restir_level2,13.3767,239.97
rm2,73,attic,attic:restir_level1,attic:temporal-resolution-multiplexing_level1,RIGHT,attic:temporal-resolution-multiplexing_level1,attic:restir_level1,16.5397,239.97
rm2,74,subway,subway:temporal-resolution-multiplexing_level0,subway:noise_colors_level1,LEFT,subway:temporal-resolution-multiplexing_level0,subway:noise_colors_level1,9.2709,240.0
rm2,75,marbles,marbles:judder_level0,marbles:reference,RIGHT,marbles:reference,marbles:judder_level0,4.5417,240.01
rm2,76,attic,attic:motion_resolution_level1,attic:stutter_level2,RIGHT,attic:stutter_level2,attic:motion_resolution_level1,8.125,240.0
rm2,77,attic,attic:dlss_rr_level2,attic:restir_level0,RIGHT,attic:restir_level0,attic:dlss_rr_level2,5.8216,239.97
rm2,78,marbles,marbles:dlss_rr_level0,marbles:noise_colors_level1,LEFT,marbles:dlss_rr_level0,marbles:noise_colors_level1,11.2681,239.97
rm2,79,bistro_interior,bistro_interior:motion_noise_level2,bistro_interior:judder_level1,RIGHT,bistro_interior:judder_level1,bistro_interior:motion_noise_level2,8.1794,239.99
rm2,80,zeroday,zeroday:motion_noise_level1,zeroday:stutter_level1,LEFT,zeroday:motion_noise_level1,zeroday:stutter_level1,12.4917,240.0
rm2,81,bistro_interior,bistro_interior:noise_colors_level1,bistro_interior:stutter_level0,RIGHT,bistro_interior:stutter_level0,bistro_interior:noise_colors_level1,8.95,240.0
rm2,82,bistro_interior,bistro_interior:judder_level2,bistro_interior:motion_resolution_level0,LEFT,bistro_interior:judder_level2,bistro_interior:motion_resolution_level0,7.1834,240.0
rm2,83,marbles,marbles:motion_resolution_level1,marbles:motion_resolution_level2,LEFT,marbles:motion_resolution_level1,marbles:motion_resolution_level2,16.2302,239.98
rm2,84,classroom,classroom:judder_level1,classroom:noise_colors_level0,RIGHT,classroom:noise_colors_level0,classroom:judder_level1,7.7301,239.98
rm2,85,subway,subway:judder_level2,subway:motion_resolution_level1,RIGHT,subway:motion_resolution_level1,subway:judder_level2,12.7209,240.0
rm2,86,bistro_exterior,bistro_exterior:noise_colors_level2,bistro_exterior:duration_flicker_level2,LEFT,bistro_exterior:noise_colors_level2,bistro_exterior:duration_flicker_level2,3.7712,239.98
rm2,87,marbles,marbles:judder_level1,marbles:motion_noise_level1,RIGHT,marbles:motion_noise_level1,marbles:judder_level1,7.4927,239.97
rm2,88,classroom,classroom:stutter_level2,classroom:duration_flicker_level0,RIGHT,classroom:duration_flicker_level0,classroom:stutter_level2,9.097,239.97
rm2,89,pink_room,pink_room:temporal-resolution-multiplexing_level2,pink_room:motion_resolution_level2,RIGHT,pink_room:motion_resolution_level2,pink_room:temporal-resolution-multiplexing_level2,10.3042,240.0
rm2,90,bistro_exterior,bistro_exterior:restir_level0,bistro_exterior:noise_colors_level1,LEFT,bistro_exterior:restir_level0,bistro_exterior:noise_colors_level1,4.1209,240.0
rm2,91,subway,subway:dlss_rr_level1,subway:duration_flicker_level1,LEFT,subway:dlss_rr_level1,subway:duration_flicker_level1,8.5417,240.0
rm2,92,subway,subway:temporal-resolution-multiplexing_level1,subway:motion_noise_level2,RIGHT,subway:motion_noise_level2,subway:temporal-resolution-multiplexing_level1,7.4584,240.01
rm2,93,classroom,classroom:restir_level1,classroom:duration_flicker_level0,RIGHT,classroom:duration_flicker_level0,classroom:restir_level1,3.9875,240.0
rm2,94,bistro_interior,bistro_interior:temporal-resolution-multiplexing_level2,bistro_interior:restir_level1,RIGHT,bistro_interior:restir_level1,bistro_interior:temporal-resolution-multiplexing_level2,8.2343,239.97
rm2,95,zeroday,zeroday:dlss_rr_level1,zeroday:stutter_level0,RIGHT,zeroday:stutter_level0,zeroday:dlss_rr_level1,8.2667,240.0
rm2,96,bistro_exterior,bistro_exterior:dlss_rr_level1,bistro_exterior:motion_resolution_level1,LEFT,bistro_exterior:dlss_rr_level1,bistro_exterior:motion_resolution_level1,3.3375,240.01
rm2,97,zeroday,zeroday:temporal-resolution-multiplexing_level0,zeroday:stutter_level0,LEFT,zeroday:temporal-resolution-multiplexing_level0,zeroday:stutter_level0,4.6417,240.0
rm2,98,pink_room,pink_room:motion_noise_level2,pink_room:noise_colors_level1,LEFT,pink_room:motion_noise_level2,pink_room:noise_colors_level1,6.8084,240.0
rm2,99,bistro_exterior,bistro_exterior:restir_level0,bistro_exterior:reference,RIGHT,bistro_exterior:reference,bistro_exterior:restir_level0,9.4168,239.99
rm2,100,subway,subway:stutter_level0,subway:duration_flicker_level0,LEFT,subway:stutter_level0,subway:duration_flicker_level0,4.2667,240.01
rm2,101,landscape,landscape:duration_flicker_level0,landscape:duration_flicker_level2,LEFT,landscape:duration_flicker_level0,landscape:duration_flicker_level2,4.9334,240.0
rm2,102,pink_room,pink_room:stutter_level2,pink_room:duration_flicker_level0,RIGHT,pink_room:duration_flicker_level0,pink_room:stutter_level2,3.9,240.01
rm2,103,subway,subway:restir_level2,subway:temporal-resolution-multiplexing_level2,RIGHT,subway:temporal-resolution-multiplexing_level2,subway:restir_level2,8.2042,240.0
rm2,104,pink_room,pink_room:temporal-resolution-multiplexing_level1,pink_room:dlss_rr_level2,LEFT,pink_room:temporal-resolution-multiplexing_level1,pink_room:dlss_rr_level2,4.6542,240.01
rm2,105,landscape,landscape:judder_level0,landscape:motion_noise_level1,RIGHT,landscape:motion_noise_level1,landscape:judder_level0,4.0792,240.01
rm2,106,pink_room,pink_room:restir_level1,pink_room:temporal-resolution-multiplexing_level0,RIGHT,pink_room:temporal-resolution-multiplexing_level0,pink_room:restir_level1,4.45,240.01
rm2,107,zeroday,zeroday:dlss_rr_level0,zeroday:motion_noise_level2,LEFT,zeroday:dlss_rr_level0,zeroday:motion_noise_level2,5.5626,240.0
rm2,108,marbles,marbles:duration_flicker_level1,marbles:restir_level2,LEFT,marbles:duration_flicker_level1,marbles:restir_level2,14.8644,239.97
rm2,109,pink_room,pink_room:stutter_level0,pink_room:motion_noise_level1,RIGHT,pink_room:motion_noise_level1,pink_room:stutter_level0,11.9473,239.97
rm2,110,subway,subway:motion_resolution_level0,subway:noise_colors_level0,RIGHT,subway:noise_colors_level0,subway:motion_resolution_level0,7.6042,240.0
rm2,111,attic,attic:restir_level2,attic:motion_resolution_level2,LEFT,attic:restir_level2,attic:motion_resolution_level2,3.5667,240.01
rm2,112,zeroday,zeroday:motion_noise_level1,zeroday:noise_colors_level0,RIGHT,zeroday:noise_colors_level0,zeroday:motion_noise_level1,8.4834,240.0
rm2,113,zeroday,zeroday:motion_noise_level1,zeroday:judder_level1,RIGHT,zeroday:judder_level1,zeroday:motion_noise_level1,4.6667,240.0
rm2,114,bistro_interior,bistro_interior:motion_resolution_level0,bistro_interior:stutter_level2,RIGHT,bistro_interior:stutter_level2,bistro_interior:motion_resolution_level0,11.493,239.97
rm2,115,subway,subway:dlss_rr_level2,subway:restir_level0,LEFT,subway:dlss_rr_level2,subway:restir_level0,7.1833,240.0
rm2,116,landscape,landscape:motion_noise_level1,landscape:restir_level1,RIGHT,landscape:restir_level1,landscape:motion_noise_level1,6.6089,239.98
rm2,117,bistro_exterior,bistro_exterior:restir_level1,bistro_exterior:motion_resolution_level0,LEFT,bistro_exterior:restir_level1,bistro_exterior:motion_resolution_level0,3.2505,239.97
rm2,118,marbles,marbles:dlss_rr_level2,marbles:motion_resolution_level1,LEFT,marbles:dlss_rr_level2,marbles:motion_resolution_level1,7.7667,240.0
rm2,119,subway,subway:stutter_level1,subway:judder_level0,LEFT,subway:stutter_level1,subway:judder_level0,13.5876,240.0
rm2,120,bistro_interior,bistro_interior:stutter_level2,bistro_interior:dlss_rr_level2,LEFT,bistro_interior:stutter_level2,bistro_interior:dlss_rr_level2,4.8672,239.98
rm2,121,attic,attic:temporal-resolution-multiplexing_level0,attic:motion_resolution_level0,LEFT,attic:temporal-resolution-multiplexing_level0,attic:motion_resolution_level0,8.0762,239.96
rm2,122,marbles,marbles:stutter_level1,marbles:stutter_level0,RIGHT,marbles:stutter_level0,marbles:stutter_level1,15.6229,239.97
rm2,123,marbles,marbles:judder_level1,marbles:stutter_level0,RIGHT,marbles:stutter_level0,marbles:judder_level1,3.5088,239.98
rm2,124,classroom,classroom:judder_level0,classroom:judder_level1,RIGHT,classroom:judder_level1,classroom:judder_level0,3.638,239.97
rm2,125,bistro_exterior,bistro_exterior:motion_resolution_level1,bistro_exterior:judder_level2,RIGHT,bistro_exterior:judder_level2,bistro_exterior:motion_resolution_level1,11.2292,240.0
rm2,126,subway,subway:noise_colors_level2,subway:duration_flicker_level1,RIGHT,subway:duration_flicker_level1,subway:noise_colors_level2,7.5792,240.0
rm2,127,classroom,classroom:judder_level1,classroom:stutter_level0,RIGHT,classroom:stutter_level0,classroom:judder_level1,4.1631,239.97
rm2,128,subway,subway:stutter_level2,subway:motion_resolution_level0,RIGHT,subway:motion_resolution_level0,subway:stutter_level2,8.375,240.0
rm2,129,marbles,marbles:temporal-resolution-multiplexing_level0,marbles:judder_level1,RIGHT,marbles:judder_level1,marbles:temporal-resolution-multiplexing_level0,8.2801,239.97
rm2,130,bistro_exterior,bistro_exterior:noise_colors_level2,bistro_exterior:dlss_rr_level2,LEFT,bistro_exterior:noise_colors_level2,bistro_exterior:dlss_rr_level2,9.1638,239.97
rm2,131,classroom,classroom:noise_colors_level2,classroom:restir_level2,LEFT,classroom:noise_colors_level2,classroom:restir_level2,11.3432,239.97
rm2,132,zeroday,zeroday:restir_level1,zeroday:noise_colors_level1,RIGHT,zeroday:noise_colors_level1,zeroday:restir_level1,3.9084,240.01
rm2,133,bistro_exterior,bistro_exterior:temporal-resolution-multiplexing_level1,bistro_exterior:noise_colors_level2,LEFT,bistro_exterior:temporal-resolution-multiplexing_level1,bistro_exterior:noise_colors_level2,6.5292,240.0
rm2,134,marbles,marbles:temporal-resolution-multiplexing_level1,marbles:noise_colors_level1,LEFT,marbles:temporal-resolution-multiplexing_level1,marbles:noise_colors_level1,4.0334,240.0
rm2,135,bistro_exterior,bistro_exterior:temporal-resolution-multiplexing_level0,bistro_exterior:judder_level0,LEFT,bistro_exterior:temporal-resolution-multiplexing_level0,bistro_exterior:judder_level0,9.8709,240.0
rm2,136,classroom,classroom:judder_level2,classroom:noise_colors_level0,RIGHT,classroom:noise_colors_level0,classroom:judder_level2,4.0917,240.0
rm2,137,classroom,classroom:duration_flicker_level0,classroom:duration_flicker_level1,LEFT,classroom:duration_flicker_level0,classroom:duration_flicker_level1,4.0089,239.97
rm2,138,pink_room,pink_room:motion_noise_level2,pink_room:stutter_level2,LEFT,pink_room:motion_noise_level2,pink_room:stutter_level2,5.9423,239.98
rm2,139,classroom,classroom:dlss_rr_level2,classroom:duration_flicker_level1,RIGHT,classroom:duration_flicker_level1,classroom:dlss_rr_level2,3.6047,239.97
rm2,140,bistro_exterior,bistro_exterior:restir_level1,bistro_exterior:judder_level0,LEFT,bistro_exterior:restir_level1,bistro_exterior:judder_level0,3.8298,239.97
rm2,141,attic,attic:motion_noise_level0,attic:motion_resolution_level0,LEFT,attic:motion_noise_level0,attic:motion_resolution_level0,3.8296,239.97
rm2,142,zeroday,zeroday:stutter_level1,zeroday:reference,RIGHT,zeroday:reference,zeroday:stutter_level1,5.6667,240.01
rm2,143,bistro_interior,bistro_interior:motion_resolution_level0,bistro_interior:restir_level2,RIGHT,bistro_interior:restir_level2,bistro_interior:motion_resolution_level0,12.9685,239.97
rm2,144,bistro_interior,bistro_interior:restir_level0,bistro_interior:judder_level1,RIGHT,bistro_interior:judder_level1,bistro_interior:restir_level0,6.775,240.0
rm2,145,landscape,landscape:dlss_rr_level1,landscape:duration_flicker_level1,RIGHT,landscape:duration_flicker_level1,landscape:dlss_rr_level1,3.7292,240.0
rm2,146,subway,subway:judder_level2,subway:motion_noise_level0,RIGHT,subway:motion_noise_level0,subway:judder_level2,2.1584,240.0
rm2,147,marbles,marbles:judder_level1,marbles:dlss_rr_level0,LEFT,marbles:judder_level1,marbles:dlss_rr_level0,15.181,239.97
rm2,148,subway,subway:motion_resolution_level2,subway:motion_noise_level2,RIGHT,subway:motion_noise_level2,subway:motion_resolution_level2,5.6959,240.0
rm2,149,classroom,classroom:temporal-resolution-multiplexing_level1,classroom:motion_resolution_level0,RIGHT,classroom:motion_resolution_level0,classroom:temporal-resolution-multiplexing_level1,15.326,239.99
rm2,150,bistro_interior,bistro_interior:noise_colors_level2,bistro_interior:stutter_level1,RIGHT,bistro_interior:stutter_level1,bistro_interior:noise_colors_level2,4.4629,239.98
rm2,151,zeroday,zeroday:temporal-resolution-multiplexing_level2,zeroday:restir_level2,RIGHT,zeroday:restir_level2,zeroday:temporal-resolution-multiplexing_level2,3.0293,240.0
rm2,152,marbles,marbles:motion_noise_level2,marbles:stutter_level2,LEFT,marbles:motion_noise_level2,marbles:stutter_level2,3.8132,239.97
rm2,153,classroom,classroom:temporal-resolution-multiplexing_level1,classroom:dlss_rr_level0,RIGHT,classroom:dlss_rr_level0,classroom:temporal-resolution-multiplexing_level1,7.075,240.0
rm2,154,attic,attic:temporal-resolution-multiplexing_level0,attic:motion_noise_level1,RIGHT,attic:motion_noise_level1,attic:temporal-resolution-multiplexing_level0,7.7375,240.0
rm2,155,classroom,classroom:judder_level1,classroom:restir_level0,RIGHT,classroom:restir_level0,classroom:judder_level1,3.7125,240.0
rm2,156,bistro_exterior,bistro_exterior:stutter_level0,bistro_exterior:temporal-resolution-multiplexing_level0,RIGHT,bistro_exterior:temporal-resolution-multiplexing_level0,bistro_exterior:stutter_level0,3.7171,239.97
rm2,157,bistro_exterior,bistro_exterior:restir_level0,bistro_exterior:motion_noise_level1,LEFT,bistro_exterior:restir_level0,bistro_exterior:motion_noise_level1,8.1882,239.98
rm2,158,marbles,marbles:motion_resolution_level0,marbles:stutter_level0,RIGHT,marbles:stutter_level0,marbles:motion_resolution_level0,4.0334,240.0
rm2,159,attic,attic:dlss_rr_level2,attic:motion_resolution_level1,RIGHT,attic:motion_resolution_level1,attic:dlss_rr_level2,4.5965,239.97
rm2,160,bistro_interior,bistro_interior:noise_colors_level0,bistro_interior:temporal-resolution-multiplexing_level1,LEFT,bistro_interior:noise_colors_level0,bistro_interior:temporal-resolution-multiplexing_level1,7.055,239.97
rm2,161,marbles,marbles:duration_flicker_level0,marbles:duration_flicker_level1,LEFT,marbles:duration_flicker_level0,marbles:duration_flicker_level1,8.2512,239.96
rm2,162,subway,subway:dlss_rr_level2,subway:restir_level1,RIGHT,subway:restir_level1,subway:dlss_rr_level2,6.975,240.0
rm2,163,marbles,marbles:restir_level0,marbles:motion_noise_level1,LEFT,marbles:restir_level0,marbles:motion_noise_level1,8.2378,239.99
rm2,164,bistro_interior,bistro_interior:temporal-resolution-multiplexing_level2,bistro_interior:dlss_rr_level1,LEFT,bistro_interior:temporal-resolution-multiplexing_level2,bistro_interior:dlss_rr_level1,4.3756,239.96
rm2,165,attic,attic:dlss_rr_level1,attic:dlss_rr_level0,LEFT,attic:dlss_rr_level1,attic:dlss_rr_level0,22.6487,239.97
rm2,166,bistro_interior,bistro_interior:stutter_level0,bistro_interior:temporal-resolution-multiplexing_level2,LEFT,bistro_interior:stutter_level0,bistro_interior:temporal-resolution-multiplexing_level2,3.167,239.98
rm2,167,subway,subway:judder_level2,subway:motion_noise_level2,RIGHT,subway:motion_noise_level2,subway:judder_level2,7.4876,240.0
rm2,168,attic,attic:motion_resolution_level0,attic:judder_level2,RIGHT,attic:judder_level2,attic:motion_resolution_level0,28.4849,239.99
rm2,169,subway,subway:noise_colors_level0,subway:noise_colors_level1,LEFT,subway:noise_colors_level0,subway:noise_colors_level1,6.3167,240.0
rm2,170,pink_room,pink_room:judder_level1,pink_room:noise_colors_level0,LEFT,pink_room:judder_level1,pink_room:noise_colors_level0,15.0185,239.97
rm2,171,marbles,marbles:duration_flicker_level1,marbles:duration_flicker_level2,LEFT,marbles:duration_flicker_level1,marbles:duration_flicker_level2,8.1167,240.0
rm2,172,zeroday,zeroday:restir_level1,zeroday:motion_noise_level2,RIGHT,zeroday:motion_noise_level2,zeroday:restir_level1,12.3375,240.0
rm2,173,bistro_exterior,bistro_exterior:stutter_level2,bistro_exterior:noise_colors_level2,LEFT,bistro_exterior:stutter_level2,bistro_exterior:noise_colors_level2,4.213,239.98
rm2,174,bistro_interior,bistro_interior:motion_noise_level0,bistro_interior:stutter_level0,LEFT,bistro_interior:motion_noise_level0,bistro_interior:stutter_level0,14.0642,239.97
rm2,175,landscape,landscape:stutter_level1,landscape:restir_level2,RIGHT,landscape:restir_level2,landscape:stutter_level1,9.347,239.97
rm2,176,attic,attic:motion_noise_level2,attic:duration_flicker_level2,LEFT,attic:motion_noise_level2,attic:duration_flicker_level2,2.6586,239.97
rm2,177,subway,subway:judder_level2,subway:duration_flicker_level1,RIGHT,subway:duration_flicker_level1,subway:judder_level2,7.4417,239.97
rm2,178,zeroday,zeroday:motion_resolution_level1,zeroday:restir_level1,RIGHT,zeroday:restir_level1,zeroday:motion_resolution_level1,4.3459,240.0
rm2,179,bistro_interior,bistro_interior:stutter_level0,bistro_interior:temporal-resolution-multiplexing_level0,RIGHT,bistro_interior:temporal-resolution-multiplexing_level0,bistro_interior:stutter_level0,7.225,240.0
rm2,180,zeroday,zeroday:judder_level0,zeroday:motion_noise_level1,RIGHT,zeroday:motion_noise_level1,zeroday:judder_level0,11.9459,240.0
rm2,181,subway,subway:motion_resolution_level0,subway:judder_level1,RIGHT,subway:judder_level1,subway:motion_resolution_level0,12.8171,239.99
rm2,182,landscape,landscape:stutter_level2,landscape:duration_flicker_level2,RIGHT,landscape:duration_flicker_level2,landscape:stutter_level2,3.0125,240.01
rm2,183,attic,attic:noise_colors_level0,attic:reference,LEFT,attic:noise_colors_level0,attic:reference,13.6542,240.0
rm2,184,zeroday,zeroday:judder_level1,zeroday:stutter_level0,RIGHT,zeroday:stutter_level0,zeroday:judder_level1,10.2667,240.0
rm2,185,classroom,classroom:stutter_level1,classroom:judder_level1,RIGHT,classroom:judder_level1,classroom:stutter_level1,4.1338,239.97
rm2,186,bistro_exterior,bistro_exterior:motion_resolution_level1,bistro_exterior:noise_colors_level2,RIGHT,bistro_exterior:noise_colors_level2,bistro_exterior:motion_resolution_level1,4.0167,240.01
rm2,187,pink_room,pink_room:noise_colors_level0,pink_room:dlss_rr_level1,RIGHT,pink_room:dlss_rr_level1,pink_room:noise_colors_level0,6.425,240.0
rm2,188,marbles,marbles:dlss_rr_level1,marbles:judder_level1,RIGHT,marbles:judder_level1,marbles:dlss_rr_level1,7.426,239.97
rm2,189,subway,subway:motion_resolution_level0,subway:judder_level0,RIGHT,subway:judder_level0,subway:motion_resolution_level0,12.2959,240.0
rm2,190,marbles,marbles:motion_noise_level1,marbles:motion_noise_level0,RIGHT,marbles:motion_noise_level0,marbles:motion_noise_level1,11.3043,240.0
rm2,191,pink_room,pink_room:duration_flicker_level2,pink_room:motion_resolution_level1,LEFT,pink_room:duration_flicker_level2,pink_room:motion_resolution_level1,2.3125,240.01
rm2,192,pink_room,pink_room:noise_colors_level0,pink_room:stutter_level0,RIGHT,pink_room:stutter_level0,pink_room:noise_colors_level0,9.9042,240.0
rm2,193,bistro_exterior,bistro_exterior:duration_flicker_level0,bistro_exterior:restir_level1,LEFT,bistro_exterior:duration_flicker_level0,bistro_exterior:restir_level1,9.3508,239.98
rm2,194,classroom,classroom:duration_flicker_level1,classroom:motion_resolution_level1,LEFT,classroom:duration_flicker_level1,classroom:motion_resolution_level1,3.6462,239.98
rm2,195,bistro_exterior,bistro_exterior:restir_level0,bistro_exterior:noise_colors_level0,LEFT,bistro_exterior:restir_level0,bistro_exterior:noise_colors_level0,7.5919,239.99
rm2,196,bistro_interior,bistro_interior:duration_flicker_level0,bistro_interior:motion_noise_level2,LEFT,bistro_interior:duration_flicker_level0,bistro_interior:motion_noise_level2,7.08,239.97
rm2,197,landscape,landscape:motion_noise_level1,landscape:temporal-resolution-multiplexing_level0,RIGHT,landscape:temporal-resolution-multiplexing_level0,landscape:motion_noise_level1,10.8172,239.99
rm2,198,landscape,landscape:reference,landscape:motion_noise_level0,RIGHT,landscape:motion_noise_level0,landscape:reference,4.7,240.0
rm2,199,marbles,marbles:duration_flicker_level1,marbles:noise_colors_level2,LEFT,marbles:duration_flicker_level1,marbles:noise_colors_level2,3.8921,239.97
rm2,200,subway,subway:motion_resolution_level2,subway:temporal-resolution-multiplexing_level2,RIGHT,subway:temporal-resolution-multiplexing_level2,subway:motion_resolution_level2,7.9842,239.98
rm2,201,landscape,landscape:stutter_level1,landscape:dlss_rr_level1,LEFT,landscape:stutter_level1,landscape:dlss_rr_level1,3.6125,240.0
rm2,202,zeroday,zeroday:motion_noise_level2,zeroday:restir_level0,RIGHT,zeroday:restir_level0,zeroday:motion_noise_level2,10.1292,240.0
rm2,203,marbles,marbles:motion_resolution_level1,marbles:duration_flicker_level1,RIGHT,marbles:duration_flicker_level1,marbles:motion_resolution_level1,7.1875,240.01
rm2,204,attic,attic:motion_noise_level2,attic:motion_resolution_level0,LEFT,attic:motion_noise_level2,attic:motion_resolution_level0,9.8139,239.97
rm2,205,bistro_interior,bistro_interior:restir_level1,bistro_interior:judder_level0,LEFT,bistro_interior:restir_level1,bistro_interior:judder_level0,8.9095,239.97
rm2,206,subway,subway:dlss_rr_level2,subway:temporal-resolution-multiplexing_level2,LEFT,subway:dlss_rr_level2,subway:temporal-resolution-multiplexing_level2,7.275,240.0
rm2,207,attic,attic:motion_noise_level0,attic:stutter_level1,LEFT,attic:motion_noise_level0,attic:stutter_level1,7.5674,239.98
rm2,208,landscape,landscape:motion_noise_level1,landscape:stutter_level1,LEFT,landscape:motion_noise_level1,landscape:stutter_level1,8.325,240.0
rm2,209,marbles,marbles:stutter_level2,marbles:restir_level1,RIGHT,marbles:restir_level1,marbles:stutter_level2,7.3632,239.98
rm2,210,classroom,classroom:restir_level0,classroom:reference,RIGHT,classroom:reference,classroom:restir_level0,4.1167,240.01
rm2,211,landscape,landscape:judder_level2,landscape:dlss_rr_level2,LEFT,landscape:judder_level2,landscape:dlss_rr_level2,4.0792,240.0
rm2,212,attic,attic:reference,attic:motion_noise_level0,LEFT,attic:reference,attic:motion_noise_level0,3.4417,240.01
rm2,213,bistro_interior,bistro_interior:judder_level1,bistro_interior:stutter_level0,RIGHT,bistro_interior:stutter_level0,bistro_interior:judder_level1,8.6292,240.0
rm2,214,attic,attic:duration_flicker_level2,attic:motion_resolution_level1,RIGHT,attic:motion_resolution_level1,attic:duration_flicker_level2,7.7594,239.97
rm2,215,bistro_interior,bistro_interior:stutter_level0,bistro_interior:motion_noise_level1,RIGHT,bistro_interior:motion_noise_level1,bistro_interior:stutter_level0,4.9126,240.0
rm2,216,classroom,classroom:motion_noise_level2,classroom:dlss_rr_level2,LEFT,classroom:motion_noise_level2,classroom:dlss_rr_level2,11.1637,239.98
rm2,217,bistro_interior,bistro_interior:temporal-resolution-multiplexing_level1,bistro_interior:reference,RIGHT,bistro_interior:reference,bistro_interior:temporal-resolution-multiplexing_level1,7.1459,240.0
rm2,218,landscape,landscape:judder_level2,landscape:dlss_rr_level1,RIGHT,landscape:dlss_rr_level1,landscape:judder_level2,8.975,240.0
rm2,219,pink_room,pink_room:noise_colors_level0,pink_room:restir_level1,LEFT,pink_room:noise_colors_level0,pink_room:restir_level1,6.2334,240.0
rm2,220,classroom,classroom:motion_resolution_level2,classroom:duration_flicker_level2,RIGHT,classroom:duration_flicker_level2,classroom:motion_resolution_level2,7.3593,239.97
rm2,221,pink_room,pink_room:dlss_rr_level1,pink_room:motion_noise_level2,RIGHT,pink_room:motion_noise_level2,pink_room:dlss_rr_level1,3.8375,240.0
rm2,222,landscape,landscape:temporal-resolution-multiplexing_level2,landscape:dlss_rr_level1,LEFT,landscape:temporal-resolution-multiplexing_level2,landscape:dlss_rr_level1,9.1136,239.97
rm2,223,pink_room,pink_room:dlss_rr_level1,pink_room:temporal-resolution-multiplexing_level1,RIGHT,pink_room:temporal-resolution-multiplexing_level1,pink_room:dlss_rr_level1,2.0042,240.01
rm2,224,landscape,landscape:reference,landscape:noise_colors_level0,RIGHT,landscape:noise_colors_level0,landscape:reference,4.1959,240.0
rm2,225,zeroday,zeroday:duration_flicker_level2,zeroday:temporal-resolution-multiplexing_level2,LEFT,zeroday:duration_flicker_level2,zeroday:temporal-resolution-multiplexing_level2,3.3792,240.01
rm2,226,pink_room,pink_room:noise_colors_level0,pink_room:judder_level2,LEFT,pink_room:noise_colors_level0,pink_room:judder_level2,3.1334,240.0
rm2,227,zeroday,zeroday:judder_level2,zeroday:stutter_level0,RIGHT,zeroday:stutter_level0,zeroday:judder_level2,2.9834,240.01
rm2,228,classroom,classroom:duration_flicker_level1,classroom:temporal-resolution-multiplexing_level2,LEFT,classroom:duration_flicker_level1,classroom:temporal-resolution-multiplexing_level2,5.9,240.0
rm2,229,landscape,landscape:motion_resolution_level0,landscape:motion_noise_level1,RIGHT,landscape:motion_noise_level1,landscape:motion_resolution_level0,4.5417,240.01
rm2,230,pink_room,pink_room:temporal-resolution-multiplexing_level2,pink_room:duration_flicker_level2,RIGHT,pink_room:duration_flicker_level2,pink_room:temporal-resolution-multiplexing_level2,4.5668,240.0
rm2,231,landscape,landscape:motion_noise_level2,landscape:motion_noise_level1,RIGHT,landscape:motion_noise_level1,landscape:motion_noise_level2,6.5542,240.0
rm2,232,attic,attic:restir_level2,attic:noise_colors_level2,RIGHT,attic:noise_colors_level2,attic:restir_level2,6.9877,239.99
rm2,233,attic,attic:duration_flicker_level2,attic:duration_flicker_level1,RIGHT,attic:duration_flicker_level1,attic:duration_flicker_level2,7.8509,239.97
rm2,234,pink_room,pink_room:duration_flicker_level2,pink_room:duration_flicker_level1,RIGHT,pink_room:duration_flicker_level1,pink_room:duration_flicker_level2,7.875,240.0
rm2,235,attic,attic:judder_level1,attic:motion_noise_level0,RIGHT,attic:motion_noise_level0,attic:judder_level1,11.7964,239.99
rm2,236,zeroday,zeroday:motion_resolution_level0,zeroday:restir_level1,RIGHT,zeroday:restir_level1,zeroday:motion_resolution_level0,10.1668,240.0
rm2,237,zeroday,zeroday:stutter_level0,zeroday:motion_noise_level0,RIGHT,zeroday:motion_noise_level0,zeroday:stutter_level0,4.8084,240.01
rm2,238,landscape,landscape:stutter_level0,landscape:noise_colors_level2,RIGHT,landscape:noise_colors_level2,landscape:stutter_level0,14.3186,239.97
rm2,239,pink_room,pink_room:noise_colors_level1,pink_room:dlss_rr_level0,LEFT,pink_room:noise_colors_level1,pink_room:dlss_rr_level0,8.425,240.0
rm2,240,zeroday,zeroday:duration_flicker_level1,zeroday:stutter_level0,RIGHT,zeroday:stutter_level0,zeroday:duration_flicker_level1,13.7394,239.97
rm2,241,pink_room,pink_room:judder_level1,pink_room:stutter_level1,RIGHT,pink_room:stutter_level1,pink_room:judder_level1,9.5084,240.0
rm2,242,zeroday,zeroday:motion_noise_level2,zeroday:motion_noise_level1,RIGHT,zeroday:motion_noise_level1,zeroday:motion_noise_level2,11.3347,239.97
rm2,243,zeroday,zeroday:restir_level1,zeroday:temporal-resolution-multiplexing_level2,LEFT,zeroday:restir_level1,zeroday:temporal-resolution-multiplexing_level2,3.1667,240.01
sb,1,zeroday,zeroday:duration_flicker_level1,zeroday:restir_level2,LEFT,zeroday:duration_flicker_level1,zeroday:restir_level2,12.4353,240.01
sb,2,attic,attic:duration_flicker_level0,attic:judder_level1,RIGHT,attic:judder_level1,attic:duration_flicker_level0,20.1309,239.98
sb,3,bistro_exterior,bistro_exterior:stutter_level1,bistro_exterior:restir_level1,LEFT,bistro_exterior:stutter_level1,bistro_exterior:restir_level1,12.171,240.0
sb,4,bistro_exterior,bistro_exterior:dlss_rr_level0,bistro_exterior:judder_level2,LEFT,bistro_exterior:dlss_rr_level0,bistro_exterior:judder_level2,8.3918,240.0
sb,5,landscape,landscape:restir_level0,landscape:motion_noise_level0,RIGHT,landscape:motion_noise_level0,landscape:restir_level0,17.9174,239.99
sb,6,subway,subway:noise_colors_level2,subway:dlss_rr_level2,LEFT,subway:noise_colors_level2,subway:dlss_rr_level2,18.7097,239.99
sb,7,landscape,landscape:temporal-resolution-multiplexing_level0,landscape:stutter_level0,LEFT,landscape:temporal-resolution-multiplexing_level0,landscape:stutter_level0,17.7876,240.0
sb,8,zeroday,zeroday:stutter_level1,zeroday:noise_colors_level2,LEFT,zeroday:stutter_level1,zeroday:noise_colors_level2,13.3084,240.0
sb,9,bistro_interior,bistro_interior:stutter_level1,bistro_interior:temporal-resolution-multiplexing_level1,RIGHT,bistro_interior:temporal-resolution-multiplexing_level1,bistro_interior:stutter_level1,7.3126,240.0
sb,10,attic,attic:motion_resolution_level1,attic:judder_level0,RIGHT,attic:judder_level0,attic:motion_resolution_level1,6.2459,240.0
sb,11,subway,subway:motion_noise_level0,subway:stutter_level0,LEFT,subway:motion_noise_level0,subway:stutter_level0,10.5627,240.0
sb,12,zeroday,zeroday:restir_level1,zeroday:restir_level2,LEFT,zeroday:restir_level1,zeroday:restir_level2,8.3345,239.97
sb,13,pink_room,pink_room:dlss_rr_level2,pink_room:judder_level2,RIGHT,pink_room:judder_level2,pink_room:dlss_rr_level2,8.3625,240.0
sb,14,pink_room,pink_room:motion_noise_level1,pink_room:duration_flicker_level0,LEFT,pink_room:motion_noise_level1,pink_room:duration_flicker_level0,8.005,239.98
sb,15,bistro_exterior,bistro_exterior:judder_level0,bistro_exterior:stutter_level0,RIGHT,bistro_exterior:stutter_level0,bistro_exterior:judder_level0,19.2477,239.98
sb,16,subway,subway:motion_noise_level0,subway:motion_noise_level1,LEFT,subway:motion_noise_level0,subway:motion_noise_level1,23.2584,240.0
sb,17,marbles,marbles:motion_resolution_level0,marbles:judder_level0,RIGHT,marbles:judder_level0,marbles:motion_resolution_level0,4.5672,239.97
sb,18,attic,attic:restir_level0,attic:temporal-resolution-multiplexing_level1,LEFT,attic:restir_level0,attic:temporal-resolution-multiplexing_level1,1.9878,239.96
sb,19,landscape,landscape:noise_colors_level2,landscape:duration_flicker_level2,LEFT,landscape:noise_colors_level2,landscape:duration_flicker_level2,2.5917,240.01
sb,20,pink_room,pink_room:restir_level0,pink_room:dlss_rr_level0,LEFT,pink_room:restir_level0,pink_room:dlss_rr_level0,2.9334,240.0
sb,21,landscape,landscape:dlss_rr_level2,landscape:duration_flicker_level0,LEFT,landscape:dlss_rr_level2,landscape:duration_flicker_level0,4.4,240.01
sb,22,bistro_interior,bistro_interior:dlss_rr_level0,bistro_interior:restir_level0,RIGHT,bistro_interior:restir_level0,bistro_interior:dlss_rr_level0,17.9264,239.98
sb,23,bistro_exterior,bistro_exterior:noise_colors_level1,bistro_exterior:temporal-resolution-multiplexing_level0,RIGHT,bistro_exterior:temporal-resolution-multiplexing_level0,bistro_exterior:noise_colors_level1,10.9681,239.97
sb,24,bistro_interior,bistro_interior:motion_resolution_level1,bistro_interior:motion_resolution_level2,LEFT,bistro_interior:motion_resolution_level1,bistro_interior:motion_resolution_level2,7.0468,239.97
sb,25,zeroday,zeroday:motion_resolution_level1,zeroday:noise_colors_level1,RIGHT,zeroday:noise_colors_level1,zeroday:motion_resolution_level1,9.1125,240.0
sb,26,pink_room,pink_room:motion_noise_level1,pink_room:stutter_level1,LEFT,pink_room:motion_noise_level1,pink_room:stutter_level1,12.0725,239.96
sb,27,bistro_interior,bistro_interior:judder_level2,bistro_interior:judder_level1,RIGHT,bistro_interior:judder_level1,bistro_interior:judder_level2,6.1426,239.97
sb,28,attic,attic:motion_resolution_level2,attic:dlss_rr_level2,RIGHT,attic:dlss_rr_level2,attic:motion_resolution_level2,2.9546,239.98
sb,29,zeroday,zeroday:dlss_rr_level2,zeroday:motion_resolution_level1,LEFT,zeroday:dlss_rr_level2,zeroday:motion_resolution_level1,8.3,240.0
sb,30,zeroday,zeroday:stutter_level2,zeroday:motion_resolution_level1,LEFT,zeroday:stutter_level2,zeroday:motion_resolution_level1,3.2709,240.0
sb,31,marbles,marbles:judder_level2,marbles:motion_resolution_level0,RIGHT,marbles:motion_resolution_level0,marbles:judder_level2,26.6283,239.97
sb,32,subway,subway:restir_level0,subway:temporal-resolution-multiplexing_level1,RIGHT,subway:temporal-resolution-multiplexing_level1,subway:restir_level0,1.7625,240.01
sb,33,attic,attic:judder_level2,attic:judder_level0,LEFT,attic:judder_level2,attic:judder_level0,9.2637,239.97
sb,34,zeroday,zeroday:temporal-resolution-multiplexing_level1,zeroday:judder_level2,RIGHT,zeroday:judder_level2,zeroday:temporal-resolution-multiplexing_level1,26.15,240.0
sb,35,bistro_exterior,bistro_exterior:judder_level1,bistro_exterior:dlss_rr_level1,LEFT,bistro_exterior:judder_level1,bistro_exterior:dlss_rr_level1,6.7091,239.97
sb,36,attic,attic:duration_flicker_level2,attic:restir_level0,LEFT,attic:duration_flicker_level2,attic:restir_level0,16.2314,239.97
sb,37,zeroday,zeroday:restir_level2,zeroday:motion_noise_level2,RIGHT,zeroday:motion_noise_level2,zeroday:restir_level2,1.5375,240.01
sb,38,marbles,marbles:motion_noise_level0,marbles:stutter_level0,LEFT,marbles:motion_noise_level0,marbles:stutter_level0,24.1045,240.0
sb,39,landscape,landscape:temporal-resolution-multiplexing_level0,landscape:duration_flicker_level0,LEFT,landscape:temporal-resolution-multiplexing_level0,landscape:duration_flicker_level0,2.8917,240.01
sb,40,attic,attic:dlss_rr_level2,attic:dlss_rr_level0,RIGHT,attic:dlss_rr_level0,attic:dlss_rr_level2,2.7875,240.0
sb,41,landscape,landscape:motion_noise_level0,landscape:restir_level1,RIGHT,landscape:restir_level1,landscape:motion_noise_level0,12.6834,240.0
sb,42,subway,subway:motion_noise_level0,subway:motion_resolution_level1,LEFT,subway:motion_noise_level0,subway:motion_resolution_level1,14.1292,240.0
sb,43,pink_room,pink_room:noise_colors_level1,pink_room:restir_level2,LEFT,pink_room:noise_colors_level1,pink_room:restir_level2,6.2,240.01
sb,44,attic,attic:judder_level1,attic:stutter_level0,RIGHT,attic:stutter_level0,attic:judder_level1,9.6,240.0
sb,45,pink_room,pink_room:judder_level1,pink_room:judder_level2,RIGHT,pink_room:judder_level2,pink_room:judder_level1,29.8344,239.99
sb,46,landscape,landscape:motion_resolution_level1,landscape:dlss_rr_level1,RIGHT,landscape:dlss_rr_level1,landscape:motion_resolution_level1,4.663,239.97
sb,47,zeroday,zeroday:temporal-resolution-multiplexing_level2,zeroday:motion_resolution_level1,RIGHT,zeroday:motion_resolution_level1,zeroday:temporal-resolution-multiplexing_level2,2.6751,240.01
sb,48,zeroday,zeroday:noise_colors_level0,zeroday:stutter_level1,LEFT,zeroday:noise_colors_level0,zeroday:stutter_level1,19.7167,240.0
sb,49,attic,attic:motion_resolution_level2,attic:dlss_rr_level1,RIGHT,attic:dlss_rr_level1,attic:motion_resolution_level2,2.8167,240.01
sb,50,bistro_interior,bistro_interior:stutter_level1,bistro_interior:duration_flicker_level2,RIGHT,bistro_interior:duration_flicker_level2,bistro_interior:stutter_level1,8.2469,239.97
sb,51,subway,subway:motion_noise_level0,subway:duration_flicker_level0,RIGHT,subway:duration_flicker_level0,subway:motion_noise_level0,5.0713,239.98
sb,52,zeroday,zeroday:motion_resolution_level2,zeroday:restir_level2,LEFT,zeroday:motion_resolution_level2,zeroday:restir_level2,9.8542,240.0
sb,53,classroom,classroom:judder_level0,classroom:stutter_level1,LEFT,classroom:judder_level0,classroom:stutter_level1,18.7274,239.97
sb,54,zeroday,zeroday:judder_level2,zeroday:duration_flicker_level0,RIGHT,zeroday:duration_flicker_level0,zeroday:judder_level2,3.9334,240.01
sb,55,landscape,landscape:restir_level2,landscape:motion_noise_level0,RIGHT,landscape:motion_noise_level0,landscape:restir_level2,4.1584,240.01
sb,56,pink_room,pink_room:temporal-resolution-multiplexing_level1,pink_room:motion_noise_level1,RIGHT,pink_room:motion_noise_level1,pink_room:temporal-resolution-multiplexing_level1,14.825,240.0
sb,57,attic,attic:temporal-resolution-multiplexing_level0,attic:duration_flicker_level0,LEFT,attic:temporal-resolution-multiplexing_level0,attic:duration_flicker_level0,16.1209,240.0
sb,58,attic,attic:stutter_level1,attic:judder_level0,RIGHT,attic:judder_level0,attic:stutter_level1,19.7929,239.99
sb,59,bistro_exterior,bistro_exterior:temporal-resolution-multiplexing_level0,bistro_exterior:stutter_level1,LEFT,bistro_exterior:temporal-resolution-multiplexing_level0,bistro_exterior:stutter_level1,4.0963,239.98
sb,60,landscape,landscape:motion_noise_level2,landscape:duration_flicker_level0,LEFT,landscape:motion_noise_level2,landscape:duration_flicker_level0,3.9792,240.0
sb,61,bistro_interior,bistro_interior:restir_level1,bistro_interior:motion_noise_level2,RIGHT,bistro_interior:motion_noise_level2,bistro_interior:restir_level1,4.7047,239.96
sb,62,bistro_interior,bistro_interior:restir_level1,bistro_interior:motion_resolution_level1,LEFT,bistro_interior:restir_level1,bistro_interior:motion_resolution_level1,8.1137,239.97
sb,63,attic,attic:judder_level0,attic:judder_level1,LEFT,attic:judder_level0,attic:judder_level1,15.7562,239.97
sb,64,marbles,marbles:noise_colors_level2,marbles:duration_flicker_level2,LEFT,marbles:noise_colors_level2,marbles:duration_flicker_level2,5.2797,239.99
sb,65,pink_room,pink_room:judder_level1,pink_room:stutter_level0,LEFT,pink_room:judder_level1,pink_room:stutter_level0,25.2209,240.0
sb,66,bistro_interior,bistro_interior:restir_level0,bistro_interior:judder_level2,LEFT,bistro_interior:restir_level0,bistro_interior:judder_level2,3.575,240.0
sb,67,marbles,marbles:duration_flicker_level1,marbles:noise_colors_level1,RIGHT,marbles:noise_colors_level1,marbles:duration_flicker_level1,6.4091,239.97
sb,68,pink_room,pink_room:duration_flicker_level2,pink_room:dlss_rr_level2,RIGHT,pink_room:dlss_rr_level2,pink_room:duration_flicker_level2,6.7334,240.0
sb,69,bistro_exterior,bistro_exterior:temporal-resolution-multiplexing_level2,bistro_exterior:motion_resolution_level0,RIGHT,bistro_exterior:motion_resolution_level0,bistro_exterior:temporal-resolution-multiplexing_level2,10.1637,239.97
sb,70,subway,subway:restir_level1,subway:noise_colors_level2,RIGHT,subway:noise_colors_level2,subway:restir_level1,5.0338,239.98
sb,71,bistro_interior,bistro_interior:restir_level2,bistro_interior:motion_resolution_level1,LEFT,bistro_interior:restir_level2,bistro_interior:motion_resolution_level1,7.7542,240.0
sb,72,bistro_exterior,bistro_exterior:restir_level2,bistro_exterior:dlss_rr_level2,LEFT,bistro_exterior:restir_level2,bistro_exterior:dlss_rr_level2,9.1459,240.0
sb,73,landscape,landscape:motion_resolution_level2,landscape:motion_resolution_level1,RIGHT,landscape:motion_resolution_level1,landscape:motion_resolution_level2,8.4334,240.01
sb,74,landscape,landscape:temporal-resolution-multiplexing_level2,landscape:motion_noise_level2,RIGHT,landscape:motion_noise_level2,landscape:temporal-resolution-multiplexing_level2,9.9375,240.0
sb,75,marbles,marbles:temporal-resolution-multiplexing_level2,marbles:restir_level2,LEFT,marbles:temporal-resolution-multiplexing_level2,marbles:restir_level2,20.6089,240.0
sb,76,bistro_interior,bistro_interior:judder_level0,bistro_interior:restir_level0,LEFT,bistro_interior:judder_level0,bistro_interior:restir_level0,6.7417,240.0
sb,77,landscape,landscape:duration_flicker_level0,landscape:judder_level1,RIGHT,landscape:judder_level1,landscape:duration_flicker_level0,5.7417,240.0
sb,78,classroom,classroom:noise_colors_level2,classroom:motion_noise_level2,RIGHT,classroom:motion_noise_level2,classroom:noise_colors_level2,4.45,240.0
sb,79,bistro_exterior,bistro_exterior:stutter_level0,bistro_exterior:motion_noise_level1,LEFT,bistro_exterior:stutter_level0,bistro_exterior:motion_noise_level1,12.2508,239.99
sb,80,marbles,marbles:temporal-resolution-multiplexing_level1,marbles:judder_level0,RIGHT,marbles:judder_level0,marbles:temporal-resolution-multiplexing_level1,22.9488,239.97
sb,81,marbles,marbles:temporal-resolution-multiplexing_level1,marbles:motion_noise_level1,RIGHT,marbles:motion_noise_level1,marbles:temporal-resolution-multiplexing_level1,8.8053,239.97
sb,82,classroom,classroom:judder_level0,classroom:noise_colors_level0,RIGHT,classroom:noise_colors_level0,classroom:judder_level0,15.8186,239.97
sb,83,zeroday,zeroday:duration_flicker_level0,zeroday:restir_level1,LEFT,zeroday:duration_flicker_level0,zeroday:restir_level1,3.5876,240.0
sb,84,bistro_interior,bistro_interior:reference,bistro_interior:motion_noise_level0,LEFT,bistro_interior:reference,bistro_interior:motion_noise_level0,12.6125,240.0
sb,85,attic,attic:judder_level1,attic:noise_colors_level0,RIGHT,attic:noise_colors_level0,attic:judder_level1,12.1475,239.97
sb,86,classroom,classroom:temporal-resolution-multiplexing_level2,classroom:restir_level2,RIGHT,classroom:restir_level2,classroom:temporal-resolution-multiplexing_level2,8.5511,239.97
sb,87,attic,attic:restir_level0,attic:motion_resolution_level1,LEFT,attic:restir_level0,attic:motion_resolution_level1,5.9839,239.98
sb,88,attic,attic:motion_noise_level2,attic:judder_level1,RIGHT,attic:judder_level1,attic:motion_noise_level2,15.5811,239.97
sb,89,pink_room,pink_room:judder_level1,pink_room:reference,RIGHT,pink_room:reference,pink_room:judder_level1,19.0126,240.0
sb,90,marbles,marbles:temporal-resolution-multiplexing_level2,marbles:duration_flicker_level2,RIGHT,marbles:duration_flicker_level2,marbles:temporal-resolution-multiplexing_level2,10.2667,240.0
sb,91,bistro_exterior,bistro_exterior:temporal-resolution-multiplexing_level0,bistro_exterior:motion_noise_level0,LEFT,bistro_exterior:temporal-resolution-multiplexing_level0,bistro_exterior:motion_noise_level0,8.2345,239.97
sb,92,bistro_exterior,bistro_exterior:restir_level2,bistro_exterior:temporal-resolution-multiplexing_level2,LEFT,bistro_exterior:restir_level2,bistro_exterior:temporal-resolution-multiplexing_level2,5.7635,239.96
sb,93,attic,attic:motion_resolution_level0,attic:judder_level1,RIGHT,attic:judder_level1,attic:motion_resolution_level0,14.8228,239.97
sb,94,bistro_interior,bistro_interior:temporal-resolution-multiplexing_level2,bistro_interior:restir_level0,RIGHT,bistro_interior:restir_level0,bistro_interior:temporal-resolution-multiplexing_level2,5.134,239.97
sb,95,bistro_interior,bistro_interior:temporal-resolution-multiplexing_level0,bistro_interior:motion_noise_level0,LEFT,bistro_interior:temporal-resolution-multiplexing_level0,bistro_interior:motion_noise_level0,23.3657,239.97
sb,96,landscape,landscape:motion_noise_level1,landscape:motion_noise_level0,RIGHT,landscape:motion_noise_level0,landscape:motion_noise_level1,5.8,240.0
sb,97,landscape,landscape:motion_noise_level0,landscape:noise_colors_level1,LEFT,landscape:motion_noise_level0,landscape:noise_colors_level1,16.798,239.97
sb,98,bistro_exterior,bistro_exterior:restir_level2,bistro_exterior:noise_colors_level2,LEFT,bistro_exterior:restir_level2,bistro_exterior:noise_colors_level2,4.8049,239.96
sb,99,attic,attic:temporal-resolution-multiplexing_level2,attic:restir_level2,RIGHT,attic:restir_level2,attic:temporal-resolution-multiplexing_level2,3.5296,239.97
sb,100,landscape,landscape:motion_resolution_level1,landscape:dlss_rr_level2,LEFT,landscape:motion_resolution_level1,landscape:dlss_rr_level2,5.7125,240.0
sb,101,landscape,landscape:judder_level1,landscape:temporal-resolution-multiplexing_level1,RIGHT,landscape:temporal-resolution-multiplexing_level1,landscape:judder_level1,9.1084,240.0
sb,102,pink_room,pink_room:restir_level2,pink_room:duration_flicker_level2,LEFT,pink_room:restir_level2,pink_room:duration_flicker_level2,4.375,240.0
sb,103,attic,attic:motion_noise_level1,attic:judder_level0,LEFT,attic:motion_noise_level1,attic:judder_level0,10.6973,239.97
sb,104,subway,subway:duration_flicker_level0,subway:temporal-resolution-multiplexing_level1,LEFT,subway:duration_flicker_level0,subway:temporal-resolution-multiplexing_level1,9.3209,240.0
sb,105,bistro_exterior,bistro_exterior:duration_flicker_level1,bistro_exterior:restir_level1,RIGHT,bistro_exterior:restir_level1,bistro_exterior:duration_flicker_level1,4.9334,240.0
sb,106,zeroday,zeroday:judder_level1,zeroday:judder_level2,LEFT,zeroday:judder_level1,zeroday:judder_level2,14.7835,240.0
sb,107,subway,subway:judder_level2,subway:judder_level0,RIGHT,subway:judder_level0,subway:judder_level2,16.2437,239.97
sb,108,attic,attic:motion_noise_level0,attic:duration_flicker_level0,LEFT,attic:motion_noise_level0,attic:duration_flicker_level0,4.2132,239.96
sb,109,attic,attic:dlss_rr_level2,attic:temporal-resolution-multiplexing_level1,LEFT,attic:dlss_rr_level2,attic:temporal-resolution-multiplexing_level1,7.4843,239.97
sb,110,pink_room,pink_room:noise_colors_level2,pink_room:dlss_rr_level2,LEFT,pink_room:noise_colors_level2,pink_room:dlss_rr_level2,9.4251,240.0
sb,111,marbles,marbles:motion_resolution_level1,marbles:restir_level2,RIGHT,marbles:restir_level2,marbles:motion_resolution_level1,6.5709,240.0
sb,112,classroom,classroom:judder_level1,classroom:temporal-resolution-multiplexing_level0,LEFT,classroom:judder_level1,classroom:temporal-resolution-multiplexing_level0,17.3543,240.0
sb,113,bistro_interior,bistro_interior:temporal-resolution-multiplexing_level0,bistro_interior:duration_flicker_level2,LEFT,bistro_interior:temporal-resolution-multiplexing_level0,bistro_interior:duration_flicker_level2,2.8417,240.0
sb,114,subway,subway:noise_colors_level1,subway:judder_level0,LEFT,subway:noise_colors_level1,subway:judder_level0,19.875,240.0
sb,115,subway,subway:dlss_rr_level0,subway:motion_noise_level0,RIGHT,subway:motion_noise_level0,subway:dlss_rr_level0,3.5209,240.0
sb,116,pink_room,pink_room:stutter_level2,pink_room:dlss_rr_level2,LEFT,pink_room:stutter_level2,pink_room:dlss_rr_level2,9.4003,239.99
sb,117,bistro_interior,bistro_interior:stutter_level0,bistro_interior:stutter_level1,LEFT,bistro_interior:stutter_level0,bistro_interior:stutter_level1,10.1875,240.0
sb,118,bistro_interior,bistro_interior:judder_level2,bistro_interior:stutter_level1,RIGHT,bistro_interior:stutter_level1,bistro_interior:judder_level2,7.9209,240.0
sb,119,pink_room,pink_room:duration_flicker_level0,pink_room:motion_resolution_level0,RIGHT,pink_room:motion_resolution_level0,pink_room:duration_flicker_level0,14.4717,239.99
sb,120,zeroday,zeroday:dlss_rr_level1,zeroday:stutter_level2,RIGHT,zeroday:stutter_level2,zeroday:dlss_rr_level1,5.2667,240.0
sb,121,pink_room,pink_room:restir_level0,pink_room:motion_noise_level2,LEFT,pink_room:restir_level0,pink_room:motion_noise_level2,6.3506,239.98
sb,122,bistro_interior,bistro_interior:motion_noise_level2,bistro_interior:noise_colors_level2,LEFT,bistro_interior:motion_noise_level2,bistro_interior:noise_colors_level2,9.3972,239.97
sb,123,subway,subway:noise_colors_level2,subway:duration_flicker_level2,RIGHT,subway:duration_flicker_level2,subway:noise_colors_level2,6.446,239.99
sb,124,classroom,classroom:duration_flicker_level1,classroom:stutter_level2,RIGHT,classroom:stutter_level2,classroom:duration_flicker_level1,5.5542,240.0
sb,125,pink_room,pink_room:temporal-resolution-multiplexing_level1,pink_room:noise_colors_level0,RIGHT,pink_room:noise_colors_level0,pink_room:temporal-resolution-multiplexing_level1,15.2382,239.99
sb,126,bistro_interior,bistro_interior:temporal-resolution-multiplexing_level1,bistro_interior:duration_flicker_level0,LEFT,bistro_interior:temporal-resolution-multiplexing_level1,bistro_interior:duration_flicker_level0,19.8214,239.99
sb,127,subway,subway:duration_flicker_level1,subway:motion_resolution_level0,RIGHT,subway:motion_resolution_level0,subway:duration_flicker_level1,9.0084,240.0
sb,128,marbles,marbles:motion_resolution_level0,marbles:motion_noise_level2,LEFT,marbles:motion_resolution_level0,marbles:motion_noise_level2,10.5209,240.0
sb,129,attic,attic:temporal-resolution-multiplexing_level2,attic:motion_resolution_level2,RIGHT,attic:motion_resolution_level2,attic:temporal-resolution-multiplexing_level2,6.9125,240.01
sb,130,attic,attic:dlss_rr_level2,attic:noise_colors_level2,LEFT,attic:dlss_rr_level2,attic:noise_colors_level2,18.9356,239.97
sb,131,classroom,classroom:motion_noise_level1,classroom:stutter_level2,RIGHT,classroom:stutter_level2,classroom:motion_noise_level1,7.8512,239.96
sb,132,zeroday,zeroday:motion_noise_level1,zeroday:noise_colors_level2,LEFT,zeroday:motion_noise_level1,zeroday:noise_colors_level2,8.3167,240.0
sb,133,zeroday,zeroday:dlss_rr_level0,zeroday:stutter_level2,RIGHT,zeroday:stutter_level2,zeroday:dlss_rr_level0,14.1461,240.0
sb,134,subway,subway:motion_resolution_level0,subway:motion_noise_level0,LEFT,subway:motion_resolution_level0,subway:motion_noise_level0,6.2834,240.0
sb,135,landscape,landscape:duration_flicker_level1,landscape:motion_noise_level2,RIGHT,landscape:motion_noise_level2,landscape:duration_flicker_level1,7.0334,240.0
sb,136,pink_room,pink_room:motion_resolution_level0,pink_room:dlss_rr_level2,LEFT,pink_room:motion_resolution_level0,pink_room:dlss_rr_level2,6.1917,240.0
sb,137,zeroday,zeroday:motion_noise_level0,zeroday:noise_colors_level0,LEFT,zeroday:motion_noise_level0,zeroday:noise_colors_level0,17.3645,239.97
sb,138,bistro_interior,bistro_interior:motion_noise_level1,bistro_interior:judder_level2,LEFT,bistro_interior:motion_noise_level1,bistro_interior:judder_level2,4.5174,239.96
sb,139,classroom,classroom:motion_resolution_level1,classroom:motion_resolution_level2,LEFT,classroom:motion_resolution_level1,classroom:motion_resolution_level2,4.6047,239.97
sb,140,subway,subway:motion_resolution_level2,subway:noise_colors_level2,RIGHT,subway:noise_colors_level2,subway:motion_resolution_level2,7.6667,240.0
sb,141,zeroday,zeroday:reference,zeroday:stutter_level0,LEFT,zeroday:reference,zeroday:stutter_level0,22.6125,240.0
sb,142,pink_room,pink_room:temporal-resolution-multiplexing_level2,pink_room:duration_flicker_level1,RIGHT,pink_room:duration_flicker_level1,pink_room:temporal-resolution-multiplexing_level2,10.7834,240.0
sb,143,bistro_interior,bistro_interior:motion_noise_level0,bistro_interior:noise_colors_level0,LEFT,bistro_interior:motion_noise_level0,bistro_interior:noise_colors_level0,13.2084,240.0
sb,144,landscape,landscape:stutter_level2,landscape:dlss_rr_level2,LEFT,landscape:stutter_level2,landscape:dlss_rr_level2,8.5467,239.98
sb,145,subway,subway:reference,subway:temporal-resolution-multiplexing_level0,LEFT,subway:reference,subway:temporal-resolution-multiplexing_level0,6.6334,240.0
sb,146,marbles,marbles:judder_level1,marbles:noise_colors_level1,LEFT,marbles:judder_level1,marbles:noise_colors_level1,501.738,239.97
sb,147,bistro_exterior,bistro_exterior:temporal-resolution-multiplexing_level0,bistro_exterior:motion_noise_level1,LEFT,bistro_exterior:temporal-resolution-multiplexing_level0,bistro_exterior:motion_noise_level1,6.975,240.0
sb,148,landscape,landscape:motion_noise_level0,landscape:motion_resolution_level0,LEFT,landscape:motion_noise_level0,landscape:motion_resolution_level0,7.6625,240.0
sb,149,classroom,classroom:duration_flicker_level2,classroom:duration_flicker_level0,RIGHT,classroom:duration_flicker_level0,classroom:duration_flicker_level2,7.2834,240.0
sb,150,subway,subway:motion_noise_level2,subway:dlss_rr_level2,LEFT,subway:motion_noise_level2,subway:dlss_rr_level2,18.5481,239.97
sb,151,classroom,classroom:restir_level1,classroom:noise_colors_level2,LEFT,classroom:restir_level1,classroom:noise_colors_level2,4.2254,239.98
sb,152,pink_room,pink_room:motion_noise_level0,pink_room:judder_level0,LEFT,pink_room:motion_noise_level0,pink_room:judder_level0,12.5966,239.99
sb,153,zeroday,zeroday:temporal-resolution-multiplexing_level1,zeroday:motion_resolution_level0,LEFT,zeroday:temporal-resolution-multiplexing_level1,zeroday:motion_resolution_level0,14.3966,239.99
sb,154,zeroday,zeroday:judder_level2,zeroday:noise_colors_level2,LEFT,zeroday:judder_level2,zeroday:noise_colors_level2,8.525,240.0
sb,155,subway,subway:stutter_level1,subway:noise_colors_level1,LEFT,subway:stutter_level1,subway:noise_colors_level1,17.823,239.97
sb,156,landscape,landscape:motion_noise_level0,landscape:stutter_level1,LEFT,landscape:motion_noise_level0,landscape:stutter_level1,13.7209,240.0
sb,157,bistro_exterior,bistro_exterior:temporal-resolution-multiplexing_level1,bistro_exterior:restir_level2,LEFT,bistro_exterior:temporal-resolution-multiplexing_level1,bistro_exterior:restir_level2,10.1846,239.97
sb,158,bistro_interior,bistro_interior:stutter_level2,bistro_interior:restir_level1,RIGHT,bistro_interior:restir_level1,bistro_interior:stutter_level2,6.7134,239.97
sb,159,zeroday,zeroday:motion_resolution_level1,zeroday:motion_noise_level2,RIGHT,zeroday:motion_noise_level2,zeroday:motion_resolution_level1,8.2542,240.0
sb,160,bistro_exterior,bistro_exterior:judder_level2,bistro_exterior:duration_flicker_level0,RIGHT,bistro_exterior:duration_flicker_level0,bistro_exterior:judder_level2,14.4292,240.0
sb,161,pink_room,pink_room:restir_level2,pink_room:motion_resolution_level1,LEFT,pink_room:restir_level2,pink_room:motion_resolution_level1,6.6,240.0
sb,162,marbles,marbles:judder_level1,marbles:motion_noise_level0,RIGHT,marbles:motion_noise_level0,marbles:judder_level1,24.0114,239.97
sb,163,subway,subway:dlss_rr_level1,subway:noise_colors_level2,LEFT,subway:dlss_rr_level1,subway:noise_colors_level2,6.1585,240.0
sb,164,bistro_interior,bistro_interior:motion_resolution_level2,bistro_interior:motion_resolution_level0,RIGHT,bistro_interior:motion_resolution_level0,bistro_interior:motion_resolution_level2,5.2125,240.0
sb,165,bistro_exterior,bistro_exterior:restir_level0,bistro_exterior:temporal-resolution-multiplexing_level0,LEFT,bistro_exterior:restir_level0,bistro_exterior:temporal-resolution-multiplexing_level0,13.3054,239.98
sb,166,pink_room,pink_room:dlss_rr_level2,pink_room:duration_flicker_level1,LEFT,pink_room:dlss_rr_level2,pink_room:duration_flicker_level1,14.8425,239.99
sb,167,marbles,marbles:motion_resolution_level2,marbles:temporal-resolution-multiplexing_level2,RIGHT,marbles:temporal-resolution-multiplexing_level2,marbles:motion_resolution_level2,4.1339,239.98
sb,168,marbles,marbles:dlss_rr_level0,marbles:temporal-resolution-multiplexing_level0,RIGHT,marbles:temporal-resolution-multiplexing_level0,marbles:dlss_rr_level0,9.2335,240.0
sb,169,pink_room,pink_room:motion_resolution_level2,pink_room:motion_resolution_level1,RIGHT,pink_room:motion_resolution_level1,pink_room:motion_resolution_level2,18.3167,240.0
sb,170,subway,subway:noise_colors_level0,subway:motion_noise_level0,LEFT,subway:noise_colors_level0,subway:motion_noise_level0,3.575,240.01
sb,171,bistro_exterior,bistro_exterior:judder_level1,bistro_exterior:temporal-resolution-multiplexing_level1,LEFT,bistro_exterior:judder_level1,bistro_exterior:temporal-resolution-multiplexing_level1,12.1387,239.98
sb,172,pink_room,pink_room:motion_noise_level1,pink_room:dlss_rr_level0,LEFT,pink_room:motion_noise_level1,pink_room:dlss_rr_level0,9.1084,240.01
sb,173,attic,attic:judder_level0,attic:noise_colors_level1,LEFT,attic:judder_level0,attic:noise_colors_level1,13.6519,239.97
sb,174,classroom,classroom:stutter_level1,classroom:motion_resolution_level0,LEFT,classroom:stutter_level1,classroom:motion_resolution_level0,11.1681,239.97
sb,175,classroom,classroom:dlss_rr_level2,classroom:temporal-resolution-multiplexing_level1,RIGHT,classroom:temporal-resolution-multiplexing_level1,classroom:dlss_rr_level2,3.8507,239.96
sb,176,landscape,landscape:dlss_rr_level0,landscape:duration_flicker_level2,LEFT,landscape:dlss_rr_level0,landscape:duration_flicker_level2,5.6625,240.0
sb,177,subway,subway:stutter_level2,subway:motion_noise_level0,LEFT,subway:stutter_level2,subway:motion_noise_level0,9.5709,240.0
sb,178,classroom,classroom:noise_colors_level1,classroom:motion_noise_level0,RIGHT,classroom:motion_noise_level0,classroom:noise_colors_level1,5.6792,240.0
sb,179,bistro_interior,bistro_interior:temporal-resolution-multiplexing_level0,bistro_interior:noise_colors_level1,LEFT,bistro_interior:temporal-resolution-multiplexing_level0,bistro_interior:noise_colors_level1,18.2726,239.98
sb,180,zeroday,zeroday:noise_colors_level0,zeroday:reference,RIGHT,zeroday:reference,zeroday:noise_colors_level0,13.5709,240.0
sb,181,attic,attic:noise_colors_level0,attic:reference,LEFT,attic:noise_colors_level0,attic:reference,18.2834,240.0
sb,182,attic,attic:judder_level1,attic:duration_flicker_level1,LEFT,attic:judder_level1,attic:duration_flicker_level1,7.65,240.0
sb,183,bistro_exterior,bistro_exterior:motion_noise_level2,bistro_exterior:judder_level1,RIGHT,bistro_exterior:judder_level1,bistro_exterior:motion_noise_level2,18.9649,239.97
sb,184,bistro_interior,bistro_interior:restir_level1,bistro_interior:restir_level0,RIGHT,bistro_interior:restir_level0,bistro_interior:restir_level1,6.6839,239.98
sb,185,bistro_exterior,bistro_exterior:restir_level2,bistro_exterior:stutter_level2,LEFT,bistro_exterior:restir_level2,bistro_exterior:stutter_level2,10.0179,239.97
sb,186,zeroday,zeroday:judder_level2,zeroday:restir_level0,LEFT,zeroday:judder_level2,zeroday:restir_level0,10.2633,239.98
sb,187,zeroday,zeroday:duration_flicker_level2,zeroday:motion_resolution_level1,RIGHT,zeroday:motion_resolution_level1,zeroday:duration_flicker_level2,7.875,240.0
sb,188,subway,subway:judder_level1,subway:reference,RIGHT,subway:reference,subway:judder_level1,8.5167,240.0
sb,189,bistro_exterior,bistro_exterior:noise_colors_level0,bistro_exterior:reference,LEFT,bistro_exterior:noise_colors_level0,bistro_exterior:reference,19.2984,239.97
sb,190,subway,subway:motion_noise_level0,subway:judder_level0,RIGHT,subway:judder_level0,subway:motion_noise_level0,2.0625,240.0
sb,191,subway,subway:noise_colors_level2,subway:restir_level0,LEFT,subway:noise_colors_level2,subway:restir_level0,12.6334,240.0
sb,192,zeroday,zeroday:noise_colors_level0,zeroday:judder_level0,LEFT,zeroday:noise_colors_level0,zeroday:judder_level0,10.9304,239.98
sb,193,pink_room,pink_room:dlss_rr_level1,pink_room:dlss_rr_level2,LEFT,pink_room:dlss_rr_level1,pink_room:dlss_rr_level2,11.7084,240.0
sb,194,subway,subway:temporal-resolution-multiplexing_level2,subway:restir_level1,LEFT,subway:temporal-resolution-multiplexing_level2,subway:restir_level1,2.5334,240.0
sb,195,marbles,marbles:motion_resolution_level0,marbles:dlss_rr_level1,RIGHT,marbles:dlss_rr_level1,marbles:motion_resolution_level0,4.8209,240.0
sb,196,subway,subway:temporal-resolution-multiplexing_level0,subway:judder_level0,LEFT,subway:temporal-resolution-multiplexing_level0,subway:judder_level0,9.3042,240.0
sb,197,zeroday,zeroday:temporal-resolution-multiplexing_level0,zeroday:duration_flicker_level2,LEFT,zeroday:temporal-resolution-multiplexing_level0,zeroday:duration_flicker_level2,6.15,240.0
sb,198,landscape,landscape:motion_noise_level1,landscape:reference,RIGHT,landscape:reference,landscape:motion_noise_level1,18.7209,240.0
sb,199,classroom,classroom:duration_flicker_level2,classroom:restir_level1,RIGHT,classroom:restir_level1,classroom:duration_flicker_level2,5.034,239.97
sb,200,classroom,classroom:noise_colors_level1,classroom:dlss_rr_level0,RIGHT,classroom:dlss_rr_level0,classroom:noise_colors_level1,7.7177,239.96
sb,201,pink_room,pink_room:judder_level0,pink_room:judder_level1,LEFT,pink_room:judder_level0,pink_room:judder_level1,20.25,240.0
sb,202,attic,attic:dlss_rr_level0,attic:restir_level1,LEFT,attic:dlss_rr_level0,attic:restir_level1,5.1125,240.0
sb,203,pink_room,pink_room:judder_level0,pink_room:temporal-resolution-multiplexing_level0,LEFT,pink_room:judder_level0,pink_room:temporal-resolution-multiplexing_level0,35.2045,240.0
sb,204,bistro_exterior,bistro_exterior:motion_resolution_level2,bistro_exterior:restir_level2,RIGHT,bistro_exterior:restir_level2,bistro_exterior:motion_resolution_level2,7.5591,239.98
sb,205,classroom,classroom:temporal-resolution-multiplexing_level2,classroom:motion_resolution_level1,LEFT,classroom:temporal-resolution-multiplexing_level2,classroom:motion_resolution_level1,11.6512,239.98
sb,206,subway,subway:restir_level2,subway:restir_level1,RIGHT,subway:restir_level1,subway:restir_level2,8.125,240.0
sb,207,pink_room,pink_room:duration_flicker_level0,pink_room:restir_level1,RIGHT,pink_room:restir_level1,pink_room:duration_flicker_level0,3.5792,240.01
sb,208,bistro_interior,bistro_interior:dlss_rr_level2,bistro_interior:restir_level0,RIGHT,bistro_interior:restir_level0,bistro_interior:dlss_rr_level2,6.08,239.97
sb,209,classroom,classroom:dlss_rr_level1,classroom:noise_colors_level1,RIGHT,classroom:noise_colors_level1,classroom:dlss_rr_level1,11.6886,239.98
sb,210,marbles,marbles:duration_flicker_level2,marbles:motion_resolution_level0,RIGHT,marbles:motion_resolution_level0,marbles:duration_flicker_level2,6.4635,239.97
sb,211,classroom,classroom:judder_level0,classroom:temporal-resolution-multiplexing_level0,RIGHT,classroom:temporal-resolution-multiplexing_level0,classroom:judder_level0,15.6136,239.98
sb,212,attic,attic:restir_level0,attic:stutter_level2,RIGHT,attic:stutter_level2,attic:restir_level0,10.1792,240.0
sb,213,bistro_exterior,bistro_exterior:temporal-resolution-multiplexing_level1,bistro_exterior:duration_flicker_level0,RIGHT,bistro_exterior:duration_flicker_level0,bistro_exterior:temporal-resolution-multiplexing_level1,5.9174,239.97
sb,214,landscape,landscape:motion_noise_level0,landscape:temporal-resolution-multiplexing_level1,LEFT,landscape:motion_noise_level0,landscape:temporal-resolution-multiplexing_level1,11.1834,240.0
sb,215,landscape,landscape:judder_level2,landscape:temporal-resolution-multiplexing_level0,RIGHT,landscape:temporal-resolution-multiplexing_level0,landscape:judder_level2,9.1167,240.0
sb,216,marbles,marbles:reference,marbles:dlss_rr_level0,LEFT,marbles:reference,marbles:dlss_rr_level0,11.1001,240.0
sb,217,marbles,marbles:restir_level0,marbles:dlss_rr_level0,LEFT,marbles:restir_level0,marbles:dlss_rr_level0,6.1715,239.98
sb,218,bistro_interior,bistro_interior:restir_level1,bistro_interior:dlss_rr_level1,LEFT,bistro_interior:restir_level1,bistro_interior:dlss_rr_level1,7.075,240.0
sb,219,marbles,marbles:dlss_rr_level2,marbles:noise_colors_level2,RIGHT,marbles:noise_colors_level2,marbles:dlss_rr_level2,15.3146,239.97
sb,220,marbles,marbles:stutter_level2,marbles:dlss_rr_level1,RIGHT,marbles:dlss_rr_level1,marbles:stutter_level2,7.5468,239.97
sb,221,bistro_exterior,bistro_exterior:restir_level1,bistro_exterior:judder_level2,LEFT,bistro_exterior:restir_level1,bistro_exterior:judder_level2,7.9383,239.97
sb,222,bistro_interior,bistro_interior:stutter_level1,bistro_interior:duration_flicker_level1,LEFT,bistro_interior:stutter_level1,bistro_interior:duration_flicker_level1,8.6429,239.96
sb,223,marbles,marbles:judder_level0,marbles:dlss_rr_level0,LEFT,marbles:judder_level0,marbles:dlss_rr_level0,8.5471,239.97
sb,224,bistro_exterior,bistro_exterior:restir_level2,bistro_exterior:duration_flicker_level2,RIGHT,bistro_exterior:duration_flicker_level2,bistro_exterior:restir_level2,10.9223,239.97
sb,225,bistro_exterior,bistro_exterior:motion_resolution_level1,bistro_exterior:temporal-resolution-multiplexing_level2,LEFT,bistro_exterior:motion_resolution_level1,bistro_exterior:temporal-resolution-multiplexing_level2,9.1013,239.97
sb,226,classroom,classroom:judder_level0,classroom:restir_level0,RIGHT,classroom:restir_level0,classroom:judder_level0,20.8852,239.98
sb,227,bistro_exterior,bistro_exterior:stutter_level0,bistro_exterior:noise_colors_level0,LEFT,bistro_exterior:stutter_level0,bistro_exterior:noise_colors_level0,22.8031,239.97
sb,228,classroom,classroom:motion_noise_level0,classroom:dlss_rr_level2,LEFT,classroom:motion_noise_level0,classroom:dlss_rr_level2,5.4627,240.0
sb,229,landscape,landscape:motion_noise_level0,landscape:noise_colors_level0,RIGHT,landscape:noise_colors_level0,landscape:motion_noise_level0,7.8387,239.96
sb,230,classroom,classroom:duration_flicker_level2,classroom:temporal-resolution-multiplexing_level2,RIGHT,classroom:temporal-resolution-multiplexing_level2,classroom:duration_flicker_level2,5.4543,240.0
sb,231,landscape,landscape:noise_colors_level0,landscape:judder_level0,LEFT,landscape:noise_colors_level0,landscape:judder_level0,10.3125,240.0
sb,232,classroom,classroom:stutter_level0,classroom:noise_colors_level1,LEFT,classroom:stutter_level0,classroom:noise_colors_level1,7.9542,240.0
sb,233,classroom,classroom:duration_flicker_level2,classroom:stutter_level2,RIGHT,classroom:stutter_level2,classroom:duration_flicker_level2,7.7667,240.0
sb,234,marbles,marbles:reference,marbles:noise_colors_level0,RIGHT,marbles:noise_colors_level0,marbles:reference,29.6971,239.99
sb,235,classroom,classroom:reference,classroom:temporal-resolution-multiplexing_level0,RIGHT,classroom:temporal-resolution-multiplexing_level0,classroom:reference,12.7042,240.0
sb,236,classroom,classroom:motion_noise_level2,classroom:noise_colors_level1,RIGHT,classroom:noise_colors_level1,classroom:motion_noise_level2,5.3171,239.98
sb,237,marbles,marbles:motion_resolution_level0,marbles:restir_level1,LEFT,marbles:motion_resolution_level0,marbles:restir_level1,14.0059,239.97
sb,238,landscape,landscape:motion_noise_level2,landscape:duration_flicker_level2,LEFT,landscape:motion_noise_level2,landscape:duration_flicker_level2,5.5924,239.97
sb,239,classroom,classroom:temporal-resolution-multiplexing_level0,classroom:judder_level2,LEFT,classroom:temporal-resolution-multiplexing_level0,classroom:judder_level2,12.0808,239.97
sb,240,marbles,marbles:temporal-resolution-multiplexing_level2,marbles:duration_flicker_level0,RIGHT,marbles:duration_flicker_level0,marbles:temporal-resolution-multiplexing_level2,9.3422,239.99
sb,241,classroom,classroom:stutter_level2,classroom:motion_resolution_level0,RIGHT,classroom:motion_resolution_level0,classroom:stutter_level2,5.9092,239.97
sb,242,marbles,marbles:temporal-resolution-multiplexing_level1,marbles:motion_noise_level0,RIGHT,marbles:motion_noise_level0,marbles:temporal-resolution-multiplexing_level1,3.4042,240.01
sb,243,marbles,marbles:motion_resolution_level0,marbles:stutter_level1,RIGHT,marbles:stutter_level1,marbles:motion_resolution_level0,13.5184,239.97
sb2,1,attic,attic:duration_flicker_level0,attic:judder_level2,LEFT,attic:duration_flicker_level0,attic:judder_level2,30.8292,239.99
sb2,2,classroom,classroom:judder_level0,classroom:stutter_level2,LEFT,classroom:judder_level0,classroom:stutter_level2,6.6217,239.97
sb2,3,pink_room,pink_room:dlss_rr_level1,pink_room:noise_colors_level2,RIGHT,pink_room:noise_colors_level2,pink_room:dlss_rr_level1,9.1626,240.0
sb2,4,bistro_exterior,bistro_exterior:dlss_rr_level2,bistro_exterior:dlss_rr_level1,RIGHT,bistro_exterior:dlss_rr_level1,bistro_exterior:dlss_rr_level2,11.8724,239.97
sb2,5,attic,attic:temporal-resolution-multiplexing_level2,attic:restir_level2,RIGHT,attic:restir_level2,attic:temporal-resolution-multiplexing_level2,12.1516,239.97
sb2,6,zeroday,zeroday:motion_resolution_level2,zeroday:temporal-resolution-multiplexing_level2,RIGHT,zeroday:temporal-resolution-multiplexing_level2,zeroday:motion_resolution_level2,10.7926,239.98
sb2,7,bistro_exterior,bistro_exterior:judder_level1,bistro_exterior:stutter_level0,LEFT,bistro_exterior:judder_level1,bistro_exterior:stutter_level0,10.4639,239.97
sb2,8,subway,subway:duration_flicker_level1,subway:duration_flicker_level2,LEFT,subway:duration_flicker_level1,subway:duration_flicker_level2,28.6952,239.97
sb2,9,classroom,classroom:stutter_level1,classroom:dlss_rr_level0,LEFT,classroom:stutter_level1,classroom:dlss_rr_level0,9.3959,240.0
sb2,10,marbles,marbles:stutter_level0,marbles:motion_noise_level1,LEFT,marbles:stutter_level0,marbles:motion_noise_level1,9.4222,239.97
sb2,11,bistro_exterior,bistro_exterior:motion_noise_level2,bistro_exterior:dlss_rr_level1,RIGHT,bistro_exterior:dlss_rr_level1,bistro_exterior:motion_noise_level2,19.2858,239.97
sb2,12,bistro_exterior,bistro_exterior:noise_colors_level1,bistro_exterior:duration_flicker_level1,LEFT,bistro_exterior:noise_colors_level1,bistro_exterior:duration_flicker_level1,14.2311,239.97
sb2,13,attic,attic:noise_colors_level0,attic:judder_level0,LEFT,attic:noise_colors_level0,attic:judder_level0,15.2895,239.97
sb2,14,bistro_interior,bistro_interior:duration_flicker_level1,bistro_interior:noise_colors_level1,RIGHT,bistro_interior:noise_colors_level1,bistro_interior:duration_flicker_level1,8.2417,240.0
sb2,15,bistro_exterior,bistro_exterior:duration_flicker_level2,bistro_exterior:motion_resolution_level0,RIGHT,bistro_exterior:motion_resolution_level0,bistro_exterior:duration_flicker_level2,24.5532,239.97
sb2,16,attic,attic:noise_colors_level2,attic:restir_level2,RIGHT,attic:restir_level2,attic:noise_colors_level2,13.0142,239.97
sb2,17,classroom,classroom:temporal-resolution-multiplexing_level2,classroom:noise_colors_level2,LEFT,classroom:temporal-resolution-multiplexing_level2,classroom:noise_colors_level2,8.7792,240.0
sb2,18,attic,attic:noise_colors_level1,attic:duration_flicker_level0,LEFT,attic:noise_colors_level1,attic:duration_flicker_level0,8.0334,240.0
sb2,19,zeroday,zeroday:judder_level1,zeroday:stutter_level1,LEFT,zeroday:judder_level1,zeroday:stutter_level1,12.4834,240.0
sb2,20,classroom,classroom:restir_level1,classroom:restir_level2,LEFT,classroom:restir_level1,classroom:restir_level2,5.5383,239.97
sb2,21,landscape,landscape:duration_flicker_level2,landscape:motion_resolution_level0,RIGHT,landscape:motion_resolution_level0,landscape:duration_flicker_level2,5.7334,240.0
sb2,22,attic,attic:duration_flicker_level0,attic:stutter_level2,LEFT,attic:duration_flicker_level0,attic:stutter_level2,14.2844,239.98
sb2,23,marbles,marbles:motion_resolution_level2,marbles:noise_colors_level2,RIGHT,marbles:noise_colors_level2,marbles:motion_resolution_level2,4.3879,239.97
sb2,24,bistro_interior,bistro_interior:noise_colors_level0,bistro_interior:reference,RIGHT,bistro_interior:reference,bistro_interior:noise_colors_level0,18.6143,239.98
sb2,25,bistro_exterior,bistro_exterior:noise_colors_level0,bistro_exterior:motion_noise_level0,LEFT,bistro_exterior:noise_colors_level0,bistro_exterior:motion_noise_level0,6.9592,239.97
sb2,26,bistro_interior,bistro_interior:motion_noise_level2,bistro_interior:judder_level2,LEFT,bistro_interior:motion_noise_level2,bistro_interior:judder_level2,5.4255,239.99
sb2,27,bistro_interior,bistro_interior:stutter_level2,bistro_interior:motion_resolution_level1,LEFT,bistro_interior:stutter_level2,bistro_interior:motion_resolution_level1,4.6042,240.01
sb2,28,landscape,landscape:judder_level2,landscape:judder_level1,RIGHT,landscape:judder_level1,landscape:judder_level2,9.9339,239.99
sb2,29,marbles,marbles:dlss_rr_level2,marbles:duration_flicker_level0,RIGHT,marbles:duration_flicker_level0,marbles:dlss_rr_level2,11.7795,239.99
sb2,30,classroom,classroom:restir_level0,classroom:judder_level2,LEFT,classroom:restir_level0,classroom:judder_level2,10.5792,240.0
sb2,31,marbles,marbles:noise_colors_level1,marbles:restir_level2,LEFT,marbles:noise_colors_level1,marbles:restir_level2,5.525,240.01
sb2,32,zeroday,zeroday:motion_noise_level1,zeroday:motion_noise_level0,LEFT,zeroday:motion_noise_level1,zeroday:motion_noise_level0,10.7292,240.0
sb2,33,pink_room,pink_room:temporal-resolution-multiplexing_level0,pink_room:motion_noise_level1,LEFT,pink_room:temporal-resolution-multiplexing_level0,pink_room:motion_noise_level1,8.7667,240.0
sb2,34,bistro_interior,bistro_interior:motion_resolution_level2,bistro_interior:motion_resolution_level1,RIGHT,bistro_interior:motion_resolution_level1,bistro_interior:motion_resolution_level2,4.7,240.0
sb2,35,attic,attic:temporal-resolution-multiplexing_level0,attic:motion_noise_level0,LEFT,attic:temporal-resolution-multiplexing_level0,attic:motion_noise_level0,16.4603,239.97
sb2,36,bistro_exterior,bistro_exterior:motion_resolution_level2,bistro_exterior:motion_resolution_level1,RIGHT,bistro_exterior:motion_resolution_level1,bistro_exterior:motion_resolution_level2,5.4542,240.0
sb2,37,zeroday,zeroday:judder_level0,zeroday:judder_level2,LEFT,zeroday:judder_level0,zeroday:judder_level2,13.4959,240.0
sb2,38,bistro_exterior,bistro_exterior:stutter_level2,bistro_exterior:dlss_rr_level1,RIGHT,bistro_exterior:dlss_rr_level1,bistro_exterior:stutter_level2,9.4553,239.97
sb2,39,zeroday,zeroday:stutter_level1,zeroday:motion_noise_level1,LEFT,zeroday:stutter_level1,zeroday:motion_noise_level1,9.9625,240.0
sb2,40,pink_room,pink_room:motion_noise_level2,pink_room:restir_level0,RIGHT,pink_room:restir_level0,pink_room:motion_noise_level2,11.4849,239.97
sb2,41,marbles,marbles:noise_colors_level1,marbles:noise_colors_level2,LEFT,marbles:noise_colors_level1,marbles:noise_colors_level2,7.5927,239.97
sb2,42,attic,attic:temporal-resolution-multiplexing_level1,attic:dlss_rr_level1,LEFT,attic:temporal-resolution-multiplexing_level1,attic:dlss_rr_level1,9.0969,239.98
sb2,43,bistro_interior,bistro_interior:noise_colors_level0,bistro_interior:judder_level1,LEFT,bistro_interior:noise_colors_level0,bistro_interior:judder_level1,13.4891,239.97
sb2,44,subway,subway:motion_resolution_level1,subway:stutter_level2,RIGHT,subway:stutter_level2,subway:motion_resolution_level1,8.3843,239.97
sb2,45,attic,attic:stutter_level0,attic:stutter_level2,LEFT,attic:stutter_level0,attic:stutter_level2,14.1342,239.99
sb2,46,subway,subway:restir_level1,subway:restir_level0,RIGHT,subway:restir_level0,subway:restir_level1,6.0334,240.01
sb2,47,classroom,classroom:stutter_level2,classroom:motion_noise_level0,RIGHT,classroom:motion_noise_level0,classroom:stutter_level2,7.6803,239.97
sb2,48,bistro_interior,bistro_interior:temporal-resolution-multiplexing_level1,bistro_interior:stutter_level0,LEFT,bistro_interior:temporal-resolution-multiplexing_level1,bistro_interior:stutter_level0,5.3675,239.97
sb2,49,classroom,classroom:stutter_level0,classroom:restir_level0,LEFT,classroom:stutter_level0,classroom:restir_level0,12.85,240.0
sb2,50,marbles,marbles:judder_level0,marbles:judder_level2,LEFT,marbles:judder_level0,marbles:judder_level2,9.4834,240.0
sb2,51,bistro_exterior,bistro_exterior:temporal-resolution-multiplexing_level2,bistro_exterior:motion_resolution_level1,RIGHT,bistro_exterior:motion_resolution_level1,bistro_exterior:temporal-resolution-multiplexing_level2,21.5317,239.97
sb2,52,subway,subway:restir_level0,subway:restir_level2,LEFT,subway:restir_level0,subway:restir_level2,1.9125,240.01
sb2,53,attic,attic:motion_noise_level2,attic:duration_flicker_level0,LEFT,attic:motion_noise_level2,attic:duration_flicker_level0,7.7677,239.97
sb2,54,subway,subway:duration_flicker_level2,subway:motion_noise_level1,LEFT,subway:duration_flicker_level2,subway:motion_noise_level1,4.5959,240.01
sb2,55,zeroday,zeroday:judder_level0,zeroday:temporal-resolution-multiplexing_level0,LEFT,zeroday:judder_level0,zeroday:temporal-resolution-multiplexing_level0,5.2875,240.0
sb2,56,classroom,classroom:stutter_level1,classroom:duration_flicker_level0,LEFT,classroom:stutter_level1,classroom:duration_flicker_level0,6.0334,240.01
sb2,57,landscape,landscape:restir_level2,landscape:restir_level0,RIGHT,landscape:restir_level0,landscape:restir_level2,7.9007,239.98
sb2,58,zeroday,zeroday:motion_resolution_level1,zeroday:motion_resolution_level0,RIGHT,zeroday:motion_resolution_level0,zeroday:motion_resolution_level1,8.1917,240.0
sb2,59,marbles,marbles:dlss_rr_level2,marbles:restir_level1,RIGHT,marbles:restir_level1,marbles:dlss_rr_level2,11.0834,240.0
sb2,60,classroom,classroom:motion_noise_level1,classroom:duration_flicker_level1,LEFT,classroom:motion_noise_level1,classroom:duration_flicker_level1,6.75,240.0
sb2,61,bistro_exterior,bistro_exterior:dlss_rr_level1,bistro_exterior:duration_flicker_level2,LEFT,bistro_exterior:dlss_rr_level1,bistro_exterior:duration_flicker_level2,10.4715,239.99
sb2,62,zeroday,zeroday:noise_colors_level1,zeroday:judder_level0,RIGHT,zeroday:judder_level0,zeroday:noise_colors_level1,12.9846,239.98
sb2,63,attic,attic:stutter_level2,attic:motion_resolution_level0,RIGHT,attic:motion_resolution_level0,attic:stutter_level2,5.8675,239.97
sb2,64,subway,subway:judder_level2,subway:stutter_level2,LEFT,subway:judder_level2,subway:stutter_level2,14.1875,240.0
sb2,65,landscape,landscape:restir_level2,landscape:stutter_level0,RIGHT,landscape:stutter_level0,landscape:restir_level2,7.0417,240.0
sb2,66,bistro_exterior,bistro_exterior:temporal-resolution-multiplexing_level1,bistro_exterior:motion_noise_level1,RIGHT,bistro_exterior:motion_noise_level1,bistro_exterior:temporal-resolution-multiplexing_level1,7.4334,240.0
sb2,67,zeroday,zeroday:restir_level2,zeroday:duration_flicker_level2,RIGHT,zeroday:duration_flicker_level2,zeroday:restir_level2,8.2834,240.0
sb2,68,marbles,marbles:motion_noise_level0,marbles:noise_colors_level0,RIGHT,marbles:noise_colors_level0,marbles:motion_noise_level0,14.4977,239.97
sb2,69,zeroday,zeroday:stutter_level2,zeroday:duration_flicker_level1,LEFT,zeroday:stutter_level2,zeroday:duration_flicker_level1,3.7167,240.0
sb2,70,pink_room,pink_room:restir_level1,pink_room:motion_noise_level1,RIGHT,pink_room:motion_noise_level1,pink_room:restir_level1,7.6834,240.0
sb2,71,bistro_exterior,bistro_exterior:restir_level2,bistro_exterior:judder_level0,RIGHT,bistro_exterior:judder_level0,bistro_exterior:restir_level2,13.7309,239.97
sb2,72,bistro_exterior,bistro_exterior:motion_noise_level0,bistro_exterior:judder_level1,LEFT,bistro_exterior:motion_noise_level0,bistro_exterior:judder_level1,12.7058,239.97
sb2,73,landscape,landscape:restir_level2,landscape:temporal-resolution-multiplexing_level0,RIGHT,landscape:temporal-resolution-multiplexing_level0,landscape:restir_level2,9.8792,240.0
sb2,74,zeroday,zeroday:duration_flicker_level1,zeroday:motion_resolution_level0,RIGHT,zeroday:motion_resolution_level0,zeroday:duration_flicker_level1,5.6,240.01
sb2,75,zeroday,zeroday:temporal-resolution-multiplexing_level0,zeroday:duration_flicker_level1,LEFT,zeroday:temporal-resolution-multiplexing_level0,zeroday:duration_flicker_level1,5.5959,240.0
sb2,76,subway,subway:noise_colors_level0,subway:stutter_level1,LEFT,subway:noise_colors_level0,subway:stutter_level1,19.2063,239.97
sb2,77,zeroday,zeroday:restir_level2,zeroday:restir_level1,RIGHT,zeroday:restir_level1,zeroday:restir_level2,4.7753,239.99
sb2,78,classroom,classroom:stutter_level1,classroom:noise_colors_level1,LEFT,classroom:stutter_level1,classroom:noise_colors_level1,8.0427,239.97
sb2,79,classroom,classroom:noise_colors_level2,classroom:motion_noise_level1,RIGHT,classroom:motion_noise_level1,classroom:noise_colors_level2,9.5098,239.97
sb2,80,landscape,landscape:judder_level2,landscape:noise_colors_level2,LEFT,landscape:judder_level2,landscape:noise_colors_level2,6.1084,240.0
sb2,81,bistro_exterior,bistro_exterior:restir_level1,bistro_exterior:motion_noise_level0,RIGHT,bistro_exterior:motion_noise_level0,bistro_exterior:restir_level1,7.475,240.0
sb2,82,marbles,marbles:noise_colors_level1,marbles:dlss_rr_level2,LEFT,marbles:noise_colors_level1,marbles:dlss_rr_level2,9.7625,240.0
sb2,83,landscape,landscape:judder_level2,landscape:motion_resolution_level0,LEFT,landscape:judder_level2,landscape:motion_resolution_level0,13.3759,239.99
sb2,84,attic,attic:judder_level0,attic:motion_noise_level0,RIGHT,attic:motion_noise_level0,attic:judder_level0,11.1042,240.0
sb2,85,classroom,classroom:motion_resolution_level0,classroom:noise_colors_level1,LEFT,classroom:motion_resolution_level0,classroom:noise_colors_level1,7.9,240.0
sb2,86,bistro_exterior,bistro_exterior:motion_noise_level1,bistro_exterior:judder_level0,LEFT,bistro_exterior:motion_noise_level1,bistro_exterior:judder_level0,10.1263,239.97
sb2,87,classroom,classroom:judder_level1,classroom:dlss_rr_level1,LEFT,classroom:judder_level1,classroom:dlss_rr_level1,10.8306,239.97
sb2,88,marbles,marbles:stutter_level2,marbles:noise_colors_level2,LEFT,marbles:stutter_level2,marbles:noise_colors_level2,23.1947,239.97
sb2,89,attic,attic:motion_resolution_level2,attic:duration_flicker_level2,RIGHT,attic:duration_flicker_level2,attic:motion_resolution_level2,5.946,240.0
sb2,90,bistro_exterior,bistro_exterior:noise_colors_level0,bistro_exterior:temporal-resolution-multiplexing_level0,RIGHT,bistro_exterior:temporal-resolution-multiplexing_level0,bistro_exterior:noise_colors_level0,14.4042,240.0
sb2,91,attic,attic:duration_flicker_level0,attic:judder_level0,RIGHT,attic:judder_level0,attic:duration_flicker_level0,9.7421,239.99
sb2,92,zeroday,zeroday:restir_level0,zeroday:duration_flicker_level1,LEFT,zeroday:restir_level0,zeroday:duration_flicker_level1,8.0542,240.0
sb2,93,bistro_exterior,bistro_exterior:judder_level2,bistro_exterior:dlss_rr_level1,LEFT,bistro_exterior:judder_level2,bistro_exterior:dlss_rr_level1,8.2292,240.0
sb2,94,subway,subway:motion_noise_level1,subway:motion_resolution_level2,LEFT,subway:motion_noise_level1,subway:motion_resolution_level2,7.7084,240.0
sb2,95,bistro_exterior,bistro_exterior:motion_noise_level1,bistro_exterior:stutter_level1,LEFT,bistro_exterior:motion_noise_level1,bistro_exterior:stutter_level1,9.6375,240.0
sb2,96,attic,attic:duration_flicker_level1,attic:stutter_level0,RIGHT,attic:stutter_level0,attic:duration_flicker_level1,9.4792,240.0
sb2,97,pink_room,pink_room:judder_level1,pink_room:motion_noise_level1,LEFT,pink_room:judder_level1,pink_room:motion_noise_level1,16.4049,239.99
sb2,98,classroom,classroom:temporal-resolution-multiplexing_level0,classroom:dlss_rr_level1,LEFT,classroom:temporal-resolution-multiplexing_level0,classroom:dlss_rr_level1,6.3967,239.96
sb2,99,bistro_exterior,bistro_exterior:duration_flicker_level0,bistro_exterior:judder_level2,RIGHT,bistro_exterior:judder_level2,bistro_exterior:duration_flicker_level0,8.6636,239.98
sb2,100,zeroday,zeroday:temporal-resolution-multiplexing_level0,zeroday:dlss_rr_level1,LEFT,zeroday:temporal-resolution-multiplexing_level0,zeroday:dlss_rr_level1,12.9334,240.0
sb2,101,pink_room,pink_room:noise_colors_level1,pink_room:restir_level0,RIGHT,pink_room:restir_level0,pink_room:noise_colors_level1,6.4417,240.0
sb2,102,classroom,classroom:restir_level2,classroom:motion_noise_level1,RIGHT,classroom:motion_noise_level1,classroom:restir_level2,6.9042,240.0
sb2,103,bistro_interior,bistro_interior:restir_level0,bistro_interior:motion_resolution_level1,LEFT,bistro_interior:restir_level0,bistro_interior:motion_resolution_level1,6.9295,239.99
sb2,104,landscape,landscape:duration_flicker_level0,landscape:noise_colors_level1,RIGHT,landscape:noise_colors_level1,landscape:duration_flicker_level0,4.6418,240.0
sb2,105,landscape,landscape:restir_level0,landscape:reference,LEFT,landscape:restir_level0,landscape:reference,34.7129,240.0
sb2,106,marbles,marbles:temporal-resolution-multiplexing_level0,marbles:stutter_level1,LEFT,marbles:temporal-resolution-multiplexing_level0,marbles:stutter_level1,10.7219,239.98
sb2,107,classroom,classroom:restir_level2,classroom:motion_resolution_level2,LEFT,classroom:restir_level2,classroom:motion_resolution_level2,10.2888,239.97
sb2,108,bistro_exterior,bistro_exterior:dlss_rr_level1,bistro_exterior:noise_colors_level2,LEFT,bistro_exterior:dlss_rr_level1,bistro_exterior:noise_colors_level2,8.2262,239.97
sb2,109,classroom,classroom:stutter_level0,classroom:reference,RIGHT,classroom:reference,classroom:stutter_level0,16.0292,240.0
sb2,110,marbles,marbles:stutter_level0,marbles:judder_level2,LEFT,marbles:stutter_level0,marbles:judder_level2,21.9837,240.0
sb2,111,landscape,landscape:dlss_rr_level1,landscape:motion_resolution_level1,LEFT,landscape:dlss_rr_level1,landscape:motion_resolution_level1,5.3709,240.0
sb2,112,classroom,classroom:stutter_level1,classroom:judder_level2,LEFT,classroom:stutter_level1,classroom:judder_level2,8.9625,240.0
sb2,113,zeroday,zeroday:stutter_level1,zeroday:duration_flicker_level0,LEFT,zeroday:stutter_level1,zeroday:duration_flicker_level0,8.5667,240.0
sb2,114,bistro_interior,bistro_interior:dlss_rr_level2,bistro_interior:motion_noise_level2,RIGHT,bistro_interior:motion_noise_level2,bistro_interior:dlss_rr_level2,7.7049,239.98
sb2,115,subway,subway:temporal-resolution-multiplexing_level2,subway:duration_flicker_level1,RIGHT,subway:duration_flicker_level1,subway:temporal-resolution-multiplexing_level2,6.1125,240.0
sb2,116,classroom,classroom:motion_resolution_level0,classroom:restir_level1,RIGHT,classroom:restir_level1,classroom:motion_resolution_level0,14.5792,240.0
sb2,117,zeroday,zeroday:reference,zeroday:motion_noise_level0,RIGHT,zeroday:motion_noise_level0,zeroday:reference,9.9,240.0
sb2,118,marbles,marbles:temporal-resolution-multiplexing_level2,marbles:motion_resolution_level2,LEFT,marbles:temporal-resolution-multiplexing_level2,marbles:motion_resolution_level2,19.4359,239.97
sb2,119,classroom,classroom:noise_colors_level0,classroom:temporal-resolution-multiplexing_level0,LEFT,classroom:noise_colors_level0,classroom:temporal-resolution-multiplexing_level0,12.01,239.97
sb2,120,classroom,classroom:motion_resolution_level1,classroom:motion_noise_level2,RIGHT,classroom:motion_noise_level2,classroom:motion_resolution_level1,6.4258,239.97
sb2,121,marbles,marbles:motion_resolution_level1,marbles:duration_flicker_level2,RIGHT,marbles:duration_flicker_level2,marbles:motion_resolution_level1,14.1805,239.98
sb2,122,bistro_exterior,bistro_exterior:motion_resolution_level1,bistro_exterior:motion_resolution_level0,RIGHT,bistro_exterior:motion_resolution_level0,bistro_exterior:motion_resolution_level1,12.585,239.97
sb2,123,subway,subway:temporal-resolution-multiplexing_level2,subway:restir_level0,RIGHT,subway:restir_level0,subway:temporal-resolution-multiplexing_level2,14.8959,240.0
sb2,124,landscape,landscape:noise_colors_level0,landscape:restir_level1,LEFT,landscape:noise_colors_level0,landscape:restir_level1,15.475,240.0
sb2,125,landscape,landscape:reference,landscape:motion_noise_level0,RIGHT,landscape:motion_noise_level0,landscape:reference,3.5334,240.01
sb2,126,attic,attic:motion_resolution_level0,attic:temporal-resolution-multiplexing_level1,LEFT,attic:motion_resolution_level0,attic:temporal-resolution-multiplexing_level1,6.45,240.0
sb2,127,classroom,classroom:dlss_rr_level2,classroom:motion_resolution_level0,RIGHT,classroom:motion_resolution_level0,classroom:dlss_rr_level2,7.0667,240.0
sb2,128,pink_room,pink_room:stutter_level0,pink_room:restir_level1,LEFT,pink_room:stutter_level0,pink_room:restir_level1,8.9042,240.0
sb2,129,attic,attic:temporal-resolution-multiplexing_level1,attic:stutter_level1,RIGHT,attic:stutter_level1,attic:temporal-resolution-multiplexing_level1,10.9375,240.0
sb2,130,zeroday,zeroday:noise_colors_level2,zeroday:temporal-resolution-multiplexing_level0,RIGHT,zeroday:temporal-resolution-multiplexing_level0,zeroday:noise_colors_level2,8.5125,240.0
sb2,131,bistro_interior,bistro_interior:duration_flicker_level0,bistro_interior:duration_flicker_level1,LEFT,bistro_interior:duration_flicker_level0,bistro_interior:duration_flicker_level1,23.1865,239.97
sb2,132,zeroday,zeroday:dlss_rr_level0,zeroday:temporal-resolution-multiplexing_level0,RIGHT,zeroday:temporal-resolution-multiplexing_level0,zeroday:dlss_rr_level0,11.8709,240.0
sb2,133,bistro_interior,bistro_interior:temporal-resolution-multiplexing_level1,bistro_interior:duration_flicker_level1,LEFT,bistro_interior:temporal-resolution-multiplexing_level1,bistro_interior:duration_flicker_level1,4.9633,239.96
sb2,134,zeroday,zeroday:motion_noise_level2,zeroday:duration_flicker_level1,LEFT,zeroday:motion_noise_level2,zeroday:duration_flicker_level1,6.5004,239.99
sb2,135,subway,subway:judder_level0,subway:temporal-resolution-multiplexing_level0,RIGHT,subway:temporal-resolution-multiplexing_level0,subway:judder_level0,17.2125,240.0
sb2,136,bistro_interior,bistro_interior:judder_level2,bistro_interior:dlss_rr_level1,LEFT,bistro_interior:judder_level2,bistro_interior:dlss_rr_level1,8.6677,239.97
sb2,137,bistro_exterior,bistro_exterior:dlss_rr_level0,bistro_exterior:motion_noise_level1,LEFT,bistro_exterior:dlss_rr_level0,bistro_exterior:motion_noise_level1,9.6381,239.99
sb2,138,attic,attic:motion_resolution_level2,attic:motion_resolution_level1,RIGHT,attic:motion_resolution_level1,attic:motion_resolution_level2,6.33,239.97
sb2,139,bistro_exterior,bistro_exterior:stutter_level1,bistro_exterior:judder_level1,RIGHT,bistro_exterior:judder_level1,bistro_exterior:stutter_level1,11.3182,239.97
sb2,140,marbles,marbles:judder_level2,marbles:dlss_rr_level0,RIGHT,marbles:dlss_rr_level0,marbles:judder_level2,7.7842,239.98
sb2,141,classroom,classroom:dlss_rr_level1,classroom:motion_resolution_level0,RIGHT,classroom:motion_resolution_level0,classroom:dlss_rr_level1,3.992,239.98
sb2,142,landscape,landscape:duration_flicker_level2,landscape:motion_resolution_level2,LEFT,landscape:duration_flicker_level2,landscape:motion_resolution_level2,6.3584,240.0
sb2,143,zeroday,zeroday:dlss_rr_level2,zeroday:motion_resolution_level1,LEFT,zeroday:dlss_rr_level2,zeroday:motion_resolution_level1,12.9292,240.0
sb2,144,bistro_interior,bistro_interior:duration_flicker_level2,bistro_interior:duration_flicker_level0,RIGHT,bistro_interior:duration_flicker_level0,bistro_interior:duration_flicker_level2,6.5882,239.97
sb2,145,bistro_interior,bistro_interior:noise_colors_level1,bistro_interior:judder_level1,LEFT,bistro_interior:noise_colors_level1,bistro_interior:judder_level1,7.1801,239.98
sb2,146,classroom,classroom:duration_flicker_level2,classroom:noise_colors_level2,RIGHT,classroom:noise_colors_level2,classroom:duration_flicker_level2,4.5503,239.99
sb2,147,subway,subway:reference,subway:judder_level1,LEFT,subway:reference,subway:judder_level1,14.7814,240.0
sb2,148,bistro_interior,bistro_interior:judder_level2,bistro_interior:motion_noise_level1,RIGHT,bistro_interior:motion_noise_level1,bistro_interior:judder_level2,4.859,239.97
sb2,149,classroom,classroom:motion_resolution_level1,classroom:motion_noise_level1,RIGHT,classroom:motion_noise_level1,classroom:motion_resolution_level1,3.8584,240.0
sb2,150,marbles,marbles:restir_level0,marbles:judder_level0,RIGHT,marbles:judder_level0,marbles:restir_level0,7.4135,239.97
sb2,151,pink_room,pink_room:motion_noise_level0,pink_room:restir_level1,LEFT,pink_room:motion_noise_level0,pink_room:restir_level1,9.6417,240.0
sb2,152,classroom,classroom:motion_resolution_level0,classroom:stutter_level2,LEFT,classroom:motion_resolution_level0,classroom:stutter_level2,10.4556,239.97
sb2,153,bistro_exterior,bistro_exterior:reference,bistro_exterior:noise_colors_level0,LEFT,bistro_exterior:reference,bistro_exterior:noise_colors_level0,18.5709,240.0
sb2,154,attic,attic:dlss_rr_level0,attic:temporal-resolution-multiplexing_level1,LEFT,attic:dlss_rr_level0,attic:temporal-resolution-multiplexing_level1,9.9626,240.0
sb2,155,classroom,classroom:temporal-resolution-multiplexing_level2,classroom:temporal-resolution-multiplexing_level1,RIGHT,classroom:temporal-resolution-multiplexing_level1,classroom:temporal-resolution-multiplexing_level2,9.9846,239.97
sb2,156,landscape,landscape:restir_level2,landscape:restir_level1,RIGHT,landscape:restir_level1,landscape:restir_level2,6.8125,240.0
sb2,157,pink_room,pink_room:motion_resolution_level0,pink_room:stutter_level2,LEFT,pink_room:motion_resolution_level0,pink_room:stutter_level2,15.4918,240.0
sb2,158,bistro_interior,bistro_interior:motion_resolution_level2,bistro_interior:motion_resolution_level0,RIGHT,bistro_interior:motion_resolution_level0,bistro_interior:motion_resolution_level2,4.688,239.98
sb2,159,marbles,marbles:stutter_level1,marbles:judder_level0,RIGHT,marbles:judder_level0,marbles:stutter_level1,10.3055,239.97
sb2,160,bistro_interior,bistro_interior:noise_colors_level2,bistro_interior:duration_flicker_level1,RIGHT,bistro_interior:duration_flicker_level1,bistro_interior:noise_colors_level2,4.4591,239.96
sb2,161,subway,subway:duration_flicker_level0,subway:stutter_level0,RIGHT,subway:stutter_level0,subway:duration_flicker_level0,8.0,240.0
sb2,162,bistro_interior,bistro_interior:judder_level2,bistro_interior:temporal-resolution-multiplexing_level2,LEFT,bistro_interior:judder_level2,bistro_interior:temporal-resolution-multiplexing_level2,7.8836,239.99
sb2,163,pink_room,pink_room:restir_level2,pink_room:dlss_rr_level1,LEFT,pink_room:restir_level2,pink_room:dlss_rr_level1,7.1417,240.0
sb2,164,bistro_exterior,bistro_exterior:restir_level0,bistro_exterior:stutter_level1,LEFT,bistro_exterior:restir_level0,bistro_exterior:stutter_level1,13.4099,239.97
sb2,165,landscape,landscape:motion_noise_level1,landscape:restir_level2,LEFT,landscape:motion_noise_level1,landscape:restir_level2,10.7765,239.97
sb2,166,landscape,landscape:stutter_level2,landscape:duration_flicker_level2,LEFT,landscape:stutter_level2,landscape:duration_flicker_level2,13.0793,240.0
sb2,167,pink_room,pink_room:duration_flicker_level0,pink_room:temporal-resolution-multiplexing_level1,LEFT,pink_room:duration_flicker_level0,pink_room:temporal-resolution-multiplexing_level1,5.0292,240.0
sb2,168,zeroday,zeroday:restir_level2,zeroday:temporal-resolution-multiplexing_level2,LEFT,zeroday:restir_level2,zeroday:temporal-resolution-multiplexing_level2,8.0426,239.97
sb2,169,bistro_interior,bistro_interior:restir_level1,bistro_interior:judder_level2,RIGHT,bistro_interior:judder_level2,bistro_interior:restir_level1,8.2593,239.97
sb2,170,bistro_exterior,bistro_exterior:duration_flicker_level1,bistro_exterior:judder_level1,RIGHT,bistro_exterior:judder_level1,bistro_exterior:duration_flicker_level1,9.7305,239.97
sb2,171,marbles,marbles:judder_level0,marbles:motion_noise_level0,LEFT,marbles:judder_level0,marbles:motion_noise_level0,15.7812,239.97
sb2,172,attic,attic:restir_level2,attic:motion_resolution_level1,LEFT,attic:restir_level2,attic:motion_resolution_level1,11.0847,239.97
sb2,173,subway,subway:judder_level0,subway:reference,LEFT,subway:judder_level0,subway:reference,9.7292,240.0
sb2,174,bistro_exterior,bistro_exterior:dlss_rr_level1,bistro_exterior:restir_level2,LEFT,bistro_exterior:dlss_rr_level1,bistro_exterior:restir_level2,12.493,239.97
sb2,175,zeroday,zeroday:noise_colors_level0,zeroday:judder_level2,LEFT,zeroday:noise_colors_level0,zeroday:judder_level2,13.4417,240.0
sb2,176,pink_room,pink_room:stutter_level2,pink_room:restir_level2,LEFT,pink_room:stutter_level2,pink_room:restir_level2,9.0,240.0
sb2,177,bistro_interior,bistro_interior:noise_colors_level0,bistro_interior:temporal-resolution-multiplexing_level0,LEFT,bistro_interior:noise_colors_level0,bistro_interior:temporal-resolution-multiplexing_level0,7.1677,239.97
sb2,178,attic,attic:stutter_level2,attic:judder_level1,LEFT,attic:stutter_level2,attic:judder_level1,18.7817,239.97
sb2,179,subway,subway:stutter_level0,subway:temporal-resolution-multiplexing_level0,LEFT,subway:stutter_level0,subway:temporal-resolution-multiplexing_level0,15.6,240.0
sb2,180,subway,subway:temporal-resolution-multiplexing_level1,subway:restir_level0,LEFT,subway:temporal-resolution-multiplexing_level1,subway:restir_level0,6.3917,240.0
sb2,181,pink_room,pink_room:motion_resolution_level2,pink_room:temporal-resolution-multiplexing_level2,LEFT,pink_room:motion_resolution_level2,pink_room:temporal-resolution-multiplexing_level2,10.2424,239.98
sb2,182,marbles,marbles:duration_flicker_level2,marbles:noise_colors_level2,LEFT,marbles:duration_flicker_level2,marbles:noise_colors_level2,21.7084,240.0
sb2,183,landscape,landscape:temporal-resolution-multiplexing_level1,landscape:motion_resolution_level0,LEFT,landscape:temporal-resolution-multiplexing_level1,landscape:motion_resolution_level0,11.1875,240.0
sb2,184,subway,subway:motion_noise_level0,subway:duration_flicker_level2,LEFT,subway:motion_noise_level0,subway:duration_flicker_level2,8.9842,239.98
sb2,185,marbles,marbles:duration_flicker_level1,marbles:dlss_rr_level2,LEFT,marbles:duration_flicker_level1,marbles:dlss_rr_level2,9.522,239.97
sb2,186,landscape,landscape:dlss_rr_level2,landscape:motion_resolution_level2,LEFT,landscape:dlss_rr_level2,landscape:motion_resolution_level2,5.3132,239.97
sb2,187,bistro_interior,bistro_interior:dlss_rr_level2,bistro_interior:motion_resolution_level0,RIGHT,bistro_interior:motion_resolution_level0,bistro_interior:dlss_rr_level2,6.6334,240.01
sb2,188,bistro_interior,bistro_interior:motion_noise_level0,bistro_interior:noise_colors_level1,LEFT,bistro_interior:motion_noise_level0,bistro_interior:noise_colors_level1,10.4633,239.98
sb2,189,marbles,marbles:motion_noise_level0,marbles:reference,LEFT,marbles:motion_noise_level0,marbles:reference,16.4519,239.97
sb2,190,landscape,landscape:duration_flicker_level1,landscape:stutter_level2,RIGHT,landscape:stutter_level2,landscape:duration_flicker_level1,5.0459,240.0
sb2,191,subway,subway:dlss_rr_level0,subway:noise_colors_level1,RIGHT,subway:noise_colors_level1,subway:dlss_rr_level0,4.4125,240.01
sb2,192,bistro_interior,bistro_interior:noise_colors_level1,bistro_interior:temporal-resolution-multiplexing_level2,RIGHT,bistro_interior:temporal-resolution-multiplexing_level2,bistro_interior:noise_colors_level1,11.3167,240.0
sb2,193,pink_room,pink_room:reference,pink_room:motion_noise_level1,LEFT,pink_room:reference,pink_room:motion_noise_level1,14.5417,240.0
sb2,194,subway,subway:stutter_level2,subway:motion_noise_level1,LEFT,subway:stutter_level2,subway:motion_noise_level1,9.7427,239.98
sb2,195,bistro_interior,bistro_interior:judder_level0,bistro_interior:judder_level2,LEFT,bistro_interior:judder_level0,bistro_interior:judder_level2,13.1057,239.97
sb2,196,zeroday,zeroday:motion_noise_level0,zeroday:stutter_level0,LEFT,zeroday:motion_noise_level0,zeroday:stutter_level0,12.0,240.0
sb2,197,pink_room,pink_room:stutter_level1,pink_room:stutter_level0,LEFT,pink_room:stutter_level1,pink_room:stutter_level0,9.8417,240.0
sb2,198,marbles,marbles:motion_resolution_level0,marbles:noise_colors_level2,LEFT,marbles:motion_resolution_level0,marbles:noise_colors_level2,7.1961,239.98
sb2,199,landscape,landscape:restir_level1,landscape:motion_noise_level2,RIGHT,landscape:motion_noise_level2,landscape:restir_level1,9.6846,239.97
sb2,200,landscape,landscape:temporal-resolution-multiplexing_level0,landscape:dlss_rr_level0,LEFT,landscape:temporal-resolution-multiplexing_level0,landscape:dlss_rr_level0,6.8917,240.0
sb2,201,attic,attic:motion_noise_level1,attic:motion_noise_level2,LEFT,attic:motion_noise_level1,attic:motion_noise_level2,11.0338,239.99
sb2,202,subway,subway:duration_flicker_level2,subway:dlss_rr_level0,RIGHT,subway:dlss_rr_level0,subway:duration_flicker_level2,8.0292,240.0
sb2,203,subway,subway:motion_noise_level2,subway:duration_flicker_level1,RIGHT,subway:duration_flicker_level1,subway:motion_noise_level2,9.3046,239.99
sb2,204,marbles,marbles:judder_level2,marbles:motion_noise_level2,RIGHT,marbles:motion_noise_level2,marbles:judder_level2,10.9597,239.97
sb2,205,marbles,marbles:judder_level0,marbles:judder_level1,RIGHT,marbles:judder_level1,marbles:judder_level0,12.8893,239.97
sb2,206,bistro_interior,bistro_interior:dlss_rr_level0,bistro_interior:duration_flicker_level1,RIGHT,bistro_interior:duration_flicker_level1,bistro_interior:dlss_rr_level0,7.15,240.0
sb2,207,attic,attic:duration_flicker_level2,attic:restir_level1,RIGHT,attic:restir_level1,attic:duration_flicker_level2,6.6084,240.0
sb2,208,pink_room,pink_room:restir_level0,pink_room:dlss_rr_level0,LEFT,pink_room:restir_level0,pink_room:dlss_rr_level0,6.4501,240.0
sb2,209,zeroday,zeroday:temporal-resolution-multiplexing_level1,zeroday:duration_flicker_level1,LEFT,zeroday:temporal-resolution-multiplexing_level1,zeroday:duration_flicker_level1,7.0625,240.0
sb2,210,zeroday,zeroday:duration_flicker_level1,zeroday:restir_level1,RIGHT,zeroday:restir_level1,zeroday:duration_flicker_level1,8.9919,239.99
sb2,211,marbles,marbles:dlss_rr_level2,marbles:temporal-resolution-multiplexing_level1,RIGHT,marbles:temporal-resolution-multiplexing_level1,marbles:dlss_rr_level2,7.975,240.0
sb2,212,attic,attic:restir_level0,attic:restir_level1,LEFT,attic:restir_level0,attic:restir_level1,11.0292,240.0
sb2,213,marbles,marbles:dlss_rr_level1,marbles:judder_level2,LEFT,marbles:dlss_rr_level1,marbles:judder_level2,9.2177,239.97
sb2,214,bistro_interior,bistro_interior:motion_resolution_level2,bistro_interior:restir_level2,RIGHT,bistro_interior:restir_level2,bistro_interior:motion_resolution_level2,5.4509,239.97
sb2,215,pink_room,pink_room:dlss_rr_level1,pink_room:temporal-resolution-multiplexing_level2,RIGHT,pink_room:temporal-resolution-multiplexing_level2,pink_room:dlss_rr_level1,7.65,240.0
sb2,216,bistro_interior,bistro_interior:duration_flicker_level0,bistro_interior:stutter_level1,RIGHT,bistro_interior:stutter_level1,bistro_interior:duration_flicker_level0,10.8917,240.0
sb2,217,marbles,marbles:temporal-resolution-multiplexing_level1,marbles:judder_level2,LEFT,marbles:temporal-resolution-multiplexing_level1,marbles:judder_level2,10.5762,239.97
sb2,218,landscape,landscape:restir_level2,landscape:stutter_level1,RIGHT,landscape:stutter_level1,landscape:restir_level2,5.2,240.0
sb2,219,attic,attic:restir_level0,attic:temporal-resolution-multiplexing_level1,LEFT,attic:restir_level0,attic:temporal-resolution-multiplexing_level1,9.4178,239.97
sb2,220,landscape,landscape:stutter_level1,landscape:judder_level0,LEFT,landscape:stutter_level1,landscape:judder_level0,10.4805,239.97
sb2,221,zeroday,zeroday:temporal-resolution-multiplexing_level0,zeroday:duration_flicker_level0,LEFT,zeroday:temporal-resolution-multiplexing_level0,zeroday:duration_flicker_level0,6.4917,240.0
sb2,222,pink_room,pink_room:motion_resolution_level1,pink_room:duration_flicker_level1,RIGHT,pink_room:duration_flicker_level1,pink_room:motion_resolution_level1,16.9848,239.98
sb2,223,landscape,landscape:temporal-resolution-multiplexing_level2,landscape:temporal-resolution-multiplexing_level0,RIGHT,landscape:temporal-resolution-multiplexing_level0,landscape:temporal-resolution-multiplexing_level2,6.925,240.0
sb2,224,attic,attic:reference,attic:judder_level1,LEFT,attic:reference,attic:judder_level1,12.1917,240.0
sb2,225,pink_room,pink_room:motion_noise_level0,pink_room:noise_colors_level0,LEFT,pink_room:motion_noise_level0,pink_room:noise_colors_level0,9.5084,240.0
sb2,226,landscape,landscape:duration_flicker_level1,landscape:motion_resolution_level1,LEFT,landscape:duration_flicker_level1,landscape:motion_resolution_level1,4.8542,240.0
sb2,227,landscape,landscape:judder_level2,landscape:duration_flicker_level0,LEFT,landscape:judder_level2,landscape:duration_flicker_level0,4.7667,240.01
sb2,228,pink_room,pink_room:motion_noise_level2,pink_room:restir_level1,LEFT,pink_room:motion_noise_level2,pink_room:restir_level1,13.7879,239.99
sb2,229,subway,subway:duration_flicker_level1,subway:dlss_rr_level2,LEFT,subway:duration_flicker_level1,subway:dlss_rr_level2,14.6603,239.97
sb2,230,subway,subway:stutter_level2,subway:motion_resolution_level0,LEFT,subway:stutter_level2,subway:motion_resolution_level0,20.8709,240.0
sb2,231,pink_room,pink_room:noise_colors_level1,pink_room:judder_level0,LEFT,pink_room:noise_colors_level1,pink_room:judder_level0,17.2605,239.97
sb2,232,subway,subway:duration_flicker_level0,subway:motion_resolution_level1,LEFT,subway:duration_flicker_level0,subway:motion_resolution_level1,2.0125,240.0
sb2,233,landscape,landscape:stutter_level1,landscape:motion_resolution_level0,LEFT,landscape:stutter_level1,landscape:motion_resolution_level0,4.6125,240.01
sb2,234,attic,attic:restir_level0,attic:dlss_rr_level2,LEFT,attic:restir_level0,attic:dlss_rr_level2,3.3167,240.0
sb2,235,subway,subway:judder_level0,subway:noise_colors_level0,LEFT,subway:judder_level0,subway:noise_colors_level0,8.1626,240.0
sb2,236,pink_room,pink_room:stutter_level2,pink_room:temporal-resolution-multiplexing_level1,LEFT,pink_room:stutter_level2,pink_room:temporal-resolution-multiplexing_level1,8.9125,240.0
sb2,237,pink_room,pink_room:dlss_rr_level2,pink_room:restir_level2,RIGHT,pink_room:restir_level2,pink_room:dlss_rr_level2,10.0418,240.0
sb2,238,subway,subway:duration_flicker_level2,subway:dlss_rr_level1,RIGHT,subway:dlss_rr_level1,subway:duration_flicker_level2,8.0709,240.0
sb2,239,subway,subway:duration_flicker_level1,subway:noise_colors_level2,LEFT,subway:duration_flicker_level1,subway:noise_colors_level2,2.8167,240.0
sb2,240,pink_room,pink_room:duration_flicker_level2,pink_room:dlss_rr_level1,LEFT,pink_room:duration_flicker_level2,pink_room:dlss_rr_level1,10.3469,239.98
sb2,241,pink_room,pink_room:temporal-resolution-multiplexing_level1,pink_room:noise_colors_level1,LEFT,pink_room:temporal-resolution-multiplexing_level1,pink_room:noise_colors_level1,3.4334,240.0
sb2,242,pink_room,pink_room:motion_resolution_level1,pink_room:restir_level2,RIGHT,pink_room:restir_level2,pink_room:motion_resolution_level1,4.525,240.0
sb2,243,pink_room,pink_room:judder_level0,pink_room:judder_level2,LEFT,pink_room:judder_level0,pink_room:judder_level2,4.9792,240.01
yaru,1,attic,attic:restir_level0,attic:motion_noise_level2,RIGHT,attic:motion_noise_level2,attic:restir_level0,19.051,179.05
yaru,2,bistro_interior,bistro_interior:dlss_rr_level0,bistro_interior:judder_level1,LEFT,bistro_interior:dlss_rr_level0,bistro_interior:judder_level1,8.4303,239.98
yaru,3,landscape,landscape:temporal-resolution-multiplexing_level0,landscape:noise_colors_level0,RIGHT,landscape:noise_colors_level0,landscape:temporal-resolution-multiplexing_level0,7.876,239.97
yaru,4,pink_room,pink_room:stutter_level0,pink_room:temporal-resolution-multiplexing_level0,LEFT,pink_room:stutter_level0,pink_room:temporal-resolution-multiplexing_level0,9.5959,240.01
yaru,5,bistro_exterior,bistro_exterior:noise_colors_level2,bistro_exterior:motion_noise_level2,RIGHT,bistro_exterior:motion_noise_level2,bistro_exterior:noise_colors_level2,3.0546,239.99
yaru,6,classroom,classroom:motion_resolution_level1,classroom:restir_level2,LEFT,classroom:motion_resolution_level1,classroom:restir_level2,5.3466,239.97
yaru,7,classroom,classroom:stutter_level1,classroom:restir_level0,RIGHT,classroom:restir_level0,classroom:stutter_level1,3.6046,239.99
yaru,8,zeroday,zeroday:temporal-resolution-multiplexing_level1,zeroday:duration_flicker_level1,LEFT,zeroday:temporal-resolution-multiplexing_level1,zeroday:duration_flicker_level1,7.5677,239.98
yaru,9,bistro_exterior,bistro_exterior:dlss_rr_level0,bistro_exterior:dlss_rr_level1,LEFT,bistro_exterior:dlss_rr_level0,bistro_exterior:dlss_rr_level1,7.9168,240.01
yaru,10,bistro_interior,bistro_interior:stutter_level1,bistro_interior:duration_flicker_level2,LEFT,bistro_interior:stutter_level1,bistro_interior:duration_flicker_level2,2.125,240.02
yaru,11,landscape,landscape:motion_noise_level0,landscape:judder_level0,RIGHT,landscape:judder_level0,landscape:motion_noise_level0,9.5668,240.01
yaru,12,pink_room,pink_room:stutter_level1,pink_room:restir_level1,RIGHT,pink_room:restir_level1,pink_room:stutter_level1,5.5292,240.01
yaru,13,landscape,landscape:dlss_rr_level2,landscape:temporal-resolution-multiplexing_level2,LEFT,landscape:dlss_rr_level2,landscape:temporal-resolution-multiplexing_level2,5.5542,240.01
yaru,14,bistro_exterior,bistro_exterior:duration_flicker_level0,bistro_exterior:judder_level0,RIGHT,bistro_exterior:judder_level0,bistro_exterior:duration_flicker_level0,5.325,240.01
yaru,15,pink_room,pink_room:noise_colors_level0,pink_room:motion_noise_level2,LEFT,pink_room:noise_colors_level0,pink_room:motion_noise_level2,7.1917,240.01
yaru,16,classroom,classroom:noise_colors_level0,classroom:restir_level0,RIGHT,classroom:restir_level0,classroom:noise_colors_level0,24.7656,239.97
yaru,17,attic,attic:dlss_rr_level0,attic:noise_colors_level0,RIGHT,attic:noise_colors_level0,attic:dlss_rr_level0,8.9836,239.99
yaru,18,classroom,classroom:noise_colors_level2,classroom:motion_resolution_level2,LEFT,classroom:noise_colors_level2,classroom:motion_resolution_level2,8.9053,239.98
yaru,19,marbles,marbles:noise_colors_level1,marbles:temporal-resolution-multiplexing_level2,LEFT,marbles:noise_colors_level1,marbles:temporal-resolution-multiplexing_level2,4.8505,239.99
yaru,20,landscape,landscape:noise_colors_level2,landscape:temporal-resolution-multiplexing_level2,RIGHT,landscape:temporal-resolution-multiplexing_level2,landscape:noise_colors_level2,9.2598,239.97
yaru,21,bistro_exterior,bistro_exterior:judder_level2,bistro_exterior:motion_resolution_level2,LEFT,bistro_exterior:judder_level2,bistro_exterior:motion_resolution_level2,1.85,240.03
yaru,22,attic,attic:duration_flicker_level1,attic:restir_level0,LEFT,attic:duration_flicker_level1,attic:restir_level0,29.9292,240.0
yaru,23,landscape,landscape:noise_colors_level0,landscape:noise_colors_level1,LEFT,landscape:noise_colors_level0,landscape:noise_colors_level1,3.0084,240.01
yaru,24,marbles,marbles:motion_resolution_level2,marbles:duration_flicker_level2,RIGHT,marbles:duration_flicker_level2,marbles:motion_resolution_level2,2.3212,239.6
yaru,25,zeroday,zeroday:duration_flicker_level2,zeroday:temporal-resolution-multiplexing_level2,LEFT,zeroday:duration_flicker_level2,zeroday:temporal-resolution-multiplexing_level2,2.1084,240.02
yaru,26,marbles,marbles:duration_flicker_level2,marbles:restir_level2,RIGHT,marbles:restir_level2,marbles:duration_flicker_level2,6.3427,239.82
yaru,27,bistro_exterior,bistro_exterior:judder_level2,bistro_exterior:noise_colors_level2,LEFT,bistro_exterior:judder_level2,bistro_exterior:noise_colors_level2,2.9337,239.99
yaru,28,bistro_exterior,bistro_exterior:motion_resolution_level1,bistro_exterior:duration_flicker_level0,LEFT,bistro_exterior:motion_resolution_level1,bistro_exterior:duration_flicker_level0,6.9171,239.99
yaru,29,bistro_interior,bistro_interior:judder_level2,bistro_interior:dlss_rr_level0,RIGHT,bistro_interior:dlss_rr_level0,bistro_interior:judder_level2,4.0292,240.01
yaru,30,landscape,landscape:stutter_level0,landscape:restir_level0,RIGHT,landscape:restir_level0,landscape:stutter_level0,2.2252,239.99
yaru,31,subway,subway:temporal-resolution-multiplexing_level1,subway:dlss_rr_level2,RIGHT,subway:dlss_rr_level2,subway:temporal-resolution-multiplexing_level1,2.8292,240.02
yaru,32,bistro_interior,bistro_interior:motion_noise_level2,bistro_interior:stutter_level2,LEFT,bistro_interior:motion_noise_level2,bistro_interior:stutter_level2,2.8417,240.01
yaru,33,zeroday,zeroday:noise_colors_level2,zeroday:stutter_level2,LEFT,zeroday:noise_colors_level2,zeroday:stutter_level2,2.7542,240.01
yaru,34,subway,subway:noise_colors_level2,subway:restir_level1,LEFT,subway:noise_colors_level2,subway:restir_level1,3.788,239.99
yaru,35,classroom,classroom:stutter_level2,classroom:duration_flicker_level1,LEFT,classroom:stutter_level2,classroom:duration_flicker_level1,2.8202,239.75
yaru,36,landscape,landscape:restir_level0,landscape:motion_noise_level1,LEFT,landscape:restir_level0,landscape:motion_noise_level1,6.4177,239.97
yaru,37,zeroday,zeroday:duration_flicker_level1,zeroday:dlss_rr_level2,RIGHT,zeroday:dlss_rr_level2,zeroday:duration_flicker_level1,3.2419,240.0
yaru,38,attic,attic:temporal-resolution-multiplexing_level0,attic:noise_colors_level0,RIGHT,attic:noise_colors_level0,attic:temporal-resolution-multiplexing_level0,3.2462,239.99
yaru,39,classroom,classroom:motion_resolution_level0,classroom:temporal-resolution-multiplexing_level0,RIGHT,classroom:temporal-resolution-multiplexing_level0,classroom:motion_resolution_level0,22.0042,240.0
yaru,40,landscape,landscape:restir_level1,landscape:stutter_level0,RIGHT,landscape:stutter_level0,landscape:restir_level1,5.7216,239.98
yaru,41,bistro_exterior,bistro_exterior:judder_level0,bistro_exterior:dlss_rr_level1,LEFT,bistro_exterior:judder_level0,bistro_exterior:dlss_rr_level1,2.6838,239.98
yaru,42,marbles,marbles:noise_colors_level1,marbles:stutter_level2,RIGHT,marbles:stutter_level2,marbles:noise_colors_level1,5.9293,240.0
yaru,43,pink_room,pink_room:restir_level1,pink_room:stutter_level2,LEFT,pink_room:restir_level1,pink_room:stutter_level2,2.6417,240.02
yaru,44,bistro_exterior,bistro_exterior:restir_level1,bistro_exterior:noise_colors_level0,RIGHT,bistro_exterior:noise_colors_level0,bistro_exterior:restir_level1,12.3294,240.0
yaru,45,pink_room,pink_room:judder_level0,pink_room:motion_resolution_level0,LEFT,pink_room:judder_level0,pink_room:motion_resolution_level0,1.8959,240.03
yaru,46,attic,attic:dlss_rr_level1,attic:dlss_rr_level2,LEFT,attic:dlss_rr_level1,attic:dlss_rr_level2,4.9542,240.01
yaru,47,subway,subway:duration_flicker_level0,subway:noise_colors_level1,RIGHT,subway:noise_colors_level1,subway:duration_flicker_level0,5.1418,240.01
yaru,48,subway,subway:restir_level1,subway:motion_noise_level2,RIGHT,subway:motion_noise_level2,subway:restir_level1,4.2167,240.01
yaru,49,zeroday,zeroday:duration_flicker_level1,zeroday:judder_level2,RIGHT,zeroday:judder_level2,zeroday:duration_flicker_level1,7.8667,240.01
yaru,50,marbles,marbles:motion_noise_level0,marbles:noise_colors_level0,RIGHT,marbles:noise_colors_level0,marbles:motion_noise_level0,6.6468,239.97
yaru,51,subway,subway:dlss_rr_level2,subway:motion_resolution_level2,RIGHT,subway:motion_resolution_level2,subway:dlss_rr_level2,1.8169,240.0
yaru,52,bistro_interior,bistro_interior:noise_colors_level2,bistro_interior:motion_resolution_level1,RIGHT,bistro_interior:motion_resolution_level1,bistro_interior:noise_colors_level2,1.4209,240.02
yaru,53,pink_room,pink_room:motion_noise_level2,pink_room:judder_level0,LEFT,pink_room:motion_noise_level2,pink_room:judder_level0,3.7334,240.01
yaru,54,classroom,classroom:dlss_rr_level2,classroom:motion_noise_level1,RIGHT,classroom:motion_noise_level1,classroom:dlss_rr_level2,3.2338,239.97
yaru,55,landscape,landscape:motion_noise_level0,landscape:restir_level0,LEFT,landscape:motion_noise_level0,landscape:restir_level0,14.2143,239.97
yaru,56,pink_room,pink_room:restir_level1,pink_room:motion_noise_level1,RIGHT,pink_room:motion_noise_level1,pink_room:restir_level1,3.075,240.01
yaru,57,bistro_exterior,bistro_exterior:temporal-resolution-multiplexing_level0,bistro_exterior:motion_noise_level0,RIGHT,bistro_exterior:motion_noise_level0,bistro_exterior:temporal-resolution-multiplexing_level0,2.196,239.99
yaru,58,bistro_exterior,bistro_exterior:noise_colors_level2,bistro_exterior:temporal-resolution-multiplexing_level2,LEFT,bistro_exterior:noise_colors_level2,bistro_exterior:temporal-resolution-multiplexing_level2,2.1585,239.99
yaru,59,subway,subway:temporal-resolution-multiplexing_level2,subway:dlss_rr_level2,RIGHT,subway:dlss_rr_level2,subway:temporal-resolution-multiplexing_level2,2.525,240.02
yaru,60,bistro_interior,bistro_interior:restir_level0,bistro_interior:motion_resolution_level1,LEFT,bistro_interior:restir_level0,bistro_interior:motion_resolution_level1,5.2417,240.01
yaru,61,marbles,marbles:motion_noise_level0,marbles:stutter_level0,LEFT,marbles:motion_noise_level0,marbles:stutter_level0,6.1167,240.01
yaru,62,classroom,classroom:judder_level0,classroom:dlss_rr_level0,LEFT,classroom:judder_level0,classroom:dlss_rr_level0,3.0417,240.01
yaru,63,classroom,classroom:stutter_level0,classroom:motion_resolution_level0,LEFT,classroom:stutter_level0,classroom:motion_resolution_level0,4.0,240.01
yaru,64,landscape,landscape:motion_resolution_level0,landscape:restir_level0,LEFT,landscape:motion_resolution_level0,landscape:restir_level0,5.4375,240.01
yaru,65,attic,attic:noise_colors_level0,attic:noise_colors_level2,LEFT,attic:noise_colors_level0,attic:noise_colors_level2,3.2542,240.01
yaru,66,pink_room,pink_room:noise_colors_level2,pink_room:stutter_level2,RIGHT,pink_room:stutter_level2,pink_room:noise_colors_level2,3.5334,240.02
yaru,67,bistro_exterior,bistro_exterior:judder_level0,bistro_exterior:judder_level1,RIGHT,bistro_exterior:judder_level1,bistro_exterior:judder_level0,13.9384,239.99
yaru,68,marbles,marbles:motion_resolution_level0,marbles:duration_flicker_level2,LEFT,marbles:motion_resolution_level0,marbles:duration_flicker_level2,7.5095,239.85
yaru,69,subway,subway:dlss_rr_level1,subway:judder_level0,RIGHT,subway:judder_level0,subway:dlss_rr_level1,2.8128,239.99
yaru,70,subway,subway:duration_flicker_level1,subway:motion_noise_level0,RIGHT,subway:motion_noise_level0,subway:duration_flicker_level1,2.475,240.02
yaru,71,marbles,marbles:motion_resolution_level0,marbles:duration_flicker_level1,RIGHT,marbles:duration_flicker_level1,marbles:motion_resolution_level0,4.4505,239.77
yaru,72,pink_room,pink_room:noise_colors_level2,pink_room:dlss_rr_level1,RIGHT,pink_room:dlss_rr_level1,pink_room:noise_colors_level2,2.6792,240.02
yaru,73,bistro_exterior,bistro_exterior:dlss_rr_level1,bistro_exterior:stutter_level1,RIGHT,bistro_exterior:stutter_level1,bistro_exterior:dlss_rr_level1,3.3129,239.98
yaru,74,pink_room,pink_room:motion_resolution_level0,pink_room:motion_noise_level0,RIGHT,pink_room:motion_noise_level0,pink_room:motion_resolution_level0,3.9545,239.99
yaru,75,pink_room,pink_room:stutter_level2,pink_room:duration_flicker_level0,RIGHT,pink_room:duration_flicker_level0,pink_room:stutter_level2,6.48,239.98
yaru,76,landscape,landscape:judder_level2,landscape:temporal-resolution-multiplexing_level2,LEFT,landscape:judder_level2,landscape:temporal-resolution-multiplexing_level2,2.288,239.97
yaru,77,pink_room,pink_room:motion_resolution_level2,pink_room:dlss_rr_level0,RIGHT,pink_room:dlss_rr_level0,pink_room:motion_resolution_level2,1.7625,240.02
yaru,78,marbles,marbles:stutter_level0,marbles:temporal-resolution-multiplexing_level0,LEFT,marbles:stutter_level0,marbles:temporal-resolution-multiplexing_level0,4.4963,239.98
yaru,79,pink_room,pink_room:duration_flicker_level1,pink_room:duration_flicker_level2,LEFT,pink_room:duration_flicker_level1,pink_room:duration_flicker_level2,11.4837,240.0
yaru,80,zeroday,zeroday:stutter_level1,zeroday:judder_level1,LEFT,zeroday:stutter_level1,zeroday:judder_level1,3.2625,240.02
yaru,81,bistro_exterior,bistro_exterior:duration_flicker_level2,bistro_exterior:dlss_rr_level1,RIGHT,bistro_exterior:dlss_rr_level1,bistro_exterior:duration_flicker_level2,2.3586,239.98
yaru,82,pink_room,pink_room:motion_resolution_level0,pink_room:motion_noise_level1,RIGHT,pink_room:motion_noise_level1,pink_room:motion_resolution_level0,4.8334,240.01
yaru,83,subway,subway:motion_noise_level1,subway:stutter_level2,LEFT,subway:motion_noise_level1,subway:stutter_level2,6.9709,240.0
yaru,84,attic,attic:stutter_level2,attic:restir_level2,LEFT,attic:stutter_level2,attic:restir_level2,5.8172,239.99
yaru,85,classroom,classroom:restir_level1,classroom:dlss_rr_level1,RIGHT,classroom:dlss_rr_level1,classroom:restir_level1,1.8169,239.99
yaru,86,bistro_exterior,bistro_exterior:restir_level1,bistro_exterior:judder_level0,RIGHT,bistro_exterior:judder_level0,bistro_exterior:restir_level1,5.0542,240.01
yaru,87,bistro_interior,bistro_interior:judder_level1,bistro_interior:duration_flicker_level0,LEFT,bistro_interior:judder_level1,bistro_interior:duration_flicker_level0,6.1045,239.99
yaru,88,zeroday,zeroday:temporal-resolution-multiplexing_level2,zeroday:duration_flicker_level1,RIGHT,zeroday:duration_flicker_level1,zeroday:temporal-resolution-multiplexing_level2,1.5542,240.02
yaru,89,bistro_exterior,bistro_exterior:noise_colors_level2,bistro_exterior:stutter_level2,RIGHT,bistro_exterior:stutter_level2,bistro_exterior:noise_colors_level2,3.8673,239.97
yaru,90,landscape,landscape:motion_resolution_level0,landscape:duration_flicker_level1,LEFT,landscape:motion_resolution_level0,landscape:duration_flicker_level1,2.2875,240.02
yaru,91,classroom,classroom:duration_flicker_level1,classroom:motion_resolution_level2,LEFT,classroom:duration_flicker_level1,classroom:motion_resolution_level2,1.3295,239.99
yaru,92,bistro_exterior,bistro_exterior:motion_resolution_level0,bistro_exterior:dlss_rr_level1,LEFT,bistro_exterior:motion_resolution_level0,bistro_exterior:dlss_rr_level1,9.0508,239.98
yaru,93,bistro_exterior,bistro_exterior:judder_level0,bistro_exterior:noise_colors_level1,RIGHT,bistro_exterior:noise_colors_level1,bistro_exterior:judder_level0,2.2795,239.99
yaru,94,bistro_interior,bistro_interior:noise_colors_level0,bistro_interior:motion_noise_level0,RIGHT,bistro_interior:motion_noise_level0,bistro_interior:noise_colors_level0,4.6589,239.98
yaru,95,marbles,marbles:restir_level0,marbles:motion_noise_level1,LEFT,marbles:restir_level0,marbles:motion_noise_level1,4.2214,239.98
yaru,96,pink_room,pink_room:duration_flicker_level1,pink_room:stutter_level2,RIGHT,pink_room:stutter_level2,pink_room:duration_flicker_level1,9.1095,239.98
yaru,97,attic,attic:stutter_level0,attic:motion_resolution_level0,RIGHT,attic:motion_resolution_level0,attic:stutter_level0,9.063,239.99
yaru,98,zeroday,zeroday:noise_colors_level2,zeroday:duration_flicker_level1,LEFT,zeroday:noise_colors_level2,zeroday:duration_flicker_level1,2.9792,240.01
yaru,99,subway,subway:temporal-resolution-multiplexing_level0,subway:stutter_level1,LEFT,subway:temporal-resolution-multiplexing_level0,subway:stutter_level1,3.1459,240.02
yaru,100,landscape,landscape:duration_flicker_level0,landscape:judder_level2,RIGHT,landscape:judder_level2,landscape:duration_flicker_level0,8.15,240.01
yaru,101,zeroday,zeroday:dlss_rr_level0,zeroday:noise_colors_level2,RIGHT,zeroday:noise_colors_level2,zeroday:dlss_rr_level0,4.5006,239.99
yaru,102,zeroday,zeroday:motion_noise_level2,zeroday:duration_flicker_level1,RIGHT,zeroday:duration_flicker_level1,zeroday:motion_noise_level2,6.251,239.97
yaru,103,subway,subway:duration_flicker_level2,subway:dlss_rr_level2,RIGHT,subway:dlss_rr_level2,subway:duration_flicker_level2,3.7589,239.97
yaru,104,bistro_interior,bistro_interior:stutter_level2,bistro_interior:restir_level1,LEFT,bistro_interior:stutter_level2,bistro_interior:restir_level1,1.9543,240.03
yaru,105,classroom,classroom:judder_level2,classroom:judder_level1,LEFT,classroom:judder_level2,classroom:judder_level1,8.5167,240.01
yaru,106,marbles,marbles:judder_level2,marbles:motion_noise_level1,RIGHT,marbles:motion_noise_level1,marbles:judder_level2,7.1918,240.0
yaru,107,subway,subway:motion_noise_level0,subway:duration_flicker_level0,LEFT,subway:motion_noise_level0,subway:duration_flicker_level0,6.2961,240.0
yaru,108,landscape,landscape:temporal-resolution-multiplexing_level2,landscape:motion_resolution_level0,RIGHT,landscape:motion_resolution_level0,landscape:temporal-resolution-multiplexing_level2,2.7005,239.97
yaru,109,attic,attic:motion_noise_level1,attic:judder_level0,LEFT,attic:motion_noise_level1,attic:judder_level0,8.1,240.01
yaru,110,marbles,marbles:stutter_level1,marbles:restir_level0,LEFT,marbles:stutter_level1,marbles:restir_level0,8.0751,240.01
yaru,111,classroom,classroom:stutter_level2,classroom:restir_level2,LEFT,classroom:stutter_level2,classroom:restir_level2,2.4505,239.97
yaru,112,subway,subway:motion_noise_level0,subway:motion_resolution_level1,RIGHT,subway:motion_resolution_level1,subway:motion_noise_level0,3.0755,239.97
yaru,113,pink_room,pink_room:motion_resolution_level0,pink_room:temporal-resolution-multiplexing_level0,RIGHT,pink_room:temporal-resolution-multiplexing_level0,pink_room:motion_resolution_level0,2.8917,240.02
yaru,114,attic,attic:judder_level2,attic:motion_noise_level2,RIGHT,attic:motion_noise_level2,attic:judder_level2,3.7042,240.01
yaru,115,classroom,classroom:restir_level0,classroom:motion_resolution_level0,LEFT,classroom:restir_level0,classroom:motion_resolution_level0,4.2209,240.01
yaru,116,marbles,marbles:restir_level1,marbles:duration_flicker_level1,RIGHT,marbles:duration_flicker_level1,marbles:restir_level1,2.3462,239.6
yaru,117,marbles,marbles:motion_noise_level1,marbles:dlss_rr_level2,LEFT,marbles:motion_noise_level1,marbles:dlss_rr_level2,5.0209,240.01
yaru,118,pink_room,pink_room:judder_level1,pink_room:motion_noise_level0,RIGHT,pink_room:motion_noise_level0,pink_room:judder_level1,3.4542,240.01
yaru,119,pink_room,pink_room:judder_level2,pink_room:motion_resolution_level0,RIGHT,pink_room:motion_resolution_level0,pink_room:judder_level2,2.4792,240.03
yaru,120,classroom,classroom:judder_level2,classroom:temporal-resolution-multiplexing_level2,LEFT,classroom:judder_level2,classroom:temporal-resolution-multiplexing_level2,4.1042,240.01
yaru,121,classroom,classroom:motion_resolution_level0,classroom:dlss_rr_level0,LEFT,classroom:motion_resolution_level0,classroom:dlss_rr_level0,4.85,240.01
yaru,122,landscape,landscape:duration_flicker_level2,landscape:temporal-resolution-multiplexing_level2,RIGHT,landscape:temporal-resolution-multiplexing_level2,landscape:duration_flicker_level2,2.1834,240.02
yaru,123,landscape,landscape:restir_level2,landscape:motion_noise_level1,RIGHT,landscape:motion_noise_level1,landscape:restir_level2,7.9384,239.98
yaru,124,pink_room,pink_room:stutter_level2,pink_room:noise_colors_level1,LEFT,pink_room:stutter_level2,pink_room:noise_colors_level1,3.0792,240.01
yaru,125,marbles,marbles:motion_noise_level1,marbles:dlss_rr_level1,LEFT,marbles:motion_noise_level1,marbles:dlss_rr_level1,6.2135,239.97
yaru,126,classroom,classroom:judder_level2,classroom:temporal-resolution-multiplexing_level1,RIGHT,classroom:temporal-resolution-multiplexing_level1,classroom:judder_level2,1.992,239.97
yaru,127,bistro_exterior,bistro_exterior:motion_noise_level2,bistro_exterior:motion_resolution_level0,LEFT,bistro_exterior:motion_noise_level2,bistro_exterior:motion_resolution_level0,14.4395,239.97
yaru,128,bistro_exterior,bistro_exterior:restir_level1,bistro_exterior:temporal-resolution-multiplexing_level0,LEFT,bistro_exterior:restir_level1,bistro_exterior:temporal-resolution-multiplexing_level0,15.7563,239.97
yaru,129,classroom,classroom:judder_level2,classroom:dlss_rr_level2,LEFT,classroom:judder_level2,classroom:dlss_rr_level2,2.9755,239.97
yaru,130,bistro_exterior,bistro_exterior:duration_flicker_level1,bistro_exterior:judder_level0,RIGHT,bistro_exterior:judder_level0,bistro_exterior:duration_flicker_level1,2.375,240.02
yaru,131,bistro_exterior,bistro_exterior:temporal-resolution-multiplexing_level0,bistro_exterior:stutter_level0,RIGHT,bistro_exterior:stutter_level0,bistro_exterior:temporal-resolution-multiplexing_level0,4.1756,239.98
yaru,132,subway,subway:stutter_level2,subway:dlss_rr_level2,LEFT,subway:stutter_level2,subway:dlss_rr_level2,3.0255,239.98
yaru,133,zeroday,zeroday:judder_level0,zeroday:noise_colors_level2,LEFT,zeroday:judder_level0,zeroday:noise_colors_level2,4.3335,240.01
yaru,134,landscape,landscape:motion_resolution_level1,landscape:motion_resolution_level0,RIGHT,landscape:motion_resolution_level0,landscape:motion_resolution_level1,5.7841,239.97
yaru,135,classroom,classroom:duration_flicker_level0,classroom:judder_level2,RIGHT,classroom:judder_level2,classroom:duration_flicker_level0,2.1459,239.61
yaru,136,zeroday,zeroday:noise_colors_level0,zeroday:judder_level0,LEFT,zeroday:noise_colors_level0,zeroday:judder_level0,3.9422,239.98
yaru,137,zeroday,zeroday:stutter_level1,zeroday:stutter_level0,RIGHT,zeroday:stutter_level0,zeroday:stutter_level1,5.5339,239.98
yaru,138,pink_room,pink_room:stutter_level2,pink_room:dlss_rr_level2,LEFT,pink_room:stutter_level2,pink_room:dlss_rr_level2,3.8632,239.97
yaru,139,pink_room,pink_room:duration_flicker_level1,pink_room:dlss_rr_level0,RIGHT,pink_room:dlss_rr_level0,pink_room:duration_flicker_level1,3.8169,240.0
yaru,140,classroom,classroom:restir_level1,classroom:motion_resolution_level0,RIGHT,classroom:motion_resolution_level0,classroom:restir_level1,4.1257,239.98
yaru,141,bistro_interior,bistro_interior:dlss_rr_level2,bistro_interior:motion_resolution_level1,LEFT,bistro_interior:dlss_rr_level2,bistro_interior:motion_resolution_level1,3.0921,239.99
yaru,142,pink_room,pink_room:restir_level0,pink_room:motion_resolution_level0,LEFT,pink_room:restir_level0,pink_room:motion_resolution_level0,1.5503,239.98
yaru,143,attic,attic:restir_level0,attic:motion_resolution_level1,LEFT,attic:restir_level0,attic:motion_resolution_level1,5.8167,240.01
yaru,144,classroom,classroom:judder_level2,classroom:stutter_level2,LEFT,classroom:judder_level2,classroom:stutter_level2,2.9709,240.01
yaru,145,landscape,landscape:noise_colors_level0,landscape:temporal-resolution-multiplexing_level1,LEFT,landscape:noise_colors_level0,landscape:temporal-resolution-multiplexing_level1,2.3125,240.02
yaru,146,subway,subway:duration_flicker_level1,subway:temporal-resolution-multiplexing_level1,LEFT,subway:duration_flicker_level1,subway:temporal-resolution-multiplexing_level1,3.0668,240.01
yaru,147,bistro_interior,bistro_interior:temporal-resolution-multiplexing_level2,bistro_interior:dlss_rr_level0,RIGHT,bistro_interior:dlss_rr_level0,bistro_interior:temporal-resolution-multiplexing_level2,4.2756,239.98
yaru,148,marbles,marbles:dlss_rr_level1,marbles:duration_flicker_level1,LEFT,marbles:dlss_rr_level1,marbles:duration_flicker_level1,7.6343,239.85
yaru,149,pink_room,pink_room:motion_resolution_level1,pink_room:dlss_rr_level0,RIGHT,pink_room:dlss_rr_level0,pink_room:motion_resolution_level1,1.2835,240.0
yaru,150,pink_room,pink_room:temporal-resolution-multiplexing_level1,pink_room:stutter_level2,LEFT,pink_room:temporal-resolution-multiplexing_level1,pink_room:stutter_level2,1.7961,240.0
yaru,151,landscape,landscape:noise_colors_level0,landscape:motion_noise_level2,LEFT,landscape:noise_colors_level0,landscape:motion_noise_level2,1.8375,240.02
yaru,152,marbles,marbles:temporal-resolution-multiplexing_level2,marbles:duration_flicker_level2,RIGHT,marbles:duration_flicker_level2,marbles:temporal-resolution-multiplexing_level2,3.475,239.75
yaru,153,marbles,marbles:noise_colors_level2,marbles:motion_resolution_level1,LEFT,marbles:noise_colors_level2,marbles:motion_resolution_level1,2.4169,239.99
yaru,154,pink_room,pink_room:stutter_level2,pink_room:temporal-resolution-multiplexing_level2,LEFT,pink_room:stutter_level2,pink_room:temporal-resolution-multiplexing_level2,4.7042,240.01
yaru,155,bistro_interior,bistro_interior:judder_level1,bistro_interior:temporal-resolution-multiplexing_level1,LEFT,bistro_interior:judder_level1,bistro_interior:temporal-resolution-multiplexing_level1,3.2547,239.97
yaru,156,zeroday,zeroday:temporal-resolution-multiplexing_level1,zeroday:restir_level0,LEFT,zeroday:temporal-resolution-multiplexing_level1,zeroday:restir_level0,5.1423,239.97
yaru,157,landscape,landscape:noise_colors_level0,landscape:motion_noise_level0,RIGHT,landscape:motion_noise_level0,landscape:noise_colors_level0,7.5967,239.97
yaru,158,landscape,landscape:dlss_rr_level1,landscape:temporal-resolution-multiplexing_level2,RIGHT,landscape:temporal-resolution-multiplexing_level2,landscape:dlss_rr_level1,4.5209,240.01
yaru,159,marbles,marbles:stutter_level0,marbles:judder_level0,RIGHT,marbles:judder_level0,marbles:stutter_level0,5.0875,240.01
yaru,160,classroom,classroom:noise_colors_level1,classroom:judder_level2,RIGHT,classroom:judder_level2,classroom:noise_colors_level1,3.1667,240.02
yaru,161,classroom,classroom:stutter_level2,classroom:duration_flicker_level2,LEFT,classroom:stutter_level2,classroom:duration_flicker_level2,1.7702,239.62
yaru,162,landscape,landscape:motion_resolution_level2,landscape:stutter_level2,LEFT,landscape:motion_resolution_level2,landscape:stutter_level2,5.238,239.98
yaru,163,attic,attic:motion_noise_level1,attic:motion_noise_level0,LEFT,attic:motion_noise_level1,attic:motion_noise_level0,3.8,240.02
yaru,164,bistro_interior,bistro_interior:motion_resolution_level0,bistro_interior:dlss_rr_level2,RIGHT,bistro_interior:dlss_rr_level2,bistro_interior:motion_resolution_level0,3.175,240.01
yaru,165,bistro_interior,bistro_interior:noise_colors_level0,bistro_interior:temporal-resolution-multiplexing_level0,RIGHT,bistro_interior:temporal-resolution-multiplexing_level0,bistro_interior:noise_colors_level0,8.1301,239.98
yaru,166,landscape,landscape:noise_colors_level0,landscape:stutter_level1,RIGHT,landscape:stutter_level1,landscape:noise_colors_level0,4.8673,239.97
yaru,167,subway,subway:dlss_rr_level1,subway:motion_noise_level0,LEFT,subway:dlss_rr_level1,subway:motion_noise_level0,11.9305,239.98
yaru,168,marbles,marbles:motion_noise_level1,marbles:dlss_rr_level0,LEFT,marbles:motion_noise_level1,marbles:dlss_rr_level0,4.2339,239.98
yaru,169,marbles,marbles:duration_flicker_level1,marbles:duration_flicker_level0,RIGHT,marbles:duration_flicker_level0,marbles:duration_flicker_level1,3.3713,239.71
yaru,170,landscape,landscape:motion_noise_level1,landscape:judder_level1,LEFT,landscape:motion_noise_level1,landscape:judder_level1,6.9718,239.98
yaru,171,bistro_interior,bistro_interior:dlss_rr_level0,bistro_interior:motion_noise_level2,RIGHT,bistro_interior:motion_noise_level2,bistro_interior:dlss_rr_level0,4.4839,239.98
yaru,172,classroom,classroom:judder_level2,classroom:motion_noise_level2,LEFT,classroom:judder_level2,classroom:motion_noise_level2,2.5709,240.02
yaru,173,bistro_exterior,bistro_exterior:stutter_level2,bistro_exterior:restir_level2,RIGHT,bistro_exterior:restir_level2,bistro_exterior:stutter_level2,1.8919,240.0
yaru,174,classroom,classroom:motion_noise_level0,classroom:dlss_rr_level0,LEFT,classroom:motion_noise_level0,classroom:dlss_rr_level0,3.4459,240.02
yaru,175,subway,subway:restir_level2,subway:restir_level1,RIGHT,subway:restir_level1,subway:restir_level2,2.2459,240.01
yaru,176,bistro_exterior,bistro_exterior:judder_level2,bistro_exterior:dlss_rr_level2,RIGHT,bistro_exterior:dlss_rr_level2,bistro_exterior:judder_level2,4.1127,240.0
yaru,177,landscape,landscape:temporal-resolution-multiplexing_level2,landscape:stutter_level2,LEFT,landscape:temporal-resolution-multiplexing_level2,landscape:stutter_level2,3.1253,239.99
yaru,178,bistro_interior,bistro_interior:motion_resolution_level2,bistro_interior:restir_level0,RIGHT,bistro_interior:restir_level0,bistro_interior:motion_resolution_level2,1.3417,240.05
yaru,179,marbles,marbles:motion_noise_level1,marbles:judder_level0,RIGHT,marbles:judder_level0,marbles:motion_noise_level1,10.7625,240.0
yaru,180,marbles,marbles:temporal-resolution-multiplexing_level1,marbles:restir_level0,RIGHT,marbles:restir_level0,marbles:temporal-resolution-multiplexing_level1,2.2459,240.02
yaru,181,classroom,classroom:judder_level2,classroom:dlss_rr_level1,RIGHT,classroom:dlss_rr_level1,classroom:judder_level2,3.2046,239.98
yaru,182,bistro_exterior,bistro_exterior:restir_level0,bistro_exterior:restir_level1,LEFT,bistro_exterior:restir_level0,bistro_exterior:restir_level1,3.4214,239.98
yaru,183,marbles,marbles:duration_flicker_level2,marbles:motion_resolution_level1,LEFT,marbles:duration_flicker_level2,marbles:motion_resolution_level1,8.5054,239.97
yaru,184,marbles,marbles:motion_noise_level2,marbles:motion_noise_level1,LEFT,marbles:motion_noise_level2,marbles:motion_noise_level1,2.2712,240.0
yaru,185,bistro_exterior,bistro_exterior:motion_resolution_level2,bistro_exterior:temporal-resolution-multiplexing_level1,RIGHT,bistro_exterior:temporal-resolution-multiplexing_level1,bistro_exterior:motion_resolution_level2,3.7834,240.01
yaru,186,bistro_interior,bistro_interior:dlss_rr_level0,bistro_interior:noise_colors_level1,RIGHT,bistro_interior:noise_colors_level1,bistro_interior:dlss_rr_level0,6.6177,239.97
yaru,187,bistro_interior,bistro_interior:motion_resolution_level1,bistro_interior:stutter_level2,RIGHT,bistro_interior:stutter_level2,bistro_interior:motion_resolution_level1,1.7418,240.01
yaru,188,pink_room,pink_room:restir_level2,pink_room:motion_resolution_level0,RIGHT,pink_room:motion_resolution_level0,pink_room:restir_level2,3.6881,239.98
yaru,189,bistro_exterior,bistro_exterior:temporal-resolution-multiplexing_level0,bistro_exterior:motion_noise_level1,RIGHT,bistro_exterior:motion_noise_level1,bistro_exterior:temporal-resolution-multiplexing_level0,1.8753,239.99
yaru,190,landscape,landscape:duration_flicker_level2,landscape:dlss_rr_level0,RIGHT,landscape:dlss_rr_level0,landscape:duration_flicker_level2,1.6127,239.98
yaru,191,attic,attic:judder_level1,attic:noise_colors_level0,RIGHT,attic:noise_colors_level0,attic:judder_level1,6.4375,240.01
yaru,192,zeroday,zeroday:motion_resolution_level1,zeroday:judder_level2,RIGHT,zeroday:judder_level2,zeroday:motion_resolution_level1,2.7462,239.99
yaru,193,zeroday,zeroday:stutter_level1,zeroday:motion_noise_level0,RIGHT,zeroday:motion_noise_level0,zeroday:stutter_level1,10.0638,239.97
yaru,194,bistro_interior,bistro_interior:duration_flicker_level2,bistro_interior:duration_flicker_level1,LEFT,bistro_interior:duration_flicker_level2,bistro_interior:duration_flicker_level1,4.5213,239.99
yaru,195,subway,subway:temporal-resolution-multiplexing_level0,subway:judder_level0,LEFT,subway:temporal-resolution-multiplexing_level0,subway:judder_level0,5.755,239.97
yaru,196,marbles,marbles:judder_level1,marbles:duration_flicker_level1,LEFT,marbles:judder_level1,marbles:duration_flicker_level1,2.7795,239.67
yaru,197,zeroday,zeroday:noise_colors_level1,zeroday:noise_colors_level2,RIGHT,zeroday:noise_colors_level2,zeroday:noise_colors_level1,3.8838,239.99
yaru,198,bistro_interior,bistro_interior:dlss_rr_level0,bistro_interior:dlss_rr_level1,RIGHT,bistro_interior:dlss_rr_level1,bistro_interior:dlss_rr_level0,7.5634,239.98
yaru,199,bistro_interior,bistro_interior:duration_flicker_level1,bistro_interior:dlss_rr_level0,LEFT,bistro_interior:duration_flicker_level1,bistro_interior:dlss_rr_level0,10.0848,239.97
yaru,200,zeroday,zeroday:motion_resolution_level0,zeroday:duration_flicker_level1,RIGHT,zeroday:duration_flicker_level1,zeroday:motion_resolution_level0,3.042,239.98
yaru,201,attic,attic:motion_resolution_level2,attic:restir_level2,RIGHT,attic:restir_level2,attic:motion_resolution_level2,3.6959,240.01
yaru,202,bistro_interior,bistro_interior:restir_level2,bistro_interior:dlss_rr_level2,RIGHT,bistro_interior:dlss_rr_level2,bistro_interior:restir_level2,6.5584,240.01
yaru,203,bistro_interior,bistro_interior:judder_level0,bistro_interior:dlss_rr_level0,RIGHT,bistro_interior:dlss_rr_level0,bistro_interior:judder_level0,5.3084,240.0
yaru,204,subway,subway:restir_level0,subway:restir_level1,LEFT,subway:restir_level0,subway:restir_level1,3.4838,239.98
yaru,205,bistro_interior,bistro_interior:dlss_rr_level0,bistro_interior:motion_noise_level1,RIGHT,bistro_interior:motion_noise_level1,bistro_interior:dlss_rr_level0,2.0501,240.0
yaru,206,attic,attic:judder_level0,attic:motion_noise_level2,RIGHT,attic:motion_noise_level2,attic:judder_level0,4.575,240.01
yaru,207,bistro_interior,bistro_interior:dlss_rr_level0,bistro_interior:stutter_level0,RIGHT,bistro_interior:stutter_level0,bistro_interior:dlss_rr_level0,2.1503,239.99
yaru,208,zeroday,zeroday:judder_level1,zeroday:noise_colors_level0,RIGHT,zeroday:noise_colors_level0,zeroday:judder_level1,9.4917,240.01
yaru,209,zeroday,zeroday:duration_flicker_level0,zeroday:duration_flicker_level1,RIGHT,zeroday:duration_flicker_level1,zeroday:duration_flicker_level0,1.8167,240.03
yaru,210,bistro_interior,bistro_interior:motion_noise_level0,bistro_interior:stutter_level1,LEFT,bistro_interior:motion_noise_level0,bistro_interior:stutter_level1,15.2341,239.99
yaru,211,subway,subway:judder_level1,subway:stutter_level0,RIGHT,subway:stutter_level0,subway:judder_level1,7.6051,239.98
yaru,212,attic,attic:restir_level1,attic:restir_level2,LEFT,attic:restir_level1,attic:restir_level2,3.0042,240.02
yaru,213,subway,subway:noise_colors_level2,subway:stutter_level2,RIGHT,subway:stutter_level2,subway:noise_colors_level2,2.992,239.99
yaru,214,subway,subway:judder_level2,subway:dlss_rr_level2,LEFT,subway:judder_level2,subway:dlss_rr_level2,3.3087,239.99
yaru,215,zeroday,zeroday:dlss_rr_level1,zeroday:duration_flicker_level1,RIGHT,zeroday:duration_flicker_level1,zeroday:dlss_rr_level1,3.9959,240.02
yaru,216,subway,subway:judder_level1,subway:stutter_level1,RIGHT,subway:stutter_level1,subway:judder_level1,7.6512,239.97
yaru,217,subway,subway:motion_noise_level0,subway:dlss_rr_level0,LEFT,subway:motion_noise_level0,subway:dlss_rr_level0,4.5131,239.97
yaru,218,attic,attic:motion_noise_level2,attic:stutter_level1,LEFT,attic:motion_noise_level2,attic:stutter_level1,4.45,240.01
yaru,219,attic,attic:restir_level2,attic:temporal-resolution-multiplexing_level2,LEFT,attic:restir_level2,attic:temporal-resolution-multiplexing_level2,4.6459,240.01
yaru,220,subway,subway:motion_resolution_level0,subway:noise_colors_level1,LEFT,subway:motion_resolution_level0,subway:noise_colors_level1,12.4306,239.97
yaru,221,zeroday,zeroday:restir_level1,zeroday:duration_flicker_level1,RIGHT,zeroday:duration_flicker_level1,zeroday:restir_level1,9.0472,239.97
yaru,222,attic,attic:stutter_level0,attic:judder_level0,RIGHT,attic:judder_level0,attic:stutter_level0,4.1464,239.98
yaru,223,attic,attic:stutter_level0,attic:noise_colors_level1,RIGHT,attic:noise_colors_level1,attic:stutter_level0,2.7334,240.0
yaru,224,subway,subway:duration_flicker_level0,subway:noise_colors_level0,RIGHT,subway:noise_colors_level0,subway:duration_flicker_level0,2.4959,240.01
yaru,225,zeroday,zeroday:noise_colors_level2,zeroday:motion_noise_level1,LEFT,zeroday:noise_colors_level2,zeroday:motion_noise_level1,3.7255,239.98
yaru,226,attic,attic:motion_noise_level2,attic:noise_colors_level2,LEFT,attic:motion_noise_level2,attic:noise_colors_level2,3.7167,240.02
yaru,227,attic,attic:motion_noise_level2,attic:temporal-resolution-multiplexing_level1,RIGHT,attic:temporal-resolution-multiplexing_level1,attic:motion_noise_level2,3.7125,240.01
yaru,228,zeroday,zeroday:judder_level2,zeroday:restir_level2,LEFT,zeroday:judder_level2,zeroday:restir_level2,1.425,240.01
yaru,229,zeroday,zeroday:motion_resolution_level1,zeroday:motion_resolution_level2,LEFT,zeroday:motion_resolution_level1,zeroday:motion_resolution_level2,1.65,240.02
yaru,230,attic,attic:motion_noise_level2,attic:duration_flicker_level0,LEFT,attic:motion_noise_level2,attic:duration_flicker_level0,10.6974,239.88
yaru,231,zeroday,zeroday:temporal-resolution-multiplexing_level0,zeroday:noise_colors_level1,LEFT,zeroday:temporal-resolution-multiplexing_level0,zeroday:noise_colors_level1,5.3716,239.97
yaru,232,attic,attic:dlss_rr_level1,attic:restir_level0,RIGHT,attic:restir_level0,attic:dlss_rr_level1,1.9792,240.02
yaru,233,attic,attic:duration_flicker_level2,attic:restir_level0,RIGHT,attic:restir_level0,attic:duration_flicker_level2,1.7667,240.04
yaru,234,attic,attic:restir_level1,attic:restir_level0,RIGHT,attic:restir_level0,attic:restir_level1,2.2,240.02
yz1,1,pink_room,pink_room:temporal-resolution-multiplexing_level2,pink_room:duration_flicker_level0,RIGHT,pink_room:duration_flicker_level0,pink_room:temporal-resolution-multiplexing_level2,45.6227,239.98
yz1,2,pink_room,pink_room:noise_colors_level2,pink_room:restir_level0,RIGHT,pink_room:restir_level0,pink_room:noise_colors_level2,7.1167,240.0
yz1,3,subway,subway:restir_level2,subway:restir_level1,LEFT,subway:restir_level2,subway:restir_level1,23.7674,239.99
yz1,4,subway,subway:noise_colors_level0,subway:temporal-resolution-multiplexing_level0,LEFT,subway:noise_colors_level0,subway:temporal-resolution-multiplexing_level0,25.5459,240.0
yz1,5,bistro_interior,bistro_interior:temporal-resolution-multiplexing_level1,bistro_interior:duration_flicker_level0,LEFT,bistro_interior:temporal-resolution-multiplexing_level1,bistro_interior:duration_flicker_level0,19.0275,239.97
yz1,6,classroom,classroom:temporal-resolution-multiplexing_level0,classroom:judder_level1,LEFT,classroom:temporal-resolution-multiplexing_level0,classroom:judder_level1,24.0251,240.0
yz1,7,pink_room,pink_room:duration_flicker_level0,pink_room:dlss_rr_level0,LEFT,pink_room:duration_flicker_level0,pink_room:dlss_rr_level0,9.2335,240.0
yz1,8,bistro_interior,bistro_interior:restir_level1,bistro_interior:motion_resolution_level0,LEFT,bistro_interior:restir_level1,bistro_interior:motion_resolution_level0,33.9703,239.98
yz1,9,bistro_interior,bistro_interior:dlss_rr_level1,bistro_interior:motion_resolution_level0,LEFT,bistro_interior:dlss_rr_level1,bistro_interior:motion_resolution_level0,3.1959,240.01
yz1,10,attic,attic:motion_resolution_level0,attic:duration_flicker_level1,LEFT,attic:motion_resolution_level0,attic:duration_flicker_level1,12.5709,240.0
yz1,11,bistro_exterior,bistro_exterior:duration_flicker_level1,bistro_exterior:stutter_level2,LEFT,bistro_exterior:duration_flicker_level1,bistro_exterior:stutter_level2,3.9923,239.97
yz1,12,attic,attic:motion_noise_level2,attic:motion_resolution_level0,LEFT,attic:motion_noise_level2,attic:motion_resolution_level0,15.2521,239.97
yz1,13,bistro_exterior,bistro_exterior:restir_level1,bistro_exterior:motion_noise_level1,LEFT,bistro_exterior:restir_level1,bistro_exterior:motion_noise_level1,7.4548,239.98
yz1,14,bistro_interior,bistro_interior:judder_level1,bistro_interior:stutter_level1,LEFT,bistro_interior:judder_level1,bistro_interior:stutter_level1,20.8818,239.97
yz1,15,attic,attic:noise_colors_level1,attic:duration_flicker_level1,LEFT,attic:noise_colors_level1,attic:duration_flicker_level1,6.2759,239.96
yz1,16,subway,subway:dlss_rr_level1,subway:judder_level2,LEFT,subway:dlss_rr_level1,subway:judder_level2,8.225,240.0
yz1,17,classroom,classroom:judder_level2,classroom:noise_colors_level0,RIGHT,classroom:noise_colors_level0,classroom:judder_level2,26.4479,239.98
yz1,18,bistro_exterior,bistro_exterior:duration_flicker_level2,bistro_exterior:motion_resolution_level1,LEFT,bistro_exterior:duration_flicker_level2,bistro_exterior:motion_resolution_level1,3.1918,240.0
yz1,19,landscape,landscape:judder_level0,landscape:temporal-resolution-multiplexing_level1,RIGHT,landscape:temporal-resolution-multiplexing_level1,landscape:judder_level0,12.1709,240.0
yz1,20,classroom,classroom:duration_flicker_level2,classroom:motion_resolution_level2,LEFT,classroom:duration_flicker_level2,classroom:motion_resolution_level2,7.2923,239.98
yz1,21,bistro_interior,bistro_interior:duration_flicker_level2,bistro_interior:motion_noise_level2,LEFT,bistro_interior:duration_flicker_level2,bistro_interior:motion_noise_level2,15.4142,239.97
yz1,22,marbles,marbles:temporal-resolution-multiplexing_level1,marbles:duration_flicker_level2,LEFT,marbles:temporal-resolution-multiplexing_level1,marbles:duration_flicker_level2,22.5314,239.98
yz1,23,zeroday,zeroday:motion_resolution_level1,zeroday:dlss_rr_level2,RIGHT,zeroday:dlss_rr_level2,zeroday:motion_resolution_level1,15.4709,240.0
yz1,24,attic,attic:motion_resolution_level0,attic:judder_level0,RIGHT,attic:judder_level0,attic:motion_resolution_level0,28.727,239.98
yz1,25,bistro_interior,bistro_interior:judder_level2,bistro_interior:noise_colors_level2,LEFT,bistro_interior:judder_level2,bistro_interior:noise_colors_level2,4.9,240.0
yz1,26,landscape,landscape:stutter_level2,landscape:motion_resolution_level0,LEFT,landscape:stutter_level2,landscape:motion_resolution_level0,18.0834,240.0
yz1,27,attic,attic:duration_flicker_level1,attic:dlss_rr_level1,LEFT,attic:duration_flicker_level1,attic:dlss_rr_level1,5.1709,240.0
yz1,28,bistro_exterior,bistro_exterior:dlss_rr_level1,bistro_exterior:restir_level1,RIGHT,bistro_exterior:restir_level1,bistro_exterior:dlss_rr_level1,22.2528,239.97
yz1,29,marbles,marbles:noise_colors_level2,marbles:motion_resolution_level2,LEFT,marbles:noise_colors_level2,marbles:motion_resolution_level2,1.8001,240.0
yz1,30,pink_room,pink_room:duration_flicker_level0,pink_room:duration_flicker_level1,RIGHT,pink_room:duration_flicker_level1,pink_room:duration_flicker_level0,29.2875,240.0
yz1,31,marbles,marbles:restir_level2,marbles:motion_resolution_level2,LEFT,marbles:restir_level2,marbles:motion_resolution_level2,6.7885,239.97
yz1,32,classroom,classroom:temporal-resolution-multiplexing_level0,classroom:judder_level2,LEFT,classroom:temporal-resolution-multiplexing_level0,classroom:judder_level2,10.6972,239.97
yz1,33,marbles,marbles:motion_noise_level2,marbles:motion_resolution_level0,LEFT,marbles:motion_noise_level2,marbles:motion_resolution_level0,5.505,239.96
yz1,34,attic,attic:motion_resolution_level0,attic:stutter_level0,LEFT,attic:motion_resolution_level0,attic:stutter_level0,24.7667,240.0
yz1,35,bistro_interior,bistro_interior:motion_resolution_level1,bistro_interior:dlss_rr_level2,RIGHT,bistro_interior:dlss_rr_level2,bistro_interior:motion_resolution_level1,4.4212,239.97
yz1,36,classroom,classroom:restir_level2,classroom:duration_flicker_level2,RIGHT,classroom:duration_flicker_level2,classroom:restir_level2,19.7334,240.0
yz1,37,subway,subway:noise_colors_level2,subway:motion_resolution_level2,LEFT,subway:noise_colors_level2,subway:motion_resolution_level2,11.8584,240.0
yz1,38,bistro_interior,bistro_interior:motion_resolution_level0,bistro_interior:restir_level0,RIGHT,bistro_interior:restir_level0,bistro_interior:motion_resolution_level0,11.464,239.97
yz1,39,zeroday,zeroday:motion_resolution_level1,zeroday:duration_flicker_level1,RIGHT,zeroday:duration_flicker_level1,zeroday:motion_resolution_level1,7.8667,240.0
yz1,40,bistro_interior,bistro_interior:temporal-resolution-multiplexing_level1,bistro_interior:temporal-resolution-multiplexing_level2,LEFT,bistro_interior:temporal-resolution-multiplexing_level1,bistro_interior:temporal-resolution-multiplexing_level2,5.5542,240.0
yz1,41,bistro_exterior,bistro_exterior:judder_level0,bistro_exterior:judder_level1,LEFT,bistro_exterior:judder_level0,bistro_exterior:judder_level1,13.4433,239.97
yz1,42,bistro_exterior,bistro_exterior:temporal-resolution-multiplexing_level0,bistro_exterior:restir_level0,LEFT,bistro_exterior:temporal-resolution-multiplexing_level0,bistro_exterior:restir_level0,10.6461,239.99
yz1,43,bistro_interior,bistro_interior:motion_resolution_level1,bistro_interior:motion_resolution_level2,LEFT,bistro_interior:motion_resolution_level1,bistro_interior:motion_resolution_level2,11.15,240.0
yz1,44,landscape,landscape:judder_level0,landscape:dlss_rr_level0,RIGHT,landscape:dlss_rr_level0,landscape:judder_level0,19.3604,239.98
yz1,45,pink_room,pink_room:noise_colors_level0,pink_room:judder_level1,RIGHT,pink_room:judder_level1,pink_room:noise_colors_level0,28.5116,239.97
yz1,46,bistro_exterior,bistro_exterior:judder_level2,bistro_exterior:noise_colors_level2,LEFT,bistro_exterior:judder_level2,bistro_exterior:noise_colors_level2,2.7003,239.98
yz1,47,pink_room,pink_room:stutter_level0,pink_room:restir_level0,RIGHT,pink_room:restir_level0,pink_room:stutter_level0,29.6751,240.0
yz1,48,zeroday,zeroday:duration_flicker_level0,zeroday:temporal-resolution-multiplexing_level1,RIGHT,zeroday:temporal-resolution-multiplexing_level1,zeroday:duration_flicker_level0,36.1286,239.98
yz1,49,attic,attic:reference,attic:judder_level0,LEFT,attic:reference,attic:judder_level0,29.5467,239.99
yz1,50,zeroday,zeroday:motion_noise_level1,zeroday:judder_level2,LEFT,zeroday:motion_noise_level1,zeroday:judder_level2,17.8842,239.99
yz1,51,subway,subway:stutter_level2,subway:duration_flicker_level1,LEFT,subway:stutter_level2,subway:duration_flicker_level1,9.2667,240.0
yz1,52,bistro_interior,bistro_interior:noise_colors_level1,bistro_interior:temporal-resolution-multiplexing_level1,LEFT,bistro_interior:noise_colors_level1,bistro_interior:temporal-resolution-multiplexing_level1,8.7003,239.99
yz1,53,attic,attic:noise_colors_level2,attic:dlss_rr_level1,RIGHT,attic:dlss_rr_level1,attic:noise_colors_level2,6.1459,240.01
yz1,54,bistro_interior,bistro_interior:temporal-resolution-multiplexing_level1,bistro_interior:judder_level1,LEFT,bistro_interior:temporal-resolution-multiplexing_level1,bistro_interior:judder_level1,14.906,239.97
yz1,55,attic,attic:duration_flicker_level0,attic:judder_level1,RIGHT,attic:judder_level1,attic:duration_flicker_level0,20.3483,239.97
yz1,56,landscape,landscape:restir_level0,landscape:restir_level1,RIGHT,landscape:restir_level1,landscape:restir_level0,4.1709,240.0
yz1,57,bistro_interior,bistro_interior:restir_level0,bistro_interior:duration_flicker_level2,RIGHT,bistro_interior:duration_flicker_level2,bistro_interior:restir_level0,6.8758,239.98
yz1,58,bistro_exterior,bistro_exterior:judder_level0,bistro_exterior:dlss_rr_level0,LEFT,bistro_exterior:judder_level0,bistro_exterior:dlss_rr_level0,8.6888,239.97
yz1,59,bistro_interior,bistro_interior:restir_level2,bistro_interior:motion_resolution_level1,LEFT,bistro_interior:restir_level2,bistro_interior:motion_resolution_level1,3.3792,240.01
yz1,60,classroom,classroom:duration_flicker_level2,classroom:temporal-resolution-multiplexing_level2,LEFT,classroom:duration_flicker_level2,classroom:temporal-resolution-multiplexing_level2,6.0385,239.96
yz1,61,bistro_interior,bistro_interior:duration_flicker_level2,bistro_interior:judder_level2,LEFT,bistro_interior:duration_flicker_level2,bistro_interior:judder_level2,5.0091,239.97
yz1,62,pink_room,pink_room:dlss_rr_level2,pink_room:duration_flicker_level2,LEFT,pink_room:dlss_rr_level2,pink_room:duration_flicker_level2,11.635,239.97
yz1,63,classroom,classroom:dlss_rr_level1,classroom:judder_level2,LEFT,classroom:dlss_rr_level1,classroom:judder_level2,5.18,239.96
yz1,64,zeroday,zeroday:stutter_level2,zeroday:temporal-resolution-multiplexing_level1,RIGHT,zeroday:temporal-resolution-multiplexing_level1,zeroday:stutter_level2,15.9292,240.0
yz1,65,marbles,marbles:stutter_level2,marbles:motion_resolution_level1,LEFT,marbles:stutter_level2,marbles:motion_resolution_level1,4.0209,240.0
yz1,66,pink_room,pink_room:restir_level2,pink_room:motion_resolution_level0,RIGHT,pink_room:motion_resolution_level0,pink_room:restir_level2,5.0755,239.98
yz1,67,pink_room,pink_room:stutter_level2,pink_room:noise_colors_level2,LEFT,pink_room:stutter_level2,pink_room:noise_colors_level2,5.6459,240.0
yz1,68,classroom,classroom:motion_noise_level0,classroom:judder_level0,RIGHT,classroom:judder_level0,classroom:motion_noise_level0,20.2377,240.0
yz1,69,attic,attic:motion_noise_level1,attic:stutter_level1,LEFT,attic:motion_noise_level1,attic:stutter_level1,9.0552,239.97
yz1,70,marbles,marbles:motion_noise_level1,marbles:dlss_rr_level0,LEFT,marbles:motion_noise_level1,marbles:dlss_rr_level0,5.396,239.99
yz1,71,attic,attic:temporal-resolution-multiplexing_level1,attic:restir_level1,RIGHT,attic:restir_level1,attic:temporal-resolution-multiplexing_level1,5.1339,239.97
yz1,72,subway,subway:motion_resolution_level1,subway:duration_flicker_level2,RIGHT,subway:duration_flicker_level2,subway:motion_resolution_level1,7.5709,240.0
yz1,73,zeroday,zeroday:stutter_level1,zeroday:temporal-resolution-multiplexing_level1,LEFT,zeroday:stutter_level1,zeroday:temporal-resolution-multiplexing_level1,19.0634,239.99
yz1,74,pink_room,pink_room:motion_noise_level0,pink_room:judder_level0,LEFT,pink_room:motion_noise_level0,pink_room:judder_level0,3.1167,240.0
yz1,75,attic,attic:judder_level2,attic:motion_resolution_level0,LEFT,attic:judder_level2,attic:motion_resolution_level0,9.6917,240.0
yz1,76,landscape,landscape:stutter_level1,landscape:reference,RIGHT,landscape:reference,landscape:stutter_level1,13.2042,240.0
yz1,77,bistro_exterior,bistro_exterior:judder_level2,bistro_exterior:motion_noise_level2,LEFT,bistro_exterior:judder_level2,bistro_exterior:motion_noise_level2,17.1974,239.98
yz1,78,subway,subway:motion_noise_level2,subway:noise_colors_level2,LEFT,subway:motion_noise_level2,subway:noise_colors_level2,3.5875,240.01
yz1,79,classroom,classroom:motion_resolution_level0,classroom:judder_level2,LEFT,classroom:motion_resolution_level0,classroom:judder_level2,5.0042,240.0
yz1,80,pink_room,pink_room:temporal-resolution-multiplexing_level0,pink_room:stutter_level0,LEFT,pink_room:temporal-resolution-multiplexing_level0,pink_room:stutter_level0,8.825,240.0
yz1,81,marbles,marbles:judder_level2,marbles:duration_flicker_level1,RIGHT,marbles:duration_flicker_level1,marbles:judder_level2,9.1334,240.0
yz1,82,bistro_interior,bistro_interior:motion_resolution_level0,bistro_interior:stutter_level2,RIGHT,bistro_interior:stutter_level2,bistro_interior:motion_resolution_level0,8.4877,240.0
yz1,83,marbles,marbles:motion_noise_level1,marbles:reference,RIGHT,marbles:reference,marbles:motion_noise_level1,10.017,239.99
yz1,84,classroom,classroom:dlss_rr_level2,classroom:temporal-resolution-multiplexing_level1,RIGHT,classroom:temporal-resolution-multiplexing_level1,classroom:dlss_rr_level2,3.6667,240.0
yz1,85,bistro_interior,bistro_interior:temporal-resolution-multiplexing_level0,bistro_interior:noise_colors_level0,RIGHT,bistro_interior:noise_colors_level0,bistro_interior:temporal-resolution-multiplexing_level0,19.7819,239.99
yz1,86,marbles,marbles:restir_level1,marbles:restir_level0,RIGHT,marbles:restir_level0,marbles:restir_level1,8.0252,240.0
yz1,87,pink_room,pink_room:stutter_level2,pink_room:judder_level2,LEFT,pink_room:stutter_level2,pink_room:judder_level2,17.0185,239.98
yz1,88,marbles,marbles:temporal-resolution-multiplexing_level1,marbles:duration_flicker_level1,RIGHT,marbles:duration_flicker_level1,marbles:temporal-resolution-multiplexing_level1,8.0635,239.97
yz1,89,classroom,classroom:motion_noise_level1,classroom:temporal-resolution-multiplexing_level2,LEFT,classroom:motion_noise_level1,classroom:temporal-resolution-multiplexing_level2,1.8545,239.97
yz1,90,attic,attic:motion_resolution_level2,attic:temporal-resolution-multiplexing_level2,LEFT,attic:motion_resolution_level2,attic:temporal-resolution-multiplexing_level2,4.0418,240.0
yz1,91,bistro_exterior,bistro_exterior:stutter_level1,bistro_exterior:judder_level0,LEFT,bistro_exterior:stutter_level1,bistro_exterior:judder_level0,7.2051,239.97
yz1,92,marbles,marbles:motion_resolution_level2,marbles:dlss_rr_level2,RIGHT,marbles:dlss_rr_level2,marbles:motion_resolution_level2,4.7548,239.98
yz1,93,subway,subway:duration_flicker_level2,subway:noise_colors_level2,LEFT,subway:duration_flicker_level2,subway:noise_colors_level2,3.4543,240.01
yz1,94,attic,attic:temporal-resolution-multiplexing_level1,attic:motion_resolution_level2,LEFT,attic:temporal-resolution-multiplexing_level1,attic:motion_resolution_level2,3.8881,239.97
yz1,95,bistro_interior,bistro_interior:motion_noise_level2,bistro_interior:motion_noise_level1,RIGHT,bistro_interior:motion_noise_level1,bistro_interior:motion_noise_level2,8.8795,240.0
yz1,96,attic,attic:dlss_rr_level1,attic:motion_resolution_level1,LEFT,attic:dlss_rr_level1,attic:motion_resolution_level1,2.6253,239.98
yz1,97,attic,attic:dlss_rr_level0,attic:stutter_level2,LEFT,attic:dlss_rr_level0,attic:stutter_level2,16.175,240.0
yz1,98,landscape,landscape:judder_level2,landscape:restir_level2,RIGHT,landscape:restir_level2,landscape:judder_level2,5.2375,240.01
yz1,99,classroom,classroom:dlss_rr_level2,classroom:noise_colors_level1,RIGHT,classroom:noise_colors_level1,classroom:dlss_rr_level2,3.6085,239.99
yz1,100,marbles,marbles:dlss_rr_level0,marbles:stutter_level1,RIGHT,marbles:stutter_level1,marbles:dlss_rr_level0,13.3724,239.97
yz1,101,bistro_interior,bistro_interior:restir_level1,bistro_interior:motion_resolution_level1,LEFT,bistro_interior:restir_level1,bistro_interior:motion_resolution_level1,2.8671,239.97
yz1,102,attic,attic:restir_level0,attic:duration_flicker_level1,RIGHT,attic:duration_flicker_level1,attic:restir_level0,8.0209,240.0
yz1,103,zeroday,zeroday:motion_noise_level2,zeroday:duration_flicker_level2,LEFT,zeroday:motion_noise_level2,zeroday:duration_flicker_level2,7.3584,240.0
yz1,104,bistro_exterior,bistro_exterior:stutter_level0,bistro_exterior:restir_level0,LEFT,bistro_exterior:stutter_level0,bistro_exterior:restir_level0,17.7814,239.97
yz1,105,zeroday,zeroday:stutter_level0,zeroday:temporal-resolution-multiplexing_level0,LEFT,zeroday:stutter_level0,zeroday:temporal-resolution-multiplexing_level0,17.5042,240.0
yz1,106,classroom,classroom:duration_flicker_level1,classroom:noise_colors_level2,LEFT,classroom:duration_flicker_level1,classroom:noise_colors_level2,3.3377,239.98
yz1,107,zeroday,zeroday:motion_noise_level2,zeroday:dlss_rr_level1,RIGHT,zeroday:dlss_rr_level1,zeroday:motion_noise_level2,3.8292,240.01
yz1,108,bistro_exterior,bistro_exterior:motion_noise_level2,bistro_exterior:dlss_rr_level2,LEFT,bistro_exterior:motion_noise_level2,bistro_exterior:dlss_rr_level2,1.5417,240.01
yz1,109,bistro_exterior,bistro_exterior:motion_noise_level2,bistro_exterior:restir_level2,LEFT,bistro_exterior:motion_noise_level2,bistro_exterior:restir_level2,2.8042,240.01
yz1,110,landscape,landscape:judder_level0,landscape:temporal-resolution-multiplexing_level2,LEFT,landscape:judder_level0,landscape:temporal-resolution-multiplexing_level2,22.381,239.98
yz1,111,classroom,classroom:judder_level0,classroom:judder_level2,LEFT,classroom:judder_level0,classroom:judder_level2,8.5084,240.0
yz1,112,landscape,landscape:judder_level0,landscape:judder_level1,RIGHT,landscape:judder_level1,landscape:judder_level0,9.7292,240.0
yz1,113,bistro_interior,bistro_interior:dlss_rr_level0,bistro_interior:judder_level2,LEFT,bistro_interior:dlss_rr_level0,bistro_interior:judder_level2,3.7709,240.0
yz1,114,bistro_exterior,bistro_exterior:judder_level2,bistro_exterior:stutter_level2,LEFT,bistro_exterior:judder_level2,bistro_exterior:stutter_level2,7.2417,240.0
yz1,115,marbles,marbles:noise_colors_level1,marbles:motion_noise_level2,LEFT,marbles:noise_colors_level1,marbles:motion_noise_level2,2.3378,239.97
yz1,116,classroom,classroom:motion_resolution_level1,classroom:motion_resolution_level2,LEFT,classroom:motion_resolution_level1,classroom:motion_resolution_level2,1.3125,240.01
yz1,117,attic,attic:stutter_level1,attic:noise_colors_level0,LEFT,attic:stutter_level1,attic:noise_colors_level0,12.468,239.98
yz1,118,bistro_interior,bistro_interior:stutter_level0,bistro_interior:temporal-resolution-multiplexing_level0,RIGHT,bistro_interior:temporal-resolution-multiplexing_level0,bistro_interior:stutter_level0,22.2278,239.97
yz1,119,pink_room,pink_room:motion_resolution_level2,pink_room:duration_flicker_level1,RIGHT,pink_room:duration_flicker_level1,pink_room:motion_resolution_level2,1.5667,240.01
yz1,120,attic,attic:motion_noise_level0,attic:motion_noise_level2,RIGHT,attic:motion_noise_level2,attic:motion_noise_level0,6.9719,239.96
yz1,121,landscape,landscape:stutter_level1,landscape:temporal-resolution-multiplexing_level0,RIGHT,landscape:temporal-resolution-multiplexing_level0,landscape:stutter_level1,3.7459,240.0
yz1,122,bistro_exterior,bistro_exterior:temporal-resolution-multiplexing_level1,bistro_exterior:restir_level1,RIGHT,bistro_exterior:restir_level1,bistro_exterior:temporal-resolution-multiplexing_level1,3.975,240.0
yz1,123,pink_room,pink_room:judder_level0,pink_room:restir_level0,RIGHT,pink_room:restir_level0,pink_room:judder_level0,11.884,239.99
yz1,124,bistro_interior,bistro_interior:motion_noise_level0,bistro_interior:temporal-resolution-multiplexing_level0,RIGHT,bistro_interior:temporal-resolution-multiplexing_level0,bistro_interior:motion_noise_level0,8.1418,240.0
yz1,125,bistro_exterior,bistro_exterior:restir_level2,bistro_exterior:temporal-resolution-multiplexing_level2,LEFT,bistro_exterior:restir_level2,bistro_exterior:temporal-resolution-multiplexing_level2,1.2834,240.02
yz1,126,bistro_interior,bistro_interior:temporal-resolution-multiplexing_level0,bistro_interior:temporal-resolution-multiplexing_level1,LEFT,bistro_interior:temporal-resolution-multiplexing_level0,bistro_interior:temporal-resolution-multiplexing_level1,2.5667,240.01
yz1,127,bistro_exterior,bistro_exterior:motion_resolution_level2,bistro_exterior:motion_resolution_level1,RIGHT,bistro_exterior:motion_resolution_level1,bistro_exterior:motion_resolution_level2,2.8417,240.0
yz1,128,bistro_exterior,bistro_exterior:stutter_level0,bistro_exterior:noise_colors_level0,LEFT,bistro_exterior:stutter_level0,bistro_exterior:noise_colors_level0,15.3767,239.98
yz1,129,bistro_interior,bistro_interior:judder_level0,bistro_interior:temporal-resolution-multiplexing_level2,LEFT,bistro_interior:judder_level0,bistro_interior:temporal-resolution-multiplexing_level2,3.4172,239.97
yz1,130,subway,subway:duration_flicker_level1,subway:duration_flicker_level0,LEFT,subway:duration_flicker_level1,subway:duration_flicker_level0,20.0792,240.0
yz1,131,classroom,classroom:dlss_rr_level1,classroom:restir_level1,LEFT,classroom:dlss_rr_level1,classroom:restir_level1,2.6793,240.0
yz1,132,bistro_interior,bistro_interior:reference,bistro_interior:temporal-resolution-multiplexing_level0,LEFT,bistro_interior:reference,bistro_interior:temporal-resolution-multiplexing_level0,24.2792,240.0
yz1,133,bistro_exterior,bistro_exterior:temporal-resolution-multiplexing_level1,bistro_exterior:motion_resolution_level0,LEFT,bistro_exterior:temporal-resolution-multiplexing_level1,bistro_exterior:motion_resolution_level0,3.7709,240.01
yz1,134,subway,subway:motion_resolution_level0,subway:motion_noise_level1,LEFT,subway:motion_resolution_level0,subway:motion_noise_level1,6.575,240.0
yz1,135,pink_room,pink_room:dlss_rr_level0,pink_room:motion_noise_level2,RIGHT,pink_room:motion_noise_level2,pink_room:dlss_rr_level0,3.5505,239.97
yz1,136,pink_room,pink_room:temporal-resolution-multiplexing_level1,pink_room:motion_noise_level2,LEFT,pink_room:temporal-resolution-multiplexing_level1,pink_room:motion_noise_level2,2.4292,240.02
yz1,137,marbles,marbles:dlss_rr_level1,marbles:motion_resolution_level0,LEFT,marbles:dlss_rr_level1,marbles:motion_resolution_level0,3.8917,240.01
yz1,138,zeroday,zeroday:motion_resolution_level0,zeroday:motion_noise_level2,RIGHT,zeroday:motion_noise_level2,zeroday:motion_resolution_level0,3.8709,240.01
yz1,139,marbles,marbles:stutter_level1,marbles:judder_level1,LEFT,marbles:stutter_level1,marbles:judder_level1,16.05,240.0
yz1,140,landscape,landscape:noise_colors_level1,landscape:dlss_rr_level0,LEFT,landscape:noise_colors_level1,landscape:dlss_rr_level0,27.9807,239.99
yz1,141,marbles,marbles:reference,marbles:temporal-resolution-multiplexing_level0,RIGHT,marbles:temporal-resolution-multiplexing_level0,marbles:reference,10.25,240.0
yz1,142,classroom,classroom:dlss_rr_level0,classroom:motion_resolution_level0,RIGHT,classroom:motion_resolution_level0,classroom:dlss_rr_level0,7.5126,240.0
yz1,143,classroom,classroom:dlss_rr_level1,classroom:restir_level0,RIGHT,classroom:restir_level0,classroom:dlss_rr_level1,3.5709,240.0
yz1,144,bistro_interior,bistro_interior:duration_flicker_level2,bistro_interior:duration_flicker_level1,LEFT,bistro_interior:duration_flicker_level2,bistro_interior:duration_flicker_level1,9.7515,239.97
yz1,145,classroom,classroom:motion_noise_level2,classroom:duration_flicker_level1,LEFT,classroom:motion_noise_level2,classroom:duration_flicker_level1,4.3917,240.0
yz1,146,attic,attic:duration_flicker_level2,attic:duration_flicker_level0,RIGHT,attic:duration_flicker_level0,attic:duration_flicker_level2,7.4838,239.99
yz1,147,marbles,marbles:noise_colors_level0,marbles:reference,RIGHT,marbles:reference,marbles:noise_colors_level0,14.0959,240.0
yz1,148,classroom,classroom:noise_colors_level0,classroom:stutter_level1,LEFT,classroom:noise_colors_level0,classroom:stutter_level1,9.38,239.97
yz1,149,zeroday,zeroday:restir_level2,zeroday:motion_resolution_level2,LEFT,zeroday:restir_level2,zeroday:motion_resolution_level2,1.9084,240.01
yz1,150,landscape,landscape:motion_resolution_level0,landscape:duration_flicker_level2,LEFT,landscape:motion_resolution_level0,landscape:duration_flicker_level2,2.392,239.98
yz1,151,pink_room,pink_room:dlss_rr_level2,pink_room:motion_resolution_level0,RIGHT,pink_room:motion_resolution_level0,pink_room:dlss_rr_level2,3.825,240.0
yz1,152,landscape,landscape:judder_level0,landscape:restir_level0,RIGHT,landscape:restir_level0,landscape:judder_level0,12.713,239.99
yz1,153,pink_room,pink_room:reference,pink_room:temporal-resolution-multiplexing_level0,RIGHT,pink_room:temporal-resolution-multiplexing_level0,pink_room:reference,7.9834,240.0
yz1,154,attic,attic:dlss_rr_level1,attic:dlss_rr_level2,LEFT,attic:dlss_rr_level1,attic:dlss_rr_level2,4.4917,240.0
yz1,155,marbles,marbles:stutter_level2,marbles:duration_flicker_level1,LEFT,marbles:stutter_level2,marbles:duration_flicker_level1,5.1003,239.99
yz1,156,attic,attic:temporal-resolution-multiplexing_level1,attic:motion_resolution_level1,LEFT,attic:temporal-resolution-multiplexing_level1,attic:motion_resolution_level1,1.596,239.97
yz1,157,bistro_interior,bistro_interior:temporal-resolution-multiplexing_level2,bistro_interior:duration_flicker_level2,RIGHT,bistro_interior:duration_flicker_level2,bistro_interior:temporal-resolution-multiplexing_level2,3.417,239.97
yz1,158,zeroday,zeroday:temporal-resolution-multiplexing_level1,zeroday:temporal-resolution-multiplexing_level0,RIGHT,zeroday:temporal-resolution-multiplexing_level0,zeroday:temporal-resolution-multiplexing_level1,11.6375,240.0
yz1,159,bistro_exterior,bistro_exterior:duration_flicker_level0,bistro_exterior:temporal-resolution-multiplexing_level1,LEFT,bistro_exterior:duration_flicker_level0,bistro_exterior:temporal-resolution-multiplexing_level1,5.2792,240.01
yz4,1,landscape,landscape:judder_level1,landscape:motion_noise_level1,RIGHT,landscape:motion_noise_level1,landscape:judder_level1,9.4057,240.03
yz4,2,landscape,landscape:motion_resolution_level1,landscape:dlss_rr_level0,RIGHT,landscape:dlss_rr_level0,landscape:motion_resolution_level1,2.3959,240.01
yz4,3,subway,subway:temporal-resolution-multiplexing_level0,subway:motion_noise_level1,LEFT,subway:temporal-resolution-multiplexing_level0,subway:motion_noise_level1,8.7667,240.0
yz4,4,pink_room,pink_room:restir_level0,pink_room:restir_level1,LEFT,pink_room:restir_level0,pink_room:restir_level1,9.6303,239.98
yz4,5,subway,subway:reference,subway:judder_level0,LEFT,subway:reference,subway:judder_level0,33.7962,240.0
yz4,6,marbles,marbles:stutter_level1,marbles:restir_level0,RIGHT,marbles:restir_level0,marbles:stutter_level1,20.547,239.99
yz4,7,landscape,landscape:dlss_rr_level2,landscape:stutter_level0,RIGHT,landscape:stutter_level0,landscape:dlss_rr_level2,3.6126,240.01
yz4,8,attic,attic:judder_level1,attic:judder_level0,LEFT,attic:judder_level1,attic:judder_level0,7.3168,240.0
yz4,9,landscape,landscape:judder_level0,landscape:motion_resolution_level0,LEFT,landscape:judder_level0,landscape:motion_resolution_level0,3.7632,239.97
yz4,10,landscape,landscape:restir_level0,landscape:stutter_level0,RIGHT,landscape:stutter_level0,landscape:restir_level0,13.1559,239.97
yz4,11,bistro_interior,bistro_interior:motion_noise_level2,bistro_interior:temporal-resolution-multiplexing_level2,RIGHT,bistro_interior:temporal-resolution-multiplexing_level2,bistro_interior:motion_noise_level2,4.6876,240.0
yz4,12,marbles,marbles:duration_flicker_level0,marbles:judder_level0,RIGHT,marbles:judder_level0,marbles:duration_flicker_level0,3.2714,239.96
yz4,13,marbles,marbles:judder_level1,marbles:stutter_level0,RIGHT,marbles:stutter_level0,marbles:judder_level1,9.4223,239.97
yz4,14,landscape,landscape:temporal-resolution-multiplexing_level0,landscape:motion_noise_level1,RIGHT,landscape:motion_noise_level1,landscape:temporal-resolution-multiplexing_level0,10.0167,240.0
yz4,15,zeroday,zeroday:noise_colors_level1,zeroday:dlss_rr_level2,LEFT,zeroday:noise_colors_level1,zeroday:dlss_rr_level2,2.2625,240.0
yz4,16,subway,subway:motion_resolution_level2,subway:motion_noise_level2,RIGHT,subway:motion_noise_level2,subway:motion_resolution_level2,3.0375,240.01
yz4,17,landscape,landscape:stutter_level1,landscape:noise_colors_level2,LEFT,landscape:stutter_level1,landscape:noise_colors_level2,1.6,240.02
yz4,18,landscape,landscape:temporal-resolution-multiplexing_level2,landscape:noise_colors_level1,RIGHT,landscape:noise_colors_level1,landscape:temporal-resolution-multiplexing_level2,2.2959,240.02
yz4,19,attic,attic:duration_flicker_level1,attic:duration_flicker_level2,LEFT,attic:duration_flicker_level1,attic:duration_flicker_level2,3.5417,240.0
yz4,20,bistro_exterior,bistro_exterior:motion_resolution_level2,bistro_exterior:motion_resolution_level1,RIGHT,bistro_exterior:motion_resolution_level1,bistro_exterior:motion_resolution_level2,7.592,239.99
yz4,21,marbles,marbles:dlss_rr_level2,marbles:judder_level2,RIGHT,marbles:judder_level2,marbles:dlss_rr_level2,9.7264,239.96
yz4,22,bistro_exterior,bistro_exterior:motion_resolution_level2,bistro_exterior:temporal-resolution-multiplexing_level2,LEFT,bistro_exterior:motion_resolution_level2,bistro_exterior:temporal-resolution-multiplexing_level2,2.2544,239.97
yz4,23,bistro_interior,bistro_interior:dlss_rr_level2,bistro_interior:stutter_level2,RIGHT,bistro_interior:stutter_level2,bistro_interior:dlss_rr_level2,7.9344,239.97
yz4,24,zeroday,zeroday:restir_level1,zeroday:motion_resolution_level2,LEFT,zeroday:restir_level1,zeroday:motion_resolution_level2,1.1584,240.0
yz4,25,pink_room,pink_room:judder_level2,pink_room:restir_level1,RIGHT,pink_room:restir_level1,pink_room:judder_level2,2.1584,240.01
yz4,26,attic,attic:dlss_rr_level1,attic:duration_flicker_level2,LEFT,attic:dlss_rr_level1,attic:duration_flicker_level2,2.2626,240.01
yz4,27,bistro_interior,bistro_interior:motion_noise_level0,bistro_interior:temporal-resolution-multiplexing_level0,RIGHT,bistro_interior:temporal-resolution-multiplexing_level0,bistro_interior:motion_noise_level0,14.343,239.98
yz4,28,pink_room,pink_room:motion_noise_level2,pink_room:judder_level1,RIGHT,pink_room:judder_level1,pink_room:motion_noise_level2,2.5959,240.0
yz4,29,bistro_exterior,bistro_exterior:dlss_rr_level1,bistro_exterior:motion_noise_level2,LEFT,bistro_exterior:dlss_rr_level1,bistro_exterior:motion_noise_level2,1.4417,240.02
yz4,30,pink_room,pink_room:duration_flicker_level1,pink_room:duration_flicker_level0,RIGHT,pink_room:duration_flicker_level0,pink_room:duration_flicker_level1,9.3168,240.0
yz4,31,marbles,marbles:motion_resolution_level1,marbles:duration_flicker_level2,RIGHT,marbles:duration_flicker_level2,marbles:motion_resolution_level1,1.8419,239.99
yz4,32,pink_room,pink_room:motion_resolution_level0,pink_room:restir_level0,RIGHT,pink_room:restir_level0,pink_room:motion_resolution_level0,18.175,240.0
yz4,33,pink_room,pink_room:motion_resolution_level1,pink_room:dlss_rr_level2,LEFT,pink_room:motion_resolution_level1,pink_room:dlss_rr_level2,4.6042,240.01
yz4,34,bistro_exterior,bistro_exterior:restir_level1,bistro_exterior:stutter_level0,LEFT,bistro_exterior:restir_level1,bistro_exterior:stutter_level0,13.2433,239.97
yz4,35,zeroday,zeroday:stutter_level1,zeroday:judder_level2,RIGHT,zeroday:judder_level2,zeroday:stutter_level1,10.0667,240.0
yz4,36,bistro_interior,bistro_interior:dlss_rr_level1,bistro_interior:restir_level2,LEFT,bistro_interior:dlss_rr_level1,bistro_interior:restir_level2,1.2334,240.01
yz4,37,classroom,classroom:motion_resolution_level2,classroom:restir_level2,RIGHT,classroom:restir_level2,classroom:motion_resolution_level2,1.15,240.0
yz4,38,bistro_exterior,bistro_exterior:stutter_level2,bistro_exterior:restir_level2,RIGHT,bistro_exterior:restir_level2,bistro_exterior:stutter_level2,3.2167,240.01
yz4,39,landscape,landscape:motion_noise_level1,landscape:temporal-resolution-multiplexing_level2,LEFT,landscape:motion_noise_level1,landscape:temporal-resolution-multiplexing_level2,11.0,240.0
yz4,40,subway,subway:dlss_rr_level0,subway:judder_level2,RIGHT,subway:judder_level2,subway:dlss_rr_level0,12.5084,240.0
yz4,41,classroom,classroom:duration_flicker_level0,classroom:noise_colors_level2,LEFT,classroom:duration_flicker_level0,classroom:noise_colors_level2,3.6418,240.01
yz4,42,zeroday,zeroday:noise_colors_level0,zeroday:temporal-resolution-multiplexing_level0,LEFT,zeroday:noise_colors_level0,zeroday:temporal-resolution-multiplexing_level0,9.3292,240.0
yz4,43,bistro_exterior,bistro_exterior:motion_noise_level0,bistro_exterior:duration_flicker_level0,LEFT,bistro_exterior:motion_noise_level0,bistro_exterior:duration_flicker_level0,4.2713,239.97
yz4,44,attic,attic:noise_colors_level2,attic:stutter_level2,RIGHT,attic:stutter_level2,attic:noise_colors_level2,3.1587,239.96
yz4,45,attic,attic:dlss_rr_level2,attic:restir_level1,RIGHT,attic:restir_level1,attic:dlss_rr_level2,11.0792,240.0
yz4,46,zeroday,zeroday:motion_noise_level1,zeroday:reference,LEFT,zeroday:motion_noise_level1,zeroday:reference,7.0417,240.0
yz4,47,landscape,landscape:duration_flicker_level0,landscape:dlss_rr_level1,RIGHT,landscape:dlss_rr_level1,landscape:duration_flicker_level0,2.8501,240.01
yz4,48,pink_room,pink_room:duration_flicker_level0,pink_room:noise_colors_level2,LEFT,pink_room:duration_flicker_level0,pink_room:noise_colors_level2,6.1959,240.0
yz4,49,subway,subway:duration_flicker_level1,subway:temporal-resolution-multiplexing_level1,LEFT,subway:duration_flicker_level1,subway:temporal-resolution-multiplexing_level1,6.4671,239.98
yz4,50,pink_room,pink_room:motion_noise_level0,pink_room:reference,RIGHT,pink_room:reference,pink_room:motion_noise_level0,15.6084,240.0
yz4,51,zeroday,zeroday:dlss_rr_level2,zeroday:duration_flicker_level0,RIGHT,zeroday:duration_flicker_level0,zeroday:dlss_rr_level2,5.175,240.0
yz4,52,subway,subway:judder_level0,subway:stutter_level2,LEFT,subway:judder_level0,subway:stutter_level2,2.325,240.01
yz4,53,landscape,landscape:motion_noise_level1,landscape:noise_colors_level0,LEFT,landscape:motion_noise_level1,landscape:noise_colors_level0,8.15,240.0
yz4,54,subway,subway:duration_flicker_level2,subway:dlss_rr_level0,RIGHT,subway:dlss_rr_level0,subway:duration_flicker_level2,9.7252,240.0
yz4,55,zeroday,zeroday:dlss_rr_level2,zeroday:motion_noise_level2,LEFT,zeroday:dlss_rr_level2,zeroday:motion_noise_level2,3.05,240.0
yz4,56,attic,attic:restir_level1,attic:temporal-resolution-multiplexing_level1,LEFT,attic:restir_level1,attic:temporal-resolution-multiplexing_level1,4.4375,240.0
yz4,57,marbles,marbles:dlss_rr_level1,marbles:temporal-resolution-multiplexing_level0,RIGHT,marbles:temporal-resolution-multiplexing_level0,marbles:dlss_rr_level1,5.3834,240.01
yz4,58,pink_room,pink_room:stutter_level0,pink_room:judder_level0,LEFT,pink_room:stutter_level0,pink_room:judder_level0,2.3209,240.01
yz4,59,classroom,classroom:judder_level2,classroom:motion_noise_level1,LEFT,classroom:judder_level2,classroom:motion_noise_level1,1.1209,240.01
yz4,60,classroom,classroom:motion_noise_level0,classroom:dlss_rr_level2,LEFT,classroom:motion_noise_level0,classroom:dlss_rr_level2,1.8,240.01
yz4,61,pink_room,pink_room:duration_flicker_level0,pink_room:motion_noise_level2,RIGHT,pink_room:motion_noise_level2,pink_room:duration_flicker_level0,3.7001,240.0
yz4,62,zeroday,zeroday:stutter_level0,zeroday:temporal-resolution-multiplexing_level0,RIGHT,zeroday:temporal-resolution-multiplexing_level0,zeroday:stutter_level0,17.4709,240.0
yz4,63,attic,attic:stutter_level1,attic:stutter_level0,RIGHT,attic:stutter_level0,attic:stutter_level1,3.1837,239.97
yz4,64,bistro_exterior,bistro_exterior:judder_level2,bistro_exterior:duration_flicker_level1,LEFT,bistro_exterior:judder_level2,bistro_exterior:duration_flicker_level1,2.6337,239.97
yz4,65,zeroday,zeroday:motion_resolution_level0,zeroday:motion_noise_level2,RIGHT,zeroday:motion_noise_level2,zeroday:motion_resolution_level0,2.6125,240.01
yz4,66,bistro_exterior,bistro_exterior:motion_resolution_level1,bistro_exterior:restir_level2,RIGHT,bistro_exterior:restir_level2,bistro_exterior:motion_resolution_level1,2.5292,239.99
yz4,67,landscape,landscape:noise_colors_level0,landscape:motion_noise_level0,RIGHT,landscape:motion_noise_level0,landscape:noise_colors_level0,7.5845,239.97
yz4,68,bistro_interior,bistro_interior:reference,bistro_interior:duration_flicker_level0,LEFT,bistro_interior:reference,bistro_interior:duration_flicker_level0,3.4375,240.0
yz4,69,bistro_interior,bistro_interior:motion_noise_level2,bistro_interior:restir_level0,LEFT,bistro_interior:motion_noise_level2,bistro_interior:restir_level0,2.6709,240.01
yz4,70,marbles,marbles:judder_level2,marbles:noise_colors_level1,LEFT,marbles:judder_level2,marbles:noise_colors_level1,5.7299,239.97
yz4,71,landscape,landscape:duration_flicker_level0,landscape:duration_flicker_level1,LEFT,landscape:duration_flicker_level0,landscape:duration_flicker_level1,3.4794,240.0
yz4,72,attic,attic:stutter_level1,attic:duration_flicker_level0,RIGHT,attic:duration_flicker_level0,attic:stutter_level1,3.9087,239.97
yz4,73,zeroday,zeroday:dlss_rr_level2,zeroday:restir_level0,RIGHT,zeroday:restir_level0,zeroday:dlss_rr_level2,6.175,240.0
yz4,74,landscape,landscape:stutter_level2,landscape:dlss_rr_level2,LEFT,landscape:stutter_level2,landscape:dlss_rr_level2,2.7084,240.01
yz4,75,attic,attic:motion_noise_level0,attic:judder_level1,LEFT,attic:motion_noise_level0,attic:judder_level1,3.5542,240.0
yz4,76,subway,subway:dlss_rr_level0,subway:motion_noise_level0,LEFT,subway:dlss_rr_level0,subway:motion_noise_level0,7.85,240.0
yz4,77,classroom,classroom:dlss_rr_level1,classroom:motion_noise_level1,LEFT,classroom:dlss_rr_level1,classroom:motion_noise_level1,1.7959,240.01
yz4,78,bistro_interior,bistro_interior:noise_colors_level1,bistro_interior:noise_colors_level0,RIGHT,bistro_interior:noise_colors_level0,bistro_interior:noise_colors_level1,6.6709,240.0
yz4,79,attic,attic:restir_level2,attic:motion_resolution_level2,LEFT,attic:restir_level2,attic:motion_resolution_level2,1.4917,240.01
yz4,80,pink_room,pink_room:stutter_level2,pink_room:restir_level0,RIGHT,pink_room:restir_level0,pink_room:stutter_level2,8.775,240.0
yz4,81,bistro_interior,bistro_interior:temporal-resolution-multiplexing_level1,bistro_interior:judder_level1,LEFT,bistro_interior:temporal-resolution-multiplexing_level1,bistro_interior:judder_level1,11.2307,239.97
yz4,82,bistro_interior,bistro_interior:dlss_rr_level2,bistro_interior:judder_level2,RIGHT,bistro_interior:judder_level2,bistro_interior:dlss_rr_level2,3.3713,239.96
yz4,83,subway,subway:temporal-resolution-multiplexing_level1,subway:motion_resolution_level2,LEFT,subway:temporal-resolution-multiplexing_level1,subway:motion_resolution_level2,1.5667,240.01
yz4,84,subway,subway:restir_level1,subway:temporal-resolution-multiplexing_level2,LEFT,subway:restir_level1,subway:temporal-resolution-multiplexing_level2,2.8459,240.01
yz4,85,pink_room,pink_room:temporal-resolution-multiplexing_level2,pink_room:dlss_rr_level2,RIGHT,pink_room:dlss_rr_level2,pink_room:temporal-resolution-multiplexing_level2,2.6167,240.01
yz4,86,zeroday,zeroday:judder_level2,zeroday:temporal-resolution-multiplexing_level0,RIGHT,zeroday:temporal-resolution-multiplexing_level0,zeroday:judder_level2,9.8375,240.0
yz4,87,marbles,marbles:judder_level0,marbles:motion_noise_level1,LEFT,marbles:judder_level0,marbles:motion_noise_level1,6.4251,240.0
yz4,88,pink_room,pink_room:temporal-resolution-multiplexing_level1,pink_room:stutter_level0,RIGHT,pink_room:stutter_level0,pink_room:temporal-resolution-multiplexing_level1,5.7834,240.0
yz4,89,pink_room,pink_room:stutter_level1,pink_room:reference,RIGHT,pink_room:reference,pink_room:stutter_level1,7.0383,239.98
yz4,90,marbles,marbles:temporal-resolution-multiplexing_level1,marbles:judder_level2,RIGHT,marbles:judder_level2,marbles:temporal-resolution-multiplexing_level1,2.9833,240.01
yz4,91,marbles,marbles:stutter_level2,marbles:dlss_rr_level2,LEFT,marbles:stutter_level2,marbles:dlss_rr_level2,2.3001,239.99
yz4,92,classroom,classroom:stutter_level0,classroom:noise_colors_level0,RIGHT,classroom:noise_colors_level0,classroom:stutter_level0,12.3309,239.97
yz4,93,bistro_exterior,bistro_exterior:restir_level0,bistro_exterior:judder_level0,LEFT,bistro_exterior:restir_level0,bistro_exterior:judder_level0,8.0096,239.96
yz4,94,subway,subway:motion_noise_level0,subway:duration_flicker_level0,LEFT,subway:motion_noise_level0,subway:duration_flicker_level0,8.9591,239.98
yz4,95,landscape,landscape:duration_flicker_level2,landscape:stutter_level2,LEFT,landscape:duration_flicker_level2,landscape:stutter_level2,3.675,240.0
yz4,96,subway,subway:stutter_level1,subway:motion_noise_level0,LEFT,subway:stutter_level1,subway:motion_noise_level0,21.9625,240.0
yz4,97,bistro_interior,bistro_interior:motion_resolution_level1,bistro_interior:dlss_rr_level1,RIGHT,bistro_interior:dlss_rr_level1,bistro_interior:motion_resolution_level1,4.575,240.0
yz4,98,landscape,landscape:motion_noise_level1,landscape:noise_colors_level2,LEFT,landscape:motion_noise_level1,landscape:noise_colors_level2,4.9334,240.0
yz4,99,bistro_interior,bistro_interior:dlss_rr_level2,bistro_interior:temporal-resolution-multiplexing_level2,LEFT,bistro_interior:dlss_rr_level2,bistro_interior:temporal-resolution-multiplexing_level2,6.7334,240.0
yz4,100,bistro_interior,bistro_interior:duration_flicker_level1,bistro_interior:duration_flicker_level0,RIGHT,bistro_interior:duration_flicker_level0,bistro_interior:duration_flicker_level1,12.0932,239.97
yz4,101,bistro_exterior,bistro_exterior:stutter_level1,bistro_exterior:temporal-resolution-multiplexing_level1,RIGHT,bistro_exterior:temporal-resolution-multiplexing_level1,bistro_exterior:stutter_level1,3.7298,239.98
yz4,102,landscape,landscape:duration_flicker_level2,landscape:motion_resolution_level1,LEFT,landscape:duration_flicker_level2,landscape:motion_resolution_level1,2.6709,240.01
yz4,103,attic,attic:duration_flicker_level0,attic:noise_colors_level0,LEFT,attic:duration_flicker_level0,attic:noise_colors_level0,7.8923,239.98
yz4,104,subway,subway:duration_flicker_level0,subway:judder_level1,LEFT,subway:duration_flicker_level0,subway:judder_level1,16.8689,239.97
yz4,105,attic,attic:dlss_rr_level0,attic:motion_noise_level2,RIGHT,attic:motion_noise_level2,attic:dlss_rr_level0,6.6092,239.97
yz4,106,attic,attic:motion_noise_level2,attic:restir_level0,LEFT,attic:motion_noise_level2,attic:restir_level0,2.7084,240.0
yz4,107,marbles,marbles:motion_resolution_level2,marbles:duration_flicker_level2,RIGHT,marbles:duration_flicker_level2,marbles:motion_resolution_level2,2.6084,240.01
yz4,108,subway,subway:restir_level2,subway:restir_level1,RIGHT,subway:restir_level1,subway:restir_level2,11.6167,240.0
yz4,109,bistro_interior,bistro_interior:judder_level2,bistro_interior:restir_level2,LEFT,bistro_interior:judder_level2,bistro_interior:restir_level2,7.0167,240.0
yz4,110,subway,subway:motion_noise_level2,subway:motion_noise_level1,LEFT,subway:motion_noise_level2,subway:motion_noise_level1,2.7125,240.01
yz4,111,pink_room,pink_room:noise_colors_level0,pink_room:stutter_level0,LEFT,pink_room:noise_colors_level0,pink_room:stutter_level0,15.4421,239.99
yz4,112,bistro_interior,bistro_interior:duration_flicker_level0,bistro_interior:judder_level0,RIGHT,bistro_interior:judder_level0,bistro_interior:duration_flicker_level0,10.0222,239.97
yz4,113,bistro_exterior,bistro_exterior:motion_noise_level0,bistro_exterior:judder_level1,LEFT,bistro_exterior:motion_noise_level0,bistro_exterior:judder_level1,8.5177,239.97
yz4,114,marbles,marbles:restir_level0,marbles:duration_flicker_level0,LEFT,marbles:restir_level0,marbles:duration_flicker_level0,6.8417,240.0
yz4,115,bistro_interior,bistro_interior:motion_resolution_level0,bistro_interior:dlss_rr_level2,RIGHT,bistro_interior:dlss_rr_level2,bistro_interior:motion_resolution_level0,10.0625,240.0
yz4,116,classroom,classroom:duration_flicker_level0,classroom:noise_colors_level1,RIGHT,classroom:noise_colors_level1,classroom:duration_flicker_level0,2.3459,240.01
yz4,117,attic,attic:restir_level1,attic:judder_level2,RIGHT,attic:judder_level2,attic:restir_level1,2.471,239.99
yz4,118,landscape,landscape:restir_level0,landscape:noise_colors_level2,LEFT,landscape:restir_level0,landscape:noise_colors_level2,5.3175,239.97
yz4,119,landscape,landscape:motion_noise_level2,landscape:motion_noise_level1,LEFT,landscape:motion_noise_level2,landscape:motion_noise_level1,8.625,240.0
yz4,120,classroom,classroom:temporal-resolution-multiplexing_level2,classroom:restir_level1,RIGHT,classroom:restir_level1,classroom:temporal-resolution-multiplexing_level2,1.3171,239.96
yz4,121,bistro_interior,bistro_interior:stutter_level0,bistro_interior:judder_level1,LEFT,bistro_interior:stutter_level0,bistro_interior:judder_level1,12.4292,240.0
yz4,122,subway,subway:motion_resolution_level2,subway:dlss_rr_level2,LEFT,subway:motion_resolution_level2,subway:dlss_rr_level2,7.9593,239.97
yz4,123,landscape,landscape:temporal-resolution-multiplexing_level1,landscape:restir_level0,RIGHT,landscape:restir_level0,landscape:temporal-resolution-multiplexing_level1,16.6834,240.0
yz4,124,landscape,landscape:judder_level0,landscape:restir_level2,LEFT,landscape:judder_level0,landscape:restir_level2,1.6042,240.02
yz4,125,subway,subway:motion_resolution_level2,subway:restir_level0,LEFT,subway:motion_resolution_level2,subway:restir_level0,1.5417,240.0
yz4,126,subway,subway:dlss_rr_level0,subway:motion_resolution_level1,LEFT,subway:dlss_rr_level0,subway:motion_resolution_level1,2.3167,240.01
yz4,127,bistro_interior,bistro_interior:motion_resolution_level2,bistro_interior:motion_resolution_level1,RIGHT,bistro_interior:motion_resolution_level1,bistro_interior:motion_resolution_level2,5.1834,240.01
yz4,128,classroom,classroom:reference,classroom:dlss_rr_level0,LEFT,classroom:reference,classroom:dlss_rr_level0,6.6385,239.96
yz4,129,zeroday,zeroday:temporal-resolution-multiplexing_level1,zeroday:stutter_level1,RIGHT,zeroday:stutter_level1,zeroday:temporal-resolution-multiplexing_level1,15.7042,240.0
yz4,130,attic,attic:duration_flicker_level2,attic:noise_colors_level2,LEFT,attic:duration_flicker_level2,attic:noise_colors_level2,2.8542,240.01
yz4,131,pink_room,pink_room:noise_colors_level0,pink_room:reference,LEFT,pink_room:noise_colors_level0,pink_room:reference,19.5253,240.0
yz4,132,marbles,marbles:motion_noise_level1,marbles:motion_noise_level0,RIGHT,marbles:motion_noise_level0,marbles:motion_noise_level1,3.234,240.1
yz4,133,bistro_interior,bistro_interior:judder_level1,bistro_interior:motion_noise_level2,LEFT,bistro_interior:judder_level1,bistro_interior:motion_noise_level2,5.0211,239.99
yz4,134,subway,subway:dlss_rr_level0,subway:stutter_level2,LEFT,subway:dlss_rr_level0,subway:stutter_level2,12.0584,240.0
yz4,135,landscape,landscape:reference,landscape:motion_noise_level1,LEFT,landscape:reference,landscape:motion_noise_level1,7.3459,240.0
yz4,136,zeroday,zeroday:motion_noise_level0,zeroday:noise_colors_level2,LEFT,zeroday:motion_noise_level0,zeroday:noise_colors_level2,10.7293,240.0
yz4,137,pink_room,pink_room:temporal-resolution-multiplexing_level2,pink_room:dlss_rr_level1,LEFT,pink_room:temporal-resolution-multiplexing_level2,pink_room:dlss_rr_level1,3.0251,240.01
yz4,138,bistro_interior,bistro_interior:noise_colors_level2,bistro_interior:motion_noise_level1,RIGHT,bistro_interior:motion_noise_level1,bistro_interior:noise_colors_level2,12.6393,239.97
yz4,139,zeroday,zeroday:reference,zeroday:judder_level1,LEFT,zeroday:reference,zeroday:judder_level1,10.6792,240.0
yz4,140,zeroday,zeroday:restir_level1,zeroday:motion_resolution_level1,LEFT,zeroday:restir_level1,zeroday:motion_resolution_level1,3.3375,240.01
yz4,141,marbles,marbles:duration_flicker_level1,marbles:duration_flicker_level2,LEFT,marbles:duration_flicker_level1,marbles:duration_flicker_level2,9.8763,239.97
yz4,142,bistro_exterior,bistro_exterior:temporal-resolution-multiplexing_level0,bistro_exterior:reference,LEFT,bistro_exterior:temporal-resolution-multiplexing_level0,bistro_exterior:reference,20.5084,240.0
yz4,143,zeroday,zeroday:duration_flicker_level0,zeroday:duration_flicker_level1,LEFT,zeroday:duration_flicker_level0,zeroday:duration_flicker_level1,9.9125,240.0
yz4,144,classroom,classroom:noise_colors_level2,classroom:restir_level2,LEFT,classroom:noise_colors_level2,classroom:restir_level2,10.3751,239.99
yz4,145,classroom,classroom:noise_colors_level2,classroom:duration_flicker_level1,RIGHT,classroom:duration_flicker_level1,classroom:noise_colors_level2,12.4834,240.0
yz4,146,subway,subway:dlss_rr_level2,subway:noise_colors_level2,RIGHT,subway:noise_colors_level2,subway:dlss_rr_level2,10.1174,239.98
yz4,147,attic,attic:stutter_level0,attic:duration_flicker_level2,LEFT,attic:stutter_level0,attic:duration_flicker_level2,2.5544,239.97
yz4,148,pink_room,pink_room:noise_colors_level2,pink_room:dlss_rr_level0,RIGHT,pink_room:dlss_rr_level0,pink_room:noise_colors_level2,2.7834,240.01
yz4,149,pink_room,pink_room:restir_level1,pink_room:judder_level0,LEFT,pink_room:restir_level1,pink_room:judder_level0,7.4417,240.0
yz4,150,bistro_interior,bistro_interior:duration_flicker_level1,bistro_interior:motion_noise_level2,RIGHT,bistro_interior:motion_noise_level2,bistro_interior:duration_flicker_level1,12.284,239.99
yz4,151,bistro_exterior,bistro_exterior:stutter_level1,bistro_exterior:restir_level0,LEFT,bistro_exterior:stutter_level1,bistro_exterior:restir_level0,6.1,240.0
yz4,152,subway,subway:dlss_rr_level0,subway:motion_noise_level1,LEFT,subway:dlss_rr_level0,subway:motion_noise_level1,3.0125,240.01
yz4,153,attic,attic:temporal-resolution-multiplexing_level2,attic:motion_resolution_level1,RIGHT,attic:motion_resolution_level1,attic:temporal-resolution-multiplexing_level2,2.3917,240.01
yz4,154,bistro_interior,bistro_interior:motion_noise_level1,bistro_interior:stutter_level1,LEFT,bistro_interior:motion_noise_level1,bistro_interior:stutter_level1,7.1468,239.97
yz4,155,bistro_exterior,bistro_exterior:judder_level2,bistro_exterior:dlss_rr_level0,RIGHT,bistro_exterior:dlss_rr_level0,bistro_exterior:judder_level2,3.3006,239.97
yz4,156,landscape,landscape:motion_resolution_level2,landscape:duration_flicker_level2,RIGHT,landscape:duration_flicker_level2,landscape:motion_resolution_level2,2.6209,240.0
yz4,157,bistro_exterior,bistro_exterior:dlss_rr_level0,bistro_exterior:dlss_rr_level1,LEFT,bistro_exterior:dlss_rr_level0,bistro_exterior:dlss_rr_level1,7.4625,240.0
yz4,158,marbles,marbles:motion_resolution_level0,marbles:noise_colors_level2,RIGHT,marbles:noise_colors_level2,marbles:motion_resolution_level0,20.4317,239.97
yz4,159,attic,attic:motion_resolution_level2,attic:temporal-resolution-multiplexing_level1,RIGHT,attic:temporal-resolution-multiplexing_level1,attic:motion_resolution_level2,3.8254,239.98
yz4,160,pink_room,pink_room:dlss_rr_level2,pink_room:duration_flicker_level0,RIGHT,pink_room:duration_flicker_level0,pink_room:dlss_rr_level2,3.6208,240.0
yz4,161,bistro_exterior,bistro_exterior:judder_level0,bistro_exterior:restir_level1,LEFT,bistro_exterior:judder_level0,bistro_exterior:restir_level1,9.475,240.0
yz4,162,zeroday,zeroday:restir_level2,zeroday:duration_flicker_level2,RIGHT,zeroday:duration_flicker_level2,zeroday:restir_level2,1.9709,240.01
yz4,163,pink_room,pink_room:restir_level1,pink_room:noise_colors_level2,LEFT,pink_room:restir_level1,pink_room:noise_colors_level2,5.7,240.0
yz4,164,classroom,classroom:noise_colors_level2,classroom:duration_flicker_level2,RIGHT,classroom:duration_flicker_level2,classroom:noise_colors_level2,8.6126,240.0
yz4,165,landscape,landscape:noise_colors_level1,landscape:judder_level0,RIGHT,landscape:judder_level0,landscape:noise_colors_level1,21.7385,239.99
yz4,166,bistro_exterior,bistro_exterior:restir_level1,bistro_exterior:motion_noise_level0,RIGHT,bistro_exterior:motion_noise_level0,bistro_exterior:restir_level1,4.8375,240.0
yz4,167,bistro_interior,bistro_interior:temporal-resolution-multiplexing_level1,bistro_interior:motion_noise_level1,LEFT,bistro_interior:temporal-resolution-multiplexing_level1,bistro_interior:motion_noise_level1,4.1,240.0
yz4,168,pink_room,pink_room:noise_colors_level1,pink_room:restir_level2,LEFT,pink_room:noise_colors_level1,pink_room:restir_level2,2.8959,240.0
yz4,169,classroom,classroom:dlss_rr_level1,classroom:dlss_rr_level0,LEFT,classroom:dlss_rr_level1,classroom:dlss_rr_level0,6.8716,239.97
yz4,170,attic,attic:judder_level1,attic:temporal-resolution-multiplexing_level0,LEFT,attic:judder_level1,attic:temporal-resolution-multiplexing_level0,16.0979,239.97
yz4,171,bistro_interior,bistro_interior:duration_flicker_level1,bistro_interior:dlss_rr_level0,LEFT,bistro_interior:duration_flicker_level1,bistro_interior:dlss_rr_level0,5.4049,239.97
yz4,172,bistro_exterior,bistro_exterior:stutter_level1,bistro_exterior:motion_noise_level1,RIGHT,bistro_exterior:motion_noise_level1,bistro_exterior:stutter_level1,3.2588,239.97
yz4,173,landscape,landscape:duration_flicker_level0,landscape:duration_flicker_level2,LEFT,landscape:duration_flicker_level0,landscape:duration_flicker_level2,8.6463,239.98
yz4,174,pink_room,pink_room:duration_flicker_level1,pink_room:motion_resolution_level2,LEFT,pink_room:duration_flicker_level1,pink_room:motion_resolution_level2,1.5417,240.02
yz4,175,marbles,marbles:duration_flicker_level1,marbles:dlss_rr_level2,LEFT,marbles:duration_flicker_level1,marbles:dlss_rr_level2,8.3042,240.0
yz4,176,classroom,classroom:stutter_level0,classroom:judder_level0,RIGHT,classroom:judder_level0,classroom:stutter_level0,11.5682,239.97
yz4,177,subway,subway:motion_noise_level0,subway:noise_colors_level1,RIGHT,subway:noise_colors_level1,subway:motion_noise_level0,12.125,240.0
yz4,178,pink_room,pink_room:noise_colors_level0,pink_room:temporal-resolution-multiplexing_level0,RIGHT,pink_room:temporal-resolution-multiplexing_level0,pink_room:noise_colors_level0,19.8768,239.98
yz4,179,subway,subway:dlss_rr_level0,subway:dlss_rr_level1,LEFT,subway:dlss_rr_level0,subway:dlss_rr_level1,17.225,240.0
yz4,180,bistro_interior,bistro_interior:restir_level1,bistro_interior:judder_level2,LEFT,bistro_interior:restir_level1,bistro_interior:judder_level2,8.9917,240.0
yz4,181,classroom,classroom:dlss_rr_level2,classroom:duration_flicker_level0,RIGHT,classroom:duration_flicker_level0,classroom:dlss_rr_level2,8.7795,240.0
yz4,182,marbles,marbles:restir_level1,marbles:temporal-resolution-multiplexing_level0,LEFT,marbles:restir_level1,marbles:temporal-resolution-multiplexing_level0,12.4256,239.99
yz4,183,bistro_exterior,bistro_exterior:restir_level2,bistro_exterior:motion_resolution_level0,LEFT,bistro_exterior:restir_level2,bistro_exterior:motion_resolution_level0,8.2042,240.0
yz4,184,bistro_exterior,bistro_exterior:restir_level2,bistro_exterior:dlss_rr_level1,LEFT,bistro_exterior:restir_level2,bistro_exterior:dlss_rr_level1,5.8463,239.99
yz4,185,landscape,landscape:restir_level1,landscape:motion_noise_level1,RIGHT,landscape:motion_noise_level1,landscape:restir_level1,6.6667,240.0
yz4,186,subway,subway:noise_colors_level0,subway:duration_flicker_level0,LEFT,subway:noise_colors_level0,subway:duration_flicker_level0,2.75,240.01
yz4,187,subway,subway:judder_level0,subway:stutter_level0,LEFT,subway:judder_level0,subway:stutter_level0,8.6794,240.0
yz4,188,classroom,classroom:dlss_rr_level0,classroom:judder_level1,RIGHT,classroom:judder_level1,classroom:dlss_rr_level0,3.8171,239.98
yz4,189,zeroday,zeroday:duration_flicker_level1,zeroday:dlss_rr_level0,RIGHT,zeroday:dlss_rr_level0,zeroday:duration_flicker_level1,2.2042,240.01
yz4,190,pink_room,pink_room:duration_flicker_level2,pink_room:motion_resolution_level2,LEFT,pink_room:duration_flicker_level2,pink_room:motion_resolution_level2,1.5,240.02
yz4,191,pink_room,pink_room:restir_level1,pink_room:restir_level2,LEFT,pink_room:restir_level1,pink_room:restir_level2,3.2209,240.0
yz4,192,attic,attic:duration_flicker_level0,attic:motion_noise_level1,RIGHT,attic:motion_noise_level1,attic:duration_flicker_level0,7.1884,239.97
yz4,193,bistro_interior,bistro_interior:noise_colors_level0,bistro_interior:motion_noise_level0,RIGHT,bistro_interior:motion_noise_level0,bistro_interior:noise_colors_level0,14.1559,239.97
yz4,194,classroom,classroom:stutter_level1,classroom:temporal-resolution-multiplexing_level0,RIGHT,classroom:temporal-resolution-multiplexing_level0,classroom:stutter_level1,7.3175,239.98
yz4,195,zeroday,zeroday:noise_colors_level0,zeroday:dlss_rr_level1,LEFT,zeroday:noise_colors_level0,zeroday:dlss_rr_level1,1.5875,240.01
yz4,196,pink_room,pink_room:restir_level1,pink_room:motion_noise_level1,RIGHT,pink_room:motion_noise_level1,pink_room:restir_level1,9.2667,240.0
yz4,197,landscape,landscape:judder_level2,landscape:stutter_level2,LEFT,landscape:judder_level2,landscape:stutter_level2,6.7667,240.0
yz4,198,bistro_interior,bistro_interior:stutter_level0,bistro_interior:motion_noise_level0,LEFT,bistro_interior:stutter_level0,bistro_interior:motion_noise_level0,3.3546,239.96
yz4,199,marbles,marbles:temporal-resolution-multiplexing_level2,marbles:stutter_level2,LEFT,marbles:temporal-resolution-multiplexing_level2,marbles:stutter_level2,10.3848,239.97
yz4,200,bistro_exterior,bistro_exterior:dlss_rr_level0,bistro_exterior:duration_flicker_level2,LEFT,bistro_exterior:dlss_rr_level0,bistro_exterior:duration_flicker_level2,2.9459,240.0
yz4,201,subway,subway:restir_level1,subway:motion_resolution_level2,LEFT,subway:restir_level1,subway:motion_resolution_level2,1.8959,240.0
yz4,202,marbles,marbles:dlss_rr_level1,marbles:reference,RIGHT,marbles:reference,marbles:dlss_rr_level1,9.1334,240.01
yz4,203,bistro_interior,bistro_interior:motion_noise_level2,bistro_interior:duration_flicker_level2,LEFT,bistro_interior:motion_noise_level2,bistro_interior:duration_flicker_level2,2.1459,240.01
yz4,204,bistro_exterior,bistro_exterior:temporal-resolution-multiplexing_level0,bistro_exterior:noise_colors_level1,LEFT,bistro_exterior:temporal-resolution-multiplexing_level0,bistro_exterior:noise_colors_level1,15.0936,239.97
yz4,205,bistro_exterior,bistro_exterior:judder_level1,bistro_exterior:reference,RIGHT,bistro_exterior:reference,bistro_exterior:judder_level1,17.9834,240.0
yz4,206,marbles,marbles:duration_flicker_level0,marbles:restir_level1,RIGHT,marbles:restir_level1,marbles:duration_flicker_level0,2.517,239.98
yz4,207,marbles,marbles:dlss_rr_level0,marbles:reference,RIGHT,marbles:reference,marbles:dlss_rr_level0,5.8584,240.0
yz4,208,bistro_exterior,bistro_exterior:motion_noise_level2,bistro_exterior:noise_colors_level2,LEFT,bistro_exterior:motion_noise_level2,bistro_exterior:noise_colors_level2,1.3504,239.96
yz4,209,attic,attic:noise_colors_level2,attic:motion_resolution_level1,LEFT,attic:noise_colors_level2,attic:motion_resolution_level1,6.4417,240.01
yz4,210,zeroday,zeroday:judder_level1,zeroday:motion_noise_level0,LEFT,zeroday:judder_level1,zeroday:motion_noise_level0,3.35,240.01
yz4,211,zeroday,zeroday:dlss_rr_level2,zeroday:restir_level2,LEFT,zeroday:dlss_rr_level2,zeroday:restir_level2,1.25,240.03
yz4,212,attic,attic:motion_resolution_level0,attic:restir_level1,LEFT,attic:motion_resolution_level0,attic:restir_level1,4.3125,240.01
yz4,213,subway,subway:judder_level1,subway:motion_resolution_level0,LEFT,subway:judder_level1,subway:motion_resolution_level0,12.35,240.0
yz4,214,marbles,marbles:restir_level2,marbles:temporal-resolution-multiplexing_level2,LEFT,marbles:restir_level2,marbles:temporal-resolution-multiplexing_level2,1.5292,240.01
yz4,215,classroom,classroom:temporal-resolution-multiplexing_level0,classroom:judder_level0,LEFT,classroom:temporal-resolution-multiplexing_level0,classroom:judder_level0,9.35,240.0
yz4,216,bistro_exterior,bistro_exterior:judder_level1,bistro_exterior:noise_colors_level0,LEFT,bistro_exterior:judder_level1,bistro_exterior:noise_colors_level0,7.4917,240.0
yz4,217,zeroday,zeroday:stutter_level2,zeroday:dlss_rr_level2,LEFT,zeroday:stutter_level2,zeroday:dlss_rr_level2,1.6168,239.98
yz4,218,marbles,marbles:temporal-resolution-multiplexing_level0,marbles:noise_colors_level0,LEFT,marbles:temporal-resolution-multiplexing_level0,marbles:noise_colors_level0,11.4848,239.97
yz4,219,zeroday,zeroday:judder_level0,zeroday:restir_level0,RIGHT,zeroday:restir_level0,zeroday:judder_level0,20.7709,240.0
yz4,220,attic,attic:judder_level1,attic:noise_colors_level1,LEFT,attic:judder_level1,attic:noise_colors_level1,19.8335,240.0
yz4,221,bistro_exterior,bistro_exterior:temporal-resolution-multiplexing_level1,bistro_exterior:judder_level2,RIGHT,bistro_exterior:judder_level2,bistro_exterior:temporal-resolution-multiplexing_level1,2.5625,240.01
yz4,222,classroom,classroom:stutter_level2,classroom:dlss_rr_level1,LEFT,classroom:stutter_level2,classroom:dlss_rr_level1,4.1459,240.0
yz4,223,bistro_exterior,bistro_exterior:dlss_rr_level1,bistro_exterior:dlss_rr_level2,LEFT,bistro_exterior:dlss_rr_level1,bistro_exterior:dlss_rr_level2,2.3543,240.01
yz4,224,classroom,classroom:duration_flicker_level0,classroom:motion_noise_level2,RIGHT,classroom:motion_noise_level2,classroom:duration_flicker_level0,7.0966,239.98
yz4,225,classroom,classroom:duration_flicker_level0,classroom:motion_resolution_level1,LEFT,classroom:duration_flicker_level0,classroom:motion_resolution_level1,1.0709,239.99
yz4,226,marbles,marbles:noise_colors_level1,marbles:motion_noise_level2,LEFT,marbles:noise_colors_level1,marbles:motion_noise_level2,2.3295,239.97
yz4,227,marbles,marbles:temporal-resolution-multiplexing_level0,marbles:stutter_level0,RIGHT,marbles:stutter_level0,marbles:temporal-resolution-multiplexing_level0,17.9598,239.98
yz4,228,classroom,classroom:restir_level0,classroom:motion_resolution_level0,LEFT,classroom:restir_level0,classroom:motion_resolution_level0,7.2927,239.97
yz4,229,marbles,marbles:dlss_rr_level2,marbles:motion_resolution_level0,RIGHT,marbles:motion_resolution_level0,marbles:dlss_rr_level2,5.0625,240.0
yz4,230,zeroday,zeroday:duration_flicker_level1,zeroday:motion_resolution_level1,LEFT,zeroday:duration_flicker_level1,zeroday:motion_resolution_level1,3.7209,240.0
yz4,231,zeroday,zeroday:temporal-resolution-multiplexing_level2,zeroday:restir_level1,LEFT,zeroday:temporal-resolution-multiplexing_level2,zeroday:restir_level1,1.45,240.01
yz4,232,marbles,marbles:judder_level2,marbles:restir_level1,LEFT,marbles:judder_level2,marbles:restir_level1,5.2625,240.01
yz4,233,attic,attic:dlss_rr_level1,attic:restir_level1,LEFT,attic:dlss_rr_level1,attic:restir_level1,11.4264,239.97
yz4,234,attic,attic:stutter_level1,attic:reference,LEFT,attic:stutter_level1,attic:reference,15.7125,240.0
yz4,235,classroom,classroom:judder_level2,classroom:motion_noise_level2,LEFT,classroom:judder_level2,classroom:motion_noise_level2,6.025,240.0
yz4,236,classroom,classroom:duration_flicker_level0,classroom:temporal-resolution-multiplexing_level1,RIGHT,classroom:temporal-resolution-multiplexing_level1,classroom:duration_flicker_level0,3.5959,240.0
yz4,237,zeroday,zeroday:dlss_rr_level0,zeroday:temporal-resolution-multiplexing_level1,RIGHT,zeroday:temporal-resolution-multiplexing_level1,zeroday:dlss_rr_level0,6.9676,239.97
yz4,238,attic,attic:judder_level1,attic:motion_noise_level1,RIGHT,attic:motion_noise_level1,attic:judder_level1,11.7723,239.97
yz4,239,zeroday,zeroday:dlss_rr_level1,zeroday:motion_noise_level0,RIGHT,zeroday:motion_noise_level0,zeroday:dlss_rr_level1,6.0007,239.97
yz4,240,attic,attic:restir_level0,attic:duration_flicker_level2,LEFT,attic:restir_level0,attic:duration_flicker_level2,3.225,240.01
yz4,241,classroom,classroom:dlss_rr_level1,classroom:motion_resolution_level0,RIGHT,classroom:motion_resolution_level0,classroom:dlss_rr_level1,4.0417,240.0
yz4,242,classroom,classroom:restir_level1,classroom:judder_level2,RIGHT,classroom:judder_level2,classroom:restir_level1,3.2712,239.97
yz4,243,classroom,classroom:motion_resolution_level0,classroom:stutter_level1,RIGHT,classroom:stutter_level1,classroom:motion_resolution_level0,11.5141,239.97
