observer,scene,condition_A,condition_B,is_A_selected,metric_A,level_A,metric_B,level_B,response_time_sec
2,bistro_exterior,motion_noise_level2,temporal-resolution-multiplexing_level1,0,motion_noise,level2,temporal-resolution-multiplexing,level1,9.4181
2,pink_room,dlss_rr_level1,duration_flicker_level1,1,dlss_rr,level1,duration_flicker,level1,7.6543
2,marbles,motion_noise_level1,dlss_rr_level1,1,motion_noise,level1,dlss_rr,level1,17.3584
2,bistro_exterior,duration_flicker_level2,duration_flicker_level0,0,duration_flicker,level2,duration_flicker,level0,19.7441
2,subway,reference,temporal-resolution-multiplexing_level0,0,reference,reference,temporal-resolution-multiplexing,level0,16.5417
2,pink_room,noise_colors_level0,motion_noise_level1,0,noise_colors,level0,motion_noise,level1,10.5793
2,landscape,noise_colors_level2,temporal-resolution-multiplexing_level2,0,noise_colors,level2,temporal-resolution-multiplexing,level2,7.4418
2,pink_room,motion_resolution_level1,temporal-resolution-multiplexing_level2,1,motion_resolution,level1,temporal-resolution-multiplexing,level2,15.2927
2,classroom,duration_flicker_level2,duration_flicker_level0,0,duration_flicker,level2,duration_flicker,level0,12.2001
2,zeroday,dlss_rr_level1,duration_flicker_level0,0,dlss_rr,level1,duration_flicker,level0,13.9421
2,classroom,judder_level2,restir_level0,0,judder,level2,restir,level0,11.3709
2,bistro_interior,motion_resolution_level2,restir_level2,0,motion_resolution,level2,restir,level2,6.3209
2,subway,judder_level2,stutter_level2,1,judder,level2,stutter,level2,11.3667
2,subway,motion_resolution_level0,dlss_rr_level0,1,motion_resolution,level0,dlss_rr,level0,12.5258
2,marbles,motion_noise_level2,temporal-resolution-multiplexing_level1,0,motion_noise,level2,temporal-resolution-multiplexing,level1,4.2299
2,attic,noise_colors_level0,motion_resolution_level0,1,noise_colors,level0,motion_resolution,level0,19.0524
2,pink_room,restir_level2,dlss_rr_level0,0,restir,level2,dlss_rr,level0,3.2917
2,landscape,temporal-resolution-multiplexing_level1,motion_resolution_level0,1,temporal-resolution-multiplexing,level1,motion_resolution,level0,14.5417
2,subway,temporal-resolution-multiplexing_level1,motion_noise_level1,1,temporal-resolution-multiplexing,level1,motion_noise,level1,3.5253
2,landscape,noise_colors_level0,judder_level1,1,noise_colors,level0,judder,level1,13.9876
2,pink_room,dlss_rr_level0,duration_flicker_level0,1,dlss_rr,level0,duration_flicker,level0,7.6710
2,subway,restir_level2,restir_level1,0,restir,level2,restir,level1,13.8417
2,bistro_interior,stutter_level2,restir_level0,0,stutter,level2,restir,level0,3.3962
2,landscape,motion_noise_level2,restir_level2,0,motion_noise,level2,restir,level2,5.6834
2,bistro_interior,motion_noise_level2,motion_noise_level1,0,motion_noise,level2,motion_noise,level1,14.4834
2,marbles,dlss_rr_level0,restir_level0,1,dlss_rr,level0,restir,level0,16.2895
2,zeroday,dlss_rr_level0,temporal-resolution-multiplexing_level1,0,dlss_rr,level0,temporal-resolution-multiplexing,level1,11.3137
2,zeroday,motion_noise_level2,temporal-resolution-multiplexing_level0,0,motion_noise,level2,temporal-resolution-multiplexing,level0,3.2879
2,bistro_exterior,judder_level1,stutter_level1,0,judder,level1,stutter,level1,10.6888
2,marbles,reference,noise_colors_level0,0,reference,reference,noise_colors,level0,12.3555
2,subway,dlss_rr_level0,duration_flicker_level1,0,dlss_rr,level0,duration_flicker,level1,9.4375
2,subway,judder_level0,stutter_level0,1,judder,level0,stutter,level0,11.7584
2,bistro_interior,duration_flicker_level1,judder_level1,1,duration_flicker,level1,judder,level1,5.1167
2,bistro_interior,motion_noise_level1,judder_level1,1,motion_noise,level1,judder,level1,2.9250
2,zeroday,duration_flicker_level2,restir_level0,0,duration_flicker,level2,restir,level0,7.2750
2,subway,motion_noise_level1,motion_noise_level0,0,motion_noise,level1,motion_noise,level0,7.0250
2,landscape,judder_level2,noise_colors_level2,0,judder,level2,noise_colors,level2,3.8044
2,classroom,judder_level0,duration_flicker_level0,1,judder,level0,duration_flicker,level0,6.4625
2,landscape,noise_colors_level2,dlss_rr_level1,0,noise_colors,level2,dlss_rr,level1,8.4292
2,landscape,stutter_level1,motion_noise_level1,0,stutter,level1,motion_noise,level1,7.2592
2,subway,judder_level2,restir_level0,1,judder,level2,restir,level0,2.4376
2,bistro_exterior,judder_level2,dlss_rr_level2,1,judder,level2,dlss_rr,level2,4.7084
2,marbles,dlss_rr_level1,noise_colors_level1,1,dlss_rr,level1,noise_colors,level1,4.0083
2,landscape,stutter_level0,judder_level0,0,stutter,level0,judder,level0,6.2922
2,bistro_interior,temporal-resolution-multiplexing_level2,duration_flicker_level2,0,temporal-resolution-multiplexing,level2,duration_flicker,level2,2.4125
2,bistro_exterior,restir_level2,judder_level1,0,restir,level2,judder,level1,7.5212
2,subway,motion_resolution_level2,motion_noise_level1,0,motion_resolution,level2,motion_noise,level1,5.4168
2,marbles,dlss_rr_level2,noise_colors_level2,1,dlss_rr,level2,noise_colors,level2,6.8667
2,zeroday,judder_level0,stutter_level1,0,judder,level0,stutter,level1,10.1459
2,subway,dlss_rr_level0,judder_level0,0,dlss_rr,level0,judder,level0,10.8292
2,bistro_exterior,motion_noise_level2,judder_level0,0,motion_noise,level2,judder,level0,10.4042
2,bistro_interior,reference,temporal-resolution-multiplexing_level0,0,reference,reference,temporal-resolution-multiplexing,level0,3.9667
2,marbles,restir_level1,duration_flicker_level2,1,restir,level1,duration_flicker,level2,3.2000
2,marbles,duration_flicker_level0,judder_level1,0,duration_flicker,level0,judder,level1,3.1750
2,bistro_interior,dlss_rr_level1,temporal-resolution-multiplexing_level2,0,dlss_rr,level1,temporal-resolution-multiplexing,level2,3.3542
2,pink_room,motion_resolution_level1,motion_resolution_level2,1,motion_resolution,level1,motion_resolution,level2,16.7625
2,marbles,temporal-resolution-multiplexing_level1,stutter_level1,1,temporal-resolution-multiplexing,level1,stutter,level1,15.8302
2,bistro_exterior,duration_flicker_level0,restir_level2,1,duration_flicker,level0,restir,level2,1.6000
2,bistro_interior,duration_flicker_level0,stutter_level0,1,duration_flicker,level0,stutter,level0,7.9543
2,zeroday,temporal-resolution-multiplexing_level1,stutter_level0,0,temporal-resolution-multiplexing,level1,stutter,level0,10.9542
2,classroom,motion_noise_level0,duration_flicker_level0,1,motion_noise,level0,duration_flicker,level0,2.8917
2,bistro_exterior,dlss_rr_level1,motion_noise_level2,1,dlss_rr,level1,motion_noise,level2,2.2709
2,landscape,dlss_rr_level0,dlss_rr_level1,0,dlss_rr,level0,dlss_rr,level1,10.8375
2,bistro_exterior,motion_resolution_level1,dlss_rr_level0,0,motion_resolution,level1,dlss_rr,level0,2.9463
2,pink_room,stutter_level0,motion_noise_level0,0,stutter,level0,motion_noise,level0,13.4667
2,bistro_exterior,stutter_level0,noise_colors_level0,0,stutter,level0,noise_colors,level0,12.8167
2,bistro_interior,stutter_level0,duration_flicker_level1,0,stutter,level0,duration_flicker,level1,6.8417
2,bistro_exterior,dlss_rr_level0,duration_flicker_level0,0,dlss_rr,level0,duration_flicker,level0,4.8757
2,pink_room,dlss_rr_level0,temporal-resolution-multiplexing_level1,0,dlss_rr,level0,temporal-resolution-multiplexing,level1,7.5042
2,marbles,temporal-resolution-multiplexing_level1,duration_flicker_level0,1,temporal-resolution-multiplexing,level1,duration_flicker,level0,6.7508
2,bistro_exterior,judder_level2,motion_resolution_level1,1,judder,level2,motion_resolution,level1,2.8375
2,subway,motion_resolution_level1,duration_flicker_level1,1,motion_resolution,level1,duration_flicker,level1,4.3584
2,pink_room,motion_noise_level0,motion_noise_level1,0,motion_noise,level0,motion_noise,level1,3.9630
2,bistro_interior,stutter_level2,dlss_rr_level2,0,stutter,level2,dlss_rr,level2,6.7292
2,attic,dlss_rr_level2,stutter_level2,0,dlss_rr,level2,stutter,level2,3.4334
2,landscape,duration_flicker_level1,duration_flicker_level0,0,duration_flicker,level1,duration_flicker,level0,12.1459
2,zeroday,dlss_rr_level1,dlss_rr_level2,1,dlss_rr,level1,dlss_rr,level2,6.1292
2,bistro_interior,noise_colors_level1,duration_flicker_level1,1,noise_colors,level1,duration_flicker,level1,4.5334
2,bistro_interior,temporal-resolution-multiplexing_level1,noise_colors_level1,0,temporal-resolution-multiplexing,level1,noise_colors,level1,8.6500
2,attic,duration_flicker_level2,temporal-resolution-multiplexing_level1,0,duration_flicker,level2,temporal-resolution-multiplexing,level1,4.1501
2,bistro_exterior,dlss_rr_level0,motion_noise_level2,0,dlss_rr,level0,motion_noise,level2,4.0132
2,classroom,temporal-resolution-multiplexing_level1,restir_level1,1,temporal-resolution-multiplexing,level1,restir,level1,7.5753
2,bistro_interior,motion_resolution_level1,motion_resolution_level0,0,motion_resolution,level1,motion_resolution,level0,9.5470
2,landscape,judder_level0,stutter_level1,0,judder,level0,stutter,level1,6.6921
2,marbles,duration_flicker_level1,judder_level2,0,duration_flicker,level1,judder,level2,3.4214
2,attic,duration_flicker_level1,dlss_rr_level0,0,duration_flicker,level1,dlss_rr,level0,6.2464
2,pink_room,dlss_rr_level0,dlss_rr_level2,1,dlss_rr,level0,dlss_rr,level2,8.4504
2,bistro_interior,duration_flicker_level0,temporal-resolution-multiplexing_level0,0,duration_flicker,level0,temporal-resolution-multiplexing,level0,8.6250
2,zeroday,reference,stutter_level1,0,reference,reference,stutter,level1,10.5838
2,marbles,temporal-resolution-multiplexing_level0,reference,0,temporal-resolution-multiplexing,level0,reference,reference,8.7084
2,marbles,motion_resolution_level1,motion_resolution_level2,1,motion_resolution,level1,motion_resolution,level2,2.7334
2,attic,dlss_rr_level0,stutter_level2,0,dlss_rr,level0,stutter,level2,3.4670
2,landscape,judder_level0,judder_level1,0,judder,level0,judder,level1,6.4549
2,marbles,duration_flicker_level1,stutter_level2,0,duration_flicker,level1,stutter,level2,4.2959
2,subway,motion_noise_level2,noise_colors_level2,1,motion_noise,level2,noise_colors,level2,4.6292
2,marbles,motion_resolution_level1,temporal-resolution-multiplexing_level2,0,motion_resolution,level1,temporal-resolution-multiplexing,level2,7.1968
2,bistro_exterior,motion_noise_level0,judder_level0,0,motion_noise,level0,judder,level0,9.9305
2,classroom,dlss_rr_level0,dlss_rr_level1,0,dlss_rr,level0,dlss_rr,level1,15.8125
2,classroom,noise_colors_level0,restir_level0,0,noise_colors,level0,restir,level0,12.6917
2,landscape,temporal-resolution-multiplexing_level0,motion_noise_level2,0,temporal-resolution-multiplexing,level0,motion_noise,level2,9.7376
2,marbles,restir_level2,motion_resolution_level0,0,restir,level2,motion_resolution,level0,6.2417
2,bistro_interior,motion_resolution_level1,motion_resolution_level2,1,motion_resolution,level1,motion_resolution,level2,22.7459
2,bistro_exterior,noise_colors_level0,motion_noise_level0,1,noise_colors,level0,motion_noise,level0,13.1837
2,landscape,stutter_level2,motion_resolution_level2,1,stutter,level2,motion_resolution,level2,3.8835
2,pink_room,dlss_rr_level0,noise_colors_level1,1,dlss_rr,level0,noise_colors,level1,9.2625
2,bistro_exterior,judder_level0,temporal-resolution-multiplexing_level0,0,judder,level0,temporal-resolution-multiplexing,level0,8.7675
2,marbles,temporal-resolution-multiplexing_level0,restir_level0,0,temporal-resolution-multiplexing,level0,restir,level0,20.1316
2,attic,duration_flicker_level2,motion_resolution_level2,1,duration_flicker,level2,motion_resolution,level2,2.4545
2,pink_room,motion_noise_level2,motion_noise_level1,1,motion_noise,level2,motion_noise,level1,6.6709
2,classroom,motion_noise_level2,duration_flicker_level2,1,motion_noise,level2,duration_flicker,level2,2.6917
2,marbles,temporal-resolution-multiplexing_level1,duration_flicker_level2,1,temporal-resolution-multiplexing,level1,duration_flicker,level2,2.0042
2,attic,motion_noise_level1,judder_level2,1,motion_noise,level1,judder,level2,11.2792
2,zeroday,judder_level2,temporal-resolution-multiplexing_level1,1,judder,level2,temporal-resolution-multiplexing,level1,10.9000
2,landscape,duration_flicker_level0,noise_colors_level2,0,duration_flicker,level0,noise_colors,level2,2.3125
2,subway,stutter_level1,reference,0,stutter,level1,reference,reference,9.3417
2,pink_room,restir_level0,restir_level1,0,restir,level0,restir,level1,13.4084
2,attic,judder_level0,stutter_level1,0,judder,level0,stutter,level1,7.3750
2,attic,restir_level0,stutter_level2,0,restir,level0,stutter,level2,3.5584
2,marbles,stutter_level0,dlss_rr_level1,0,stutter,level0,dlss_rr,level1,7.4084
2,classroom,motion_resolution_level1,motion_noise_level2,0,motion_resolution,level1,motion_noise,level2,3.9334
2,bistro_exterior,restir_level1,motion_noise_level2,0,restir,level1,motion_noise,level2,10.4265
2,landscape,duration_flicker_level2,dlss_rr_level1,0,duration_flicker,level2,dlss_rr,level1,2.2042
2,marbles,restir_level1,stutter_level2,1,restir,level1,stutter,level2,4.3167
2,pink_room,motion_noise_level2,judder_level2,0,motion_noise,level2,judder,level2,11.3167
2,bistro_exterior,stutter_level0,reference,0,stutter,level0,reference,reference,5.4129
2,subway,noise_colors_level0,dlss_rr_level0,1,noise_colors,level0,dlss_rr,level0,5.1878
2,bistro_interior,noise_colors_level1,stutter_level1,1,noise_colors,level1,stutter,level1,2.8045
2,bistro_exterior,motion_noise_level2,duration_flicker_level1,1,motion_noise,level2,duration_flicker,level1,4.0667
2,bistro_interior,motion_noise_level0,duration_flicker_level2,1,motion_noise,level0,duration_flicker,level2,7.4500
2,pink_room,motion_noise_level0,reference,1,motion_noise,level0,reference,reference,8.7167
2,bistro_exterior,dlss_rr_level0,motion_resolution_level0,1,dlss_rr,level0,motion_resolution,level0,1.8043
2,classroom,stutter_level1,judder_level0,0,stutter,level1,judder,level0,4.5334
2,subway,dlss_rr_level0,noise_colors_level1,0,dlss_rr,level0,noise_colors,level1,9.4292
2,subway,judder_level1,motion_resolution_level1,1,judder,level1,motion_resolution,level1,1.5209
2,marbles,motion_resolution_level0,noise_colors_level1,0,motion_resolution,level0,noise_colors,level1,4.4631
2,landscape,stutter_level1,restir_level1,0,stutter,level1,restir,level1,10.6584
2,zeroday,stutter_level0,motion_noise_level0,0,stutter,level0,motion_noise,level0,12.4375
2,zeroday,duration_flicker_level0,dlss_rr_level0,1,duration_flicker,level0,dlss_rr,level0,15.3917
2,classroom,motion_resolution_level1,restir_level1,0,motion_resolution,level1,restir,level1,2.0375
2,attic,stutter_level1,noise_colors_level0,0,stutter,level1,noise_colors,level0,7.7917
2,classroom,noise_colors_level2,motion_resolution_level1,1,noise_colors,level2,motion_resolution,level1,6.4917
2,zeroday,temporal-resolution-multiplexing_level1,noise_colors_level0,0,temporal-resolution-multiplexing,level1,noise_colors,level0,6.5750
2,classroom,reference,noise_colors_level0,1,reference,reference,noise_colors,level0,6.7625
2,attic,temporal-resolution-multiplexing_level2,motion_resolution_level2,1,temporal-resolution-multiplexing,level2,motion_resolution,level2,2.2917
2,marbles,dlss_rr_level1,temporal-resolution-multiplexing_level1,1,dlss_rr,level1,temporal-resolution-multiplexing,level1,7.1751
2,marbles,restir_level0,judder_level0,1,restir,level0,judder,level0,4.5088
2,landscape,restir_level0,stutter_level1,0,restir,level0,stutter,level1,5.5341
2,attic,judder_level1,judder_level2,0,judder,level1,judder,level2,4.4125
2,bistro_exterior,dlss_rr_level2,temporal-resolution-multiplexing_level2,1,dlss_rr,level2,temporal-resolution-multiplexing,level2,8.2542
2,bistro_exterior,motion_noise_level0,motion_noise_level1,1,motion_noise,level0,motion_noise,level1,9.7597
2,attic,temporal-resolution-multiplexing_level0,judder_level2,1,temporal-resolution-multiplexing,level0,judder,level2,3.0667
2,classroom,dlss_rr_level2,dlss_rr_level1,1,dlss_rr,level2,dlss_rr,level1,6.4715
2,zeroday,duration_flicker_level2,dlss_rr_level2,0,duration_flicker,level2,dlss_rr,level2,2.7667
2,zeroday,motion_resolution_level1,motion_resolution_level2,1,motion_resolution,level1,motion_resolution,level2,1.8959
2,landscape,motion_noise_level0,restir_level1,0,motion_noise,level0,restir,level1,4.6250
2,bistro_exterior,motion_resolution_level2,dlss_rr_level2,0,motion_resolution,level2,dlss_rr,level2,2.6250
2,pink_room,temporal-resolution-multiplexing_level1,motion_noise_level2,0,temporal-resolution-multiplexing,level1,motion_noise,level2,3.0250
2,pink_room,judder_level2,restir_level0,0,judder,level2,restir,level0,2.9875
2,bistro_interior,duration_flicker_level2,motion_noise_level1,1,duration_flicker,level2,motion_noise,level1,3.0129
2,zeroday,temporal-resolution-multiplexing_level1,noise_colors_level2,1,temporal-resolution-multiplexing,level1,noise_colors,level2,6.0042
2,subway,temporal-resolution-multiplexing_level2,stutter_level2,0,temporal-resolution-multiplexing,level2,stutter,level2,2.4334
2,landscape,motion_resolution_level2,duration_flicker_level0,0,motion_resolution,level2,duration_flicker,level0,1.7125
2,pink_room,motion_resolution_level1,noise_colors_level2,0,motion_resolution,level1,noise_colors,level2,2.1834
2,classroom,duration_flicker_level0,duration_flicker_level1,1,duration_flicker,level0,duration_flicker,level1,9.3628
2,attic,motion_noise_level2,temporal-resolution-multiplexing_level0,0,motion_noise,level2,temporal-resolution-multiplexing,level0,13.8214
2,subway,motion_noise_level2,duration_flicker_level2,0,motion_noise,level2,duration_flicker,level2,3.1375
2,bistro_exterior,motion_resolution_level2,stutter_level2,0,motion_resolution,level2,stutter,level2,1.8543
2,bistro_exterior,duration_flicker_level0,noise_colors_level1,0,duration_flicker,level0,noise_colors,level1,3.8337
2,zeroday,dlss_rr_level1,motion_noise_level1,1,dlss_rr,level1,motion_noise,level1,9.8470
2,pink_room,motion_resolution_level0,dlss_rr_level0,1,motion_resolution,level0,dlss_rr,level0,4.0506
2,zeroday,stutter_level2,restir_level2,1,stutter,level2,restir,level2,1.2917
2,zeroday,judder_level1,temporal-resolution-multiplexing_level1,0,judder,level1,temporal-resolution-multiplexing,level1,10.1542
2,subway,duration_flicker_level1,motion_noise_level1,0,duration_flicker,level1,motion_noise,level1,3.7751
2,bistro_exterior,noise_colors_level2,motion_resolution_level1,1,noise_colors,level2,motion_resolution,level1,3.4750
2,attic,motion_noise_level0,stutter_level1,1,motion_noise,level0,stutter,level1,10.3421
2,landscape,motion_resolution_level2,motion_resolution_level1,0,motion_resolution,level2,motion_resolution,level1,1.4125
2,zeroday,restir_level2,motion_resolution_level2,1,restir,level2,motion_resolution,level2,2.4542
2,landscape,motion_noise_level2,restir_level0,0,motion_noise,level2,restir,level0,1.8917
2,subway,judder_level2,temporal-resolution-multiplexing_level1,1,judder,level2,temporal-resolution-multiplexing,level1,3.4917
2,pink_room,motion_noise_level2,stutter_level2,1,motion_noise,level2,stutter,level2,2.7963
2,zeroday,noise_colors_level1,dlss_rr_level1,0,noise_colors,level1,dlss_rr,level1,7.9667
2,attic,reference,motion_resolution_level0,1,reference,reference,motion_resolution,level0,6.2167
2,bistro_interior,stutter_level0,noise_colors_level0,0,stutter,level0,noise_colors,level0,2.1167
2,classroom,dlss_rr_level0,noise_colors_level1,1,dlss_rr,level0,noise_colors,level1,7.4917
2,classroom,judder_level2,stutter_level0,0,judder,level2,stutter,level0,2.1667
2,subway,stutter_level1,motion_resolution_level0,1,stutter,level1,motion_resolution,level0,6.1960
2,bistro_exterior,restir_level0,noise_colors_level0,0,restir,level0,noise_colors,level0,5.2550
2,classroom,stutter_level2,motion_noise_level2,0,stutter,level2,motion_noise,level2,1.8920
2,subway,dlss_rr_level1,motion_noise_level1,0,dlss_rr,level1,motion_noise,level1,6.3292
2,pink_room,duration_flicker_level1,dlss_rr_level2,0,duration_flicker,level1,dlss_rr,level2,2.6417
2,pink_room,stutter_level1,judder_level2,0,stutter,level1,judder,level2,5.0423
2,landscape,noise_colors_level1,noise_colors_level2,0,noise_colors,level1,noise_colors,level2,1.9542
2,landscape,temporal-resolution-multiplexing_level1,dlss_rr_level2,0,temporal-resolution-multiplexing,level1,dlss_rr,level2,7.1375
2,classroom,restir_level0,temporal-resolution-multiplexing_level0,0,restir,level0,temporal-resolution-multiplexing,level0,10.9418
2,marbles,dlss_rr_level2,motion_resolution_level1,1,dlss_rr,level2,motion_resolution,level1,4.0715
2,classroom,motion_resolution_level1,restir_level2,0,motion_resolution,level1,restir,level2,1.3750
2,landscape,restir_level0,temporal-resolution-multiplexing_level1,0,restir,level0,temporal-resolution-multiplexing,level1,6.4875
2,landscape,motion_noise_level2,reference,0,motion_noise,level2,reference,reference,9.2800
2,zeroday,stutter_level2,restir_level1,0,stutter,level2,restir,level1,9.6334
2,landscape,noise_colors_level2,temporal-resolution-multiplexing_level1,0,noise_colors,level2,temporal-resolution-multiplexing,level1,6.2758
2,pink_room,temporal-resolution-multiplexing_level0,restir_level0,1,temporal-resolution-multiplexing,level0,restir,level0,4.9917
2,attic,judder_level2,noise_colors_level1,0,judder,level2,noise_colors,level1,6.7800
2,marbles,stutter_level0,dlss_rr_level0,0,stutter,level0,dlss_rr,level0,7.5625
2,subway,judder_level1,duration_flicker_level0,1,judder,level1,duration_flicker,level0,7.9042
2,subway,motion_resolution_level2,restir_level1,1,motion_resolution,level2,restir,level1,3.2087
2,bistro_interior,temporal-resolution-multiplexing_level2,restir_level1,1,temporal-resolution-multiplexing,level2,restir,level1,4.1542
2,marbles,noise_colors_level2,restir_level2,0,noise_colors,level2,restir,level2,7.2885
2,bistro_interior,stutter_level2,noise_colors_level2,0,stutter,level2,noise_colors,level2,2.0042
2,bistro_interior,dlss_rr_level2,restir_level2,1,dlss_rr,level2,restir,level2,4.0751
2,zeroday,duration_flicker_level2,duration_flicker_level1,1,duration_flicker,level2,duration_flicker,level1,14.1727
2,classroom,motion_resolution_level0,dlss_rr_level1,0,motion_resolution,level0,dlss_rr,level1,2.0167
2,bistro_interior,judder_level0,duration_flicker_level1,0,judder,level0,duration_flicker,level1,3.7292
2,zeroday,motion_noise_level2,judder_level1,0,motion_noise,level2,judder,level1,3.3792
2,subway,dlss_rr_level2,motion_noise_level1,0,dlss_rr,level2,motion_noise,level1,5.2667
2,pink_room,motion_noise_level1,judder_level0,0,motion_noise,level1,judder,level0,5.1792
2,subway,temporal-resolution-multiplexing_level2,duration_flicker_level2,0,temporal-resolution-multiplexing,level2,duration_flicker,level2,1.9542
2,bistro_interior,judder_level2,judder_level0,0,judder,level2,judder,level0,4.7834
2,pink_room,noise_colors_level2,duration_flicker_level1,1,noise_colors,level2,duration_flicker,level1,2.5167
2,attic,motion_resolution_level1,noise_colors_level2,0,motion_resolution,level1,noise_colors,level2,2.8792
2,bistro_interior,noise_colors_level2,dlss_rr_level0,1,noise_colors,level2,dlss_rr,level0,2.2042
2,classroom,judder_level2,motion_resolution_level0,1,judder,level2,motion_resolution,level0,4.1000
2,classroom,motion_resolution_level2,noise_colors_level2,0,motion_resolution,level2,noise_colors,level2,1.8459
2,marbles,dlss_rr_level1,motion_noise_level0,0,dlss_rr,level1,motion_noise,level0,7.5625
2,attic,dlss_rr_level1,stutter_level2,0,dlss_rr,level1,stutter,level2,1.9834
2,zeroday,temporal-resolution-multiplexing_level2,restir_level2,0,temporal-resolution-multiplexing,level2,restir,level2,3.8083
2,attic,dlss_rr_level1,temporal-resolution-multiplexing_level2,1,dlss_rr,level1,temporal-resolution-multiplexing,level2,2.6252
2,zeroday,stutter_level0,judder_level0,1,stutter,level0,judder,level0,5.0417
2,classroom,dlss_rr_level1,duration_flicker_level0,1,dlss_rr,level1,duration_flicker,level0,2.3917
2,zeroday,duration_flicker_level2,stutter_level2,1,duration_flicker,level2,stutter,level2,11.2750
2,classroom,temporal-resolution-multiplexing_level2,restir_level2,0,temporal-resolution-multiplexing,level2,restir,level2,2.5251
2,bistro_interior,restir_level2,restir_level1,0,restir,level2,restir,level1,4.9792
2,zeroday,duration_flicker_level2,motion_resolution_level0,0,duration_flicker,level2,motion_resolution,level0,2.2042
2,attic,motion_noise_level0,judder_level2,0,motion_noise,level0,judder,level2,5.5709
2,classroom,motion_noise_level1,motion_resolution_level0,0,motion_noise,level1,motion_resolution,level0,2.5459
2,classroom,judder_level1,duration_flicker_level0,1,judder,level1,duration_flicker,level0,3.6292
2,pink_room,dlss_rr_level1,duration_flicker_level2,1,dlss_rr,level1,duration_flicker,level2,2.9042
2,attic,duration_flicker_level1,temporal-resolution-multiplexing_level0,0,duration_flicker,level1,temporal-resolution-multiplexing,level0,2.9500
2,attic,stutter_level0,judder_level2,1,stutter,level0,judder,level2,9.2053
2,pink_room,judder_level1,reference,0,judder,level1,reference,reference,4.8750
2,attic,temporal-resolution-multiplexing_level2,restir_level2,0,temporal-resolution-multiplexing,level2,restir,level2,2.4460
2,attic,duration_flicker_level0,duration_flicker_level1,0,duration_flicker,level0,duration_flicker,level1,7.2709
2,attic,stutter_level2,restir_level1,1,stutter,level2,restir,level1,2.0000
2,attic,noise_colors_level2,duration_flicker_level1,0,noise_colors,level2,duration_flicker,level1,5.8300
3,marbles,motion_resolution_level1,motion_resolution_level2,1,motion_resolution,level1,motion_resolution,level2,9.5099
3,classroom,noise_colors_level0,dlss_rr_level1,1,noise_colors,level0,dlss_rr,level1,36.1588
3,landscape,motion_noise_level1,stutter_level0,1,motion_noise,level1,stutter,level0,12.3387
3,marbles,noise_colors_level2,duration_flicker_level2,0,noise_colors,level2,duration_flicker,level2,6.5460
3,pink_room,temporal-resolution-multiplexing_level1,stutter_level1,1,temporal-resolution-multiplexing,level1,stutter,level1,7.3134
3,zeroday,motion_noise_level1,duration_flicker_level0,1,motion_noise,level1,duration_flicker,level0,9.4555
3,bistro_exterior,duration_flicker_level0,duration_flicker_level1,0,duration_flicker,level0,duration_flicker,level1,5.3591
3,attic,stutter_level2,duration_flicker_level2,1,stutter,level2,duration_flicker,level2,3.3126
3,marbles,stutter_level0,temporal-resolution-multiplexing_level1,1,stutter,level0,temporal-resolution-multiplexing,level1,6.2426
3,marbles,judder_level2,motion_noise_level2,1,judder,level2,motion_noise,level2,6.9003
3,pink_room,duration_flicker_level1,motion_resolution_level1,1,duration_flicker,level1,motion_resolution,level1,11.4013
3,bistro_exterior,reference,noise_colors_level0,0,reference,reference,noise_colors,level0,7.3125
3,bistro_interior,restir_level2,motion_resolution_level0,0,restir,level2,motion_resolution,level0,3.8542
3,pink_room,stutter_level0,reference,0,stutter,level0,reference,reference,7.6459
3,marbles,motion_noise_level0,motion_noise_level1,0,motion_noise,level0,motion_noise,level1,6.3135
3,landscape,motion_resolution_level0,judder_level2,1,motion_resolution,level0,judder,level2,5.0504
3,zeroday,stutter_level2,dlss_rr_level2,1,stutter,level2,dlss_rr,level2,2.3000
3,zeroday,motion_resolution_level1,motion_resolution_level2,1,motion_resolution,level1,motion_resolution,level2,6.7917
3,bistro_exterior,noise_colors_level1,dlss_rr_level1,1,noise_colors,level1,dlss_rr,level1,5.3667
3,subway,stutter_level1,reference,1,stutter,level1,reference,reference,7.5876
3,subway,stutter_level2,dlss_rr_level0,1,stutter,level2,dlss_rr,level0,6.8292
3,bistro_exterior,judder_level2,restir_level2,1,judder,level2,restir,level2,5.3209
3,marbles,judder_level1,judder_level2,1,judder,level1,judder,level2,12.5016
3,bistro_interior,motion_resolution_level1,stutter_level2,0,motion_resolution,level1,stutter,level2,1.8584
3,bistro_interior,reference,temporal-resolution-multiplexing_level0,1,reference,reference,temporal-resolution-multiplexing,level0,7.5792
3,attic,motion_noise_level1,stutter_level0,1,motion_noise,level1,stutter,level0,6.1377
3,subway,motion_resolution_level2,duration_flicker_level1,0,motion_resolution,level2,duration_flicker,level1,3.8875
3,attic,duration_flicker_level2,restir_level1,1,duration_flicker,level2,restir,level1,3.2671
3,landscape,stutter_level2,duration_flicker_level2,0,stutter,level2,duration_flicker,level2,1.7625
3,pink_room,stutter_level0,temporal-resolution-multiplexing_level0,0,stutter,level0,temporal-resolution-multiplexing,level0,3.3709
3,subway,restir_level0,restir_level2,1,restir,level0,restir,level2,3.6417
3,landscape,duration_flicker_level0,dlss_rr_level0,0,duration_flicker,level0,dlss_rr,level0,3.0500
3,subway,restir_level1,dlss_rr_level2,0,restir,level1,dlss_rr,level2,1.3042
3,landscape,duration_flicker_level1,restir_level0,0,duration_flicker,level1,restir,level0,2.1334
3,subway,duration_flicker_level2,temporal-resolution-multiplexing_level1,1,duration_flicker,level2,temporal-resolution-multiplexing,level1,5.0959
3,zeroday,temporal-resolution-multiplexing_level2,motion_resolution_level1,1,temporal-resolution-multiplexing,level2,motion_resolution,level1,4.7500
3,landscape,duration_flicker_level1,duration_flicker_level2,1,duration_flicker,level1,duration_flicker,level2,9.0959
3,classroom,motion_resolution_level2,motion_resolution_level1,0,motion_resolution,level2,motion_resolution,level1,1.2209
3,landscape,stutter_level0,judder_level0,0,stutter,level0,judder,level0,5.4875
3,bistro_exterior,temporal-resolution-multiplexing_level2,motion_resolution_level2,1,temporal-resolution-multiplexing,level2,motion_resolution,level2,2.5417
3,marbles,judder_level2,judder_level0,0,judder,level2,judder,level0,4.4543
3,bistro_exterior,motion_resolution_level0,judder_level2,0,motion_resolution,level0,judder,level2,3.2055
3,marbles,restir_level0,noise_colors_level0,0,restir,level0,noise_colors,level0,5.0711
3,zeroday,noise_colors_level2,judder_level0,1,noise_colors,level2,judder,level0,8.8459
3,bistro_exterior,noise_colors_level2,dlss_rr_level1,0,noise_colors,level2,dlss_rr,level1,3.9215
3,attic,motion_noise_level1,motion_resolution_level0,1,motion_noise,level1,motion_resolution,level0,9.5886
3,zeroday,motion_noise_level1,judder_level2,1,motion_noise,level1,judder,level2,7.0209
3,pink_room,restir_level1,judder_level2,0,restir,level1,judder,level2,7.2750
3,bistro_interior,temporal-resolution-multiplexing_level1,temporal-resolution-multiplexing_level2,1,temporal-resolution-multiplexing,level1,temporal-resolution-multiplexing,level2,1.3375
3,bistro_exterior,dlss_rr_level1,judder_level2,0,dlss_rr,level1,judder,level2,5.4125
3,pink_room,noise_colors_level1,temporal-resolution-multiplexing_level1,1,noise_colors,level1,temporal-resolution-multiplexing,level1,5.3754
3,bistro_exterior,restir_level0,stutter_level0,0,restir,level0,stutter,level0,4.4798
3,zeroday,duration_flicker_level1,judder_level0,0,duration_flicker,level1,judder,level0,4.4500
3,classroom,duration_flicker_level0,restir_level2,1,duration_flicker,level0,restir,level2,1.8334
3,zeroday,judder_level0,duration_flicker_level0,1,judder,level0,duration_flicker,level0,5.0500
3,landscape,motion_noise_level2,judder_level2,0,motion_noise,level2,judder,level2,4.4084
3,attic,noise_colors_level0,judder_level0,0,noise_colors,level0,judder,level0,5.6750
3,pink_room,noise_colors_level2,restir_level2,1,noise_colors,level2,restir,level2,2.6917
3,marbles,judder_level0,temporal-resolution-multiplexing_level0,0,judder,level0,temporal-resolution-multiplexing,level0,2.1794
3,subway,dlss_rr_level1,motion_resolution_level2,1,dlss_rr,level1,motion_resolution,level2,1.6250
3,marbles,duration_flicker_level0,stutter_level2,0,duration_flicker,level0,stutter,level2,6.1467
3,classroom,motion_resolution_level1,duration_flicker_level2,0,motion_resolution,level1,duration_flicker,level2,7.7709
3,subway,restir_level0,temporal-resolution-multiplexing_level2,1,restir,level0,temporal-resolution-multiplexing,level2,4.3542
3,marbles,motion_resolution_level0,stutter_level2,1,motion_resolution,level0,stutter,level2,5.1337
3,zeroday,dlss_rr_level0,dlss_rr_level2,1,dlss_rr,level0,dlss_rr,level2,4.6630
3,bistro_interior,dlss_rr_level2,motion_resolution_level0,1,dlss_rr,level2,motion_resolution,level0,2.6625
3,bistro_exterior,noise_colors_level1,restir_level1,1,noise_colors,level1,restir,level1,6.3843
3,attic,restir_level0,duration_flicker_level0,0,restir,level0,duration_flicker,level0,2.3545
3,landscape,restir_level1,stutter_level0,0,restir,level1,stutter,level0,2.1500
3,subway,judder_level1,stutter_level1,1,judder,level1,stutter,level1,6.1917
3,bistro_exterior,dlss_rr_level1,motion_resolution_level1,1,dlss_rr,level1,motion_resolution,level1,1.2834
3,marbles,duration_flicker_level0,noise_colors_level1,0,duration_flicker,level0,noise_colors,level1,6.3467
3,landscape,stutter_level0,motion_noise_level0,0,stutter,level0,motion_noise,level0,1.7209
3,marbles,stutter_level1,noise_colors_level1,1,stutter,level1,noise_colors,level1,6.5750
3,bistro_exterior,motion_resolution_level0,temporal-resolution-multiplexing_level1,0,motion_resolution,level0,temporal-resolution-multiplexing,level1,3.1750
3,bistro_interior,judder_level2,motion_noise_level2,0,judder,level2,motion_noise,level2,4.6000
3,pink_room,judder_level1,temporal-resolution-multiplexing_level0,0,judder,level1,temporal-resolution-multiplexing,level0,5.0208
3,bistro_exterior,stutter_level2,temporal-resolution-multiplexing_level2,0,stutter,level2,temporal-resolution-multiplexing,level2,3.3750
3,bistro_exterior,dlss_rr_level2,duration_flicker_level2,0,dlss_rr,level2,duration_flicker,level2,4.6667
3,zeroday,restir_level2,noise_colors_level1,0,restir,level2,noise_colors,level1,3.6959
3,marbles,temporal-resolution-multiplexing_level0,restir_level0,0,temporal-resolution-multiplexing,level0,restir,level0,5.0375
3,marbles,duration_flicker_level2,stutter_level2,0,duration_flicker,level2,stutter,level2,2.8750
3,bistro_interior,dlss_rr_level2,dlss_rr_level0,0,dlss_rr,level2,dlss_rr,level0,3.4209
3,subway,judder_level1,temporal-resolution-multiplexing_level0,0,judder,level1,temporal-resolution-multiplexing,level0,6.7959
3,landscape,dlss_rr_level0,dlss_rr_level2,1,dlss_rr,level0,dlss_rr,level2,3.4042
3,pink_room,motion_resolution_level0,restir_level1,0,motion_resolution,level0,restir,level1,2.5542
3,marbles,temporal-resolution-multiplexing_level0,dlss_rr_level0,0,temporal-resolution-multiplexing,level0,dlss_rr,level0,2.8667
3,bistro_interior,judder_level0,dlss_rr_level2,1,judder,level0,dlss_rr,level2,1.2375
3,attic,reference,noise_colors_level1,1,reference,reference,noise_colors,level1,7.2092
3,bistro_exterior,duration_flicker_level2,judder_level2,0,duration_flicker,level2,judder,level2,12.7302
3,marbles,noise_colors_level2,motion_resolution_level1,1,noise_colors,level2,motion_resolution,level1,2.1709
3,pink_room,motion_resolution_level1,duration_flicker_level2,0,motion_resolution,level1,duration_flicker,level2,2.5334
3,landscape,reference,restir_level1,0,reference,reference,restir,level1,2.9084
3,pink_room,duration_flicker_level0,motion_resolution_level1,1,duration_flicker,level0,motion_resolution,level1,2.2834
3,pink_room,noise_colors_level2,motion_noise_level2,1,noise_colors,level2,motion_noise,level2,1.6375
3,landscape,temporal-resolution-multiplexing_level2,noise_colors_level1,0,temporal-resolution-multiplexing,level2,noise_colors,level1,1.7917
3,pink_room,temporal-resolution-multiplexing_level1,restir_level0,0,temporal-resolution-multiplexing,level1,restir,level0,2.9209
3,subway,duration_flicker_level0,stutter_level2,0,duration_flicker,level0,stutter,level2,5.5792
3,subway,duration_flicker_level2,stutter_level2,0,duration_flicker,level2,stutter,level2,3.0584
3,attic,motion_noise_level1,motion_noise_level0,0,motion_noise,level1,motion_noise,level0,4.8834
3,marbles,temporal-resolution-multiplexing_level2,judder_level2,0,temporal-resolution-multiplexing,level2,judder,level2,1.8168
3,zeroday,motion_noise_level2,judder_level2,0,motion_noise,level2,judder,level2,5.5709
3,marbles,stutter_level2,duration_flicker_level1,0,stutter,level2,duration_flicker,level1,2.8628
3,classroom,judder_level1,motion_noise_level1,1,judder,level1,motion_noise,level1,3.4923
3,zeroday,restir_level1,dlss_rr_level0,0,restir,level1,dlss_rr,level0,3.3000
3,pink_room,motion_resolution_level2,duration_flicker_level1,0,motion_resolution,level2,duration_flicker,level1,1.4209
3,pink_room,duration_flicker_level0,noise_colors_level2,1,duration_flicker,level0,noise_colors,level2,4.1542
3,zeroday,dlss_rr_level0,duration_flicker_level2,0,dlss_rr,level0,duration_flicker,level2,2.7292
3,landscape,restir_level2,temporal-resolution-multiplexing_level1,0,restir,level2,temporal-resolution-multiplexing,level1,1.4584
3,landscape,temporal-resolution-multiplexing_level2,restir_level0,0,temporal-resolution-multiplexing,level2,restir,level0,1.8209
3,bistro_exterior,noise_colors_level1,stutter_level0,1,noise_colors,level1,stutter,level0,8.1459
3,bistro_exterior,motion_noise_level2,motion_resolution_level1,1,motion_noise,level2,motion_resolution,level1,1.4292
3,attic,stutter_level2,temporal-resolution-multiplexing_level1,0,stutter,level2,temporal-resolution-multiplexing,level1,2.7379
3,zeroday,temporal-resolution-multiplexing_level2,motion_noise_level2,0,temporal-resolution-multiplexing,level2,motion_noise,level2,1.2875
3,bistro_exterior,motion_resolution_level0,duration_flicker_level1,0,motion_resolution,level0,duration_flicker,level1,1.3000
3,zeroday,judder_level0,temporal-resolution-multiplexing_level1,1,judder,level0,temporal-resolution-multiplexing,level1,4.9042
3,bistro_interior,noise_colors_level2,motion_noise_level1,1,noise_colors,level2,motion_noise,level1,1.3625
3,landscape,dlss_rr_level1,temporal-resolution-multiplexing_level0,0,dlss_rr,level1,temporal-resolution-multiplexing,level0,1.4584
3,zeroday,judder_level1,judder_level0,0,judder,level1,judder,level0,4.3542
3,zeroday,dlss_rr_level0,restir_level2,1,dlss_rr,level0,restir,level2,1.2167
3,bistro_exterior,duration_flicker_level1,judder_level1,1,duration_flicker,level1,judder,level1,1.5750
3,classroom,restir_level0,judder_level0,0,restir,level0,judder,level0,6.8542
3,classroom,motion_noise_level2,dlss_rr_level0,0,motion_noise,level2,dlss_rr,level0,3.5587
3,marbles,temporal-resolution-multiplexing_level0,motion_noise_level0,1,temporal-resolution-multiplexing,level0,motion_noise,level0,5.0875
3,zeroday,judder_level0,motion_resolution_level0,0,judder,level0,motion_resolution,level0,2.0753
3,bistro_interior,judder_level1,noise_colors_level2,1,judder,level1,noise_colors,level2,5.2169
3,bistro_exterior,dlss_rr_level0,restir_level2,1,dlss_rr,level0,restir,level2,0.8919
3,subway,noise_colors_level1,stutter_level0,1,noise_colors,level1,stutter,level0,3.9292
3,attic,restir_level2,dlss_rr_level1,0,restir,level2,dlss_rr,level1,3.0420
3,bistro_interior,dlss_rr_level2,dlss_rr_level1,1,dlss_rr,level2,dlss_rr,level1,4.9625
3,marbles,restir_level2,duration_flicker_level0,0,restir,level2,duration_flicker,level0,1.7584
3,bistro_interior,judder_level0,noise_colors_level2,0,judder,level0,noise_colors,level2,3.1584
3,classroom,motion_noise_level2,motion_resolution_level0,0,motion_noise,level2,motion_resolution,level0,1.2209
3,bistro_exterior,temporal-resolution-multiplexing_level0,dlss_rr_level1,1,temporal-resolution-multiplexing,level0,dlss_rr,level1,1.4128
3,bistro_interior,reference,noise_colors_level0,0,reference,reference,noise_colors,level0,6.6500
3,landscape,restir_level1,noise_colors_level0,0,restir,level1,noise_colors,level0,1.8334
3,pink_room,restir_level2,dlss_rr_level1,0,restir,level2,dlss_rr,level1,3.6750
3,subway,motion_noise_level2,dlss_rr_level2,1,motion_noise,level2,dlss_rr,level2,2.8792
3,marbles,judder_level1,temporal-resolution-multiplexing_level1,0,judder,level1,temporal-resolution-multiplexing,level1,4.9500
3,classroom,motion_noise_level2,motion_noise_level0,0,motion_noise,level2,motion_noise,level0,1.5334
3,landscape,dlss_rr_level1,judder_level2,0,dlss_rr,level1,judder,level2,1.5834
3,zeroday,noise_colors_level2,stutter_level0,0,noise_colors,level2,stutter,level0,2.5000
3,attic,duration_flicker_level0,stutter_level2,1,duration_flicker,level0,stutter,level2,4.1584
3,classroom,dlss_rr_level0,dlss_rr_level2,1,dlss_rr,level0,dlss_rr,level2,6.6459
3,classroom,reference,stutter_level1,1,reference,reference,stutter,level1,12.2500
3,zeroday,dlss_rr_level1,temporal-resolution-multiplexing_level0,0,dlss_rr,level1,temporal-resolution-multiplexing,level0,4.0084
3,classroom,restir_level1,dlss_rr_level0,0,restir,level1,dlss_rr,level0,2.4167
3,subway,judder_level1,noise_colors_level0,1,judder,level1,noise_colors,level0,6.3834
3,pink_room,motion_noise_level1,restir_level0,0,motion_noise,level1,restir,level0,4.8625
3,zeroday,stutter_level2,motion_noise_level2,1,stutter,level2,motion_noise,level2,2.9167
3,marbles,motion_noise_level2,dlss_rr_level1,1,motion_noise,level2,dlss_rr,level1,4.3875
3,landscape,judder_level1,duration_flicker_level1,0,judder,level1,duration_flicker,level1,1.3834
3,marbles,motion_noise_level2,restir_level1,1,motion_noise,level2,restir,level1,4.4167
3,pink_room,noise_colors_level0,temporal-resolution-multiplexing_level0,0,noise_colors,level0,temporal-resolution-multiplexing,level0,4.7464
3,attic,noise_colors_level2,duration_flicker_level0,0,noise_colors,level2,duration_flicker,level0,2.7917
3,landscape,dlss_rr_level2,duration_flicker_level2,0,dlss_rr,level2,duration_flicker,level2,1.2084
3,bistro_interior,stutter_level0,motion_noise_level2,1,stutter,level0,motion_noise,level2,1.2792
3,classroom,duration_flicker_level2,restir_level2,1,duration_flicker,level2,restir,level2,2.7042
3,landscape,duration_flicker_level1,stutter_level1,0,duration_flicker,level1,stutter,level1,2.7292
3,subway,judder_level1,judder_level0,1,judder,level1,judder,level0,7.6917
3,pink_room,judder_level0,judder_level2,1,judder,level0,judder,level2,6.9250
3,landscape,judder_level1,stutter_level0,0,judder,level1,stutter,level0,1.9584
3,bistro_exterior,stutter_level1,motion_noise_level0,0,stutter,level1,motion_noise,level0,4.9250
3,classroom,restir_level2,restir_level1,0,restir,level2,restir,level1,1.8084
3,attic,stutter_level2,duration_flicker_level1,1,stutter,level2,duration_flicker,level1,6.9875
3,bistro_exterior,judder_level0,stutter_level1,0,judder,level0,stutter,level1,5.3381
3,pink_room,temporal-resolution-multiplexing_level0,judder_level0,1,temporal-resolution-multiplexing,level0,judder,level0,4.6917
3,subway,motion_noise_level1,noise_colors_level0,0,motion_noise,level1,noise_colors,level0,1.4625
3,attic,motion_noise_level1,stutter_level1,0,motion_noise,level1,stutter,level1,6.7885
3,bistro_interior,duration_flicker_level2,noise_colors_level0,0,duration_flicker,level2,noise_colors,level0,2.8542
3,bistro_exterior,stutter_level1,motion_noise_level1,0,stutter,level1,motion_noise,level1,4.4584
3,attic,restir_level2,dlss_rr_level2,0,restir,level2,dlss_rr,level2,2.8625
3,classroom,temporal-resolution-multiplexing_level0,stutter_level0,0,temporal-resolution-multiplexing,level0,stutter,level0,5.5917
3,bistro_exterior,temporal-resolution-multiplexing_level2,duration_flicker_level2,0,temporal-resolution-multiplexing,level2,duration_flicker,level2,1.2125
3,attic,noise_colors_level2,judder_level0,0,noise_colors,level2,judder,level0,2.3334
3,pink_room,judder_level2,noise_colors_level2,1,judder,level2,noise_colors,level2,4.7000
3,bistro_exterior,stutter_level0,reference,0,stutter,level0,reference,reference,8.3750
3,bistro_interior,duration_flicker_level0,motion_noise_level0,0,duration_flicker,level0,motion_noise,level0,5.1667
3,bistro_interior,restir_level0,motion_resolution_level0,1,restir,level0,motion_resolution,level0,1.1209
3,pink_room,motion_noise_level0,restir_level1,1,motion_noise,level0,restir,level1,3.6167
3,landscape,stutter_level0,temporal-resolution-multiplexing_level1,0,stutter,level0,temporal-resolution-multiplexing,level1,1.6709
3,landscape,motion_resolution_level1,stutter_level2,0,motion_resolution,level1,stutter,level2,1.1917
3,bistro_exterior,noise_colors_level1,motion_noise_level0,1,noise_colors,level1,motion_noise,level0,9.9917
3,zeroday,judder_level0,motion_noise_level0,0,judder,level0,motion_noise,level0,5.1674
3,landscape,duration_flicker_level2,motion_resolution_level2,1,duration_flicker,level2,motion_resolution,level2,1.5875
3,pink_room,dlss_rr_level2,motion_resolution_level1,1,dlss_rr,level2,motion_resolution,level1,2.3834
3,pink_room,temporal-resolution-multiplexing_level1,restir_level2,1,temporal-resolution-multiplexing,level1,restir,level2,2.0084
3,classroom,stutter_level0,stutter_level1,1,stutter,level0,stutter,level1,3.8126
3,subway,temporal-resolution-multiplexing_level2,noise_colors_level2,0,temporal-resolution-multiplexing,level2,noise_colors,level2,1.5711
3,zeroday,noise_colors_level2,noise_colors_level0,0,noise_colors,level2,noise_colors,level0,15.8011
3,classroom,stutter_level0,noise_colors_level0,0,stutter,level0,noise_colors,level0,4.7375
3,landscape,restir_level0,judder_level2,1,restir,level0,judder,level2,4.9379
3,attic,judder_level1,temporal-resolution-multiplexing_level1,1,judder,level1,temporal-resolution-multiplexing,level1,1.7418
3,landscape,noise_colors_level2,restir_level0,0,noise_colors,level2,restir,level0,2.1127
3,attic,judder_level2,duration_flicker_level1,0,judder,level2,duration_flicker,level1,3.5834
3,bistro_interior,noise_colors_level2,duration_flicker_level1,0,noise_colors,level2,duration_flicker,level1,4.4964
3,pink_room,stutter_level2,restir_level2,1,stutter,level2,restir,level2,2.4417
3,bistro_interior,restir_level2,stutter_level2,0,restir,level2,stutter,level2,1.4959
3,marbles,noise_colors_level0,reference,1,noise_colors,level0,reference,reference,7.3375
3,marbles,dlss_rr_level2,stutter_level2,0,dlss_rr,level2,stutter,level2,2.1667
3,classroom,stutter_level2,duration_flicker_level0,1,stutter,level2,duration_flicker,level0,8.5709
3,bistro_interior,restir_level1,motion_resolution_level0,1,restir,level1,motion_resolution,level0,3.2750
3,attic,stutter_level0,motion_noise_level2,1,stutter,level0,motion_noise,level2,7.3133
3,subway,judder_level0,motion_resolution_level1,1,judder,level0,motion_resolution,level1,5.9667
3,subway,motion_resolution_level0,stutter_level0,0,motion_resolution,level0,stutter,level0,1.8417
3,bistro_interior,stutter_level2,motion_resolution_level2,1,stutter,level2,motion_resolution,level2,1.0000
3,classroom,temporal-resolution-multiplexing_level2,restir_level1,0,temporal-resolution-multiplexing,level2,restir,level1,1.7375
3,subway,stutter_level1,motion_noise_level0,1,stutter,level1,motion_noise,level0,6.4917
3,attic,temporal-resolution-multiplexing_level0,temporal-resolution-multiplexing_level1,1,temporal-resolution-multiplexing,level0,temporal-resolution-multiplexing,level1,2.1042
3,attic,duration_flicker_level2,dlss_rr_level0,1,duration_flicker,level2,dlss_rr,level0,2.3792
3,subway,noise_colors_level0,duration_flicker_level1,1,noise_colors,level0,duration_flicker,level1,3.0125
3,zeroday,dlss_rr_level1,judder_level0,1,dlss_rr,level1,judder,level0,1.2084
3,pink_room,temporal-resolution-multiplexing_level2,duration_flicker_level0,0,temporal-resolution-multiplexing,level2,duration_flicker,level0,1.4625
3,zeroday,reference,motion_noise_level0,0,reference,reference,motion_noise,level0,2.9584
3,marbles,duration_flicker_level0,judder_level0,0,duration_flicker,level0,judder,level0,3.3334
3,subway,judder_level1,stutter_level0,1,judder,level1,stutter,level0,10.5042
3,subway,motion_resolution_level2,motion_noise_level2,1,motion_resolution,level2,motion_noise,level2,0.7834
3,attic,temporal-resolution-multiplexing_level1,motion_noise_level1,0,temporal-resolution-multiplexing,level1,motion_noise,level1,2.3793
3,subway,judder_level2,duration_flicker_level2,1,judder,level2,duration_flicker,level2,5.7792
3,pink_room,dlss_rr_level0,noise_colors_level0,0,dlss_rr,level0,noise_colors,level0,2.4500
3,attic,temporal-resolution-multiplexing_level2,restir_level1,0,temporal-resolution-multiplexing,level2,restir,level1,1.4875
3,bistro_interior,noise_colors_level0,stutter_level1,1,noise_colors,level0,stutter,level1,1.6417
3,subway,motion_noise_level2,temporal-resolution-multiplexing_level2,1,motion_noise,level2,temporal-resolution-multiplexing,level2,2.8834
3,classroom,motion_noise_level1,temporal-resolution-multiplexing_level1,0,motion_noise,level1,temporal-resolution-multiplexing,level1,2.1209
3,bistro_interior,duration_flicker_level0,noise_colors_level1,0,duration_flicker,level0,noise_colors,level1,3.5625
3,bistro_interior,motion_noise_level1,duration_flicker_level0,0,motion_noise,level1,duration_flicker,level0,2.4334
3,attic,restir_level1,motion_resolution_level1,1,restir,level1,motion_resolution,level1,2.0625
3,bistro_interior,judder_level1,motion_noise_level2,1,judder,level1,motion_noise,level2,1.0334
3,classroom,restir_level0,stutter_level0,1,restir,level0,stutter,level0,2.6625
3,classroom,noise_colors_level1,restir_level1,1,noise_colors,level1,restir,level1,4.2960
3,zeroday,stutter_level1,motion_noise_level0,0,stutter,level1,motion_noise,level0,5.1042
3,subway,stutter_level2,dlss_rr_level1,1,stutter,level2,dlss_rr,level1,3.9792
3,attic,restir_level2,restir_level1,0,restir,level2,restir,level1,8.6303
3,zeroday,judder_level1,restir_level0,1,judder,level1,restir,level0,4.0125
3,classroom,temporal-resolution-multiplexing_level1,stutter_level1,0,temporal-resolution-multiplexing,level1,stutter,level1,4.1250
3,attic,motion_noise_level1,noise_colors_level1,0,motion_noise,level1,noise_colors,level1,5.7751
3,attic,motion_resolution_level2,restir_level2,0,motion_resolution,level2,restir,level2,2.8297
3,bistro_interior,duration_flicker_level0,noise_colors_level0,0,duration_flicker,level0,noise_colors,level0,8.0459
3,bistro_interior,temporal-resolution-multiplexing_level2,noise_colors_level2,0,temporal-resolution-multiplexing,level2,noise_colors,level2,2.0042
3,classroom,restir_level2,duration_flicker_level1,0,restir,level2,duration_flicker,level1,2.2083
3,classroom,dlss_rr_level1,stutter_level2,1,dlss_rr,level1,stutter,level2,8.1634
3,classroom,temporal-resolution-multiplexing_level2,noise_colors_level2,0,temporal-resolution-multiplexing,level2,noise_colors,level2,1.9667
3,classroom,motion_noise_level0,judder_level2,0,motion_noise,level0,judder,level2,8.4250
6,pink_room,stutter_level0,noise_colors_level1,1,stutter,level0,noise_colors,level1,3.3550
6,pink_room,motion_noise_level2,restir_level2,1,motion_noise,level2,restir,level2,3.4668
6,bistro_exterior,temporal-resolution-multiplexing_level0,noise_colors_level0,0,temporal-resolution-multiplexing,level0,noise_colors,level0,3.5379
6,marbles,judder_level2,restir_level2,1,judder,level2,restir,level2,2.7376
6,zeroday,motion_resolution_level0,noise_colors_level1,1,motion_resolution,level0,noise_colors,level1,3.7584
6,bistro_interior,motion_noise_level0,reference,1,motion_noise,level0,reference,reference,24.2501
6,subway,dlss_rr_level0,stutter_level1,0,dlss_rr,level0,stutter,level1,12.5459
6,bistro_interior,stutter_level2,restir_level0,0,stutter,level2,restir,level0,17.7878
6,marbles,motion_resolution_level0,temporal-resolution-multiplexing_level1,0,motion_resolution,level0,temporal-resolution-multiplexing,level1,4.6125
6,bistro_interior,dlss_rr_level2,dlss_rr_level0,0,dlss_rr,level2,dlss_rr,level0,2.4002
6,marbles,temporal-resolution-multiplexing_level1,stutter_level2,1,temporal-resolution-multiplexing,level1,stutter,level2,6.1927
6,subway,stutter_level2,motion_noise_level0,1,stutter,level2,motion_noise,level0,6.8042
6,marbles,reference,stutter_level1,0,reference,reference,stutter,level1,18.5959
6,bistro_interior,motion_resolution_level0,restir_level2,0,motion_resolution,level0,restir,level2,17.1875
6,landscape,duration_flicker_level2,dlss_rr_level2,0,duration_flicker,level2,dlss_rr,level2,3.0584
6,landscape,temporal-resolution-multiplexing_level2,stutter_level0,0,temporal-resolution-multiplexing,level2,stutter,level0,7.5875
6,marbles,temporal-resolution-multiplexing_level1,duration_flicker_level0,0,temporal-resolution-multiplexing,level1,duration_flicker,level0,23.2792
6,marbles,motion_resolution_level0,dlss_rr_level0,1,motion_resolution,level0,dlss_rr,level0,7.7584
6,pink_room,noise_colors_level1,judder_level0,0,noise_colors,level1,judder,level0,12.1088
6,marbles,duration_flicker_level2,dlss_rr_level2,0,duration_flicker,level2,dlss_rr,level2,9.2460
6,attic,dlss_rr_level0,dlss_rr_level1,1,dlss_rr,level0,dlss_rr,level1,19.2848
6,landscape,stutter_level0,noise_colors_level1,0,stutter,level0,noise_colors,level1,5.5834
6,pink_room,motion_noise_level2,motion_noise_level1,1,motion_noise,level2,motion_noise,level1,15.8584
6,bistro_exterior,dlss_rr_level1,dlss_rr_level0,0,dlss_rr,level1,dlss_rr,level0,7.0217
6,bistro_exterior,duration_flicker_level2,motion_resolution_level0,1,duration_flicker,level2,motion_resolution,level0,3.2671
6,pink_room,restir_level2,noise_colors_level1,0,restir,level2,noise_colors,level1,5.9584
6,landscape,duration_flicker_level1,noise_colors_level2,0,duration_flicker,level1,noise_colors,level2,3.0250
6,bistro_interior,restir_level1,stutter_level2,0,restir,level1,stutter,level2,2.1125
6,attic,judder_level2,duration_flicker_level2,0,judder,level2,duration_flicker,level2,11.2625
6,marbles,motion_noise_level1,stutter_level1,0,motion_noise,level1,stutter,level1,10.8181
6,attic,duration_flicker_level0,dlss_rr_level0,1,duration_flicker,level0,dlss_rr,level0,13.0250
6,subway,temporal-resolution-multiplexing_level1,temporal-resolution-multiplexing_level2,1,temporal-resolution-multiplexing,level1,temporal-resolution-multiplexing,level2,7.2084
6,landscape,noise_colors_level2,judder_level0,1,noise_colors,level2,judder,level0,13.9209
6,pink_room,stutter_level2,noise_colors_level1,0,stutter,level2,noise_colors,level1,11.0625
6,marbles,duration_flicker_level0,restir_level2,1,duration_flicker,level0,restir,level2,2.2417
6,subway,motion_noise_level2,motion_resolution_level1,1,motion_noise,level2,motion_resolution,level1,7.3042
6,marbles,stutter_level0,dlss_rr_level1,1,stutter,level0,dlss_rr,level1,10.6544
6,pink_room,judder_level2,dlss_rr_level0,1,judder,level2,dlss_rr,level0,14.3765
6,subway,duration_flicker_level0,stutter_level2,1,duration_flicker,level0,stutter,level2,4.9875
6,subway,judder_level1,temporal-resolution-multiplexing_level0,1,judder,level1,temporal-resolution-multiplexing,level0,10.2000
6,classroom,judder_level0,motion_resolution_level0,0,judder,level0,motion_resolution,level0,16.3844
6,pink_room,duration_flicker_level0,duration_flicker_level2,1,duration_flicker,level0,duration_flicker,level2,2.0835
6,bistro_exterior,noise_colors_level1,duration_flicker_level0,1,noise_colors,level1,duration_flicker,level0,8.8179
6,classroom,dlss_rr_level0,judder_level1,0,dlss_rr,level0,judder,level1,7.3884
6,attic,temporal-resolution-multiplexing_level2,noise_colors_level2,0,temporal-resolution-multiplexing,level2,noise_colors,level2,2.9336
6,landscape,temporal-resolution-multiplexing_level0,motion_noise_level2,1,temporal-resolution-multiplexing,level0,motion_noise,level2,8.6125
6,zeroday,duration_flicker_level0,noise_colors_level1,0,duration_flicker,level0,noise_colors,level1,19.9345
6,bistro_exterior,duration_flicker_level1,restir_level1,0,duration_flicker,level1,restir,level1,5.0250
6,landscape,motion_noise_level2,stutter_level0,1,motion_noise,level2,stutter,level0,8.1459
6,landscape,noise_colors_level2,noise_colors_level1,0,noise_colors,level2,noise_colors,level1,4.0750
6,subway,stutter_level0,motion_resolution_level0,1,stutter,level0,motion_resolution,level0,7.3834
6,bistro_interior,dlss_rr_level2,restir_level2,1,dlss_rr,level2,restir,level2,3.5255
6,marbles,stutter_level0,restir_level1,1,stutter,level0,restir,level1,11.8682
6,marbles,motion_noise_level0,temporal-resolution-multiplexing_level0,1,motion_noise,level0,temporal-resolution-multiplexing,level0,10.8171
6,bistro_exterior,motion_noise_level1,duration_flicker_level1,1,motion_noise,level1,duration_flicker,level1,9.2052
6,classroom,restir_level2,temporal-resolution-multiplexing_level2,0,restir,level2,temporal-resolution-multiplexing,level2,3.7173
6,bistro_interior,noise_colors_level1,duration_flicker_level2,1,noise_colors,level1,duration_flicker,level2,6.4334
6,subway,stutter_level1,judder_level0,1,stutter,level1,judder,level0,3.0959
6,landscape,dlss_rr_level0,motion_noise_level1,0,dlss_rr,level0,motion_noise,level1,12.9667
6,landscape,temporal-resolution-multiplexing_level0,reference,0,temporal-resolution-multiplexing,level0,reference,reference,10.1128
6,marbles,stutter_level0,dlss_rr_level0,1,stutter,level0,dlss_rr,level0,7.1047
6,marbles,motion_resolution_level0,temporal-resolution-multiplexing_level2,1,motion_resolution,level0,temporal-resolution-multiplexing,level2,8.3428
6,zeroday,dlss_rr_level0,noise_colors_level1,1,dlss_rr,level0,noise_colors,level1,18.5792
6,attic,noise_colors_level0,motion_noise_level1,1,noise_colors,level0,motion_noise,level1,9.2553
6,zeroday,restir_level2,dlss_rr_level2,0,restir,level2,dlss_rr,level2,1.6834
6,pink_room,dlss_rr_level2,duration_flicker_level1,1,dlss_rr,level2,duration_flicker,level1,3.0250
6,zeroday,restir_level1,dlss_rr_level1,0,restir,level1,dlss_rr,level1,3.5959
6,pink_room,noise_colors_level1,motion_noise_level0,0,noise_colors,level1,motion_noise,level0,4.4042
6,attic,reference,motion_noise_level1,0,reference,reference,motion_noise,level1,14.2292
6,bistro_exterior,judder_level0,judder_level2,1,judder,level0,judder,level2,4.1255
6,classroom,judder_level0,restir_level0,1,judder,level0,restir,level0,11.9342
6,zeroday,restir_level0,stutter_level2,0,restir,level0,stutter,level2,10.2471
6,classroom,motion_noise_level1,temporal-resolution-multiplexing_level1,0,motion_noise,level1,temporal-resolution-multiplexing,level1,3.5256
6,classroom,motion_resolution_level0,motion_noise_level0,0,motion_resolution,level0,motion_noise,level0,13.8102
6,attic,restir_level2,restir_level1,0,restir,level2,restir,level1,10.4342
6,subway,dlss_rr_level2,dlss_rr_level1,0,dlss_rr,level2,dlss_rr,level1,11.8084
6,bistro_exterior,motion_resolution_level1,restir_level2,0,motion_resolution,level1,restir,level2,4.1750
6,zeroday,stutter_level0,reference,1,stutter,level0,reference,reference,9.7125
6,landscape,judder_level0,judder_level2,1,judder,level0,judder,level2,3.9334
6,attic,restir_level2,noise_colors_level2,0,restir,level2,noise_colors,level2,5.9216
6,classroom,stutter_level2,temporal-resolution-multiplexing_level2,0,stutter,level2,temporal-resolution-multiplexing,level2,6.9093
6,subway,motion_resolution_level2,temporal-resolution-multiplexing_level2,0,motion_resolution,level2,temporal-resolution-multiplexing,level2,7.0547
6,classroom,motion_noise_level2,temporal-resolution-multiplexing_level1,0,motion_noise,level2,temporal-resolution-multiplexing,level1,6.0802
6,zeroday,noise_colors_level2,temporal-resolution-multiplexing_level1,1,noise_colors,level2,temporal-resolution-multiplexing,level1,19.5709
6,bistro_interior,stutter_level1,motion_noise_level1,0,stutter,level1,motion_noise,level1,7.0459
6,landscape,dlss_rr_level2,noise_colors_level2,0,dlss_rr,level2,noise_colors,level2,3.7338
6,subway,temporal-resolution-multiplexing_level2,restir_level2,1,temporal-resolution-multiplexing,level2,restir,level2,2.9542
6,zeroday,motion_noise_level1,duration_flicker_level0,1,motion_noise,level1,duration_flicker,level0,13.2008
6,zeroday,temporal-resolution-multiplexing_level2,motion_resolution_level1,1,temporal-resolution-multiplexing,level2,motion_resolution,level1,7.9876
6,pink_room,reference,judder_level1,1,reference,reference,judder,level1,13.7810
6,bistro_interior,judder_level0,temporal-resolution-multiplexing_level1,1,judder,level0,temporal-resolution-multiplexing,level1,2.3792
6,classroom,restir_level0,stutter_level1,0,restir,level0,stutter,level1,12.5417
6,bistro_exterior,judder_level2,judder_level1,0,judder,level2,judder,level1,3.1542
6,zeroday,judder_level0,stutter_level1,0,judder,level0,stutter,level1,8.5423
6,marbles,motion_resolution_level0,duration_flicker_level1,0,motion_resolution,level0,duration_flicker,level1,6.5170
6,bistro_interior,temporal-resolution-multiplexing_level1,stutter_level0,0,temporal-resolution-multiplexing,level1,stutter,level0,6.4292
6,bistro_exterior,temporal-resolution-multiplexing_level1,stutter_level2,1,temporal-resolution-multiplexing,level1,stutter,level2,3.3461
6,bistro_exterior,judder_level2,temporal-resolution-multiplexing_level1,0,judder,level2,temporal-resolution-multiplexing,level1,3.4375
6,pink_room,temporal-resolution-multiplexing_level1,motion_resolution_level0,0,temporal-resolution-multiplexing,level1,motion_resolution,level0,10.1470
6,subway,noise_colors_level2,motion_noise_level1,1,noise_colors,level2,motion_noise,level1,6.9250
6,zeroday,motion_resolution_level2,motion_resolution_level1,0,motion_resolution,level2,motion_resolution,level1,7.8341
6,landscape,duration_flicker_level0,motion_resolution_level0,0,duration_flicker,level0,motion_resolution,level0,3.7000
6,bistro_interior,noise_colors_level2,dlss_rr_level2,1,noise_colors,level2,dlss_rr,level2,2.1626
6,pink_room,restir_level1,temporal-resolution-multiplexing_level1,0,restir,level1,temporal-resolution-multiplexing,level1,4.4084
6,bistro_interior,duration_flicker_level1,noise_colors_level0,0,duration_flicker,level1,noise_colors,level0,2.0084
6,pink_room,restir_level1,stutter_level2,0,restir,level1,stutter,level2,3.7417
6,pink_room,judder_level2,noise_colors_level2,0,judder,level2,noise_colors,level2,5.0046
6,attic,duration_flicker_level1,judder_level1,0,duration_flicker,level1,judder,level1,6.9834
6,marbles,stutter_level0,judder_level0,0,stutter,level0,judder,level0,7.2668
6,pink_room,dlss_rr_level2,dlss_rr_level1,0,dlss_rr,level2,dlss_rr,level1,13.4879
6,bistro_interior,dlss_rr_level0,motion_noise_level1,0,dlss_rr,level0,motion_noise,level1,1.6917
6,landscape,duration_flicker_level0,stutter_level2,1,duration_flicker,level0,stutter,level2,3.7417
6,classroom,noise_colors_level2,motion_resolution_level2,1,noise_colors,level2,motion_resolution,level2,4.0381
6,pink_room,motion_noise_level1,restir_level0,1,motion_noise,level1,restir,level0,8.7292
6,landscape,duration_flicker_level2,motion_resolution_level2,0,duration_flicker,level2,motion_resolution,level2,7.0667
6,subway,dlss_rr_level2,motion_resolution_level1,1,dlss_rr,level2,motion_resolution,level1,6.4667
6,bistro_exterior,motion_resolution_level0,dlss_rr_level2,1,motion_resolution,level0,dlss_rr,level2,7.0587
6,subway,stutter_level1,stutter_level2,1,stutter,level1,stutter,level2,6.8384
6,bistro_exterior,stutter_level0,motion_noise_level0,0,stutter,level0,motion_noise,level0,4.6966
6,classroom,stutter_level2,duration_flicker_level1,1,stutter,level2,duration_flicker,level1,2.2170
6,marbles,motion_resolution_level1,restir_level2,0,motion_resolution,level1,restir,level2,11.4058
6,zeroday,stutter_level1,judder_level2,1,stutter,level1,judder,level2,5.5792
6,zeroday,dlss_rr_level0,restir_level1,1,dlss_rr,level0,restir,level1,5.1167
6,bistro_exterior,dlss_rr_level0,stutter_level2,1,dlss_rr,level0,stutter,level2,6.3875
6,bistro_interior,temporal-resolution-multiplexing_level2,dlss_rr_level2,1,temporal-resolution-multiplexing,level2,dlss_rr,level2,2.4043
6,marbles,judder_level1,restir_level0,1,judder,level1,restir,level0,6.8000
6,classroom,noise_colors_level0,restir_level0,0,noise_colors,level0,restir,level0,11.9349
6,marbles,stutter_level2,motion_noise_level2,1,stutter,level2,motion_noise,level2,4.0631
6,classroom,restir_level0,temporal-resolution-multiplexing_level0,1,restir,level0,temporal-resolution-multiplexing,level0,3.8213
6,marbles,noise_colors_level0,temporal-resolution-multiplexing_level0,1,noise_colors,level0,temporal-resolution-multiplexing,level0,6.8959
6,subway,temporal-resolution-multiplexing_level2,motion_noise_level2,1,temporal-resolution-multiplexing,level2,motion_noise,level2,2.5251
6,zeroday,judder_level2,stutter_level0,1,judder,level2,stutter,level0,15.0042
6,zeroday,restir_level1,noise_colors_level2,0,restir,level1,noise_colors,level2,3.6959
6,subway,stutter_level0,stutter_level1,1,stutter,level0,stutter,level1,7.9959
6,landscape,restir_level0,noise_colors_level0,1,restir,level0,noise_colors,level0,5.1334
6,marbles,stutter_level0,stutter_level1,1,stutter,level0,stutter,level1,5.7465
6,marbles,noise_colors_level2,temporal-resolution-multiplexing_level2,1,noise_colors,level2,temporal-resolution-multiplexing,level2,3.2213
6,subway,duration_flicker_level1,stutter_level1,0,duration_flicker,level1,stutter,level1,8.9875
6,landscape,judder_level1,dlss_rr_level0,1,judder,level1,dlss_rr,level0,9.8799
6,landscape,stutter_level0,stutter_level1,1,stutter,level0,stutter,level1,4.9835
6,pink_room,temporal-resolution-multiplexing_level0,reference,1,temporal-resolution-multiplexing,level0,reference,reference,8.7167
6,bistro_exterior,stutter_level1,duration_flicker_level1,0,stutter,level1,duration_flicker,level1,8.3709
6,zeroday,temporal-resolution-multiplexing_level0,stutter_level1,1,temporal-resolution-multiplexing,level0,stutter,level1,9.8836
6,landscape,motion_noise_level2,restir_level0,1,motion_noise,level2,restir,level0,18.1562
6,zeroday,noise_colors_level1,motion_noise_level2,1,noise_colors,level1,motion_noise,level2,9.3417
6,landscape,dlss_rr_level0,restir_level2,0,dlss_rr,level0,restir,level2,7.0346
6,marbles,motion_noise_level0,stutter_level1,1,motion_noise,level0,stutter,level1,3.7959
6,bistro_exterior,temporal-resolution-multiplexing_level2,motion_resolution_level0,1,temporal-resolution-multiplexing,level2,motion_resolution,level0,7.4010
6,landscape,dlss_rr_level1,noise_colors_level2,0,dlss_rr,level1,noise_colors,level2,7.9969
6,zeroday,dlss_rr_level0,stutter_level2,1,dlss_rr,level0,stutter,level2,6.1875
6,pink_room,motion_resolution_level1,duration_flicker_level2,1,motion_resolution,level1,duration_flicker,level2,4.6626
6,zeroday,noise_colors_level0,motion_noise_level0,1,noise_colors,level0,motion_noise,level0,5.1251
6,landscape,noise_colors_level1,restir_level1,0,noise_colors,level1,restir,level1,7.7923
6,landscape,stutter_level0,judder_level1,0,stutter,level0,judder,level1,8.9917
6,attic,noise_colors_level1,judder_level1,1,noise_colors,level1,judder,level1,7.3750
6,bistro_interior,motion_resolution_level2,motion_resolution_level0,0,motion_resolution,level2,motion_resolution,level0,2.0209
6,marbles,motion_resolution_level2,restir_level2,0,motion_resolution,level2,restir,level2,3.1750
6,marbles,temporal-resolution-multiplexing_level1,restir_level0,1,temporal-resolution-multiplexing,level1,restir,level0,6.5716
6,bistro_exterior,motion_resolution_level0,motion_resolution_level1,1,motion_resolution,level0,motion_resolution,level1,2.0338
6,marbles,dlss_rr_level2,restir_level2,1,dlss_rr,level2,restir,level2,2.6338
6,bistro_exterior,duration_flicker_level0,motion_noise_level0,1,duration_flicker,level0,motion_noise,level0,2.4417
6,zeroday,judder_level1,noise_colors_level2,1,judder,level1,noise_colors,level2,7.1250
6,pink_room,temporal-resolution-multiplexing_level2,duration_flicker_level2,1,temporal-resolution-multiplexing,level2,duration_flicker,level2,2.0334
6,marbles,noise_colors_level1,temporal-resolution-multiplexing_level1,0,noise_colors,level1,temporal-resolution-multiplexing,level1,5.7459
6,pink_room,dlss_rr_level2,motion_resolution_level2,1,dlss_rr,level2,motion_resolution,level2,6.5959
6,bistro_exterior,temporal-resolution-multiplexing_level1,stutter_level1,1,temporal-resolution-multiplexing,level1,stutter,level1,4.7625
6,zeroday,duration_flicker_level1,temporal-resolution-multiplexing_level2,1,duration_flicker,level1,temporal-resolution-multiplexing,level2,8.7292
6,subway,noise_colors_level2,judder_level2,1,noise_colors,level2,judder,level2,3.1292
6,pink_room,reference,motion_noise_level1,1,reference,reference,motion_noise,level1,6.3000
6,pink_room,restir_level2,noise_colors_level2,0,restir,level2,noise_colors,level2,2.6625
6,landscape,temporal-resolution-multiplexing_level0,motion_noise_level0,0,temporal-resolution-multiplexing,level0,motion_noise,level0,3.9959
6,bistro_interior,duration_flicker_level0,judder_level0,1,duration_flicker,level0,judder,level0,3.2375
6,subway,motion_noise_level1,duration_flicker_level0,1,motion_noise,level1,duration_flicker,level0,8.9209
6,bistro_exterior,motion_resolution_level0,motion_noise_level2,0,motion_resolution,level0,motion_noise,level2,6.2292
6,zeroday,reference,noise_colors_level0,1,reference,reference,noise_colors,level0,4.1375
6,bistro_exterior,noise_colors_level0,stutter_level1,1,noise_colors,level0,stutter,level1,3.7625
6,zeroday,stutter_level2,judder_level0,0,stutter,level2,judder,level0,5.5417
6,zeroday,restir_level2,duration_flicker_level1,0,restir,level2,duration_flicker,level1,3.1834
6,classroom,reference,restir_level0,0,reference,reference,restir,level0,7.6334
6,landscape,noise_colors_level1,temporal-resolution-multiplexing_level1,1,noise_colors,level1,temporal-resolution-multiplexing,level1,3.6000
6,bistro_interior,noise_colors_level2,restir_level0,1,noise_colors,level2,restir,level0,1.7293
6,classroom,temporal-resolution-multiplexing_level1,restir_level1,1,temporal-resolution-multiplexing,level1,restir,level1,4.1671
6,landscape,noise_colors_level2,duration_flicker_level0,1,noise_colors,level2,duration_flicker,level0,3.8375
6,bistro_interior,judder_level0,judder_level1,1,judder,level0,judder,level1,2.2917
6,landscape,stutter_level2,motion_resolution_level1,1,stutter,level2,motion_resolution,level1,3.7959
6,subway,stutter_level1,noise_colors_level1,1,stutter,level1,noise_colors,level1,2.9376
6,classroom,stutter_level1,stutter_level0,1,stutter,level1,stutter,level0,7.5884
6,pink_room,dlss_rr_level1,dlss_rr_level0,0,dlss_rr,level1,dlss_rr,level0,9.3709
6,attic,temporal-resolution-multiplexing_level2,dlss_rr_level2,0,temporal-resolution-multiplexing,level2,dlss_rr,level2,7.7000
6,bistro_interior,duration_flicker_level2,temporal-resolution-multiplexing_level0,0,duration_flicker,level2,temporal-resolution-multiplexing,level0,3.6005
6,pink_room,motion_resolution_level1,dlss_rr_level1,0,motion_resolution,level1,dlss_rr,level1,7.3167
6,attic,motion_resolution_level1,restir_level2,1,motion_resolution,level1,restir,level2,3.0959
6,bistro_interior,motion_noise_level0,duration_flicker_level2,1,motion_noise,level0,duration_flicker,level2,6.5218
6,zeroday,duration_flicker_level2,temporal-resolution-multiplexing_level2,1,duration_flicker,level2,temporal-resolution-multiplexing,level2,7.8714
6,bistro_interior,dlss_rr_level1,motion_noise_level2,0,dlss_rr,level1,motion_noise,level2,7.0459
6,bistro_exterior,motion_resolution_level0,stutter_level2,0,motion_resolution,level0,stutter,level2,7.7169
6,classroom,restir_level1,stutter_level2,1,restir,level1,stutter,level2,7.8720
6,bistro_interior,dlss_rr_level1,stutter_level2,0,dlss_rr,level1,stutter,level2,5.9883
6,classroom,dlss_rr_level1,restir_level0,0,dlss_rr,level1,restir,level0,7.9464
6,classroom,judder_level2,motion_noise_level0,0,judder,level2,motion_noise,level0,3.8752
6,pink_room,reference,stutter_level1,0,reference,reference,stutter,level1,14.7167
6,bistro_interior,restir_level0,duration_flicker_level1,0,restir,level0,duration_flicker,level1,2.0838
6,bistro_exterior,stutter_level2,motion_resolution_level2,1,stutter,level2,motion_resolution,level2,1.6711
6,attic,judder_level0,motion_noise_level2,1,judder,level0,motion_noise,level2,5.8134
6,attic,noise_colors_level1,dlss_rr_level0,1,noise_colors,level1,dlss_rr,level0,6.3300
6,bistro_interior,temporal-resolution-multiplexing_level0,stutter_level1,1,temporal-resolution-multiplexing,level0,stutter,level1,2.2667
6,zeroday,dlss_rr_level0,dlss_rr_level2,1,dlss_rr,level0,dlss_rr,level2,5.1251
6,bistro_interior,motion_resolution_level1,dlss_rr_level2,0,motion_resolution,level1,dlss_rr,level2,3.1713
6,classroom,noise_colors_level1,stutter_level2,0,noise_colors,level1,stutter,level2,3.8921
6,classroom,duration_flicker_level2,motion_noise_level2,0,duration_flicker,level2,motion_noise,level2,2.7500
6,attic,duration_flicker_level0,motion_noise_level0,0,duration_flicker,level0,motion_noise,level0,6.9125
6,attic,duration_flicker_level2,stutter_level2,0,duration_flicker,level2,stutter,level2,2.7709
6,classroom,duration_flicker_level1,motion_resolution_level1,1,duration_flicker,level1,motion_resolution,level1,6.7467
6,bistro_exterior,duration_flicker_level0,restir_level0,1,duration_flicker,level0,restir,level0,3.4046
6,classroom,motion_resolution_level1,noise_colors_level2,0,motion_resolution,level1,noise_colors,level2,2.3297
6,bistro_exterior,reference,temporal-resolution-multiplexing_level0,0,reference,reference,temporal-resolution-multiplexing,level0,7.6459
6,pink_room,noise_colors_level0,stutter_level2,1,noise_colors,level0,stutter,level2,7.9334
6,bistro_interior,judder_level1,motion_noise_level1,1,judder,level1,motion_noise,level1,1.5542
6,attic,motion_resolution_level1,motion_resolution_level2,1,motion_resolution,level1,motion_resolution,level2,3.7000
6,attic,motion_resolution_level1,dlss_rr_level0,0,motion_resolution,level1,dlss_rr,level0,1.5834
6,subway,restir_level0,motion_noise_level2,0,restir,level0,motion_noise,level2,3.5042
6,attic,dlss_rr_level2,temporal-resolution-multiplexing_level1,0,dlss_rr,level2,temporal-resolution-multiplexing,level1,5.8087
6,attic,duration_flicker_level0,stutter_level1,0,duration_flicker,level0,stutter,level1,3.5838
6,bistro_interior,duration_flicker_level1,judder_level2,1,duration_flicker,level1,judder,level2,1.4918
6,attic,temporal-resolution-multiplexing_level0,motion_noise_level2,1,temporal-resolution-multiplexing,level0,motion_noise,level2,5.1005
6,classroom,dlss_rr_level2,stutter_level2,1,dlss_rr,level2,stutter,level2,2.2753
6,attic,restir_level0,restir_level2,1,restir,level0,restir,level2,1.2669
6,attic,motion_resolution_level0,dlss_rr_level0,0,motion_resolution,level0,dlss_rr,level0,3.3334
6,classroom,duration_flicker_level0,temporal-resolution-multiplexing_level2,1,duration_flicker,level0,temporal-resolution-multiplexing,level2,7.2584
6,subway,judder_level1,stutter_level1,1,judder,level1,stutter,level1,2.7917
6,attic,motion_noise_level2,stutter_level1,0,motion_noise,level2,stutter,level1,5.0084
6,attic,stutter_level0,duration_flicker_level0,1,stutter,level0,duration_flicker,level0,4.7875
6,classroom,judder_level2,stutter_level2,1,judder,level2,stutter,level2,4.1341
6,classroom,stutter_level2,dlss_rr_level0,0,stutter,level2,dlss_rr,level0,1.3670
6,bistro_exterior,stutter_level1,duration_flicker_level0,0,stutter,level1,duration_flicker,level0,6.6750
6,subway,duration_flicker_level0,duration_flicker_level2,1,duration_flicker,level0,duration_flicker,level2,6.7084
6,subway,stutter_level2,noise_colors_level0,1,stutter,level2,noise_colors,level0,3.1625
6,attic,motion_noise_level1,temporal-resolution-multiplexing_level0,0,motion_noise,level1,temporal-resolution-multiplexing,level0,3.0709
6,attic,judder_level2,motion_noise_level2,1,judder,level2,motion_noise,level2,3.6084
6,subway,motion_noise_level0,dlss_rr_level1,1,motion_noise,level0,dlss_rr,level1,2.3625
6,subway,noise_colors_level1,reference,0,noise_colors,level1,reference,reference,6.3959
6,bistro_exterior,motion_resolution_level1,noise_colors_level2,0,motion_resolution,level1,noise_colors,level2,1.1919
6,subway,temporal-resolution-multiplexing_level2,restir_level1,1,temporal-resolution-multiplexing,level2,restir,level1,1.2000
8,landscape,motion_resolution_level2,duration_flicker_level1,1,motion_resolution,level2,duration_flicker,level1,7.2138
8,marbles,duration_flicker_level0,noise_colors_level1,0,duration_flicker,level0,noise_colors,level1,3.1292
8,attic,dlss_rr_level0,duration_flicker_level1,1,dlss_rr,level0,duration_flicker,level1,3.0376
8,marbles,duration_flicker_level0,motion_resolution_level0,0,duration_flicker,level0,motion_resolution,level0,2.3713
8,landscape,noise_colors_level2,motion_resolution_level0,1,noise_colors,level2,motion_resolution,level0,5.3126
8,subway,judder_level2,duration_flicker_level1,1,judder,level2,duration_flicker,level1,4.5668
8,zeroday,noise_colors_level2,judder_level2,1,noise_colors,level2,judder,level2,8.1376
8,marbles,judder_level0,judder_level1,0,judder,level0,judder,level1,3.7626
8,bistro_interior,judder_level0,duration_flicker_level2,1,judder,level0,duration_flicker,level2,4.0793
8,landscape,motion_resolution_level1,motion_resolution_level0,0,motion_resolution,level1,motion_resolution,level0,3.7042
8,subway,motion_noise_level1,motion_noise_level2,1,motion_noise,level1,motion_noise,level2,1.1751
8,landscape,motion_resolution_level0,restir_level2,0,motion_resolution,level0,restir,level2,7.8959
8,classroom,motion_noise_level0,judder_level1,0,motion_noise,level0,judder,level1,7.7051
8,subway,judder_level2,motion_resolution_level0,1,judder,level2,motion_resolution,level0,8.8750
8,subway,restir_level0,motion_noise_level1,0,restir,level0,motion_noise,level1,1.2209
8,attic,dlss_rr_level1,judder_level2,0,dlss_rr,level1,judder,level2,7.4542
8,classroom,dlss_rr_level1,noise_colors_level1,1,dlss_rr,level1,noise_colors,level1,2.7045
8,pink_room,temporal-resolution-multiplexing_level0,noise_colors_level0,1,temporal-resolution-multiplexing,level0,noise_colors,level0,9.1125
8,classroom,motion_resolution_level0,noise_colors_level1,1,motion_resolution,level0,noise_colors,level1,2.0503
8,zeroday,duration_flicker_level1,noise_colors_level1,0,duration_flicker,level1,noise_colors,level1,9.0418
8,pink_room,motion_resolution_level2,motion_resolution_level1,0,motion_resolution,level2,motion_resolution,level1,2.6042
8,pink_room,stutter_level1,temporal-resolution-multiplexing_level0,0,stutter,level1,temporal-resolution-multiplexing,level0,5.1375
8,subway,dlss_rr_level0,temporal-resolution-multiplexing_level0,0,dlss_rr,level0,temporal-resolution-multiplexing,level0,7.2250
8,attic,temporal-resolution-multiplexing_level2,motion_resolution_level2,0,temporal-resolution-multiplexing,level2,motion_resolution,level2,1.9044
8,zeroday,temporal-resolution-multiplexing_level1,noise_colors_level1,0,temporal-resolution-multiplexing,level1,noise_colors,level1,9.6709
8,bistro_exterior,motion_noise_level0,duration_flicker_level1,1,motion_noise,level0,duration_flicker,level1,3.9418
8,bistro_exterior,motion_noise_level2,duration_flicker_level1,1,motion_noise,level2,duration_flicker,level1,2.5585
8,classroom,judder_level1,judder_level0,1,judder,level1,judder,level0,8.2095
8,attic,temporal-resolution-multiplexing_level1,dlss_rr_level2,1,temporal-resolution-multiplexing,level1,dlss_rr,level2,3.1547
8,pink_room,judder_level2,dlss_rr_level0,1,judder,level2,dlss_rr,level0,6.5584
8,zeroday,judder_level0,stutter_level0,1,judder,level0,stutter,level0,4.3750
8,zeroday,motion_noise_level2,restir_level1,1,motion_noise,level2,restir,level1,3.1792
8,marbles,judder_level1,reference,1,judder,level1,reference,reference,10.1926
8,landscape,restir_level1,motion_noise_level2,0,restir,level1,motion_noise,level2,5.2709
8,marbles,noise_colors_level2,restir_level2,0,noise_colors,level2,restir,level2,2.6792
8,bistro_interior,noise_colors_level1,reference,0,noise_colors,level1,reference,reference,3.4750
8,marbles,dlss_rr_level0,motion_noise_level0,0,dlss_rr,level0,motion_noise,level0,8.4385
8,pink_room,noise_colors_level2,motion_noise_level2,0,noise_colors,level2,motion_noise,level2,3.2750
8,classroom,motion_noise_level0,motion_noise_level1,0,motion_noise,level0,motion_noise,level1,11.6431
8,pink_room,dlss_rr_level1,restir_level2,1,dlss_rr,level1,restir,level2,2.2500
8,marbles,dlss_rr_level0,motion_noise_level1,0,dlss_rr,level0,motion_noise,level1,4.4006
8,subway,stutter_level1,motion_noise_level0,0,stutter,level1,motion_noise,level0,9.6209
8,subway,motion_noise_level2,dlss_rr_level2,0,motion_noise,level2,dlss_rr,level2,5.0917
8,landscape,motion_noise_level1,reference,0,motion_noise,level1,reference,reference,7.1834
8,pink_room,judder_level2,temporal-resolution-multiplexing_level1,0,judder,level2,temporal-resolution-multiplexing,level1,6.1667
8,bistro_interior,duration_flicker_level2,stutter_level1,0,duration_flicker,level2,stutter,level1,4.8380
8,subway,dlss_rr_level1,duration_flicker_level2,1,dlss_rr,level1,duration_flicker,level2,6.9876
8,marbles,duration_flicker_level0,duration_flicker_level2,0,duration_flicker,level0,duration_flicker,level2,3.0338
8,landscape,judder_level1,temporal-resolution-multiplexing_level0,0,judder,level1,temporal-resolution-multiplexing,level0,9.7000
8,classroom,temporal-resolution-multiplexing_level2,duration_flicker_level2,1,temporal-resolution-multiplexing,level2,duration_flicker,level2,7.4922
8,landscape,judder_level2,motion_resolution_level0,0,judder,level2,motion_resolution,level0,9.5084
8,classroom,temporal-resolution-multiplexing_level1,motion_resolution_level0,0,temporal-resolution-multiplexing,level1,motion_resolution,level0,3.6838
8,landscape,noise_colors_level0,temporal-resolution-multiplexing_level0,0,noise_colors,level0,temporal-resolution-multiplexing,level0,8.6542
8,landscape,duration_flicker_level2,dlss_rr_level1,0,duration_flicker,level2,dlss_rr,level1,4.1292
8,classroom,dlss_rr_level1,motion_noise_level2,0,dlss_rr,level1,motion_noise,level2,5.4625
8,landscape,motion_resolution_level2,stutter_level2,0,motion_resolution,level2,stutter,level2,1.5459
8,pink_room,judder_level0,motion_noise_level2,1,judder,level0,motion_noise,level2,1.5292
8,zeroday,motion_noise_level1,reference,1,motion_noise,level1,reference,reference,12.0086
8,bistro_interior,dlss_rr_level1,dlss_rr_level0,0,dlss_rr,level1,dlss_rr,level0,7.2459
8,landscape,motion_resolution_level1,motion_resolution_level2,1,motion_resolution,level1,motion_resolution,level2,2.5044
8,landscape,temporal-resolution-multiplexing_level2,dlss_rr_level1,0,temporal-resolution-multiplexing,level2,dlss_rr,level1,3.2459
8,pink_room,reference,stutter_level0,0,reference,reference,stutter,level0,8.4001
8,bistro_exterior,duration_flicker_level0,duration_flicker_level1,0,duration_flicker,level0,duration_flicker,level1,10.2848
8,bistro_interior,dlss_rr_level2,motion_resolution_level1,1,dlss_rr,level2,motion_resolution,level1,1.3377
8,pink_room,stutter_level2,motion_resolution_level0,1,stutter,level2,motion_resolution,level0,5.9250
8,classroom,noise_colors_level2,stutter_level2,0,noise_colors,level2,stutter,level2,2.0750
8,landscape,dlss_rr_level1,restir_level2,0,dlss_rr,level1,restir,level2,11.8132
8,subway,motion_resolution_level0,motion_noise_level0,0,motion_resolution,level0,motion_noise,level0,8.9459
8,bistro_interior,stutter_level0,duration_flicker_level0,1,stutter,level0,duration_flicker,level0,3.8875
8,marbles,temporal-resolution-multiplexing_level1,duration_flicker_level0,1,temporal-resolution-multiplexing,level1,duration_flicker,level0,3.3542
8,bistro_interior,noise_colors_level0,temporal-resolution-multiplexing_level1,1,noise_colors,level0,temporal-resolution-multiplexing,level1,9.4052
8,classroom,judder_level1,temporal-resolution-multiplexing_level0,0,judder,level1,temporal-resolution-multiplexing,level0,9.2805
8,landscape,temporal-resolution-multiplexing_level1,dlss_rr_level1,0,temporal-resolution-multiplexing,level1,dlss_rr,level1,7.4167
8,bistro_interior,temporal-resolution-multiplexing_level1,duration_flicker_level2,1,temporal-resolution-multiplexing,level1,duration_flicker,level2,1.9127
8,classroom,dlss_rr_level2,stutter_level2,0,dlss_rr,level2,stutter,level2,2.9878
8,subway,motion_resolution_level2,restir_level1,1,motion_resolution,level2,restir,level1,1.8500
8,attic,motion_noise_level1,reference,0,motion_noise,level1,reference,reference,10.4375
8,attic,motion_resolution_level1,dlss_rr_level1,0,motion_resolution,level1,dlss_rr,level1,4.4959
8,pink_room,motion_noise_level1,judder_level0,1,motion_noise,level1,judder,level0,7.6875
8,bistro_interior,restir_level0,judder_level2,0,restir,level0,judder,level2,11.3558
8,bistro_interior,stutter_level2,motion_noise_level2,0,stutter,level2,motion_noise,level2,7.7719
8,zeroday,judder_level0,temporal-resolution-multiplexing_level0,0,judder,level0,temporal-resolution-multiplexing,level0,16.0167
8,pink_room,reference,stutter_level1,1,reference,reference,stutter,level1,9.6388
8,bistro_interior,noise_colors_level1,temporal-resolution-multiplexing_level0,0,noise_colors,level1,temporal-resolution-multiplexing,level0,4.1125
8,bistro_interior,stutter_level1,duration_flicker_level0,1,stutter,level1,duration_flicker,level0,3.0459
8,zeroday,stutter_level2,restir_level0,0,stutter,level2,restir,level0,5.4042
8,bistro_exterior,duration_flicker_level1,restir_level0,0,duration_flicker,level1,restir,level0,2.4837
8,subway,stutter_level0,noise_colors_level1,1,stutter,level0,noise_colors,level1,13.3542
8,landscape,restir_level2,dlss_rr_level2,1,restir,level2,dlss_rr,level2,9.6550
8,classroom,motion_noise_level2,dlss_rr_level2,0,motion_noise,level2,dlss_rr,level2,8.0007
8,classroom,judder_level0,reference,0,judder,level0,reference,reference,2.4042
8,zeroday,dlss_rr_level1,motion_noise_level1,0,dlss_rr,level1,motion_noise,level1,48.6037
8,bistro_exterior,temporal-resolution-multiplexing_level0,noise_colors_level0,0,temporal-resolution-multiplexing,level0,noise_colors,level0,5.4125
8,classroom,restir_level0,judder_level1,1,restir,level0,judder,level1,4.2167
8,attic,dlss_rr_level2,restir_level2,0,dlss_rr,level2,restir,level2,3.4672
8,landscape,judder_level0,temporal-resolution-multiplexing_level0,0,judder,level0,temporal-resolution-multiplexing,level0,6.0709
8,marbles,temporal-resolution-multiplexing_level0,judder_level0,0,temporal-resolution-multiplexing,level0,judder,level0,10.6930
8,attic,dlss_rr_level2,duration_flicker_level2,0,dlss_rr,level2,duration_flicker,level2,7.2426
8,landscape,reference,motion_noise_level0,0,reference,reference,motion_noise,level0,5.0500
8,pink_room,motion_resolution_level0,motion_noise_level2,1,motion_resolution,level0,motion_noise,level2,7.7045
8,zeroday,noise_colors_level1,motion_resolution_level0,1,noise_colors,level1,motion_resolution,level0,12.6209
8,bistro_interior,motion_resolution_level0,dlss_rr_level0,0,motion_resolution,level0,dlss_rr,level0,2.5292
8,marbles,restir_level0,temporal-resolution-multiplexing_level0,0,restir,level0,temporal-resolution-multiplexing,level0,9.1179
8,marbles,noise_colors_level1,noise_colors_level2,1,noise_colors,level1,noise_colors,level2,2.8839
8,landscape,stutter_level2,duration_flicker_level0,1,stutter,level2,duration_flicker,level0,2.8542
8,pink_room,motion_noise_level0,motion_noise_level1,1,motion_noise,level0,motion_noise,level1,5.0125
8,classroom,duration_flicker_level0,motion_noise_level1,0,duration_flicker,level0,motion_noise,level1,2.4875
8,bistro_exterior,dlss_rr_level2,motion_resolution_level1,0,dlss_rr,level2,motion_resolution,level1,2.9667
8,landscape,temporal-resolution-multiplexing_level0,restir_level0,1,temporal-resolution-multiplexing,level0,restir,level0,9.0584
8,landscape,stutter_level1,temporal-resolution-multiplexing_level1,1,stutter,level1,temporal-resolution-multiplexing,level1,7.6918
8,attic,reference,stutter_level0,0,reference,reference,stutter,level0,10.9834
8,bistro_exterior,restir_level2,temporal-resolution-multiplexing_level1,0,restir,level2,temporal-resolution-multiplexing,level1,10.4042
8,pink_room,stutter_level2,dlss_rr_level2,1,stutter,level2,dlss_rr,level2,6.4209
8,attic,dlss_rr_level2,temporal-resolution-multiplexing_level2,1,dlss_rr,level2,temporal-resolution-multiplexing,level2,2.2878
8,classroom,motion_resolution_level1,duration_flicker_level1,1,motion_resolution,level1,duration_flicker,level1,6.8709
8,marbles,dlss_rr_level0,dlss_rr_level1,0,dlss_rr,level0,dlss_rr,level1,4.7917
8,pink_room,noise_colors_level2,motion_resolution_level1,1,noise_colors,level2,motion_resolution,level1,4.9917
8,attic,noise_colors_level0,motion_noise_level2,1,noise_colors,level0,motion_noise,level2,11.0555
8,subway,restir_level1,temporal-resolution-multiplexing_level1,0,restir,level1,temporal-resolution-multiplexing,level1,1.3459
8,classroom,restir_level1,dlss_rr_level0,0,restir,level1,dlss_rr,level0,6.6926
8,pink_room,judder_level2,stutter_level0,0,judder,level2,stutter,level0,12.0709
8,attic,motion_noise_level0,reference,0,motion_noise,level0,reference,reference,4.3875
8,zeroday,motion_noise_level2,duration_flicker_level0,1,motion_noise,level2,duration_flicker,level0,9.1750
8,bistro_interior,restir_level1,dlss_rr_level0,0,restir,level1,dlss_rr,level0,4.9052
8,landscape,dlss_rr_level1,dlss_rr_level0,0,dlss_rr,level1,dlss_rr,level0,2.9334
8,landscape,temporal-resolution-multiplexing_level1,noise_colors_level1,0,temporal-resolution-multiplexing,level1,noise_colors,level1,3.4755
8,bistro_interior,dlss_rr_level1,dlss_rr_level2,1,dlss_rr,level1,dlss_rr,level2,6.8135
8,subway,reference,temporal-resolution-multiplexing_level0,1,reference,reference,temporal-resolution-multiplexing,level0,8.2126
8,subway,dlss_rr_level1,noise_colors_level1,0,dlss_rr,level1,noise_colors,level1,8.3759
8,zeroday,stutter_level1,dlss_rr_level1,0,stutter,level1,dlss_rr,level1,7.5126
8,zeroday,temporal-resolution-multiplexing_level1,motion_noise_level2,1,temporal-resolution-multiplexing,level1,motion_noise,level2,7.9133
8,pink_room,dlss_rr_level0,dlss_rr_level1,1,dlss_rr,level0,dlss_rr,level1,6.4626
8,bistro_exterior,temporal-resolution-multiplexing_level2,stutter_level2,0,temporal-resolution-multiplexing,level2,stutter,level2,2.0667
8,bistro_exterior,noise_colors_level2,dlss_rr_level1,0,noise_colors,level2,dlss_rr,level1,2.3334
8,pink_room,judder_level1,motion_noise_level0,0,judder,level1,motion_noise,level0,9.4917
8,classroom,temporal-resolution-multiplexing_level0,stutter_level0,1,temporal-resolution-multiplexing,level0,stutter,level0,10.2470
8,zeroday,motion_noise_level0,temporal-resolution-multiplexing_level0,0,motion_noise,level0,temporal-resolution-multiplexing,level0,9.8255
8,pink_room,judder_level0,restir_level0,0,judder,level0,restir,level0,3.0000
8,classroom,motion_noise_level1,restir_level2,1,motion_noise,level1,restir,level2,4.0547
8,bistro_interior,restir_level2,restir_level0,0,restir,level2,restir,level0,2.4045
8,classroom,temporal-resolution-multiplexing_level2,motion_noise_level1,0,temporal-resolution-multiplexing,level2,motion_noise,level1,2.6836
8,attic,duration_flicker_level0,temporal-resolution-multiplexing_level0,0,duration_flicker,level0,temporal-resolution-multiplexing,level0,8.7387
8,zeroday,motion_noise_level2,temporal-resolution-multiplexing_level2,1,motion_noise,level2,temporal-resolution-multiplexing,level2,2.6167
8,attic,stutter_level2,motion_resolution_level0,1,stutter,level2,motion_resolution,level0,8.9506
8,landscape,stutter_level0,temporal-resolution-multiplexing_level0,0,stutter,level0,temporal-resolution-multiplexing,level0,3.7709
8,landscape,noise_colors_level0,motion_noise_level2,1,noise_colors,level0,motion_noise,level2,5.0667
8,attic,motion_resolution_level0,duration_flicker_level1,1,motion_resolution,level0,duration_flicker,level1,3.0959
8,zeroday,noise_colors_level1,stutter_level2,1,noise_colors,level1,stutter,level2,3.7167
8,landscape,motion_noise_level2,reference,0,motion_noise,level2,reference,reference,8.8167
8,bistro_interior,duration_flicker_level2,judder_level1,0,duration_flicker,level2,judder,level1,2.4880
8,zeroday,noise_colors_level2,judder_level0,1,noise_colors,level2,judder,level0,6.9792
8,zeroday,motion_noise_level2,duration_flicker_level2,1,motion_noise,level2,duration_flicker,level2,2.0667
8,classroom,restir_level1,motion_noise_level1,0,restir,level1,motion_noise,level1,9.3972
8,zeroday,restir_level2,temporal-resolution-multiplexing_level2,0,restir,level2,temporal-resolution-multiplexing,level2,1.3084
8,classroom,noise_colors_level0,stutter_level1,1,noise_colors,level0,stutter,level1,10.8959
8,marbles,stutter_level1,judder_level2,1,stutter,level1,judder,level2,7.7336
8,zeroday,motion_noise_level2,dlss_rr_level0,0,motion_noise,level2,dlss_rr,level0,2.7334
8,zeroday,motion_resolution_level1,temporal-resolution-multiplexing_level2,0,motion_resolution,level1,temporal-resolution-multiplexing,level2,2.6292
8,marbles,dlss_rr_level0,duration_flicker_level1,1,dlss_rr,level0,duration_flicker,level1,2.2000
8,classroom,noise_colors_level0,judder_level1,1,noise_colors,level0,judder,level1,5.6007
8,marbles,stutter_level1,restir_level1,1,stutter,level1,restir,level1,8.2804
8,bistro_exterior,dlss_rr_level2,motion_resolution_level2,1,dlss_rr,level2,motion_resolution,level2,5.8546
8,landscape,stutter_level0,dlss_rr_level1,0,stutter,level0,dlss_rr,level1,5.8750
8,attic,temporal-resolution-multiplexing_level0,motion_noise_level2,1,temporal-resolution-multiplexing,level0,motion_noise,level2,12.2293
8,zeroday,temporal-resolution-multiplexing_level1,noise_colors_level0,1,temporal-resolution-multiplexing,level1,noise_colors,level0,9.1334
8,classroom,dlss_rr_level1,judder_level2,1,dlss_rr,level1,judder,level2,6.3421
8,pink_room,duration_flicker_level2,restir_level2,0,duration_flicker,level2,restir,level2,1.7625
8,bistro_interior,dlss_rr_level0,noise_colors_level2,1,dlss_rr,level0,noise_colors,level2,2.7375
8,attic,noise_colors_level2,restir_level0,0,noise_colors,level2,restir,level0,2.1129
8,classroom,motion_resolution_level1,motion_noise_level1,0,motion_resolution,level1,motion_noise,level1,2.8917
8,marbles,stutter_level0,reference,1,stutter,level0,reference,reference,4.3292
8,classroom,motion_resolution_level2,noise_colors_level2,0,motion_resolution,level2,noise_colors,level2,2.0125
8,marbles,duration_flicker_level0,stutter_level2,1,duration_flicker,level0,stutter,level2,11.6091
8,classroom,stutter_level2,duration_flicker_level0,1,stutter,level2,duration_flicker,level0,5.9959
8,bistro_interior,dlss_rr_level0,judder_level0,0,dlss_rr,level0,judder,level0,12.1016
8,bistro_interior,noise_colors_level1,motion_noise_level0,1,noise_colors,level1,motion_noise,level0,9.0554
8,marbles,stutter_level0,noise_colors_level0,1,stutter,level0,noise_colors,level0,7.2209
8,subway,judder_level1,stutter_level2,0,judder,level1,stutter,level2,10.7834
8,bistro_interior,dlss_rr_level0,restir_level0,1,dlss_rr,level0,restir,level0,2.8962
8,pink_room,restir_level1,motion_resolution_level0,0,restir,level1,motion_resolution,level0,6.2417
8,bistro_interior,motion_noise_level2,temporal-resolution-multiplexing_level1,0,motion_noise,level2,temporal-resolution-multiplexing,level1,2.2044
8,marbles,temporal-resolution-multiplexing_level2,motion_resolution_level2,1,temporal-resolution-multiplexing,level2,motion_resolution,level2,2.1627
8,bistro_exterior,duration_flicker_level0,noise_colors_level1,0,duration_flicker,level0,noise_colors,level1,3.0375
8,marbles,duration_flicker_level0,temporal-resolution-multiplexing_level2,1,duration_flicker,level0,temporal-resolution-multiplexing,level2,3.8462
8,pink_room,duration_flicker_level1,dlss_rr_level1,0,duration_flicker,level1,dlss_rr,level1,2.7751
8,zeroday,motion_resolution_level2,motion_resolution_level1,0,motion_resolution,level2,motion_resolution,level1,2.8292
8,bistro_interior,judder_level0,duration_flicker_level1,1,judder,level0,duration_flicker,level1,7.3509
8,marbles,duration_flicker_level1,motion_noise_level2,0,duration_flicker,level1,motion_noise,level2,3.4755
8,zeroday,motion_noise_level0,judder_level1,1,motion_noise,level0,judder,level1,5.5334
8,bistro_exterior,noise_colors_level0,noise_colors_level1,1,noise_colors,level0,noise_colors,level1,9.6262
8,bistro_interior,temporal-resolution-multiplexing_level2,noise_colors_level2,1,temporal-resolution-multiplexing,level2,noise_colors,level2,2.4921
8,pink_room,duration_flicker_level0,motion_resolution_level0,0,duration_flicker,level0,motion_resolution,level0,2.8792
8,bistro_interior,motion_resolution_level2,restir_level2,1,motion_resolution,level2,restir,level2,3.3334
8,pink_room,noise_colors_level1,dlss_rr_level0,1,noise_colors,level1,dlss_rr,level0,7.9709
8,zeroday,restir_level0,stutter_level1,0,restir,level0,stutter,level1,6.5507
8,marbles,dlss_rr_level0,restir_level1,0,dlss_rr,level0,restir,level1,7.2091
8,subway,restir_level2,temporal-resolution-multiplexing_level2,0,restir,level2,temporal-resolution-multiplexing,level2,1.1875
8,attic,judder_level2,temporal-resolution-multiplexing_level0,0,judder,level2,temporal-resolution-multiplexing,level0,9.9084
8,pink_room,stutter_level2,dlss_rr_level0,1,stutter,level2,dlss_rr,level0,8.4042
8,subway,dlss_rr_level2,restir_level2,1,dlss_rr,level2,restir,level2,1.3042
8,marbles,temporal-resolution-multiplexing_level2,motion_resolution_level1,0,temporal-resolution-multiplexing,level2,motion_resolution,level1,5.3084
8,marbles,restir_level1,judder_level0,1,restir,level1,judder,level0,5.7167
8,pink_room,temporal-resolution-multiplexing_level2,dlss_rr_level0,0,temporal-resolution-multiplexing,level2,dlss_rr,level0,3.2125
8,zeroday,stutter_level2,judder_level0,1,stutter,level2,judder,level0,8.0760
8,subway,judder_level2,motion_noise_level1,1,judder,level2,motion_noise,level1,8.7000
8,zeroday,noise_colors_level1,dlss_rr_level2,1,noise_colors,level1,dlss_rr,level2,4.6922
8,attic,motion_resolution_level0,restir_level0,0,motion_resolution,level0,restir,level0,6.9634
8,attic,stutter_level1,duration_flicker_level1,1,stutter,level1,duration_flicker,level1,5.8542
8,bistro_interior,motion_noise_level1,duration_flicker_level2,1,motion_noise,level1,duration_flicker,level2,3.6625
8,marbles,motion_resolution_level0,duration_flicker_level1,1,motion_resolution,level0,duration_flicker,level1,3.9917
8,attic,noise_colors_level1,reference,1,noise_colors,level1,reference,reference,11.0125
8,subway,noise_colors_level0,reference,0,noise_colors,level0,reference,reference,5.4751
8,marbles,motion_resolution_level1,dlss_rr_level2,0,motion_resolution,level1,dlss_rr,level2,3.4921
8,bistro_interior,temporal-resolution-multiplexing_level0,temporal-resolution-multiplexing_level1,1,temporal-resolution-multiplexing,level0,temporal-resolution-multiplexing,level1,7.9504
8,subway,motion_resolution_level0,dlss_rr_level0,1,motion_resolution,level0,dlss_rr,level0,6.2625
8,attic,restir_level0,dlss_rr_level2,1,restir,level0,dlss_rr,level2,1.6959
8,attic,duration_flicker_level1,restir_level1,0,duration_flicker,level1,restir,level1,7.4125
8,subway,judder_level2,noise_colors_level2,1,judder,level2,noise_colors,level2,2.7834
8,bistro_exterior,motion_noise_level2,judder_level2,1,motion_noise,level2,judder,level2,11.8632
8,subway,duration_flicker_level1,duration_flicker_level0,0,duration_flicker,level1,duration_flicker,level0,2.8126
8,attic,judder_level0,motion_noise_level0,1,judder,level0,motion_noise,level0,12.2641
8,subway,noise_colors_level1,judder_level0,1,noise_colors,level1,judder,level0,10.4834
8,subway,judder_level2,motion_resolution_level1,1,judder,level2,motion_resolution,level1,5.0750
8,attic,reference,judder_level1,0,reference,reference,judder,level1,10.9877
8,subway,judder_level2,temporal-resolution-multiplexing_level1,1,judder,level2,temporal-resolution-multiplexing,level1,4.0875
8,subway,dlss_rr_level1,stutter_level2,1,dlss_rr,level1,stutter,level2,2.6461
8,attic,dlss_rr_level1,motion_resolution_level0,0,dlss_rr,level1,motion_resolution,level0,4.5383
8,attic,motion_noise_level2,noise_colors_level1,0,motion_noise,level2,noise_colors,level1,11.8723
8,bistro_exterior,stutter_level1,motion_noise_level2,0,stutter,level1,motion_noise,level2,8.1846
8,subway,dlss_rr_level1,judder_level2,0,dlss_rr,level1,judder,level2,10.0959
8,bistro_exterior,judder_level0,motion_noise_level1,0,judder,level0,motion_noise,level1,10.1430
8,bistro_exterior,noise_colors_level1,stutter_level0,0,noise_colors,level1,stutter,level0,6.6963
8,bistro_exterior,motion_noise_level1,judder_level1,1,motion_noise,level1,judder,level1,10.5140
8,bistro_exterior,dlss_rr_level1,duration_flicker_level1,1,dlss_rr,level1,duration_flicker,level1,3.9709
8,bistro_exterior,stutter_level2,motion_resolution_level1,1,stutter,level2,motion_resolution,level1,6.4216
8,bistro_exterior,reference,motion_noise_level0,0,reference,reference,motion_noise,level0,10.3346
8,bistro_exterior,temporal-resolution-multiplexing_level1,duration_flicker_level1,1,temporal-resolution-multiplexing,level1,duration_flicker,level1,2.4086
8,bistro_exterior,motion_noise_level1,duration_flicker_level0,1,motion_noise,level1,duration_flicker,level0,6.1757
8,bistro_exterior,motion_noise_level1,dlss_rr_level0,1,motion_noise,level1,dlss_rr,level0,4.0005
8,bistro_exterior,motion_noise_level2,motion_resolution_level0,1,motion_noise,level2,motion_resolution,level0,6.6089
8,bistro_exterior,stutter_level2,duration_flicker_level1,1,stutter,level2,duration_flicker,level1,3.6250
8,bistro_exterior,duration_flicker_level2,duration_flicker_level1,0,duration_flicker,level2,duration_flicker,level1,9.7543
8,bistro_exterior,motion_noise_level1,restir_level1,1,motion_noise,level1,restir,level1,9.1042
Jorge,bistro_interior,dlss_rr_level1,judder_level0,0,dlss_rr,level1,judder,level0,3.5549
Jorge,classroom,duration_flicker_level2,noise_colors_level0,0,duration_flicker,level2,noise_colors,level0,4.5133
Jorge,landscape,dlss_rr_level0,motion_noise_level0,0,dlss_rr,level0,motion_noise,level0,5.4885
Jorge,zeroday,restir_level2,motion_resolution_level1,0,restir,level2,motion_resolution,level1,5.5843
Jorge,subway,judder_level1,temporal-resolution-multiplexing_level1,1,judder,level1,temporal-resolution-multiplexing,level1,5.3427
Jorge,zeroday,dlss_rr_level2,noise_colors_level0,0,dlss_rr,level2,noise_colors,level0,5.3967
Jorge,attic,dlss_rr_level0,noise_colors_level2,1,dlss_rr,level0,noise_colors,level2,5.2342
Jorge,classroom,duration_flicker_level0,stutter_level0,0,duration_flicker,level0,stutter,level0,4.4424
Jorge,classroom,noise_colors_level2,judder_level1,0,noise_colors,level2,judder,level1,4.8300
Jorge,marbles,restir_level0,duration_flicker_level0,1,restir,level0,duration_flicker,level0,5.5468
Jorge,marbles,motion_resolution_level2,dlss_rr_level1,0,motion_resolution,level2,dlss_rr,level1,5.3176
Jorge,subway,temporal-resolution-multiplexing_level2,motion_noise_level2,1,temporal-resolution-multiplexing,level2,motion_noise,level2,5.4593
Jorge,marbles,temporal-resolution-multiplexing_level0,motion_resolution_level2,1,temporal-resolution-multiplexing,level0,motion_resolution,level2,5.2718
Jorge,bistro_exterior,motion_resolution_level0,restir_level2,0,motion_resolution,level0,restir,level2,11.3018
Jorge,bistro_exterior,judder_level1,noise_colors_level1,1,judder,level1,noise_colors,level1,5.3844
Jorge,bistro_interior,noise_colors_level0,temporal-resolution-multiplexing_level1,1,noise_colors,level0,temporal-resolution-multiplexing,level1,5.6384
Jorge,subway,motion_noise_level0,duration_flicker_level2,1,motion_noise,level0,duration_flicker,level2,6.5386
Jorge,zeroday,stutter_level1,stutter_level2,1,stutter,level1,stutter,level2,5.5927
Jorge,classroom,motion_noise_level2,temporal-resolution-multiplexing_level2,1,motion_noise,level2,temporal-resolution-multiplexing,level2,5.2842
Jorge,landscape,temporal-resolution-multiplexing_level2,duration_flicker_level1,1,temporal-resolution-multiplexing,level2,duration_flicker,level1,5.6884
Jorge,zeroday,judder_level2,restir_level1,0,judder,level2,restir,level1,10.6474
Jorge,bistro_interior,duration_flicker_level2,motion_resolution_level2,1,duration_flicker,level2,motion_resolution,level2,5.4010
Jorge,landscape,judder_level2,dlss_rr_level2,1,judder,level2,dlss_rr,level2,5.6552
Jorge,bistro_interior,stutter_level1,duration_flicker_level1,0,stutter,level1,duration_flicker,level1,5.4385
Jorge,attic,temporal-resolution-multiplexing_level2,judder_level0,0,temporal-resolution-multiplexing,level2,judder,level0,5.2510
Jorge,subway,dlss_rr_level0,stutter_level0,0,dlss_rr,level0,stutter,level0,5.4218
Jorge,attic,dlss_rr_level2,motion_noise_level1,0,dlss_rr,level2,motion_noise,level1,5.2552
Jorge,bistro_interior,temporal-resolution-multiplexing_level2,motion_noise_level2,0,temporal-resolution-multiplexing,level2,motion_noise,level2,7.1219
Jorge,marbles,duration_flicker_level0,motion_resolution_level0,0,duration_flicker,level0,motion_resolution,level0,5.7385
Jorge,zeroday,judder_level1,noise_colors_level2,1,judder,level1,noise_colors,level2,5.7260
Jorge,classroom,judder_level0,motion_resolution_level2,1,judder,level0,motion_resolution,level2,4.8508
Jorge,bistro_interior,restir_level1,duration_flicker_level1,0,restir,level1,duration_flicker,level1,5.6176
Jorge,landscape,duration_flicker_level1,motion_resolution_level1,1,duration_flicker,level1,motion_resolution,level1,5.6718
Jorge,marbles,judder_level2,restir_level1,0,judder,level2,restir,level1,5.2260
Jorge,attic,stutter_level2,temporal-resolution-multiplexing_level2,0,stutter,level2,temporal-resolution-multiplexing,level2,11.1684
Jorge,classroom,restir_level0,noise_colors_level1,1,restir,level0,noise_colors,level1,4.5967
Jorge,landscape,restir_level1,restir_level2,1,restir,level1,restir,level2,5.3760
Jorge,landscape,motion_noise_level1,judder_level2,1,motion_noise,level1,judder,level2,5.3718
Jorge,subway,duration_flicker_level0,dlss_rr_level0,1,duration_flicker,level0,dlss_rr,level0,7.8888
Jorge,landscape,duration_flicker_level0,dlss_rr_level2,1,duration_flicker,level0,dlss_rr,level2,10.0599
Jorge,marbles,stutter_level0,noise_colors_level1,1,stutter,level0,noise_colors,level1,4.8382
Jorge,attic,judder_level1,dlss_rr_level1,1,judder,level1,dlss_rr,level1,4.9550
Jorge,landscape,motion_resolution_level0,noise_colors_level2,1,motion_resolution,level0,noise_colors,level2,5.3760
Jorge,zeroday,noise_colors_level2,restir_level0,1,noise_colors,level2,restir,level0,5.5427
Jorge,landscape,motion_noise_level1,noise_colors_level1,0,motion_noise,level1,noise_colors,level1,6.8970
Jorge,attic,duration_flicker_level0,duration_flicker_level2,1,duration_flicker,level0,duration_flicker,level2,4.9718
Jorge,zeroday,duration_flicker_level0,judder_level1,0,duration_flicker,level0,judder,level1,5.8635
Jorge,classroom,dlss_rr_level0,judder_level2,1,dlss_rr,level0,judder,level2,4.7466
Jorge,pink_room,duration_flicker_level1,restir_level1,0,duration_flicker,level1,restir,level1,5.3386
Jorge,landscape,duration_flicker_level2,temporal-resolution-multiplexing_level1,0,duration_flicker,level2,temporal-resolution-multiplexing,level1,5.4550
Jorge,pink_room,judder_level2,stutter_level2,1,judder,level2,stutter,level2,5.3551
Jorge,marbles,dlss_rr_level1,judder_level0,0,dlss_rr,level1,judder,level0,4.9884
Jorge,attic,restir_level0,motion_noise_level0,0,restir,level0,motion_noise,level0,4.8218
Jorge,landscape,judder_level1,stutter_level2,1,judder,level1,stutter,level2,5.3969
Jorge,marbles,duration_flicker_level0,duration_flicker_level2,1,duration_flicker,level0,duration_flicker,level2,4.5174
Jorge,subway,motion_resolution_level2,duration_flicker_level2,0,motion_resolution,level2,duration_flicker,level2,7.1804
Jorge,zeroday,stutter_level1,judder_level0,1,stutter,level1,judder,level0,6.2594
Jorge,attic,dlss_rr_level2,duration_flicker_level1,0,dlss_rr,level2,duration_flicker,level1,4.7466
Jorge,attic,restir_level1,stutter_level0,0,restir,level1,stutter,level0,5.0843
Jorge,pink_room,duration_flicker_level0,noise_colors_level0,0,duration_flicker,level0,noise_colors,level0,5.4468
Jorge,subway,restir_level0,noise_colors_level0,0,restir,level0,noise_colors,level0,5.2801
Jorge,landscape,judder_level0,restir_level2,0,judder,level0,restir,level2,7.0053
Jorge,landscape,restir_level0,motion_resolution_level2,1,restir,level0,motion_resolution,level2,5.4093
Jorge,marbles,temporal-resolution-multiplexing_level2,dlss_rr_level2,0,temporal-resolution-multiplexing,level2,dlss_rr,level2,4.9134
Jorge,subway,noise_colors_level1,dlss_rr_level2,1,noise_colors,level1,dlss_rr,level2,5.4426
Jorge,subway,motion_resolution_level0,motion_resolution_level2,1,motion_resolution,level0,motion_resolution,level2,5.4010
Jorge,zeroday,temporal-resolution-multiplexing_level2,judder_level2,0,temporal-resolution-multiplexing,level2,judder,level2,5.8135
Jorge,marbles,duration_flicker_level1,dlss_rr_level2,0,duration_flicker,level1,dlss_rr,level2,5.8886
Jorge,bistro_interior,dlss_rr_level2,dlss_rr_level0,0,dlss_rr,level2,dlss_rr,level0,5.2594
Jorge,classroom,restir_level1,motion_resolution_level2,1,restir,level1,motion_resolution,level2,4.6509
Jorge,attic,motion_noise_level0,dlss_rr_level1,1,motion_noise,level0,dlss_rr,level1,4.7801
Jorge,pink_room,restir_level0,duration_flicker_level2,1,restir,level0,duration_flicker,level2,5.3135
Jorge,subway,dlss_rr_level1,duration_flicker_level1,1,dlss_rr,level1,duration_flicker,level1,5.4510
Jorge,landscape,dlss_rr_level0,stutter_level0,0,dlss_rr,level0,stutter,level0,5.3260
Jorge,bistro_exterior,judder_level1,noise_colors_level2,1,judder,level1,noise_colors,level2,5.4343
Jorge,pink_room,temporal-resolution-multiplexing_level0,judder_level2,1,temporal-resolution-multiplexing,level0,judder,level2,5.4969
Jorge,attic,restir_level2,duration_flicker_level2,0,restir,level2,duration_flicker,level2,5.3593
Jorge,zeroday,dlss_rr_level1,temporal-resolution-multiplexing_level2,1,dlss_rr,level1,temporal-resolution-multiplexing,level2,5.4259
Jorge,bistro_exterior,temporal-resolution-multiplexing_level2,motion_noise_level0,0,temporal-resolution-multiplexing,level2,motion_noise,level0,5.4885
Jorge,subway,noise_colors_level0,judder_level0,0,noise_colors,level0,judder,level0,5.3135
Jorge,bistro_interior,duration_flicker_level1,dlss_rr_level1,1,duration_flicker,level1,dlss_rr,level1,5.4468
Jorge,bistro_exterior,temporal-resolution-multiplexing_level0,restir_level0,1,temporal-resolution-multiplexing,level0,restir,level0,7.3054
Jorge,landscape,duration_flicker_level2,motion_noise_level0,0,duration_flicker,level2,motion_noise,level0,5.3511
Jorge,bistro_exterior,motion_resolution_level2,dlss_rr_level1,0,motion_resolution,level2,dlss_rr,level1,5.4759
Jorge,bistro_exterior,judder_level0,stutter_level2,1,judder,level0,stutter,level2,5.4759
Jorge,zeroday,duration_flicker_level2,motion_noise_level1,0,duration_flicker,level2,motion_noise,level1,5.5635
Jorge,subway,noise_colors_level1,motion_resolution_level1,1,noise_colors,level1,motion_resolution,level1,9.5557
Jorge,landscape,temporal-resolution-multiplexing_level0,duration_flicker_level1,1,temporal-resolution-multiplexing,level0,duration_flicker,level1,5.3636
Jorge,pink_room,duration_flicker_level0,noise_colors_level1,0,duration_flicker,level0,noise_colors,level1,5.6050
Jorge,classroom,duration_flicker_level1,restir_level2,0,duration_flicker,level1,restir,level2,4.7426
Jorge,classroom,duration_flicker_level0,dlss_rr_level0,0,duration_flicker,level0,dlss_rr,level0,5.0676
Jorge,landscape,motion_resolution_level0,motion_resolution_level2,1,motion_resolution,level0,motion_resolution,level2,6.2385
Jorge,marbles,motion_noise_level1,noise_colors_level1,1,motion_noise,level1,noise_colors,level1,5.3717
Jorge,bistro_interior,noise_colors_level1,motion_noise_level1,0,noise_colors,level1,motion_noise,level1,8.6181
Jorge,attic,dlss_rr_level0,motion_noise_level0,0,dlss_rr,level0,motion_noise,level0,4.8259
Jorge,landscape,duration_flicker_level1,dlss_rr_level1,1,duration_flicker,level1,dlss_rr,level1,6.6387
Jorge,marbles,dlss_rr_level2,dlss_rr_level0,0,dlss_rr,level2,dlss_rr,level0,8.4638
Jorge,marbles,restir_level2,judder_level1,0,restir,level2,judder,level1,5.4260
Jorge,zeroday,duration_flicker_level1,stutter_level2,1,duration_flicker,level1,stutter,level2,9.4932
Jorge,subway,duration_flicker_level0,duration_flicker_level2,1,duration_flicker,level0,duration_flicker,level2,5.2218
Jorge,bistro_interior,motion_noise_level2,temporal-resolution-multiplexing_level0,0,motion_noise,level2,temporal-resolution-multiplexing,level0,4.8676
Jorge,marbles,judder_level2,dlss_rr_level2,0,judder,level2,dlss_rr,level2,4.3634
Jorge,landscape,restir_level0,noise_colors_level0,1,restir,level0,noise_colors,level0,5.3343
Jorge,zeroday,motion_noise_level2,dlss_rr_level0,0,motion_noise,level2,dlss_rr,level0,5.4385
Jorge,landscape,restir_level0,judder_level1,0,restir,level0,judder,level1,5.3509
Jorge,bistro_exterior,judder_level0,noise_colors_level0,0,judder,level0,noise_colors,level0,6.0052
Jorge,attic,judder_level0,judder_level2,1,judder,level0,judder,level2,5.0134
Jorge,attic,noise_colors_level1,temporal-resolution-multiplexing_level0,0,noise_colors,level1,temporal-resolution-multiplexing,level0,4.9051
Jorge,classroom,judder_level2,restir_level1,1,judder,level2,restir,level1,5.0968
Jorge,classroom,judder_level0,duration_flicker_level1,1,judder,level0,duration_flicker,level1,4.7635
Jorge,bistro_interior,duration_flicker_level2,dlss_rr_level0,1,duration_flicker,level2,dlss_rr,level0,4.8633
Jorge,zeroday,noise_colors_level2,duration_flicker_level2,1,noise_colors,level2,duration_flicker,level2,6.8177
Jorge,bistro_interior,motion_noise_level1,restir_level0,1,motion_noise,level1,restir,level0,5.1259
Jorge,classroom,motion_resolution_level2,judder_level1,0,motion_resolution,level2,judder,level1,4.9800
Jorge,landscape,duration_flicker_level1,judder_level2,1,duration_flicker,level1,judder,level2,5.2468
Jorge,zeroday,stutter_level0,motion_noise_level1,1,stutter,level0,motion_noise,level1,5.4885
Jorge,subway,duration_flicker_level2,motion_noise_level1,1,duration_flicker,level2,motion_noise,level1,8.2514
Jorge,classroom,dlss_rr_level1,motion_resolution_level1,1,dlss_rr,level1,motion_resolution,level1,4.7925
Jorge,zeroday,judder_level2,stutter_level2,0,judder,level2,stutter,level2,5.6509
Jorge,bistro_exterior,restir_level1,stutter_level2,1,restir,level1,stutter,level2,5.4010
Jorge,pink_room,duration_flicker_level1,motion_resolution_level1,1,duration_flicker,level1,motion_resolution,level1,5.2967
Jorge,classroom,duration_flicker_level0,motion_resolution_level1,1,duration_flicker,level0,motion_resolution,level1,4.7175
Jorge,bistro_interior,stutter_level0,noise_colors_level0,0,stutter,level0,noise_colors,level0,5.5260
Jorge,landscape,motion_noise_level2,motion_resolution_level0,1,motion_noise,level2,motion_resolution,level0,5.3426
Jorge,attic,stutter_level2,restir_level1,0,stutter,level2,restir,level1,4.8841
Jorge,classroom,stutter_level1,motion_noise_level0,1,stutter,level1,motion_noise,level0,4.6217
Jorge,bistro_interior,duration_flicker_level2,judder_level2,1,duration_flicker,level2,judder,level2,5.2675
Jorge,classroom,stutter_level2,temporal-resolution-multiplexing_level1,0,stutter,level2,temporal-resolution-multiplexing,level1,4.8635
Jorge,zeroday,stutter_level0,noise_colors_level1,1,stutter,level0,noise_colors,level1,9.3472
Jorge,classroom,dlss_rr_level1,temporal-resolution-multiplexing_level0,0,dlss_rr,level1,temporal-resolution-multiplexing,level0,4.7384
Jorge,classroom,stutter_level1,judder_level2,1,stutter,level1,judder,level2,4.6675
Jorge,pink_room,duration_flicker_level2,temporal-resolution-multiplexing_level1,1,duration_flicker,level2,temporal-resolution-multiplexing,level1,5.5343
Jorge,bistro_interior,restir_level0,restir_level2,1,restir,level0,restir,level2,5.4135
Jorge,classroom,motion_resolution_level0,noise_colors_level0,0,motion_resolution,level0,noise_colors,level0,5.1051
Jorge,marbles,motion_noise_level2,noise_colors_level2,1,motion_noise,level2,noise_colors,level2,5.3258
Jorge,classroom,duration_flicker_level2,temporal-resolution-multiplexing_level1,0,duration_flicker,level2,temporal-resolution-multiplexing,level1,4.9592
Jorge,pink_room,judder_level2,motion_noise_level1,0,judder,level2,motion_noise,level1,5.4092
Jorge,pink_room,duration_flicker_level1,motion_noise_level0,0,duration_flicker,level1,motion_noise,level0,5.3550
Jorge,landscape,temporal-resolution-multiplexing_level2,stutter_level1,0,temporal-resolution-multiplexing,level2,stutter,level1,5.3593
Jorge,classroom,duration_flicker_level2,dlss_rr_level2,0,duration_flicker,level2,dlss_rr,level2,4.8884
Jorge,marbles,motion_resolution_level0,motion_noise_level1,0,motion_resolution,level0,motion_noise,level1,5.4884
Jorge,landscape,temporal-resolution-multiplexing_level2,motion_resolution_level2,1,temporal-resolution-multiplexing,level2,motion_resolution,level2,5.3551
Jorge,zeroday,motion_resolution_level0,duration_flicker_level2,1,motion_resolution,level0,duration_flicker,level2,5.3635
Jorge,bistro_interior,judder_level1,motion_noise_level0,0,judder,level1,motion_noise,level0,5.2551
Jorge,classroom,dlss_rr_level0,temporal-resolution-multiplexing_level2,1,dlss_rr,level0,temporal-resolution-multiplexing,level2,4.7008
Jorge,bistro_exterior,noise_colors_level1,stutter_level2,1,noise_colors,level1,stutter,level2,5.4176
Jorge,marbles,temporal-resolution-multiplexing_level1,noise_colors_level0,0,temporal-resolution-multiplexing,level1,noise_colors,level0,5.4594
Jorge,landscape,motion_noise_level0,temporal-resolution-multiplexing_level2,1,motion_noise,level0,temporal-resolution-multiplexing,level2,5.3677
Jorge,bistro_interior,restir_level0,temporal-resolution-multiplexing_level0,0,restir,level0,temporal-resolution-multiplexing,level0,5.3427
Jorge,attic,motion_noise_level0,noise_colors_level1,0,motion_noise,level0,noise_colors,level1,4.9675
Jorge,pink_room,motion_resolution_level0,temporal-resolution-multiplexing_level1,1,motion_resolution,level0,temporal-resolution-multiplexing,level1,5.2593
Jorge,zeroday,motion_resolution_level2,duration_flicker_level1,0,motion_resolution,level2,duration_flicker,level1,5.5052
Jorge,zeroday,stutter_level2,temporal-resolution-multiplexing_level1,0,stutter,level2,temporal-resolution-multiplexing,level1,5.5176
Jorge,pink_room,restir_level2,restir_level0,0,restir,level2,restir,level0,5.1843
Jorge,classroom,restir_level2,duration_flicker_level2,1,restir,level2,duration_flicker,level2,5.0633
Jorge,marbles,stutter_level0,motion_resolution_level1,1,stutter,level0,motion_resolution,level1,4.3426
Jorge,classroom,motion_noise_level1,restir_level2,1,motion_noise,level1,restir,level2,4.5467
Jorge,bistro_exterior,dlss_rr_level2,motion_noise_level2,0,dlss_rr,level2,motion_noise,level2,5.4426
Jorge,zeroday,temporal-resolution-multiplexing_level0,judder_level2,1,temporal-resolution-multiplexing,level0,judder,level2,6.2136
Jorge,marbles,temporal-resolution-multiplexing_level2,stutter_level2,1,temporal-resolution-multiplexing,level2,stutter,level2,6.6095
Jorge,classroom,restir_level0,motion_noise_level2,1,restir,level0,motion_noise,level2,5.1135
Jorge,attic,stutter_level2,motion_resolution_level2,0,stutter,level2,motion_resolution,level2,4.9050
Jorge,landscape,restir_level2,stutter_level0,0,restir,level2,stutter,level0,5.4093
Jorge,attic,judder_level1,stutter_level1,1,judder,level1,stutter,level1,4.5676
Jorge,attic,noise_colors_level0,restir_level0,1,noise_colors,level0,restir,level0,4.9010
Jorge,marbles,dlss_rr_level0,noise_colors_level2,1,dlss_rr,level0,noise_colors,level2,4.8760
Jorge,bistro_interior,temporal-resolution-multiplexing_level0,judder_level2,1,temporal-resolution-multiplexing,level0,judder,level2,5.5884
Jorge,marbles,noise_colors_level1,temporal-resolution-multiplexing_level1,0,noise_colors,level1,temporal-resolution-multiplexing,level1,9.9432
Jorge,bistro_exterior,duration_flicker_level2,dlss_rr_level2,1,duration_flicker,level2,dlss_rr,level2,5.9260
Jorge,bistro_exterior,motion_resolution_level0,motion_resolution_level1,1,motion_resolution,level0,motion_resolution,level1,5.4760
Jorge,marbles,restir_level2,motion_resolution_level2,1,restir,level2,motion_resolution,level2,4.8425
Jorge,bistro_interior,temporal-resolution-multiplexing_level2,noise_colors_level0,0,temporal-resolution-multiplexing,level2,noise_colors,level0,4.9385
Jorge,marbles,duration_flicker_level1,temporal-resolution-multiplexing_level1,1,duration_flicker,level1,temporal-resolution-multiplexing,level1,6.0761
Jorge,attic,dlss_rr_level2,stutter_level0,0,dlss_rr,level2,stutter,level0,4.6674
Jorge,bistro_exterior,motion_noise_level1,restir_level1,1,motion_noise,level1,restir,level1,5.3926
Jorge,bistro_exterior,stutter_level1,restir_level1,1,stutter,level1,restir,level1,5.3551
Jorge,subway,temporal-resolution-multiplexing_level1,dlss_rr_level0,0,temporal-resolution-multiplexing,level1,dlss_rr,level0,5.3134
Jorge,marbles,motion_noise_level0,judder_level0,0,motion_noise,level0,judder,level0,6.8012
Jorge,subway,temporal-resolution-multiplexing_level2,motion_noise_level0,0,temporal-resolution-multiplexing,level2,motion_noise,level0,5.3425
Jorge,pink_room,stutter_level2,judder_level0,0,stutter,level2,judder,level0,5.3716
Jorge,pink_room,dlss_rr_level0,noise_colors_level2,0,dlss_rr,level0,noise_colors,level2,7.4846
Jorge,bistro_exterior,motion_resolution_level1,temporal-resolution-multiplexing_level1,0,motion_resolution,level1,temporal-resolution-multiplexing,level1,6.5345
Jorge,bistro_exterior,dlss_rr_level0,stutter_level0,0,dlss_rr,level0,stutter,level0,5.5385
Jorge,bistro_interior,stutter_level2,dlss_rr_level0,0,stutter,level2,dlss_rr,level0,5.3093
Jorge,bistro_exterior,motion_noise_level0,dlss_rr_level0,1,motion_noise,level0,dlss_rr,level0,5.7217
Jorge,subway,judder_level2,motion_resolution_level2,1,judder,level2,motion_resolution,level2,8.0179
Jorge,pink_room,stutter_level0,noise_colors_level2,1,stutter,level0,noise_colors,level2,5.3360
Jorge,zeroday,restir_level2,restir_level1,0,restir,level2,restir,level1,5.6219
Jorge,marbles,motion_noise_level0,motion_resolution_level0,1,motion_noise,level0,motion_resolution,level0,5.2719
Jorge,pink_room,noise_colors_level1,judder_level1,0,noise_colors,level1,judder,level1,5.4050
Jorge,subway,noise_colors_level1,judder_level2,1,noise_colors,level1,judder,level2,4.7385
Jorge,zeroday,noise_colors_level0,stutter_level2,1,noise_colors,level0,stutter,level2,5.4510
Jorge,pink_room,duration_flicker_level1,temporal-resolution-multiplexing_level1,1,duration_flicker,level1,temporal-resolution-multiplexing,level1,5.2217
Jorge,marbles,stutter_level1,duration_flicker_level0,1,stutter,level1,duration_flicker,level0,4.4465
Jorge,zeroday,motion_noise_level2,restir_level1,1,motion_noise,level2,restir,level1,5.5927
Jorge,bistro_exterior,judder_level1,motion_resolution_level2,1,judder,level1,motion_resolution,level2,5.3219
Jorge,pink_room,stutter_level1,motion_resolution_level1,1,stutter,level1,motion_resolution,level1,5.2384
Jorge,attic,noise_colors_level2,temporal-resolution-multiplexing_level1,0,noise_colors,level2,temporal-resolution-multiplexing,level1,10.1766
Jorge,pink_room,dlss_rr_level1,dlss_rr_level0,0,dlss_rr,level1,dlss_rr,level0,8.3219
Jorge,subway,temporal-resolution-multiplexing_level1,stutter_level2,1,temporal-resolution-multiplexing,level1,stutter,level2,5.1926
Jorge,bistro_exterior,restir_level0,judder_level0,1,restir,level0,judder,level0,5.4927
Jorge,bistro_exterior,restir_level0,duration_flicker_level1,1,restir,level0,duration_flicker,level1,8.3556
Jorge,subway,restir_level2,stutter_level0,0,restir,level2,stutter,level0,4.5049
Jorge,bistro_exterior,judder_level1,judder_level2,1,judder,level1,judder,level2,5.4134
Jorge,bistro_exterior,temporal-resolution-multiplexing_level0,dlss_rr_level2,1,temporal-resolution-multiplexing,level0,dlss_rr,level2,5.2843
Jorge,zeroday,motion_noise_level1,motion_noise_level0,0,motion_noise,level1,motion_noise,level0,7.3429
Jorge,pink_room,restir_level1,judder_level1,0,restir,level1,judder,level1,5.2801
Jorge,pink_room,stutter_level2,motion_noise_level0,0,stutter,level2,motion_noise,level0,5.2343
Jorge,bistro_interior,restir_level2,stutter_level1,0,restir,level2,stutter,level1,5.4302
Jorge,attic,temporal-resolution-multiplexing_level1,restir_level2,1,temporal-resolution-multiplexing,level1,restir,level2,4.3051
Jorge,attic,motion_resolution_level1,motion_resolution_level2,1,motion_resolution,level1,motion_resolution,level2,6.6342
Jorge,bistro_exterior,stutter_level1,duration_flicker_level0,0,stutter,level1,duration_flicker,level0,5.2843
Jorge,zeroday,motion_resolution_level0,stutter_level2,1,motion_resolution,level0,stutter,level2,5.4092
Jorge,bistro_exterior,motion_noise_level0,stutter_level2,1,motion_noise,level0,stutter,level2,5.0551
Jorge,bistro_interior,motion_resolution_level1,duration_flicker_level0,0,motion_resolution,level1,duration_flicker,level0,5.3176
Jorge,attic,motion_noise_level2,temporal-resolution-multiplexing_level2,1,motion_noise,level2,temporal-resolution-multiplexing,level2,4.4301
Jorge,attic,restir_level1,temporal-resolution-multiplexing_level0,0,restir,level1,temporal-resolution-multiplexing,level0,4.8633
Jorge,pink_room,motion_noise_level2,motion_noise_level0,0,motion_noise,level2,motion_noise,level0,5.5676
Jorge,subway,noise_colors_level2,judder_level0,0,noise_colors,level2,judder,level0,4.8050
Jorge,subway,motion_resolution_level2,temporal-resolution-multiplexing_level0,0,motion_resolution,level2,temporal-resolution-multiplexing,level0,4.8260
Jorge,attic,motion_resolution_level0,stutter_level2,1,motion_resolution,level0,stutter,level2,4.2007
Jorge,bistro_exterior,dlss_rr_level2,temporal-resolution-multiplexing_level1,0,dlss_rr,level2,temporal-resolution-multiplexing,level1,5.4010
Jorge,pink_room,dlss_rr_level2,stutter_level1,0,dlss_rr,level2,stutter,level1,5.2006
Jorge,bistro_interior,noise_colors_level0,motion_resolution_level0,1,noise_colors,level0,motion_resolution,level0,5.4010
Jorge,pink_room,noise_colors_level2,temporal-resolution-multiplexing_level2,1,noise_colors,level2,temporal-resolution-multiplexing,level2,4.6633
Jorge,pink_room,stutter_level0,motion_resolution_level2,1,stutter,level0,motion_resolution,level2,4.8926
Jorge,bistro_interior,noise_colors_level2,restir_level2,1,noise_colors,level2,restir,level2,5.3344
Jorge,bistro_interior,stutter_level0,motion_resolution_level1,1,stutter,level0,motion_resolution,level1,4.7133
Jorge,pink_room,motion_resolution_level2,motion_noise_level0,0,motion_resolution,level2,motion_noise,level0,5.3051
Jorge,subway,temporal-resolution-multiplexing_level0,dlss_rr_level1,1,temporal-resolution-multiplexing,level0,dlss_rr,level1,3.9299
Jorge,subway,duration_flicker_level2,stutter_level1,0,duration_flicker,level2,stutter,level1,4.2466
Jorge,bistro_interior,motion_noise_level0,judder_level2,1,motion_noise,level0,judder,level2,4.9425
Jorge,subway,temporal-resolution-multiplexing_level2,noise_colors_level0,0,temporal-resolution-multiplexing,level2,noise_colors,level0,4.6051
Jorge,subway,restir_level1,restir_level2,1,restir,level1,restir,level2,5.2134
Jorge2,bistro_exterior,duration_flicker_level2,noise_colors_level1,0,duration_flicker,level2,noise_colors,level1,5.5217
Jorge2,attic,duration_flicker_level2,motion_resolution_level0,0,duration_flicker,level2,motion_resolution,level0,4.6168
Jorge2,bistro_interior,dlss_rr_level2,noise_colors_level1,0,dlss_rr,level2,noise_colors,level1,5.2751
Jorge2,classroom,noise_colors_level1,motion_noise_level0,0,noise_colors,level1,motion_noise,level0,4.8334
Jorge2,pink_room,stutter_level2,dlss_rr_level1,0,stutter,level2,dlss_rr,level1,6.0834
Jorge2,pink_room,motion_resolution_level0,noise_colors_level0,1,motion_resolution,level0,noise_colors,level0,10.0720
Jorge2,marbles,judder_level2,motion_resolution_level1,1,judder,level2,motion_resolution,level1,9.2932
Jorge2,zeroday,restir_level1,motion_noise_level0,0,restir,level1,motion_noise,level0,5.5883
Jorge2,marbles,motion_resolution_level2,duration_flicker_level2,0,motion_resolution,level2,duration_flicker,level2,4.5340
Jorge2,classroom,restir_level1,stutter_level2,1,restir,level1,stutter,level2,4.7048
Jorge2,bistro_interior,dlss_rr_level0,duration_flicker_level0,0,dlss_rr,level0,duration_flicker,level0,5.1917
Jorge2,landscape,judder_level2,stutter_level2,1,judder,level2,stutter,level2,4.8255
Jorge2,zeroday,duration_flicker_level1,dlss_rr_level0,0,duration_flicker,level1,dlss_rr,level0,5.3459
Jorge2,pink_room,judder_level1,temporal-resolution-multiplexing_level0,1,judder,level1,temporal-resolution-multiplexing,level0,5.1584
Jorge2,pink_room,judder_level0,noise_colors_level0,0,judder,level0,noise_colors,level0,5.2209
Jorge2,attic,dlss_rr_level2,stutter_level1,0,dlss_rr,level2,stutter,level1,4.7625
Jorge2,subway,restir_level1,judder_level1,0,restir,level1,judder,level1,4.8459
Jorge2,bistro_exterior,motion_noise_level2,judder_level2,1,motion_noise,level2,judder,level2,8.0167
Jorge2,bistro_exterior,motion_resolution_level2,temporal-resolution-multiplexing_level2,1,motion_resolution,level2,temporal-resolution-multiplexing,level2,5.2459
Jorge2,bistro_interior,motion_resolution_level2,temporal-resolution-multiplexing_level1,0,motion_resolution,level2,temporal-resolution-multiplexing,level1,4.8001
Jorge2,zeroday,noise_colors_level2,dlss_rr_level1,1,noise_colors,level2,dlss_rr,level1,5.5257
Jorge2,classroom,judder_level0,temporal-resolution-multiplexing_level0,0,judder,level0,temporal-resolution-multiplexing,level0,4.7005
Jorge2,subway,restir_level2,duration_flicker_level1,0,restir,level2,duration_flicker,level1,5.3750
Jorge2,subway,motion_resolution_level2,stutter_level2,1,motion_resolution,level2,stutter,level2,5.2292
Jorge2,landscape,motion_resolution_level2,judder_level0,0,motion_resolution,level2,judder,level0,4.8507
Jorge2,bistro_exterior,duration_flicker_level1,temporal-resolution-multiplexing_level2,1,duration_flicker,level1,temporal-resolution-multiplexing,level2,5.1676
Jorge2,bistro_exterior,temporal-resolution-multiplexing_level0,restir_level2,1,temporal-resolution-multiplexing,level0,restir,level2,5.2842
Jorge2,attic,stutter_level1,restir_level2,1,stutter,level1,restir,level2,4.9709
Jorge2,zeroday,dlss_rr_level1,motion_resolution_level1,1,dlss_rr,level1,motion_resolution,level1,5.4669
Jorge2,classroom,noise_colors_level1,stutter_level2,1,noise_colors,level1,stutter,level2,4.9132
Jorge2,pink_room,restir_level2,dlss_rr_level2,1,restir,level2,dlss_rr,level2,7.8009
Jorge2,landscape,stutter_level1,duration_flicker_level0,1,stutter,level1,duration_flicker,level0,5.3125
Jorge2,landscape,stutter_level2,motion_resolution_level1,0,stutter,level2,motion_resolution,level1,5.3756
Jorge2,zeroday,temporal-resolution-multiplexing_level0,motion_resolution_level1,1,temporal-resolution-multiplexing,level0,motion_resolution,level1,5.4549
Jorge2,marbles,dlss_rr_level1,motion_resolution_level1,1,dlss_rr,level1,motion_resolution,level1,5.4292
Jorge2,marbles,motion_noise_level2,noise_colors_level0,0,motion_noise,level2,noise_colors,level0,5.0840
Jorge2,landscape,restir_level2,stutter_level2,1,restir,level2,stutter,level2,5.0674
Jorge2,pink_room,noise_colors_level0,noise_colors_level2,1,noise_colors,level0,noise_colors,level2,5.4792
Jorge2,marbles,judder_level1,motion_noise_level2,1,judder,level1,motion_noise,level2,5.1797
Jorge2,pink_room,judder_level0,restir_level1,1,judder,level0,restir,level1,5.2968
Jorge2,bistro_interior,noise_colors_level2,motion_noise_level2,0,noise_colors,level2,motion_noise,level2,4.9793
Jorge2,subway,temporal-resolution-multiplexing_level1,noise_colors_level2,1,temporal-resolution-multiplexing,level1,noise_colors,level2,6.2343
Jorge2,landscape,duration_flicker_level0,temporal-resolution-multiplexing_level1,0,duration_flicker,level0,temporal-resolution-multiplexing,level1,5.9884
Jorge2,subway,stutter_level1,restir_level1,1,stutter,level1,restir,level1,5.5004
Jorge2,subway,noise_colors_level1,restir_level1,1,noise_colors,level1,restir,level1,5.3382
Jorge2,pink_room,restir_level0,motion_noise_level0,0,restir,level0,motion_noise,level0,5.4968
Jorge2,bistro_interior,temporal-resolution-multiplexing_level1,stutter_level1,0,temporal-resolution-multiplexing,level1,stutter,level1,5.2508
Jorge2,pink_room,temporal-resolution-multiplexing_level1,dlss_rr_level1,0,temporal-resolution-multiplexing,level1,dlss_rr,level1,4.9423
Jorge2,zeroday,dlss_rr_level0,judder_level1,1,dlss_rr,level0,judder,level1,5.5716
Jorge2,classroom,restir_level2,noise_colors_level1,0,restir,level2,noise_colors,level1,5.4759
Jorge2,subway,duration_flicker_level1,stutter_level2,1,duration_flicker,level1,stutter,level2,5.2667
Jorge2,pink_room,dlss_rr_level1,motion_resolution_level1,1,dlss_rr,level1,motion_resolution,level1,14.1459
Jorge2,bistro_interior,judder_level0,motion_noise_level1,0,judder,level0,motion_noise,level1,4.3834
Jorge2,bistro_interior,noise_colors_level2,stutter_level0,0,noise_colors,level2,stutter,level0,5.4000
Jorge2,subway,restir_level1,dlss_rr_level1,0,restir,level1,dlss_rr,level1,4.7792
Jorge2,bistro_interior,motion_resolution_level2,noise_colors_level1,0,motion_resolution,level2,noise_colors,level1,5.0584
Jorge2,attic,stutter_level1,restir_level1,1,stutter,level1,restir,level1,4.5084
Jorge2,bistro_exterior,dlss_rr_level1,duration_flicker_level0,0,dlss_rr,level1,duration_flicker,level0,6.1590
Jorge2,marbles,restir_level2,motion_resolution_level1,1,restir,level2,motion_resolution,level1,5.4792
Jorge2,subway,motion_resolution_level1,temporal-resolution-multiplexing_level2,1,motion_resolution,level1,temporal-resolution-multiplexing,level2,5.0876
Jorge2,attic,motion_resolution_level0,motion_noise_level1,1,motion_resolution,level0,motion_noise,level1,5.0589
Jorge2,subway,duration_flicker_level2,noise_colors_level2,1,duration_flicker,level2,noise_colors,level2,5.3751
Jorge2,landscape,stutter_level2,judder_level0,0,stutter,level2,judder,level0,5.0668
Jorge2,landscape,stutter_level0,noise_colors_level1,1,stutter,level0,noise_colors,level1,5.4542
Jorge2,zeroday,motion_resolution_level2,duration_flicker_level2,0,motion_resolution,level2,duration_flicker,level2,5.3001
Jorge2,attic,motion_resolution_level2,stutter_level1,0,motion_resolution,level2,stutter,level1,4.6625
Jorge2,landscape,temporal-resolution-multiplexing_level1,temporal-resolution-multiplexing_level0,0,temporal-resolution-multiplexing,level1,temporal-resolution-multiplexing,level0,5.2506
Jorge2,marbles,motion_noise_level2,stutter_level1,1,motion_noise,level2,stutter,level1,4.4292
Jorge2,bistro_exterior,temporal-resolution-multiplexing_level2,noise_colors_level2,0,temporal-resolution-multiplexing,level2,noise_colors,level2,5.3584
Jorge2,subway,judder_level0,judder_level1,1,judder,level0,judder,level1,7.1000
Jorge2,attic,stutter_level1,judder_level2,1,stutter,level1,judder,level2,4.7917
Jorge2,zeroday,dlss_rr_level2,restir_level2,1,dlss_rr,level2,restir,level2,5.4716
Jorge2,classroom,motion_noise_level1,temporal-resolution-multiplexing_level0,0,motion_noise,level1,temporal-resolution-multiplexing,level0,4.4505
Jorge2,attic,motion_resolution_level0,noise_colors_level0,1,motion_resolution,level0,noise_colors,level0,5.4125
Jorge2,marbles,duration_flicker_level1,temporal-resolution-multiplexing_level0,0,duration_flicker,level1,temporal-resolution-multiplexing,level0,5.2125
Jorge2,subway,duration_flicker_level1,motion_noise_level2,1,duration_flicker,level1,motion_noise,level2,5.3255
Jorge2,bistro_interior,stutter_level2,noise_colors_level1,0,stutter,level2,noise_colors,level1,5.3963
Jorge2,attic,noise_colors_level1,motion_resolution_level0,0,noise_colors,level1,motion_resolution,level0,4.5042
Jorge2,bistro_exterior,judder_level2,judder_level0,0,judder,level2,judder,level0,5.4542
Jorge2,zeroday,stutter_level0,dlss_rr_level0,1,stutter,level0,dlss_rr,level0,6.6720
Jorge2,attic,stutter_level0,duration_flicker_level0,1,stutter,level0,duration_flicker,level0,4.3126
Jorge2,bistro_exterior,temporal-resolution-multiplexing_level1,dlss_rr_level1,0,temporal-resolution-multiplexing,level1,dlss_rr,level1,6.2459
Jorge2,subway,dlss_rr_level2,noise_colors_level2,1,dlss_rr,level2,noise_colors,level2,4.4130
Jorge2,marbles,judder_level1,stutter_level0,1,judder,level1,stutter,level0,6.1338
Jorge2,pink_room,motion_resolution_level2,restir_level2,0,motion_resolution,level2,restir,level2,6.0001
Jorge2,attic,duration_flicker_level0,noise_colors_level0,1,duration_flicker,level0,noise_colors,level0,4.5376
Jorge2,bistro_interior,duration_flicker_level0,noise_colors_level2,1,duration_flicker,level0,noise_colors,level2,5.4634
Jorge2,bistro_interior,duration_flicker_level2,duration_flicker_level0,0,duration_flicker,level2,duration_flicker,level0,8.2007
Jorge2,attic,judder_level1,motion_resolution_level1,1,judder,level1,motion_resolution,level1,4.8590
Jorge2,attic,motion_resolution_level0,stutter_level1,1,motion_resolution,level0,stutter,level1,5.2542
Jorge2,bistro_interior,duration_flicker_level1,duration_flicker_level0,0,duration_flicker,level1,duration_flicker,level0,5.0881
Jorge2,bistro_exterior,noise_colors_level2,motion_resolution_level0,1,noise_colors,level2,motion_resolution,level0,10.3097
Jorge2,attic,restir_level2,stutter_level2,0,restir,level2,stutter,level2,4.8459
Jorge2,bistro_interior,noise_colors_level1,judder_level2,1,noise_colors,level1,judder,level2,5.0423
Jorge2,landscape,temporal-resolution-multiplexing_level2,duration_flicker_level0,1,temporal-resolution-multiplexing,level2,duration_flicker,level0,5.3924
Jorge2,attic,motion_resolution_level1,noise_colors_level0,0,motion_resolution,level1,noise_colors,level0,4.4584
Jorge2,subway,motion_resolution_level1,noise_colors_level2,1,motion_resolution,level1,noise_colors,level2,4.0125
Jorge2,subway,motion_noise_level0,restir_level1,1,motion_noise,level0,restir,level1,4.3709
Jorge2,bistro_interior,motion_noise_level0,judder_level0,1,motion_noise,level0,judder,level0,5.3626
Jorge2,attic,temporal-resolution-multiplexing_level0,motion_resolution_level1,1,temporal-resolution-multiplexing,level0,motion_resolution,level1,4.7417
Jorge2,pink_room,dlss_rr_level1,duration_flicker_level0,0,dlss_rr,level1,duration_flicker,level0,5.4962
Jorge2,attic,stutter_level1,temporal-resolution-multiplexing_level2,1,stutter,level1,temporal-resolution-multiplexing,level2,4.7209
Jorge2,classroom,dlss_rr_level1,noise_colors_level1,1,dlss_rr,level1,noise_colors,level1,4.4875
Jorge2,attic,dlss_rr_level0,motion_resolution_level0,0,dlss_rr,level0,motion_resolution,level0,4.8917
Jorge2,marbles,temporal-resolution-multiplexing_level0,temporal-resolution-multiplexing_level2,1,temporal-resolution-multiplexing,level0,temporal-resolution-multiplexing,level2,4.9293
Jorge2,subway,restir_level1,temporal-resolution-multiplexing_level0,0,restir,level1,temporal-resolution-multiplexing,level0,3.3250
Jorge2,bistro_exterior,motion_resolution_level1,stutter_level2,1,motion_resolution,level1,stutter,level2,5.3968
Jorge2,attic,motion_noise_level0,motion_resolution_level0,1,motion_noise,level0,motion_resolution,level0,4.7626
Jorge2,marbles,motion_noise_level2,temporal-resolution-multiplexing_level0,0,motion_noise,level2,temporal-resolution-multiplexing,level0,4.4043
Jorge2,landscape,motion_noise_level0,noise_colors_level1,1,motion_noise,level0,noise_colors,level1,4.9342
Jorge2,classroom,temporal-resolution-multiplexing_level2,motion_resolution_level0,0,temporal-resolution-multiplexing,level2,motion_resolution,level0,4.9006
Jorge2,attic,motion_noise_level2,noise_colors_level0,0,motion_noise,level2,noise_colors,level0,4.7751
Jorge2,zeroday,temporal-resolution-multiplexing_level2,restir_level0,0,temporal-resolution-multiplexing,level2,restir,level0,5.4459
Jorge2,bistro_interior,motion_resolution_level0,restir_level0,0,motion_resolution,level0,restir,level0,7.9459
Jorge2,marbles,noise_colors_level2,motion_resolution_level1,1,noise_colors,level2,motion_resolution,level1,5.2417
Jorge2,marbles,motion_noise_level2,restir_level1,1,motion_noise,level2,restir,level1,5.3417
Jorge2,landscape,restir_level1,temporal-resolution-multiplexing_level1,0,restir,level1,temporal-resolution-multiplexing,level1,5.6376
Jorge2,marbles,noise_colors_level1,duration_flicker_level2,0,noise_colors,level1,duration_flicker,level2,6.7167
Jorge2,classroom,duration_flicker_level2,motion_resolution_level1,1,duration_flicker,level2,motion_resolution,level1,6.8925
Jorge2,classroom,motion_resolution_level2,motion_resolution_level0,0,motion_resolution,level2,motion_resolution,level0,5.1674
Jorge2,bistro_exterior,noise_colors_level0,dlss_rr_level1,1,noise_colors,level0,dlss_rr,level1,5.2215
Jorge2,attic,stutter_level1,restir_level0,1,stutter,level1,restir,level0,5.0500
Jorge2,marbles,motion_resolution_level0,motion_resolution_level1,1,motion_resolution,level0,motion_resolution,level1,4.9250
Jorge2,bistro_exterior,restir_level0,stutter_level0,0,restir,level0,stutter,level0,9.2925
Jorge2,attic,stutter_level1,noise_colors_level2,1,stutter,level1,noise_colors,level2,4.3209
Jorge2,pink_room,motion_resolution_level0,noise_colors_level1,1,motion_resolution,level0,noise_colors,level1,5.1089
Jorge2,marbles,temporal-resolution-multiplexing_level0,motion_resolution_level1,1,temporal-resolution-multiplexing,level0,motion_resolution,level1,4.9918
Jorge2,attic,temporal-resolution-multiplexing_level1,motion_resolution_level1,0,temporal-resolution-multiplexing,level1,motion_resolution,level1,6.3584
Jorge2,bistro_exterior,motion_noise_level1,stutter_level0,0,motion_noise,level1,stutter,level0,5.0209
Jorge2,marbles,dlss_rr_level0,judder_level1,0,dlss_rr,level0,judder,level1,4.7167
Jorge2,bistro_interior,judder_level1,temporal-resolution-multiplexing_level2,1,judder,level1,temporal-resolution-multiplexing,level2,4.7334
Jorge2,bistro_exterior,temporal-resolution-multiplexing_level2,motion_resolution_level1,0,temporal-resolution-multiplexing,level2,motion_resolution,level1,6.4709
Jorge2,landscape,duration_flicker_level1,temporal-resolution-multiplexing_level1,0,duration_flicker,level1,temporal-resolution-multiplexing,level1,5.3334
Jorge2,classroom,motion_noise_level2,dlss_rr_level2,0,motion_noise,level2,dlss_rr,level2,5.2131
Jorge2,marbles,duration_flicker_level2,stutter_level2,1,duration_flicker,level2,stutter,level2,4.3713
Jorge2,zeroday,motion_resolution_level1,motion_resolution_level0,0,motion_resolution,level1,motion_resolution,level0,5.4459
Jorge2,marbles,restir_level0,motion_noise_level2,0,restir,level0,motion_noise,level2,5.1625
Jorge2,bistro_exterior,duration_flicker_level2,stutter_level0,0,duration_flicker,level2,stutter,level0,5.2167
Jorge2,subway,judder_level2,noise_colors_level2,1,judder,level2,noise_colors,level2,5.4967
Jorge2,subway,restir_level0,dlss_rr_level2,0,restir,level0,dlss_rr,level2,5.2424
Jorge2,zeroday,dlss_rr_level1,motion_noise_level2,1,dlss_rr,level1,motion_noise,level2,5.4464
Jorge2,classroom,stutter_level1,temporal-resolution-multiplexing_level0,1,stutter,level1,temporal-resolution-multiplexing,level0,4.9758
Jorge2,marbles,motion_noise_level1,judder_level1,1,motion_noise,level1,judder,level1,5.5674
Jorge2,attic,judder_level0,duration_flicker_level0,1,judder,level0,duration_flicker,level0,4.7209
Jorge2,marbles,judder_level0,judder_level1,0,judder,level0,judder,level1,5.7383
Jorge2,landscape,stutter_level2,noise_colors_level2,0,stutter,level2,noise_colors,level2,5.3209
Jorge2,pink_room,motion_noise_level2,duration_flicker_level2,1,motion_noise,level2,duration_flicker,level2,9.2836
Jorge2,subway,restir_level1,noise_colors_level0,0,restir,level1,noise_colors,level0,5.3000
Jorge2,zeroday,motion_resolution_level1,duration_flicker_level0,0,motion_resolution,level1,duration_flicker,level0,5.1792
Jorge2,bistro_interior,judder_level1,motion_resolution_level1,1,judder,level1,motion_resolution,level1,5.5879
Jorge2,landscape,dlss_rr_level0,stutter_level2,1,dlss_rr,level0,stutter,level2,4.5591
Jorge2,bistro_exterior,dlss_rr_level1,stutter_level0,0,dlss_rr,level1,stutter,level0,5.8167
Jorge2,zeroday,motion_resolution_level2,motion_noise_level1,0,motion_resolution,level2,motion_noise,level1,5.5752
Jorge2,bistro_exterior,stutter_level1,judder_level2,1,stutter,level1,judder,level2,5.3383
Jorge2,attic,dlss_rr_level1,judder_level2,1,dlss_rr,level1,judder,level2,6.9793
Jorge2,classroom,temporal-resolution-multiplexing_level0,noise_colors_level0,1,temporal-resolution-multiplexing,level0,noise_colors,level0,5.1417
Jorge2,classroom,temporal-resolution-multiplexing_level0,temporal-resolution-multiplexing_level1,1,temporal-resolution-multiplexing,level0,temporal-resolution-multiplexing,level1,4.6125
Jorge2,bistro_exterior,dlss_rr_level0,dlss_rr_level2,1,dlss_rr,level0,dlss_rr,level2,5.0631
Jorge2,landscape,dlss_rr_level1,stutter_level2,1,dlss_rr,level1,stutter,level2,5.2258
Jorge2,landscape,duration_flicker_level0,motion_resolution_level0,1,duration_flicker,level0,motion_resolution,level0,4.6631
Jorge2,bistro_exterior,dlss_rr_level0,duration_flicker_level1,1,dlss_rr,level0,duration_flicker,level1,5.3084
Jorge2,subway,motion_resolution_level1,dlss_rr_level0,1,motion_resolution,level1,dlss_rr,level0,5.3459
Jorge2,bistro_exterior,restir_level2,dlss_rr_level1,0,restir,level2,dlss_rr,level1,10.4631
Jorge2,landscape,noise_colors_level1,judder_level1,1,noise_colors,level1,judder,level1,4.9586
Jorge2,classroom,dlss_rr_level0,motion_noise_level1,1,dlss_rr,level0,motion_noise,level1,6.7459
Jorge2,classroom,temporal-resolution-multiplexing_level0,judder_level1,1,temporal-resolution-multiplexing,level0,judder,level1,4.6250
Jorge2,zeroday,dlss_rr_level0,dlss_rr_level1,0,dlss_rr,level0,dlss_rr,level1,7.7375
Jorge2,pink_room,dlss_rr_level1,dlss_rr_level2,1,dlss_rr,level1,dlss_rr,level2,5.3084
Jorge2,zeroday,noise_colors_level1,duration_flicker_level0,0,noise_colors,level1,duration_flicker,level0,4.7590
Jorge2,bistro_interior,motion_resolution_level1,restir_level2,1,motion_resolution,level1,restir,level2,11.3722
Jorge2,subway,motion_noise_level1,duration_flicker_level1,1,motion_noise,level1,duration_flicker,level1,8.4011
Jorge2,bistro_exterior,motion_noise_level0,restir_level2,1,motion_noise,level0,restir,level2,5.3965
Jorge2,zeroday,judder_level0,restir_level0,1,judder,level0,restir,level0,8.0210
Jorge2,landscape,duration_flicker_level0,restir_level0,0,duration_flicker,level0,restir,level0,5.2671
Jorge2,subway,dlss_rr_level2,duration_flicker_level1,1,dlss_rr,level2,duration_flicker,level1,9.3053
Jorge2,bistro_exterior,judder_level2,temporal-resolution-multiplexing_level2,1,judder,level2,temporal-resolution-multiplexing,level2,4.8170
Jorge2,attic,motion_resolution_level0,duration_flicker_level1,1,motion_resolution,level0,duration_flicker,level1,3.7584
Jorge2,bistro_interior,noise_colors_level1,restir_level1,1,noise_colors,level1,restir,level1,4.0459
Jorge2,zeroday,duration_flicker_level0,dlss_rr_level2,0,duration_flicker,level0,dlss_rr,level2,6.2959
Jorge2,classroom,motion_resolution_level0,duration_flicker_level1,1,motion_resolution,level0,duration_flicker,level1,4.3960
Jorge2,landscape,judder_level0,duration_flicker_level2,0,judder,level0,duration_flicker,level2,4.8424
Jorge2,subway,restir_level1,motion_resolution_level0,0,restir,level1,motion_resolution,level0,3.6921
Jorge2,bistro_exterior,restir_level1,noise_colors_level2,1,restir,level1,noise_colors,level2,5.2377
Jorge2,pink_room,duration_flicker_level1,restir_level2,0,duration_flicker,level1,restir,level2,7.9625
Jorge2,classroom,temporal-resolution-multiplexing_level0,restir_level0,1,temporal-resolution-multiplexing,level0,restir,level0,4.3463
Jorge2,subway,duration_flicker_level0,restir_level1,1,duration_flicker,level0,restir,level1,4.7922
Jorge2,classroom,noise_colors_level1,dlss_rr_level2,0,noise_colors,level1,dlss_rr,level2,4.8209
Jorge2,classroom,noise_colors_level1,duration_flicker_level0,1,noise_colors,level1,duration_flicker,level0,4.7709
Jorge2,subway,stutter_level0,stutter_level1,1,stutter,level0,stutter,level1,7.6966
Jorge2,landscape,noise_colors_level0,noise_colors_level2,0,noise_colors,level0,noise_colors,level2,5.6295
Jorge2,bistro_exterior,motion_noise_level2,stutter_level0,0,motion_noise,level2,stutter,level0,5.5089
Jorge2,landscape,temporal-resolution-multiplexing_level1,noise_colors_level1,0,temporal-resolution-multiplexing,level1,noise_colors,level1,6.3802
Jorge2,bistro_interior,judder_level1,dlss_rr_level1,1,judder,level1,dlss_rr,level1,4.8709
Jorge2,marbles,temporal-resolution-multiplexing_level0,motion_noise_level0,1,temporal-resolution-multiplexing,level0,motion_noise,level0,4.1625
Jorge2,marbles,duration_flicker_level0,stutter_level2,1,duration_flicker,level0,stutter,level2,4.0673
Jorge2,classroom,noise_colors_level1,motion_resolution_level0,1,noise_colors,level1,motion_resolution,level0,4.4546
Jorge2,subway,motion_resolution_level0,dlss_rr_level2,1,motion_resolution,level0,dlss_rr,level2,4.7500
Jorge2,pink_room,temporal-resolution-multiplexing_level0,noise_colors_level0,1,temporal-resolution-multiplexing,level0,noise_colors,level0,9.0875
Jorge2,classroom,temporal-resolution-multiplexing_level0,dlss_rr_level2,1,temporal-resolution-multiplexing,level0,dlss_rr,level2,4.2214
Jorge2,pink_room,temporal-resolution-multiplexing_level2,restir_level2,0,temporal-resolution-multiplexing,level2,restir,level2,13.9063
Jorge2,marbles,stutter_level2,temporal-resolution-multiplexing_level1,0,stutter,level2,temporal-resolution-multiplexing,level1,6.8459
Jorge2,pink_room,motion_resolution_level0,motion_noise_level2,0,motion_resolution,level0,motion_noise,level2,17.8251
Jorge2,marbles,stutter_level2,motion_resolution_level1,1,stutter,level2,motion_resolution,level1,18.9066
Jorge2,bistro_interior,motion_resolution_level0,noise_colors_level2,0,motion_resolution,level0,noise_colors,level2,7.7595
Jorge2,bistro_interior,motion_resolution_level2,motion_resolution_level0,0,motion_resolution,level2,motion_resolution,level0,7.5177
Jorge2,landscape,stutter_level2,duration_flicker_level0,0,stutter,level2,duration_flicker,level0,4.3175
Jorge2,bistro_exterior,judder_level1,duration_flicker_level0,0,judder,level1,duration_flicker,level0,4.9876
Jorge2,zeroday,stutter_level1,dlss_rr_level0,1,stutter,level1,dlss_rr,level0,5.3459
Jorge2,bistro_interior,noise_colors_level1,judder_level1,1,noise_colors,level1,judder,level1,4.5667
Jorge2,landscape,motion_noise_level1,stutter_level2,1,motion_noise,level1,stutter,level2,4.8382
Jorge2,landscape,judder_level0,dlss_rr_level2,1,judder,level0,dlss_rr,level2,5.1382
Jorge2,pink_room,motion_noise_level1,stutter_level0,1,motion_noise,level1,stutter,level0,5.2501
Jorge2,zeroday,duration_flicker_level0,motion_resolution_level2,1,duration_flicker,level0,motion_resolution,level2,5.2674
Jorge2,landscape,temporal-resolution-multiplexing_level1,motion_noise_level2,0,temporal-resolution-multiplexing,level1,motion_noise,level2,5.0674
Jorge2,bistro_interior,judder_level0,duration_flicker_level0,0,judder,level0,duration_flicker,level0,4.9042
Jorge2,pink_room,dlss_rr_level0,motion_noise_level2,0,dlss_rr,level0,motion_noise,level2,5.1876
Jorge2,pink_room,stutter_level1,motion_noise_level1,0,stutter,level1,motion_noise,level1,5.3959
Jorge2,bistro_interior,noise_colors_level0,motion_noise_level1,1,noise_colors,level0,motion_noise,level1,5.0750
Jorge2,zeroday,motion_resolution_level1,temporal-resolution-multiplexing_level1,0,motion_resolution,level1,temporal-resolution-multiplexing,level1,5.4759
Jorge2,pink_room,motion_noise_level2,restir_level2,1,motion_noise,level2,restir,level2,5.1000
Jorge2,bistro_interior,temporal-resolution-multiplexing_level0,judder_level0,1,temporal-resolution-multiplexing,level0,judder,level0,4.5000
Jorge2,zeroday,dlss_rr_level0,noise_colors_level0,0,dlss_rr,level0,noise_colors,level0,9.4417
Jorge2,classroom,dlss_rr_level2,stutter_level0,0,dlss_rr,level2,stutter,level0,5.0757
Jorge2,marbles,dlss_rr_level2,judder_level1,0,dlss_rr,level2,judder,level1,5.1966
Jorge2,pink_room,judder_level2,restir_level2,0,judder,level2,restir,level2,6.9917
Jorge2,zeroday,stutter_level2,noise_colors_level1,0,stutter,level2,noise_colors,level1,5.4543
Jorge2,zeroday,dlss_rr_level1,motion_noise_level0,0,dlss_rr,level1,motion_noise,level0,5.3967
Jorge2,classroom,stutter_level2,motion_resolution_level1,1,stutter,level2,motion_resolution,level1,8.1175
Jorge2,classroom,judder_level2,noise_colors_level1,0,judder,level2,noise_colors,level1,4.4130
Jorge2,pink_room,noise_colors_level0,motion_noise_level1,0,noise_colors,level0,motion_noise,level1,5.3500
Jorge2,zeroday,judder_level0,duration_flicker_level0,1,judder,level0,duration_flicker,level0,7.3969
Jorge2,zeroday,judder_level2,noise_colors_level1,0,judder,level2,noise_colors,level1,5.1215
Jorge2,classroom,noise_colors_level2,noise_colors_level1,0,noise_colors,level2,noise_colors,level1,5.0841
Jorge2,pink_room,restir_level0,noise_colors_level0,0,restir,level0,noise_colors,level0,7.1376
ali,subway,temporal-resolution-multiplexing_level2,motion_resolution_level2,0,temporal-resolution-multiplexing,level2,motion_resolution,level2,5.8760
ali,marbles,motion_noise_level0,dlss_rr_level2,1,motion_noise,level0,dlss_rr,level2,5.7966
ali,zeroday,stutter_level0,judder_level1,1,stutter,level0,judder,level1,6.7546
ali,landscape,temporal-resolution-multiplexing_level1,judder_level0,0,temporal-resolution-multiplexing,level1,judder,level0,5.6592
ali,zeroday,noise_colors_level1,motion_resolution_level0,0,noise_colors,level1,motion_resolution,level0,5.7883
ali,subway,motion_resolution_level1,noise_colors_level0,0,motion_resolution,level1,noise_colors,level0,6.2511
ali,zeroday,duration_flicker_level0,motion_resolution_level0,1,duration_flicker,level0,motion_resolution,level0,7.4177
ali,attic,noise_colors_level1,duration_flicker_level0,1,noise_colors,level1,duration_flicker,level0,4.4998
ali,landscape,noise_colors_level1,motion_noise_level2,0,noise_colors,level1,motion_noise,level2,6.1755
ali,subway,motion_noise_level1,motion_resolution_level0,0,motion_noise,level1,motion_resolution,level0,6.3926
ali,bistro_exterior,dlss_rr_level0,restir_level1,0,dlss_rr,level0,restir,level1,6.3675
ali,marbles,stutter_level1,temporal-resolution-multiplexing_level0,0,stutter,level1,temporal-resolution-multiplexing,level0,6.2341
ali,landscape,judder_level1,temporal-resolution-multiplexing_level0,1,judder,level1,temporal-resolution-multiplexing,level0,6.5800
ali,landscape,restir_level2,dlss_rr_level0,1,restir,level2,dlss_rr,level0,6.9875
ali,subway,motion_noise_level2,restir_level0,1,motion_noise,level2,restir,level0,8.5259
ali,landscape,judder_level1,restir_level2,0,judder,level1,restir,level2,7.3460
ali,bistro_exterior,stutter_level0,noise_colors_level0,0,stutter,level0,noise_colors,level0,8.2717
ali,landscape,dlss_rr_level2,motion_resolution_level0,0,dlss_rr,level2,motion_resolution,level0,8.6969
ali,marbles,temporal-resolution-multiplexing_level1,restir_level2,1,temporal-resolution-multiplexing,level1,restir,level2,8.1209
ali,landscape,motion_noise_level0,judder_level1,0,motion_noise,level0,judder,level1,6.8293
ali,bistro_interior,dlss_rr_level1,motion_resolution_level1,1,dlss_rr,level1,motion_resolution,level1,6.0924
ali,subway,noise_colors_level0,dlss_rr_level1,1,noise_colors,level0,dlss_rr,level1,6.2675
ali,pink_room,temporal-resolution-multiplexing_level2,restir_level0,1,temporal-resolution-multiplexing,level2,restir,level0,5.7924
ali,pink_room,dlss_rr_level2,noise_colors_level1,0,dlss_rr,level2,noise_colors,level1,5.8299
ali,bistro_exterior,restir_level2,noise_colors_level2,1,restir,level2,noise_colors,level2,6.7092
ali,bistro_exterior,restir_level1,duration_flicker_level0,1,restir,level1,duration_flicker,level0,6.4883
ali,pink_room,noise_colors_level1,restir_level0,0,noise_colors,level1,restir,level0,9.5167
ali,pink_room,noise_colors_level1,judder_level2,0,noise_colors,level1,judder,level2,9.5834
ali,marbles,stutter_level1,stutter_level0,0,stutter,level1,stutter,level0,8.8125
ali,bistro_exterior,motion_resolution_level1,duration_flicker_level2,1,motion_resolution,level1,duration_flicker,level2,7.3959
ali,attic,dlss_rr_level0,restir_level0,1,dlss_rr,level0,restir,level0,6.8125
ali,zeroday,restir_level1,temporal-resolution-multiplexing_level2,0,restir,level1,temporal-resolution-multiplexing,level2,6.9547
ali,classroom,judder_level0,temporal-resolution-multiplexing_level1,0,judder,level0,temporal-resolution-multiplexing,level1,5.9716
ali,zeroday,stutter_level2,motion_resolution_level2,1,stutter,level2,motion_resolution,level2,5.4508
ali,pink_room,noise_colors_level2,judder_level0,0,noise_colors,level2,judder,level0,12.4725
ali,landscape,stutter_level0,motion_noise_level1,0,stutter,level0,motion_noise,level1,8.9805
ali,zeroday,judder_level1,duration_flicker_level1,1,judder,level1,duration_flicker,level1,9.2417
ali,zeroday,stutter_level2,motion_resolution_level1,1,stutter,level2,motion_resolution,level1,7.6010
ali,bistro_exterior,duration_flicker_level1,noise_colors_level1,0,duration_flicker,level1,noise_colors,level1,7.9259
ali,zeroday,stutter_level0,noise_colors_level0,0,stutter,level0,noise_colors,level0,7.5093
ali,pink_room,duration_flicker_level0,restir_level2,0,duration_flicker,level0,restir,level2,8.0720
ali,pink_room,duration_flicker_level0,restir_level0,0,duration_flicker,level0,restir,level0,6.9426
ali,bistro_interior,stutter_level0,judder_level0,0,stutter,level0,judder,level0,9.4084
ali,bistro_exterior,restir_level0,judder_level1,0,restir,level0,judder,level1,7.3500
ali,bistro_interior,duration_flicker_level2,judder_level0,1,duration_flicker,level2,judder,level0,6.8507
ali,bistro_interior,motion_resolution_level0,stutter_level2,0,motion_resolution,level0,stutter,level2,10.0096
ali,marbles,temporal-resolution-multiplexing_level2,dlss_rr_level1,0,temporal-resolution-multiplexing,level2,dlss_rr,level1,8.9131
ali,classroom,temporal-resolution-multiplexing_level1,motion_resolution_level0,0,temporal-resolution-multiplexing,level1,motion_resolution,level0,7.7343
ali,marbles,stutter_level1,judder_level0,0,stutter,level1,judder,level0,8.5256
ali,classroom,motion_noise_level2,duration_flicker_level0,0,motion_noise,level2,duration_flicker,level0,4.7626
ali,attic,motion_noise_level1,stutter_level0,0,motion_noise,level1,stutter,level0,7.6084
ali,bistro_interior,dlss_rr_level1,noise_colors_level2,1,dlss_rr,level1,noise_colors,level2,10.2375
ali,marbles,motion_noise_level1,stutter_level1,0,motion_noise,level1,stutter,level1,7.9625
ali,pink_room,duration_flicker_level0,motion_noise_level2,0,duration_flicker,level0,motion_noise,level2,5.7625
ali,zeroday,judder_level0,stutter_level0,0,judder,level0,stutter,level0,9.7792
ali,subway,noise_colors_level0,judder_level1,0,noise_colors,level0,judder,level1,7.8042
ali,subway,temporal-resolution-multiplexing_level2,restir_level1,1,temporal-resolution-multiplexing,level2,restir,level1,2.8922
ali,bistro_interior,judder_level2,restir_level0,1,judder,level2,restir,level0,8.6547
ali,landscape,stutter_level1,noise_colors_level2,0,stutter,level1,noise_colors,level2,8.0386
ali,pink_room,stutter_level0,judder_level1,0,stutter,level0,judder,level1,7.4875
ali,bistro_exterior,motion_resolution_level1,motion_resolution_level2,1,motion_resolution,level1,motion_resolution,level2,5.4044
ali,attic,temporal-resolution-multiplexing_level2,dlss_rr_level2,0,temporal-resolution-multiplexing,level2,dlss_rr,level2,13.3667
ali,attic,noise_colors_level0,noise_colors_level1,0,noise_colors,level0,noise_colors,level1,8.2709
ali,marbles,judder_level2,duration_flicker_level2,1,judder,level2,duration_flicker,level2,4.6058
ali,landscape,motion_resolution_level1,restir_level2,0,motion_resolution,level1,restir,level2,6.4260
ali,landscape,restir_level2,noise_colors_level0,0,restir,level2,noise_colors,level0,6.6584
ali,zeroday,motion_noise_level1,judder_level1,0,motion_noise,level1,judder,level1,5.9917
ali,zeroday,stutter_level2,restir_level2,1,stutter,level2,restir,level2,5.5960
ali,subway,noise_colors_level0,temporal-resolution-multiplexing_level0,1,noise_colors,level0,temporal-resolution-multiplexing,level0,7.0500
ali,zeroday,judder_level1,motion_resolution_level0,1,judder,level1,motion_resolution,level0,7.5792
ali,subway,motion_resolution_level1,temporal-resolution-multiplexing_level1,1,motion_resolution,level1,temporal-resolution-multiplexing,level1,10.5221
ali,bistro_interior,temporal-resolution-multiplexing_level0,noise_colors_level0,0,temporal-resolution-multiplexing,level0,noise_colors,level0,5.4800
ali,subway,duration_flicker_level2,motion_resolution_level1,1,duration_flicker,level2,motion_resolution,level1,6.0257
ali,bistro_interior,duration_flicker_level0,noise_colors_level1,1,duration_flicker,level0,noise_colors,level1,9.0345
ali,pink_room,noise_colors_level2,motion_resolution_level0,0,noise_colors,level2,motion_resolution,level0,10.5506
ali,attic,judder_level0,motion_noise_level0,0,judder,level0,motion_noise,level0,9.4178
ali,classroom,stutter_level2,temporal-resolution-multiplexing_level2,0,stutter,level2,temporal-resolution-multiplexing,level2,7.5801
ali,landscape,restir_level2,restir_level0,0,restir,level2,restir,level0,7.4792
ali,bistro_exterior,motion_resolution_level0,stutter_level1,1,motion_resolution,level0,stutter,level1,7.4334
ali,landscape,motion_noise_level2,restir_level1,0,motion_noise,level2,restir,level1,9.0720
ali,attic,duration_flicker_level2,duration_flicker_level1,1,duration_flicker,level2,duration_flicker,level1,7.1667
ali,bistro_exterior,restir_level2,motion_noise_level2,0,restir,level2,motion_noise,level2,7.5292
ali,classroom,restir_level0,restir_level1,1,restir,level0,restir,level1,6.2417
ali,marbles,stutter_level1,motion_noise_level0,1,stutter,level1,motion_noise,level0,9.4959
ali,attic,judder_level1,motion_noise_level1,1,judder,level1,motion_noise,level1,6.5709
ali,attic,duration_flicker_level2,dlss_rr_level1,1,duration_flicker,level2,dlss_rr,level1,6.1007
ali,marbles,judder_level2,temporal-resolution-multiplexing_level1,1,judder,level2,temporal-resolution-multiplexing,level1,7.9542
ali,landscape,temporal-resolution-multiplexing_level2,restir_level2,0,temporal-resolution-multiplexing,level2,restir,level2,13.2375
ali,bistro_interior,restir_level1,dlss_rr_level1,0,restir,level1,dlss_rr,level1,6.8718
ali,zeroday,stutter_level0,motion_noise_level0,0,stutter,level0,motion_noise,level0,8.2219
ali,attic,motion_noise_level2,duration_flicker_level2,1,motion_noise,level2,duration_flicker,level2,4.2381
ali,bistro_exterior,duration_flicker_level0,motion_noise_level0,0,duration_flicker,level0,motion_noise,level0,5.9966
ali,zeroday,restir_level1,temporal-resolution-multiplexing_level0,0,restir,level1,temporal-resolution-multiplexing,level0,6.7218
ali,marbles,stutter_level1,noise_colors_level0,0,stutter,level1,noise_colors,level0,12.9518
ali,pink_room,motion_resolution_level1,motion_resolution_level2,1,motion_resolution,level1,motion_resolution,level2,7.7171
ali,zeroday,motion_resolution_level0,judder_level2,0,motion_resolution,level0,judder,level2,9.8971
ali,bistro_exterior,dlss_rr_level0,judder_level0,0,dlss_rr,level0,judder,level0,10.9847
ali,attic,duration_flicker_level0,dlss_rr_level0,0,duration_flicker,level0,dlss_rr,level0,7.9542
ali,marbles,restir_level0,motion_noise_level0,0,restir,level0,motion_noise,level0,13.9141
ali,subway,motion_noise_level1,motion_resolution_level1,0,motion_noise,level1,motion_resolution,level1,7.4084
ali,classroom,dlss_rr_level0,temporal-resolution-multiplexing_level1,0,dlss_rr,level0,temporal-resolution-multiplexing,level1,8.4418
ali,zeroday,motion_resolution_level0,motion_noise_level2,1,motion_resolution,level0,motion_noise,level2,4.9798
ali,bistro_exterior,restir_level1,dlss_rr_level1,1,restir,level1,dlss_rr,level1,9.8546
ali,pink_room,judder_level2,temporal-resolution-multiplexing_level1,1,judder,level2,temporal-resolution-multiplexing,level1,7.5510
ali,marbles,stutter_level2,judder_level2,1,stutter,level2,judder,level2,5.6758
ali,subway,restir_level2,restir_level0,0,restir,level2,restir,level0,9.5045
ali,classroom,motion_resolution_level1,motion_resolution_level2,1,motion_resolution,level1,motion_resolution,level2,6.9176
ali,landscape,stutter_level2,motion_resolution_level0,0,stutter,level2,motion_resolution,level0,7.6297
ali,bistro_interior,noise_colors_level0,stutter_level1,1,noise_colors,level0,stutter,level1,7.6092
ali,bistro_interior,temporal-resolution-multiplexing_level2,duration_flicker_level1,1,temporal-resolution-multiplexing,level2,duration_flicker,level1,15.5813
ali,pink_room,dlss_rr_level0,judder_level2,0,dlss_rr,level0,judder,level2,8.0887
ali,landscape,duration_flicker_level0,restir_level2,0,duration_flicker,level0,restir,level2,12.6224
ali,zeroday,dlss_rr_level0,motion_resolution_level0,1,dlss_rr,level0,motion_resolution,level0,8.1301
ali,attic,restir_level2,dlss_rr_level2,0,restir,level2,dlss_rr,level2,9.2584
ali,pink_room,noise_colors_level1,restir_level1,0,noise_colors,level1,restir,level1,6.3959
ali,landscape,restir_level2,duration_flicker_level1,1,restir,level2,duration_flicker,level1,6.6625
ali,landscape,restir_level2,judder_level2,1,restir,level2,judder,level2,3.7922
ali,bistro_interior,motion_resolution_level0,dlss_rr_level1,0,motion_resolution,level0,dlss_rr,level1,10.1224
ali,subway,dlss_rr_level0,motion_noise_level2,1,dlss_rr,level0,motion_noise,level2,1.4876
ali,attic,stutter_level1,duration_flicker_level0,0,stutter,level1,duration_flicker,level0,5.5415
ali,pink_room,motion_noise_level1,temporal-resolution-multiplexing_level0,0,motion_noise,level1,temporal-resolution-multiplexing,level0,1.6501
ali,zeroday,stutter_level1,noise_colors_level0,1,stutter,level1,noise_colors,level0,1.5959
ali,subway,stutter_level2,motion_resolution_level1,0,stutter,level2,motion_resolution,level1,2.8459
ali,bistro_exterior,stutter_level2,motion_resolution_level2,1,stutter,level2,motion_resolution,level2,1.1210
ali,bistro_interior,restir_level2,motion_resolution_level2,0,restir,level2,motion_resolution,level2,1.1334
ali,landscape,motion_resolution_level2,dlss_rr_level2,0,motion_resolution,level2,dlss_rr,level2,1.1292
ali,classroom,duration_flicker_level0,restir_level1,0,duration_flicker,level0,restir,level1,2.2667
ali,zeroday,motion_resolution_level0,dlss_rr_level2,0,motion_resolution,level0,dlss_rr,level2,5.6292
ali,marbles,stutter_level1,dlss_rr_level0,0,stutter,level1,dlss_rr,level0,1.8418
ali,marbles,judder_level1,stutter_level1,0,judder,level1,stutter,level1,3.0125
ali,subway,motion_resolution_level1,judder_level2,1,motion_resolution,level1,judder,level2,2.5792
ali,classroom,restir_level1,dlss_rr_level2,1,restir,level1,dlss_rr,level2,9.4750
ali,subway,noise_colors_level0,stutter_level1,0,noise_colors,level0,stutter,level1,3.3378
ali,pink_room,noise_colors_level1,duration_flicker_level2,1,noise_colors,level1,duration_flicker,level2,1.3127
ali,attic,temporal-resolution-multiplexing_level2,dlss_rr_level0,0,temporal-resolution-multiplexing,level2,dlss_rr,level0,1.7792
ali,marbles,noise_colors_level1,judder_level2,0,noise_colors,level1,judder,level2,5.0084
ali,pink_room,noise_colors_level0,noise_colors_level1,1,noise_colors,level0,noise_colors,level1,3.6667
ali,marbles,motion_resolution_level0,temporal-resolution-multiplexing_level2,1,motion_resolution,level0,temporal-resolution-multiplexing,level2,3.4334
ali,marbles,motion_resolution_level0,judder_level2,0,motion_resolution,level0,judder,level2,4.8459
ali,bistro_interior,temporal-resolution-multiplexing_level2,motion_noise_level1,0,temporal-resolution-multiplexing,level2,motion_noise,level1,2.9713
ali,attic,judder_level2,duration_flicker_level0,1,judder,level2,duration_flicker,level0,23.3334
ali,classroom,temporal-resolution-multiplexing_level2,duration_flicker_level0,0,temporal-resolution-multiplexing,level2,duration_flicker,level0,5.8235
ali,landscape,dlss_rr_level1,motion_resolution_level2,1,dlss_rr,level1,motion_resolution,level2,1.1751
ali,attic,dlss_rr_level2,restir_level1,1,dlss_rr,level2,restir,level1,2.3709
ali,subway,judder_level0,stutter_level1,0,judder,level0,stutter,level1,13.2834
ali,landscape,judder_level0,noise_colors_level2,1,judder,level0,noise_colors,level2,1.7417
ali,bistro_interior,dlss_rr_level2,dlss_rr_level1,0,dlss_rr,level2,dlss_rr,level1,1.8709
ali,attic,motion_resolution_level0,judder_level1,1,motion_resolution,level0,judder,level1,9.9753
ali,zeroday,motion_resolution_level0,dlss_rr_level1,0,motion_resolution,level0,dlss_rr,level1,2.8167
ali,pink_room,duration_flicker_level0,stutter_level1,0,duration_flicker,level0,stutter,level1,2.5334
ali,bistro_interior,dlss_rr_level0,restir_level0,1,dlss_rr,level0,restir,level0,1.0542
ali,subway,dlss_rr_level0,motion_resolution_level2,1,dlss_rr,level0,motion_resolution,level2,1.0709
ali,classroom,stutter_level0,temporal-resolution-multiplexing_level1,1,stutter,level0,temporal-resolution-multiplexing,level1,1.8002
ali,bistro_interior,judder_level1,judder_level0,1,judder,level1,judder,level0,0.9251
ali,attic,motion_resolution_level2,dlss_rr_level2,0,motion_resolution,level2,dlss_rr,level2,2.4668
ali,attic,dlss_rr_level2,stutter_level2,1,dlss_rr,level2,stutter,level2,1.5292
ali,marbles,restir_level1,noise_colors_level1,1,restir,level1,noise_colors,level1,2.4917
ali,subway,motion_resolution_level1,duration_flicker_level0,0,motion_resolution,level1,duration_flicker,level0,1.5376
ali,pink_room,restir_level0,dlss_rr_level1,1,restir,level0,dlss_rr,level1,1.8084
ali,bistro_exterior,judder_level2,stutter_level2,0,judder,level2,stutter,level2,3.8667
ali,bistro_exterior,motion_noise_level1,duration_flicker_level0,1,motion_noise,level1,duration_flicker,level0,2.8792
ali,attic,temporal-resolution-multiplexing_level2,temporal-resolution-multiplexing_level1,0,temporal-resolution-multiplexing,level2,temporal-resolution-multiplexing,level1,2.8417
ali,attic,judder_level1,noise_colors_level1,0,judder,level1,noise_colors,level1,1.8000
ali,bistro_interior,restir_level0,motion_noise_level2,0,restir,level0,motion_noise,level2,1.0751
ali,pink_room,noise_colors_level1,duration_flicker_level1,1,noise_colors,level1,duration_flicker,level1,2.1250
ali,marbles,motion_noise_level0,motion_noise_level2,1,motion_noise,level0,motion_noise,level2,9.2668
ali,bistro_exterior,dlss_rr_level0,temporal-resolution-multiplexing_level0,0,dlss_rr,level0,temporal-resolution-multiplexing,level0,4.2045
ali,zeroday,motion_resolution_level0,restir_level0,0,motion_resolution,level0,restir,level0,1.8169
ali,bistro_exterior,motion_resolution_level1,restir_level2,1,motion_resolution,level1,restir,level2,2.4130
ali,bistro_interior,stutter_level0,temporal-resolution-multiplexing_level1,1,stutter,level0,temporal-resolution-multiplexing,level1,1.7627
ali,bistro_interior,noise_colors_level1,judder_level0,0,noise_colors,level1,judder,level0,1.1792
ali,classroom,motion_noise_level2,motion_noise_level1,0,motion_noise,level2,motion_noise,level1,2.0250
ali,marbles,motion_noise_level0,duration_flicker_level1,1,motion_noise,level0,duration_flicker,level1,1.7628
ali,zeroday,stutter_level0,noise_colors_level2,1,stutter,level0,noise_colors,level2,0.9502
ali,pink_room,temporal-resolution-multiplexing_level0,duration_flicker_level0,0,temporal-resolution-multiplexing,level0,duration_flicker,level0,2.2792
ali,subway,noise_colors_level0,noise_colors_level1,1,noise_colors,level0,noise_colors,level1,4.3297
ali,landscape,motion_resolution_level0,judder_level0,0,motion_resolution,level0,judder,level0,1.5627
ali,bistro_exterior,judder_level1,dlss_rr_level0,0,judder,level1,dlss_rr,level0,1.5376
ali,classroom,noise_colors_level0,dlss_rr_level0,1,noise_colors,level0,dlss_rr,level0,1.9667
ali,marbles,motion_resolution_level0,restir_level0,0,motion_resolution,level0,restir,level0,2.8459
ali,subway,dlss_rr_level0,dlss_rr_level2,1,dlss_rr,level0,dlss_rr,level2,3.7875
ali,subway,temporal-resolution-multiplexing_level2,noise_colors_level2,1,temporal-resolution-multiplexing,level2,noise_colors,level2,1.9046
ali,pink_room,noise_colors_level2,noise_colors_level1,0,noise_colors,level2,noise_colors,level1,1.8709
ali,pink_room,motion_noise_level0,temporal-resolution-multiplexing_level0,0,motion_noise,level0,temporal-resolution-multiplexing,level0,2.2126
ali,classroom,judder_level1,temporal-resolution-multiplexing_level1,1,judder,level1,temporal-resolution-multiplexing,level1,1.8375
ali,attic,motion_noise_level0,temporal-resolution-multiplexing_level0,1,motion_noise,level0,temporal-resolution-multiplexing,level0,3.1792
ali,landscape,judder_level1,motion_noise_level2,1,judder,level1,motion_noise,level2,2.4667
ali,landscape,stutter_level0,motion_noise_level0,1,stutter,level0,motion_noise,level0,2.4209
ali,pink_room,judder_level2,motion_resolution_level1,1,judder,level2,motion_resolution,level1,1.7292
ali,attic,motion_noise_level0,judder_level1,1,motion_noise,level0,judder,level1,3.1042
ali,pink_room,motion_resolution_level1,stutter_level2,0,motion_resolution,level1,stutter,level2,3.3459
ali,bistro_exterior,stutter_level1,restir_level2,1,stutter,level1,restir,level2,1.1668
ali,pink_room,stutter_level0,motion_noise_level0,1,stutter,level0,motion_noise,level0,1.9878
ali,bistro_exterior,dlss_rr_level0,noise_colors_level1,1,dlss_rr,level0,noise_colors,level1,3.2417
ali,bistro_exterior,temporal-resolution-multiplexing_level2,stutter_level2,1,temporal-resolution-multiplexing,level2,stutter,level2,2.2709
ali,bistro_interior,motion_noise_level0,temporal-resolution-multiplexing_level0,0,motion_noise,level0,temporal-resolution-multiplexing,level0,3.5959
ali,attic,duration_flicker_level0,motion_resolution_level1,1,duration_flicker,level0,motion_resolution,level1,1.9334
ali,attic,noise_colors_level2,temporal-resolution-multiplexing_level2,1,noise_colors,level2,temporal-resolution-multiplexing,level2,2.7750
ali,marbles,motion_resolution_level1,motion_resolution_level2,1,motion_resolution,level1,motion_resolution,level2,3.2293
ali,subway,duration_flicker_level0,duration_flicker_level1,1,duration_flicker,level0,duration_flicker,level1,4.3464
ali,classroom,temporal-resolution-multiplexing_level2,motion_resolution_level1,1,temporal-resolution-multiplexing,level2,motion_resolution,level1,3.5630
ali,bistro_exterior,restir_level2,temporal-resolution-multiplexing_level1,1,restir,level2,temporal-resolution-multiplexing,level1,4.3542
ali,landscape,restir_level2,noise_colors_level2,1,restir,level2,noise_colors,level2,2.7375
ali,marbles,noise_colors_level2,motion_resolution_level2,0,noise_colors,level2,motion_resolution,level2,4.7545
ali,landscape,restir_level2,duration_flicker_level2,1,restir,level2,duration_flicker,level2,2.2589
ali,bistro_interior,restir_level0,temporal-resolution-multiplexing_level2,0,restir,level0,temporal-resolution-multiplexing,level2,1.6542
ali,subway,temporal-resolution-multiplexing_level1,motion_noise_level0,0,temporal-resolution-multiplexing,level1,motion_noise,level0,5.2250
ali,marbles,judder_level2,duration_flicker_level0,0,judder,level2,duration_flicker,level0,5.1748
ali,bistro_exterior,motion_resolution_level1,dlss_rr_level2,0,motion_resolution,level1,dlss_rr,level2,1.6585
ali,attic,dlss_rr_level2,duration_flicker_level2,0,dlss_rr,level2,duration_flicker,level2,3.1420
ali,bistro_interior,judder_level0,temporal-resolution-multiplexing_level2,1,judder,level0,temporal-resolution-multiplexing,level2,2.0792
ali,classroom,motion_noise_level2,dlss_rr_level1,0,motion_noise,level2,dlss_rr,level1,2.5459
ali,bistro_interior,dlss_rr_level1,restir_level2,1,dlss_rr,level1,restir,level2,1.5375
ali,classroom,stutter_level1,noise_colors_level0,1,stutter,level1,noise_colors,level0,2.0500
ali,classroom,restir_level2,motion_noise_level2,0,restir,level2,motion_noise,level2,2.7834
ali,bistro_interior,restir_level0,dlss_rr_level1,0,restir,level0,dlss_rr,level1,1.9043
ali,subway,stutter_level0,noise_colors_level0,1,stutter,level0,noise_colors,level0,13.4714
ali,classroom,noise_colors_level1,temporal-resolution-multiplexing_level1,0,noise_colors,level1,temporal-resolution-multiplexing,level1,3.3089
ali,marbles,noise_colors_level2,temporal-resolution-multiplexing_level1,0,noise_colors,level2,temporal-resolution-multiplexing,level1,2.9212
ali,bistro_interior,duration_flicker_level0,stutter_level1,0,duration_flicker,level0,stutter,level1,9.5042
ali,subway,motion_resolution_level1,motion_resolution_level2,1,motion_resolution,level1,motion_resolution,level2,7.4250
ali,zeroday,restir_level2,noise_colors_level1,0,restir,level2,noise_colors,level1,2.0959
ali,bistro_exterior,stutter_level1,noise_colors_level1,0,stutter,level1,noise_colors,level1,3.0625
ali,classroom,duration_flicker_level2,temporal-resolution-multiplexing_level2,0,duration_flicker,level2,temporal-resolution-multiplexing,level2,2.7452
ali,zeroday,restir_level1,temporal-resolution-multiplexing_level1,0,restir,level1,temporal-resolution-multiplexing,level1,2.9546
ali,zeroday,restir_level1,motion_resolution_level0,0,restir,level1,motion_resolution,level0,3.1918
ali,classroom,temporal-resolution-multiplexing_level0,noise_colors_level0,1,temporal-resolution-multiplexing,level0,noise_colors,level0,2.6712
ali,bistro_exterior,noise_colors_level1,noise_colors_level0,0,noise_colors,level1,noise_colors,level0,2.3962
ali,classroom,duration_flicker_level1,temporal-resolution-multiplexing_level2,0,duration_flicker,level1,temporal-resolution-multiplexing,level2,2.1627
ali,classroom,motion_noise_level0,noise_colors_level0,0,motion_noise,level0,noise_colors,level0,2.2045
ali,zeroday,restir_level1,duration_flicker_level2,1,restir,level1,duration_flicker,level2,1.9167
ali,classroom,restir_level0,temporal-resolution-multiplexing_level1,1,restir,level0,temporal-resolution-multiplexing,level1,3.3375
ali,classroom,motion_resolution_level1,noise_colors_level2,1,motion_resolution,level1,noise_colors,level2,2.5292
ali,classroom,judder_level2,duration_flicker_level1,1,judder,level2,duration_flicker,level1,2.2420
aqsa,attic,stutter_level2,judder_level2,0,stutter,level2,judder,level2,34.9256
aqsa,landscape,duration_flicker_level2,motion_resolution_level1,0,duration_flicker,level2,motion_resolution,level1,2.6546
aqsa,attic,restir_level2,judder_level2,0,restir,level2,judder,level2,2.5959
aqsa,marbles,restir_level2,restir_level1,1,restir,level2,restir,level1,27.0838
aqsa,marbles,restir_level1,temporal-resolution-multiplexing_level1,1,restir,level1,temporal-resolution-multiplexing,level1,18.8776
aqsa,landscape,temporal-resolution-multiplexing_level0,stutter_level1,0,temporal-resolution-multiplexing,level0,stutter,level1,4.7547
aqsa,subway,noise_colors_level2,motion_noise_level2,1,noise_colors,level2,motion_noise,level2,1.9712
aqsa,landscape,stutter_level1,temporal-resolution-multiplexing_level1,1,stutter,level1,temporal-resolution-multiplexing,level1,8.9887
aqsa,subway,restir_level0,duration_flicker_level1,0,restir,level0,duration_flicker,level1,1.5834
aqsa,marbles,motion_resolution_level2,judder_level2,0,motion_resolution,level2,judder,level2,2.9209
aqsa,bistro_exterior,motion_noise_level1,motion_noise_level2,0,motion_noise,level1,motion_noise,level2,10.2974
aqsa,classroom,motion_noise_level0,judder_level1,0,motion_noise,level0,judder,level1,5.0834
aqsa,zeroday,restir_level0,duration_flicker_level1,0,restir,level0,duration_flicker,level1,10.3462
aqsa,landscape,stutter_level2,motion_resolution_level2,1,stutter,level2,motion_resolution,level2,1.3210
aqsa,subway,temporal-resolution-multiplexing_level0,judder_level1,1,temporal-resolution-multiplexing,level0,judder,level1,14.2049
aqsa,zeroday,temporal-resolution-multiplexing_level2,stutter_level2,0,temporal-resolution-multiplexing,level2,stutter,level2,1.6750
aqsa,landscape,noise_colors_level2,restir_level1,0,noise_colors,level2,restir,level1,6.4750
aqsa,zeroday,restir_level1,restir_level0,0,restir,level1,restir,level0,6.2175
aqsa,bistro_exterior,motion_noise_level1,motion_resolution_level1,1,motion_noise,level1,motion_resolution,level1,3.5297
aqsa,classroom,motion_noise_level0,temporal-resolution-multiplexing_level1,1,motion_noise,level0,temporal-resolution-multiplexing,level1,14.9975
aqsa,subway,restir_level0,dlss_rr_level0,0,restir,level0,dlss_rr,level0,1.5043
aqsa,marbles,restir_level0,dlss_rr_level1,0,restir,level0,dlss_rr,level1,9.7887
aqsa,attic,duration_flicker_level1,temporal-resolution-multiplexing_level1,0,duration_flicker,level1,temporal-resolution-multiplexing,level1,7.0342
aqsa,pink_room,stutter_level1,restir_level2,0,stutter,level1,restir,level2,2.7500
aqsa,bistro_exterior,temporal-resolution-multiplexing_level2,dlss_rr_level2,1,temporal-resolution-multiplexing,level2,dlss_rr,level2,4.3963
aqsa,bistro_interior,temporal-resolution-multiplexing_level0,motion_noise_level0,1,temporal-resolution-multiplexing,level0,motion_noise,level0,12.8391
aqsa,attic,motion_noise_level1,motion_noise_level2,1,motion_noise,level1,motion_noise,level2,1.9250
aqsa,bistro_exterior,duration_flicker_level2,judder_level2,0,duration_flicker,level2,judder,level2,13.0875
aqsa,bistro_exterior,judder_level1,temporal-resolution-multiplexing_level0,1,judder,level1,temporal-resolution-multiplexing,level0,15.7125
aqsa,zeroday,temporal-resolution-multiplexing_level2,restir_level2,1,temporal-resolution-multiplexing,level2,restir,level2,2.4375
aqsa,attic,judder_level2,noise_colors_level2,1,judder,level2,noise_colors,level2,4.9875
aqsa,bistro_exterior,restir_level0,motion_noise_level1,1,restir,level0,motion_noise,level1,7.6547
aqsa,marbles,restir_level0,duration_flicker_level1,1,restir,level0,duration_flicker,level1,11.6516
aqsa,attic,duration_flicker_level1,motion_noise_level2,0,duration_flicker,level1,motion_noise,level2,4.2583
aqsa,bistro_exterior,restir_level2,duration_flicker_level2,1,restir,level2,duration_flicker,level2,3.4837
aqsa,pink_room,judder_level1,motion_noise_level0,1,judder,level1,motion_noise,level0,4.2250
aqsa,classroom,stutter_level2,noise_colors_level2,1,stutter,level2,noise_colors,level2,1.7250
aqsa,zeroday,motion_noise_level0,temporal-resolution-multiplexing_level1,1,motion_noise,level0,temporal-resolution-multiplexing,level1,12.9892
aqsa,zeroday,motion_noise_level2,duration_flicker_level2,1,motion_noise,level2,duration_flicker,level2,15.4933
aqsa,pink_room,motion_resolution_level0,stutter_level1,0,motion_resolution,level0,stutter,level1,4.6917
aqsa,subway,restir_level0,temporal-resolution-multiplexing_level2,0,restir,level0,temporal-resolution-multiplexing,level2,1.4709
aqsa,subway,judder_level0,duration_flicker_level0,1,judder,level0,duration_flicker,level0,10.7348
aqsa,zeroday,noise_colors_level1,restir_level0,1,noise_colors,level1,restir,level0,3.2338
aqsa,classroom,motion_noise_level0,restir_level1,1,motion_noise,level0,restir,level1,3.1045
aqsa,pink_room,temporal-resolution-multiplexing_level1,temporal-resolution-multiplexing_level2,1,temporal-resolution-multiplexing,level1,temporal-resolution-multiplexing,level2,3.1292
aqsa,subway,restir_level0,motion_resolution_level2,0,restir,level0,motion_resolution,level2,1.4793
aqsa,zeroday,duration_flicker_level0,temporal-resolution-multiplexing_level0,0,duration_flicker,level0,temporal-resolution-multiplexing,level0,19.9777
aqsa,marbles,duration_flicker_level0,restir_level1,0,duration_flicker,level0,restir,level1,2.7004
aqsa,pink_room,restir_level0,stutter_level1,0,restir,level0,stutter,level1,18.5065
aqsa,zeroday,temporal-resolution-multiplexing_level2,motion_resolution_level2,1,temporal-resolution-multiplexing,level2,motion_resolution,level2,4.2625
aqsa,subway,judder_level0,noise_colors_level1,0,judder,level0,noise_colors,level1,8.8719
aqsa,bistro_interior,restir_level1,dlss_rr_level0,0,restir,level1,dlss_rr,level0,1.4292
aqsa,subway,motion_noise_level1,judder_level1,0,motion_noise,level1,judder,level1,2.0625
aqsa,marbles,temporal-resolution-multiplexing_level0,judder_level1,1,temporal-resolution-multiplexing,level0,judder,level1,15.8501
aqsa,marbles,noise_colors_level0,motion_noise_level1,1,noise_colors,level0,motion_noise,level1,15.2395
aqsa,attic,motion_noise_level2,dlss_rr_level0,0,motion_noise,level2,dlss_rr,level0,18.1250
aqsa,zeroday,temporal-resolution-multiplexing_level1,dlss_rr_level1,0,temporal-resolution-multiplexing,level1,dlss_rr,level1,5.2792
aqsa,subway,dlss_rr_level0,motion_noise_level1,0,dlss_rr,level0,motion_noise,level1,8.4500
aqsa,landscape,motion_resolution_level1,noise_colors_level0,0,motion_resolution,level1,noise_colors,level0,7.5834
aqsa,marbles,motion_resolution_level1,noise_colors_level1,0,motion_resolution,level1,noise_colors,level1,2.7919
aqsa,subway,judder_level1,duration_flicker_level2,1,judder,level1,duration_flicker,level2,4.5625
aqsa,classroom,temporal-resolution-multiplexing_level2,noise_colors_level2,1,temporal-resolution-multiplexing,level2,noise_colors,level2,3.5585
aqsa,classroom,stutter_level0,dlss_rr_level0,0,stutter,level0,dlss_rr,level0,8.3459
aqsa,attic,motion_noise_level1,temporal-resolution-multiplexing_level2,1,motion_noise,level1,temporal-resolution-multiplexing,level2,2.1750
aqsa,attic,duration_flicker_level1,noise_colors_level0,1,duration_flicker,level1,noise_colors,level0,7.5625
aqsa,marbles,motion_resolution_level2,noise_colors_level1,0,motion_resolution,level2,noise_colors,level1,3.3000
aqsa,pink_room,noise_colors_level1,temporal-resolution-multiplexing_level2,1,noise_colors,level1,temporal-resolution-multiplexing,level2,4.8542
aqsa,subway,motion_noise_level1,judder_level2,0,motion_noise,level1,judder,level2,2.4626
aqsa,attic,motion_noise_level2,noise_colors_level1,0,motion_noise,level2,noise_colors,level1,23.5625
aqsa,subway,stutter_level0,judder_level0,1,stutter,level0,judder,level0,17.7981
aqsa,bistro_exterior,motion_noise_level1,duration_flicker_level2,1,motion_noise,level1,duration_flicker,level2,4.4005
aqsa,classroom,motion_noise_level2,restir_level1,1,motion_noise,level2,restir,level1,5.2125
aqsa,bistro_exterior,dlss_rr_level0,motion_noise_level1,0,dlss_rr,level0,motion_noise,level1,4.3250
aqsa,marbles,restir_level1,judder_level0,0,restir,level1,judder,level0,10.3042
aqsa,bistro_exterior,dlss_rr_level1,motion_noise_level1,0,dlss_rr,level1,motion_noise,level1,4.3959
aqsa,zeroday,stutter_level1,temporal-resolution-multiplexing_level0,1,stutter,level1,temporal-resolution-multiplexing,level0,28.4812
aqsa,classroom,restir_level0,stutter_level0,0,restir,level0,stutter,level0,3.8047
aqsa,bistro_exterior,noise_colors_level2,duration_flicker_level2,0,noise_colors,level2,duration_flicker,level2,3.0125
aqsa,marbles,motion_noise_level2,stutter_level0,0,motion_noise,level2,stutter,level0,18.7148
aqsa,classroom,stutter_level0,stutter_level1,0,stutter,level0,stutter,level1,10.0834
aqsa,classroom,duration_flicker_level0,noise_colors_level2,1,duration_flicker,level0,noise_colors,level2,3.9494
aqsa,marbles,noise_colors_level0,judder_level0,1,noise_colors,level0,judder,level0,4.6625
aqsa,classroom,motion_noise_level1,motion_noise_level0,0,motion_noise,level1,motion_noise,level0,2.8876
aqsa,marbles,stutter_level0,restir_level1,1,stutter,level0,restir,level1,14.7310
aqsa,subway,restir_level2,motion_noise_level2,1,restir,level2,motion_noise,level2,1.7962
aqsa,subway,temporal-resolution-multiplexing_level0,motion_noise_level0,1,temporal-resolution-multiplexing,level0,motion_noise,level0,2.4959
aqsa,zeroday,judder_level1,temporal-resolution-multiplexing_level0,1,judder,level1,temporal-resolution-multiplexing,level0,3.5959
aqsa,pink_room,temporal-resolution-multiplexing_level2,motion_resolution_level1,0,temporal-resolution-multiplexing,level2,motion_resolution,level1,3.8417
aqsa,bistro_interior,stutter_level2,judder_level0,0,stutter,level2,judder,level0,3.9796
aqsa,pink_room,motion_resolution_level2,duration_flicker_level0,0,motion_resolution,level2,duration_flicker,level0,1.5375
aqsa,attic,dlss_rr_level1,motion_noise_level1,0,dlss_rr,level1,motion_noise,level1,5.9750
aqsa,bistro_exterior,noise_colors_level0,motion_noise_level0,0,noise_colors,level0,motion_noise,level0,8.8584
aqsa,bistro_exterior,noise_colors_level0,stutter_level1,1,noise_colors,level0,stutter,level1,8.5087
aqsa,landscape,judder_level2,noise_colors_level0,1,judder,level2,noise_colors,level0,8.2887
aqsa,pink_room,motion_noise_level2,judder_level1,0,motion_noise,level2,judder,level1,7.5504
aqsa,landscape,stutter_level1,judder_level1,0,stutter,level1,judder,level1,17.7481
aqsa,landscape,motion_resolution_level0,dlss_rr_level1,1,motion_resolution,level0,dlss_rr,level1,11.4473
aqsa,pink_room,judder_level0,stutter_level0,1,judder,level0,stutter,level0,19.6150
aqsa,subway,temporal-resolution-multiplexing_level0,stutter_level0,0,temporal-resolution-multiplexing,level0,stutter,level0,1.7542
aqsa,bistro_exterior,temporal-resolution-multiplexing_level0,duration_flicker_level0,1,temporal-resolution-multiplexing,level0,duration_flicker,level0,8.5095
aqsa,classroom,dlss_rr_level1,stutter_level0,0,dlss_rr,level1,stutter,level0,4.4588
aqsa,bistro_interior,stutter_level2,dlss_rr_level1,0,stutter,level2,dlss_rr,level1,7.3760
aqsa,pink_room,temporal-resolution-multiplexing_level2,judder_level2,0,temporal-resolution-multiplexing,level2,judder,level2,5.0048
aqsa,pink_room,temporal-resolution-multiplexing_level2,duration_flicker_level1,1,temporal-resolution-multiplexing,level2,duration_flicker,level1,2.4546
aqsa,bistro_exterior,dlss_rr_level2,motion_resolution_level2,1,dlss_rr,level2,motion_resolution,level2,1.3417
aqsa,marbles,dlss_rr_level2,stutter_level1,0,dlss_rr,level2,stutter,level1,18.6250
aqsa,classroom,motion_noise_level0,judder_level0,1,motion_noise,level0,judder,level0,9.7792
aqsa,pink_room,temporal-resolution-multiplexing_level2,stutter_level2,0,temporal-resolution-multiplexing,level2,stutter,level2,5.0881
aqsa,landscape,motion_resolution_level2,noise_colors_level0,0,motion_resolution,level2,noise_colors,level0,2.7087
aqsa,attic,duration_flicker_level2,judder_level2,0,duration_flicker,level2,judder,level2,2.9751
aqsa,subway,restir_level1,motion_noise_level2,1,restir,level1,motion_noise,level2,2.0625
aqsa,classroom,temporal-resolution-multiplexing_level2,motion_resolution_level2,1,temporal-resolution-multiplexing,level2,motion_resolution,level2,1.3375
aqsa,bistro_interior,noise_colors_level0,motion_noise_level0,0,noise_colors,level0,motion_noise,level0,12.7298
aqsa,attic,restir_level1,motion_noise_level1,0,restir,level1,motion_noise,level1,5.6250
aqsa,attic,stutter_level0,motion_noise_level0,1,stutter,level0,motion_noise,level0,18.9091
aqsa,landscape,motion_resolution_level1,restir_level1,1,motion_resolution,level1,restir,level1,8.9709
aqsa,subway,stutter_level1,judder_level2,1,stutter,level1,judder,level2,4.3125
aqsa,bistro_exterior,motion_noise_level1,noise_colors_level0,1,motion_noise,level1,noise_colors,level0,5.2007
aqsa,bistro_exterior,restir_level1,duration_flicker_level2,1,restir,level1,duration_flicker,level2,3.4671
aqsa,marbles,restir_level1,temporal-resolution-multiplexing_level2,0,restir,level1,temporal-resolution-multiplexing,level2,12.9435
aqsa,bistro_exterior,motion_resolution_level2,duration_flicker_level2,0,motion_resolution,level2,duration_flicker,level2,13.5352
aqsa,subway,motion_resolution_level0,stutter_level0,0,motion_resolution,level0,stutter,level0,31.4001
aqsa,pink_room,restir_level1,dlss_rr_level0,1,restir,level1,dlss_rr,level0,25.4678
aqsa,marbles,judder_level2,stutter_level1,0,judder,level2,stutter,level1,23.7968
aqsa,zeroday,temporal-resolution-multiplexing_level0,duration_flicker_level1,0,temporal-resolution-multiplexing,level0,duration_flicker,level1,17.6293
aqsa,pink_room,noise_colors_level2,stutter_level1,0,noise_colors,level2,stutter,level1,5.3175
aqsa,subway,temporal-resolution-multiplexing_level0,motion_resolution_level1,1,temporal-resolution-multiplexing,level0,motion_resolution,level1,19.0084
aqsa,zeroday,motion_noise_level2,restir_level0,0,motion_noise,level2,restir,level0,19.8181
aqsa,landscape,noise_colors_level0,dlss_rr_level1,1,noise_colors,level0,dlss_rr,level1,29.1228
aqsa,zeroday,motion_resolution_level0,temporal-resolution-multiplexing_level0,0,motion_resolution,level0,temporal-resolution-multiplexing,level0,10.8848
aqsa,landscape,judder_level0,dlss_rr_level1,1,judder,level0,dlss_rr,level1,24.3864
aqsa,classroom,stutter_level0,noise_colors_level0,0,stutter,level0,noise_colors,level0,28.6910
aqsa,landscape,restir_level0,restir_level1,0,restir,level0,restir,level1,25.0158
aqsa,bistro_exterior,noise_colors_level1,motion_noise_level1,0,noise_colors,level1,motion_noise,level1,19.8266
aqsa,bistro_interior,motion_resolution_level2,dlss_rr_level1,0,motion_resolution,level2,dlss_rr,level1,7.7426
aqsa,landscape,stutter_level1,stutter_level0,0,stutter,level1,stutter,level0,36.0463
aqsa,attic,motion_noise_level1,duration_flicker_level2,1,motion_noise,level1,duration_flicker,level2,18.0459
aqsa,attic,judder_level2,restir_level0,1,judder,level2,restir,level0,10.6875
aqsa,marbles,stutter_level1,dlss_rr_level1,1,stutter,level1,dlss_rr,level1,19.6567
aqsa,bistro_exterior,temporal-resolution-multiplexing_level0,noise_colors_level0,0,temporal-resolution-multiplexing,level0,noise_colors,level0,30.2956
aqsa,bistro_interior,noise_colors_level0,duration_flicker_level0,0,noise_colors,level0,duration_flicker,level0,25.8324
aqsa,attic,motion_resolution_level0,judder_level0,0,motion_resolution,level0,judder,level0,24.3859
aqsa,subway,judder_level1,dlss_rr_level2,1,judder,level1,dlss_rr,level2,9.7180
aqsa,attic,judder_level0,temporal-resolution-multiplexing_level0,0,judder,level0,temporal-resolution-multiplexing,level0,29.6745
aqsa,marbles,dlss_rr_level0,noise_colors_level0,0,dlss_rr,level0,noise_colors,level0,11.6133
aqsa,bistro_exterior,motion_resolution_level0,duration_flicker_level2,0,motion_resolution,level0,duration_flicker,level2,6.5709
aqsa,attic,duration_flicker_level1,judder_level0,0,duration_flicker,level1,judder,level0,4.0465
aqsa,landscape,stutter_level1,motion_noise_level2,0,stutter,level1,motion_noise,level2,28.5287
aqsa,subway,motion_noise_level2,restir_level0,1,motion_noise,level2,restir,level0,8.2679
aqsa,classroom,noise_colors_level2,judder_level2,0,noise_colors,level2,judder,level2,4.4422
aqsa,landscape,duration_flicker_level0,dlss_rr_level1,0,duration_flicker,level0,dlss_rr,level1,10.7890
aqsa,marbles,restir_level1,dlss_rr_level1,0,restir,level1,dlss_rr,level1,8.8387
aqsa,attic,stutter_level1,stutter_level0,1,stutter,level1,stutter,level0,15.7750
aqsa,landscape,motion_resolution_level1,dlss_rr_level0,0,motion_resolution,level1,dlss_rr,level0,5.6042
aqsa,landscape,stutter_level1,noise_colors_level1,0,stutter,level1,noise_colors,level1,9.6304
aqsa,zeroday,motion_resolution_level2,judder_level2,0,motion_resolution,level2,judder,level2,5.3882
aqsa,marbles,noise_colors_level2,temporal-resolution-multiplexing_level2,0,noise_colors,level2,temporal-resolution-multiplexing,level2,5.3008
aqsa,subway,restir_level0,stutter_level2,0,restir,level0,stutter,level2,8.1131
aqsa,zeroday,temporal-resolution-multiplexing_level0,temporal-resolution-multiplexing_level1,0,temporal-resolution-multiplexing,level0,temporal-resolution-multiplexing,level1,10.9389
aqsa,pink_room,stutter_level1,judder_level1,0,stutter,level1,judder,level1,23.8822
aqsa,marbles,motion_resolution_level2,stutter_level2,0,motion_resolution,level2,stutter,level2,4.9671
aqsa,subway,noise_colors_level0,judder_level2,1,noise_colors,level0,judder,level2,5.9841
aqsa,zeroday,motion_noise_level1,temporal-resolution-multiplexing_level1,1,motion_noise,level1,temporal-resolution-multiplexing,level1,5.8008
aqsa,bistro_exterior,duration_flicker_level0,stutter_level0,0,duration_flicker,level0,stutter,level0,9.0761
aqsa,landscape,temporal-resolution-multiplexing_level2,restir_level1,0,temporal-resolution-multiplexing,level2,restir,level1,6.5091
aqsa,subway,judder_level2,dlss_rr_level1,1,judder,level2,dlss_rr,level1,10.7515
aqsa,subway,restir_level0,temporal-resolution-multiplexing_level1,0,restir,level0,temporal-resolution-multiplexing,level1,5.4050
aqsa,pink_room,restir_level1,temporal-resolution-multiplexing_level2,0,restir,level1,temporal-resolution-multiplexing,level2,5.3417
aqsa,zeroday,stutter_level0,temporal-resolution-multiplexing_level1,1,stutter,level0,temporal-resolution-multiplexing,level1,5.4840
aqsa,landscape,restir_level2,dlss_rr_level1,1,restir,level2,dlss_rr,level1,5.4757
aqsa,zeroday,dlss_rr_level2,temporal-resolution-multiplexing_level0,0,dlss_rr,level2,temporal-resolution-multiplexing,level0,5.5715
aqsa,pink_room,temporal-resolution-multiplexing_level2,duration_flicker_level2,1,temporal-resolution-multiplexing,level2,duration_flicker,level2,14.8394
aqsa,attic,motion_resolution_level1,duration_flicker_level1,1,motion_resolution,level1,duration_flicker,level1,6.6625
aqsa,classroom,dlss_rr_level0,temporal-resolution-multiplexing_level0,0,dlss_rr,level0,temporal-resolution-multiplexing,level0,4.4589
aqsa,zeroday,temporal-resolution-multiplexing_level0,judder_level0,0,temporal-resolution-multiplexing,level0,judder,level0,5.3507
aqsa,classroom,motion_resolution_level1,duration_flicker_level1,0,motion_resolution,level1,duration_flicker,level1,14.6185
aqsa,landscape,duration_flicker_level1,noise_colors_level2,0,duration_flicker,level1,noise_colors,level2,5.2715
aqsa,marbles,temporal-resolution-multiplexing_level0,motion_noise_level1,1,temporal-resolution-multiplexing,level0,motion_noise,level1,15.8875
aqsa,marbles,duration_flicker_level2,stutter_level0,0,duration_flicker,level2,stutter,level0,9.7637
aqsa,classroom,noise_colors_level2,motion_noise_level2,0,noise_colors,level2,motion_noise,level2,4.8006
aqsa,pink_room,temporal-resolution-multiplexing_level2,dlss_rr_level2,0,temporal-resolution-multiplexing,level2,dlss_rr,level2,8.7260
aqsa,marbles,restir_level1,motion_resolution_level0,0,restir,level1,motion_resolution,level0,5.7423
aqsa,zeroday,temporal-resolution-multiplexing_level2,motion_resolution_level1,1,temporal-resolution-multiplexing,level2,motion_resolution,level1,5.3717
aqsa,classroom,noise_colors_level2,duration_flicker_level2,0,noise_colors,level2,duration_flicker,level2,4.3670
aqsa,bistro_interior,motion_noise_level0,duration_flicker_level1,1,motion_noise,level0,duration_flicker,level1,5.3882
aqsa,bistro_interior,restir_level1,motion_resolution_level1,1,restir,level1,motion_resolution,level1,8.7845
aqsa,landscape,restir_level1,motion_noise_level1,0,restir,level1,motion_noise,level1,10.9099
aqsa,bistro_interior,stutter_level1,dlss_rr_level0,1,stutter,level1,dlss_rr,level0,6.2340
aqsa,bistro_interior,temporal-resolution-multiplexing_level1,stutter_level2,1,temporal-resolution-multiplexing,level1,stutter,level2,5.5800
aqsa,pink_room,stutter_level1,noise_colors_level0,1,stutter,level1,noise_colors,level0,8.5011
aqsa,bistro_exterior,temporal-resolution-multiplexing_level1,motion_noise_level1,0,temporal-resolution-multiplexing,level1,motion_noise,level1,5.9551
aqsa,zeroday,noise_colors_level2,temporal-resolution-multiplexing_level0,1,noise_colors,level2,temporal-resolution-multiplexing,level0,5.6334
aqsa,attic,duration_flicker_level0,motion_noise_level1,0,duration_flicker,level0,motion_noise,level1,4.4257
aqsa,attic,motion_resolution_level2,duration_flicker_level1,0,motion_resolution,level2,duration_flicker,level1,4.4584
aqsa,landscape,noise_colors_level0,dlss_rr_level2,1,noise_colors,level0,dlss_rr,level2,5.4417
aqsa,landscape,motion_noise_level0,motion_noise_level2,0,motion_noise,level0,motion_noise,level2,9.1553
aqsa,bistro_interior,duration_flicker_level1,motion_noise_level2,1,duration_flicker,level1,motion_noise,level2,5.3292
aqsa,bistro_exterior,judder_level0,motion_noise_level1,0,judder,level0,motion_noise,level1,6.3175
aqsa,bistro_interior,dlss_rr_level2,restir_level1,0,dlss_rr,level2,restir,level1,6.1000
aqsa,classroom,judder_level0,stutter_level0,0,judder,level0,stutter,level0,5.2382
aqsa,landscape,judder_level1,restir_level1,0,judder,level1,restir,level1,5.4134
aqsa,pink_room,restir_level1,dlss_rr_level1,1,restir,level1,dlss_rr,level1,5.4334
aqsa,marbles,restir_level1,motion_noise_level0,0,restir,level1,motion_noise,level0,9.5834
aqsa,bistro_exterior,dlss_rr_level2,stutter_level2,0,dlss_rr,level2,stutter,level2,6.9542
aqsa,classroom,motion_resolution_level0,motion_noise_level0,1,motion_resolution,level0,motion_noise,level0,24.1144
aqsa,bistro_exterior,duration_flicker_level2,duration_flicker_level1,0,duration_flicker,level2,duration_flicker,level1,12.5167
aqsa,classroom,dlss_rr_level2,judder_level0,0,dlss_rr,level2,judder,level0,4.4674
aqsa,bistro_interior,stutter_level1,motion_noise_level2,1,stutter,level1,motion_noise,level2,6.8926
aqsa,attic,judder_level1,stutter_level0,0,judder,level1,stutter,level0,5.2709
aqsa,zeroday,temporal-resolution-multiplexing_level0,dlss_rr_level0,0,temporal-resolution-multiplexing,level0,dlss_rr,level0,10.4625
aqsa,bistro_interior,dlss_rr_level2,noise_colors_level2,1,dlss_rr,level2,noise_colors,level2,5.4125
aqsa,attic,judder_level2,dlss_rr_level2,1,judder,level2,dlss_rr,level2,6.3334
aqsa,attic,judder_level1,judder_level0,1,judder,level1,judder,level0,5.2792
aqsa,bistro_interior,judder_level2,restir_level1,1,judder,level2,restir,level1,4.7500
aqsa,pink_room,judder_level1,motion_noise_level1,1,judder,level1,motion_noise,level1,5.6584
aqsa,zeroday,duration_flicker_level2,restir_level2,0,duration_flicker,level2,restir,level2,9.2625
aqsa,classroom,restir_level2,noise_colors_level2,0,restir,level2,noise_colors,level2,8.7794
aqsa,bistro_interior,motion_resolution_level0,restir_level1,1,motion_resolution,level0,restir,level1,5.4673
aqsa,bistro_interior,restir_level1,restir_level0,1,restir,level1,restir,level0,9.8545
aqsa,classroom,judder_level0,noise_colors_level1,1,judder,level0,noise_colors,level1,4.4667
aqsa,bistro_interior,stutter_level2,temporal-resolution-multiplexing_level2,0,stutter,level2,temporal-resolution-multiplexing,level2,5.3881
aqsa,classroom,duration_flicker_level1,noise_colors_level2,1,duration_flicker,level1,noise_colors,level2,5.2462
aqsa,bistro_interior,motion_noise_level1,motion_noise_level0,0,motion_noise,level1,motion_noise,level0,5.4008
aqsa,zeroday,temporal-resolution-multiplexing_level0,noise_colors_level0,0,temporal-resolution-multiplexing,level0,noise_colors,level0,8.9134
aqsa,pink_room,temporal-resolution-multiplexing_level0,stutter_level1,1,temporal-resolution-multiplexing,level0,stutter,level1,5.2752
aqsa,bistro_interior,duration_flicker_level2,stutter_level0,0,duration_flicker,level2,stutter,level0,5.2508
aqsa,bistro_interior,stutter_level0,stutter_level1,0,stutter,level0,stutter,level1,5.2834
aqsa,pink_room,motion_resolution_level2,temporal-resolution-multiplexing_level2,0,motion_resolution,level2,temporal-resolution-multiplexing,level2,5.4792
aqsa,pink_room,judder_level0,stutter_level1,0,judder,level0,stutter,level1,5.2543
aqsa,bistro_interior,dlss_rr_level2,temporal-resolution-multiplexing_level2,0,dlss_rr,level2,temporal-resolution-multiplexing,level2,5.2091
aqsa,pink_room,noise_colors_level1,stutter_level1,0,noise_colors,level1,stutter,level1,5.2750
aqsa,bistro_interior,stutter_level2,restir_level2,1,stutter,level2,restir,level2,5.2834
aqsa,bistro_interior,stutter_level0,noise_colors_level1,1,stutter,level0,noise_colors,level1,5.3000
aqsa,bistro_interior,judder_level1,stutter_level1,1,judder,level1,stutter,level1,6.2132
ct3,zeroday,motion_resolution_level0,temporal-resolution-multiplexing_level2,1,motion_resolution,level0,temporal-resolution-multiplexing,level2,8.2931
ct3,subway,noise_colors_level1,stutter_level2,1,noise_colors,level1,stutter,level2,8.9167
ct3,pink_room,duration_flicker_level1,duration_flicker_level2,1,duration_flicker,level1,duration_flicker,level2,2.0918
ct3,landscape,judder_level0,duration_flicker_level1,1,judder,level0,duration_flicker,level1,3.5710
ct3,landscape,stutter_level0,temporal-resolution-multiplexing_level1,0,stutter,level0,temporal-resolution-multiplexing,level1,4.2959
ct3,subway,restir_level0,duration_flicker_level2,1,restir,level0,duration_flicker,level2,4.2251
ct3,landscape,stutter_level1,restir_level0,1,stutter,level1,restir,level0,7.0584
ct3,pink_room,duration_flicker_level1,restir_level2,0,duration_flicker,level1,restir,level2,2.4792
ct3,marbles,noise_colors_level2,judder_level2,0,noise_colors,level2,judder,level2,3.0793
ct3,bistro_interior,duration_flicker_level0,duration_flicker_level2,1,duration_flicker,level0,duration_flicker,level2,7.1549
ct3,classroom,judder_level0,temporal-resolution-multiplexing_level0,1,judder,level0,temporal-resolution-multiplexing,level0,7.2010
ct3,bistro_exterior,restir_level2,noise_colors_level2,1,restir,level2,noise_colors,level2,9.4887
ct3,marbles,restir_level0,motion_noise_level2,0,restir,level0,motion_noise,level2,7.3801
ct3,bistro_exterior,judder_level0,judder_level1,0,judder,level0,judder,level1,10.8639
ct3,subway,temporal-resolution-multiplexing_level1,restir_level0,0,temporal-resolution-multiplexing,level1,restir,level0,7.8545
ct3,zeroday,duration_flicker_level0,motion_noise_level2,0,duration_flicker,level0,motion_noise,level2,9.2792
ct3,bistro_interior,motion_resolution_level2,motion_resolution_level1,0,motion_resolution,level2,motion_resolution,level1,2.0500
ct3,pink_room,motion_noise_level1,noise_colors_level1,0,motion_noise,level1,noise_colors,level1,7.8667
ct3,bistro_interior,restir_level0,noise_colors_level2,0,restir,level0,noise_colors,level2,2.6795
ct3,attic,noise_colors_level2,restir_level1,0,noise_colors,level2,restir,level1,6.4259
ct3,bistro_interior,temporal-resolution-multiplexing_level2,stutter_level1,1,temporal-resolution-multiplexing,level2,stutter,level1,8.3760
ct3,bistro_exterior,noise_colors_level0,reference,0,noise_colors,level0,reference,reference,9.6917
ct3,pink_room,noise_colors_level2,temporal-resolution-multiplexing_level1,0,noise_colors,level2,temporal-resolution-multiplexing,level1,9.0292
ct3,pink_room,restir_level0,noise_colors_level0,0,restir,level0,noise_colors,level0,8.9000
ct3,landscape,motion_resolution_level1,motion_resolution_level2,1,motion_resolution,level1,motion_resolution,level2,1.7167
ct3,bistro_exterior,restir_level0,motion_noise_level1,0,restir,level0,motion_noise,level1,15.1751
ct3,attic,duration_flicker_level1,stutter_level2,0,duration_flicker,level1,stutter,level2,9.4469
ct3,attic,motion_resolution_level2,restir_level2,0,motion_resolution,level2,restir,level2,1.9921
ct3,zeroday,motion_resolution_level2,temporal-resolution-multiplexing_level2,0,motion_resolution,level2,temporal-resolution-multiplexing,level2,2.2667
ct3,pink_room,motion_resolution_level2,duration_flicker_level1,0,motion_resolution,level2,duration_flicker,level1,1.6625
ct3,subway,noise_colors_level1,duration_flicker_level1,1,noise_colors,level1,duration_flicker,level1,4.4628
ct3,zeroday,stutter_level2,duration_flicker_level0,1,stutter,level2,duration_flicker,level0,8.1667
ct3,subway,stutter_level0,judder_level0,1,stutter,level0,judder,level0,9.7553
ct3,attic,restir_level0,motion_resolution_level0,1,restir,level0,motion_resolution,level0,8.1969
ct3,classroom,duration_flicker_level0,motion_noise_level2,0,duration_flicker,level0,motion_noise,level2,3.2917
ct3,classroom,reference,stutter_level0,0,reference,reference,stutter,level0,7.8125
ct3,subway,noise_colors_level1,dlss_rr_level0,1,noise_colors,level1,dlss_rr,level0,8.8167
ct3,zeroday,restir_level1,restir_level2,0,restir,level1,restir,level2,7.8084
ct3,landscape,temporal-resolution-multiplexing_level1,restir_level2,0,temporal-resolution-multiplexing,level1,restir,level2,11.7640
ct3,subway,motion_resolution_level1,temporal-resolution-multiplexing_level1,0,motion_resolution,level1,temporal-resolution-multiplexing,level1,2.7167
ct3,zeroday,motion_noise_level1,temporal-resolution-multiplexing_level0,1,motion_noise,level1,temporal-resolution-multiplexing,level0,5.0376
ct3,classroom,dlss_rr_level2,motion_noise_level1,1,dlss_rr,level2,motion_noise,level1,6.4125
ct3,marbles,judder_level1,judder_level0,1,judder,level1,judder,level0,10.2762
ct3,zeroday,judder_level2,judder_level0,0,judder,level2,judder,level0,4.1084
ct3,landscape,restir_level2,judder_level1,0,restir,level2,judder,level1,6.0300
ct3,bistro_interior,dlss_rr_level2,restir_level0,0,dlss_rr,level2,restir,level0,3.7631
ct3,subway,dlss_rr_level1,noise_colors_level2,1,dlss_rr,level1,noise_colors,level2,3.1751
ct3,zeroday,motion_noise_level0,motion_noise_level1,0,motion_noise,level0,motion_noise,level1,5.4875
ct3,classroom,reference,noise_colors_level0,1,reference,reference,noise_colors,level0,10.1211
ct3,bistro_interior,noise_colors_level1,duration_flicker_level0,1,noise_colors,level1,duration_flicker,level0,8.9929
ct3,attic,dlss_rr_level2,motion_resolution_level2,1,dlss_rr,level2,motion_resolution,level2,3.8964
ct3,subway,duration_flicker_level2,noise_colors_level1,0,duration_flicker,level2,noise_colors,level1,4.3630
ct3,attic,stutter_level2,dlss_rr_level1,1,stutter,level2,dlss_rr,level1,7.0552
ct3,pink_room,noise_colors_level0,motion_noise_level1,1,noise_colors,level0,motion_noise,level1,8.4292
ct3,zeroday,motion_resolution_level1,restir_level2,0,motion_resolution,level1,restir,level2,2.5917
ct3,landscape,noise_colors_level1,restir_level2,1,noise_colors,level1,restir,level2,13.0084
ct3,bistro_exterior,duration_flicker_level2,motion_noise_level2,0,duration_flicker,level2,motion_noise,level2,12.9000
ct3,landscape,motion_noise_level0,motion_noise_level2,0,motion_noise,level0,motion_noise,level2,10.6835
ct3,zeroday,temporal-resolution-multiplexing_level1,dlss_rr_level1,0,temporal-resolution-multiplexing,level1,dlss_rr,level1,5.8667
ct3,landscape,dlss_rr_level2,duration_flicker_level1,1,dlss_rr,level2,duration_flicker,level1,2.8459
ct3,bistro_interior,temporal-resolution-multiplexing_level0,duration_flicker_level0,1,temporal-resolution-multiplexing,level0,duration_flicker,level0,3.9958
ct3,subway,duration_flicker_level0,noise_colors_level1,0,duration_flicker,level0,noise_colors,level1,6.2377
ct3,classroom,judder_level1,motion_resolution_level0,1,judder,level1,motion_resolution,level0,15.7375
ct3,bistro_interior,restir_level2,restir_level1,0,restir,level2,restir,level1,8.5834
ct3,subway,dlss_rr_level0,motion_resolution_level0,0,dlss_rr,level0,motion_resolution,level0,2.5042
ct3,landscape,duration_flicker_level0,dlss_rr_level0,0,duration_flicker,level0,dlss_rr,level0,3.2084
ct3,bistro_interior,motion_noise_level0,noise_colors_level0,0,motion_noise,level0,noise_colors,level0,8.9762
ct3,bistro_interior,duration_flicker_level0,motion_noise_level1,0,duration_flicker,level0,motion_noise,level1,8.3804
ct3,attic,noise_colors_level1,reference,0,noise_colors,level1,reference,reference,9.1209
ct3,zeroday,duration_flicker_level0,dlss_rr_level1,0,duration_flicker,level0,dlss_rr,level1,2.2875
ct3,bistro_exterior,duration_flicker_level2,noise_colors_level2,0,duration_flicker,level2,noise_colors,level2,7.9084
ct3,bistro_exterior,restir_level1,dlss_rr_level0,1,restir,level1,dlss_rr,level0,9.0720
ct3,subway,motion_resolution_level0,temporal-resolution-multiplexing_level0,1,motion_resolution,level0,temporal-resolution-multiplexing,level0,6.5334
ct3,subway,reference,judder_level1,1,reference,reference,judder,level1,8.7167
ct3,zeroday,judder_level1,dlss_rr_level0,1,judder,level1,dlss_rr,level0,5.5500
ct3,attic,judder_level0,motion_noise_level1,0,judder,level0,motion_noise,level1,15.5003
ct3,marbles,duration_flicker_level1,dlss_rr_level0,0,duration_flicker,level1,dlss_rr,level0,5.4875
ct3,marbles,stutter_level0,noise_colors_level0,1,stutter,level0,noise_colors,level0,8.8549
ct3,pink_room,restir_level2,temporal-resolution-multiplexing_level1,1,restir,level2,temporal-resolution-multiplexing,level1,6.1754
ct3,bistro_exterior,duration_flicker_level2,stutter_level2,1,duration_flicker,level2,stutter,level2,2.4087
ct3,bistro_interior,stutter_level2,dlss_rr_level0,1,stutter,level2,dlss_rr,level0,2.9542
ct3,subway,dlss_rr_level2,motion_noise_level1,0,dlss_rr,level2,motion_noise,level1,3.0959
ct3,attic,temporal-resolution-multiplexing_level0,noise_colors_level0,0,temporal-resolution-multiplexing,level0,noise_colors,level0,10.0803
ct3,attic,restir_level1,dlss_rr_level0,0,restir,level1,dlss_rr,level0,8.3292
ct3,classroom,noise_colors_level1,temporal-resolution-multiplexing_level2,1,noise_colors,level1,temporal-resolution-multiplexing,level2,9.0714
ct3,bistro_exterior,motion_resolution_level0,noise_colors_level2,1,motion_resolution,level0,noise_colors,level2,10.1345
ct3,zeroday,stutter_level1,reference,0,stutter,level1,reference,reference,3.3584
ct3,bistro_exterior,motion_resolution_level2,noise_colors_level2,0,motion_resolution,level2,noise_colors,level2,1.7750
ct3,subway,dlss_rr_level0,judder_level2,0,dlss_rr,level0,judder,level2,4.9876
ct3,zeroday,restir_level1,duration_flicker_level0,0,restir,level1,duration_flicker,level0,9.7542
ct3,marbles,dlss_rr_level2,noise_colors_level1,1,dlss_rr,level2,noise_colors,level1,12.2303
ct3,subway,restir_level0,restir_level2,1,restir,level0,restir,level2,4.8667
ct3,bistro_interior,noise_colors_level0,stutter_level0,1,noise_colors,level0,stutter,level0,8.2220
ct3,zeroday,dlss_rr_level1,dlss_rr_level0,1,dlss_rr,level1,dlss_rr,level0,9.8208
ct3,pink_room,motion_resolution_level1,temporal-resolution-multiplexing_level2,0,motion_resolution,level1,temporal-resolution-multiplexing,level2,1.8375
ct3,marbles,motion_resolution_level1,restir_level2,0,motion_resolution,level1,restir,level2,1.5376
ct3,landscape,motion_resolution_level0,dlss_rr_level1,0,motion_resolution,level0,dlss_rr,level1,6.0167
ct3,classroom,dlss_rr_level0,temporal-resolution-multiplexing_level1,1,dlss_rr,level0,temporal-resolution-multiplexing,level1,4.9084
ct3,pink_room,restir_level1,dlss_rr_level2,1,restir,level1,dlss_rr,level2,7.3334
ct3,zeroday,noise_colors_level0,noise_colors_level2,0,noise_colors,level0,noise_colors,level2,4.6547
ct3,bistro_exterior,restir_level0,judder_level1,0,restir,level0,judder,level1,14.5603
ct3,pink_room,motion_noise_level2,stutter_level0,1,motion_noise,level2,stutter,level0,10.1875
ct3,bistro_exterior,temporal-resolution-multiplexing_level0,judder_level1,0,temporal-resolution-multiplexing,level0,judder,level1,10.3584
ct3,landscape,dlss_rr_level2,duration_flicker_level0,1,dlss_rr,level2,duration_flicker,level0,4.2168
ct3,subway,dlss_rr_level1,motion_noise_level2,0,dlss_rr,level1,motion_noise,level2,4.8212
ct3,subway,judder_level1,judder_level0,0,judder,level1,judder,level0,7.5168
ct3,bistro_interior,restir_level0,dlss_rr_level1,1,restir,level0,dlss_rr,level1,3.3167
ct3,bistro_interior,stutter_level1,judder_level1,0,stutter,level1,judder,level1,7.5426
ct3,bistro_exterior,restir_level0,temporal-resolution-multiplexing_level1,0,restir,level0,temporal-resolution-multiplexing,level1,10.0763
ct3,subway,noise_colors_level0,stutter_level0,1,noise_colors,level0,stutter,level0,6.9001
ct3,attic,motion_noise_level2,stutter_level2,1,motion_noise,level2,stutter,level2,9.1387
ct3,landscape,duration_flicker_level1,temporal-resolution-multiplexing_level1,0,duration_flicker,level1,temporal-resolution-multiplexing,level1,2.9500
ct3,subway,noise_colors_level1,motion_noise_level1,1,noise_colors,level1,motion_noise,level1,5.2417
ct3,bistro_interior,stutter_level2,judder_level2,1,stutter,level2,judder,level2,9.8375
ct3,classroom,duration_flicker_level2,restir_level2,0,duration_flicker,level2,restir,level2,1.6834
ct3,attic,stutter_level0,judder_level0,1,stutter,level0,judder,level0,6.7878
ct3,attic,restir_level1,motion_resolution_level1,1,restir,level1,motion_resolution,level1,6.9844
ct3,landscape,judder_level1,stutter_level1,1,judder,level1,stutter,level1,10.0750
ct3,marbles,temporal-resolution-multiplexing_level1,temporal-resolution-multiplexing_level0,0,temporal-resolution-multiplexing,level1,temporal-resolution-multiplexing,level0,5.0542
ct3,pink_room,stutter_level1,judder_level1,1,stutter,level1,judder,level1,12.9834
ct3,subway,temporal-resolution-multiplexing_level2,motion_resolution_level1,1,temporal-resolution-multiplexing,level2,motion_resolution,level1,1.3335
ct3,zeroday,dlss_rr_level2,temporal-resolution-multiplexing_level2,1,dlss_rr,level2,temporal-resolution-multiplexing,level2,2.3625
ct3,classroom,motion_resolution_level0,stutter_level0,1,motion_resolution,level0,stutter,level0,6.8709
ct3,attic,restir_level0,restir_level1,1,restir,level0,restir,level1,4.9417
ct3,zeroday,duration_flicker_level0,motion_resolution_level0,0,duration_flicker,level0,motion_resolution,level0,8.3001
ct3,landscape,motion_resolution_level1,duration_flicker_level0,1,motion_resolution,level1,duration_flicker,level0,2.8838
ct3,subway,stutter_level0,temporal-resolution-multiplexing_level0,1,stutter,level0,temporal-resolution-multiplexing,level0,3.1167
ct3,marbles,noise_colors_level2,motion_resolution_level1,1,noise_colors,level2,motion_resolution,level1,9.7628
ct3,subway,restir_level0,restir_level1,1,restir,level0,restir,level1,13.7584
ct3,bistro_exterior,reference,stutter_level0,0,reference,reference,stutter,level0,9.9965
ct3,marbles,restir_level1,dlss_rr_level0,0,restir,level1,dlss_rr,level0,7.4884
ct3,subway,noise_colors_level2,motion_noise_level0,0,noise_colors,level2,motion_noise,level0,4.4088
ct3,attic,motion_resolution_level1,temporal-resolution-multiplexing_level2,0,motion_resolution,level1,temporal-resolution-multiplexing,level2,2.9838
ct3,bistro_exterior,judder_level1,dlss_rr_level0,1,judder,level1,dlss_rr,level0,3.9462
ct3,bistro_exterior,restir_level0,duration_flicker_level0,0,restir,level0,duration_flicker,level0,10.3346
ct3,zeroday,motion_noise_level2,judder_level0,0,motion_noise,level2,judder,level0,9.7834
ct3,bistro_interior,motion_noise_level2,judder_level0,1,motion_noise,level2,judder,level0,17.9714
ct3,attic,dlss_rr_level1,temporal-resolution-multiplexing_level1,1,dlss_rr,level1,temporal-resolution-multiplexing,level1,7.1300
ct3,bistro_exterior,motion_noise_level0,dlss_rr_level0,1,motion_noise,level0,dlss_rr,level0,2.0588
ct3,pink_room,motion_noise_level1,stutter_level2,0,motion_noise,level1,stutter,level2,11.4625
ct3,classroom,stutter_level2,motion_noise_level2,1,stutter,level2,motion_noise,level2,3.7631
ct3,bistro_interior,restir_level1,restir_level0,0,restir,level1,restir,level0,2.4334
ct3,pink_room,judder_level2,temporal-resolution-multiplexing_level1,0,judder,level2,temporal-resolution-multiplexing,level1,7.4334
ct3,pink_room,stutter_level1,stutter_level0,0,stutter,level1,stutter,level0,7.3628
ct3,subway,restir_level0,motion_resolution_level2,1,restir,level0,motion_resolution,level2,1.8250
ct3,classroom,noise_colors_level1,judder_level0,0,noise_colors,level1,judder,level0,8.1798
ct3,bistro_interior,stutter_level1,motion_noise_level2,0,stutter,level1,motion_noise,level2,9.5470
ct3,bistro_interior,temporal-resolution-multiplexing_level2,duration_flicker_level1,1,temporal-resolution-multiplexing,level2,duration_flicker,level1,3.3212
ct3,subway,motion_resolution_level1,noise_colors_level2,1,motion_resolution,level1,noise_colors,level2,4.0917
ct3,pink_room,judder_level2,duration_flicker_level0,1,judder,level2,duration_flicker,level0,3.0500
ct3,subway,stutter_level1,noise_colors_level0,1,stutter,level1,noise_colors,level0,9.1125
ct3,pink_room,duration_flicker_level0,dlss_rr_level1,0,duration_flicker,level0,dlss_rr,level1,3.2168
ct3,classroom,motion_noise_level2,motion_noise_level1,1,motion_noise,level2,motion_noise,level1,13.7167
ct3,attic,judder_level2,restir_level1,1,judder,level2,restir,level1,7.2094
ct3,classroom,dlss_rr_level1,noise_colors_level1,0,dlss_rr,level1,noise_colors,level1,6.7385
ct3,pink_room,temporal-resolution-multiplexing_level1,judder_level0,1,temporal-resolution-multiplexing,level1,judder,level0,9.4003
ct3,landscape,motion_noise_level1,noise_colors_level2,1,motion_noise,level1,noise_colors,level2,10.3750
ct3,marbles,duration_flicker_level0,motion_noise_level1,0,duration_flicker,level0,motion_noise,level1,5.0334
ct3,pink_room,motion_noise_level0,temporal-resolution-multiplexing_level0,1,motion_noise,level0,temporal-resolution-multiplexing,level0,9.7792
ct3,bistro_interior,stutter_level1,temporal-resolution-multiplexing_level1,1,stutter,level1,temporal-resolution-multiplexing,level1,8.0875
ct3,bistro_interior,motion_resolution_level1,dlss_rr_level1,1,motion_resolution,level1,dlss_rr,level1,1.8709
ct3,marbles,duration_flicker_level0,dlss_rr_level1,0,duration_flicker,level0,dlss_rr,level1,3.1586
ct3,attic,duration_flicker_level0,stutter_level2,1,duration_flicker,level0,stutter,level2,3.9084
ct3,classroom,restir_level1,noise_colors_level1,0,restir,level1,noise_colors,level1,11.1890
ct3,attic,judder_level0,noise_colors_level1,1,judder,level0,noise_colors,level1,7.4175
ct3,zeroday,noise_colors_level0,stutter_level0,0,noise_colors,level0,stutter,level0,6.3584
ct3,landscape,noise_colors_level0,judder_level1,0,noise_colors,level0,judder,level1,9.1001
ct3,zeroday,noise_colors_level2,dlss_rr_level0,1,noise_colors,level2,dlss_rr,level0,8.8417
ct3,landscape,restir_level1,judder_level1,1,restir,level1,judder,level1,4.4006
ct3,marbles,duration_flicker_level2,motion_resolution_level1,0,duration_flicker,level2,motion_resolution,level1,2.5375
ct3,bistro_interior,stutter_level2,restir_level0,0,stutter,level2,restir,level0,8.8762
ct3,landscape,duration_flicker_level2,motion_resolution_level2,0,duration_flicker,level2,motion_resolution,level2,6.8879
ct3,bistro_interior,duration_flicker_level0,reference,0,duration_flicker,level0,reference,reference,4.5918
ct3,bistro_interior,stutter_level0,stutter_level1,1,stutter,level0,stutter,level1,7.3676
ct3,marbles,stutter_level2,restir_level0,0,stutter,level2,restir,level0,3.6671
ct3,landscape,dlss_rr_level2,dlss_rr_level1,1,dlss_rr,level2,dlss_rr,level1,7.7172
ct3,classroom,noise_colors_level1,duration_flicker_level1,1,noise_colors,level1,duration_flicker,level1,2.6167
ct3,bistro_interior,stutter_level0,reference,1,stutter,level0,reference,reference,9.0750
ct3,pink_room,noise_colors_level0,motion_noise_level2,1,noise_colors,level0,motion_noise,level2,7.3584
ct3,classroom,restir_level2,motion_resolution_level1,1,restir,level2,motion_resolution,level1,2.5459
ct3,marbles,temporal-resolution-multiplexing_level0,judder_level0,1,temporal-resolution-multiplexing,level0,judder,level0,5.3251
ct3,bistro_interior,dlss_rr_level0,stutter_level1,0,dlss_rr,level0,stutter,level1,3.2963
ct3,attic,motion_resolution_level1,dlss_rr_level2,0,motion_resolution,level1,dlss_rr,level2,5.4381
ct3,landscape,restir_level2,noise_colors_level2,0,restir,level2,noise_colors,level2,4.5208
ct3,bistro_exterior,stutter_level1,dlss_rr_level1,1,stutter,level1,dlss_rr,level1,3.2709
ct3,marbles,noise_colors_level0,judder_level1,0,noise_colors,level0,judder,level1,6.8967
ct3,pink_room,dlss_rr_level0,dlss_rr_level2,0,dlss_rr,level0,dlss_rr,level2,3.2375
ct3,bistro_interior,motion_resolution_level0,dlss_rr_level1,1,motion_resolution,level0,dlss_rr,level1,2.3168
ct3,landscape,duration_flicker_level0,stutter_level2,1,duration_flicker,level0,stutter,level2,2.7917
ct3,attic,judder_level1,dlss_rr_level0,1,judder,level1,dlss_rr,level0,5.7133
ct3,bistro_exterior,stutter_level0,restir_level1,1,stutter,level0,restir,level1,6.0967
ct3,landscape,judder_level1,temporal-resolution-multiplexing_level0,0,judder,level1,temporal-resolution-multiplexing,level0,7.3000
ct3,classroom,temporal-resolution-multiplexing_level1,judder_level0,0,temporal-resolution-multiplexing,level1,judder,level0,3.7546
ct3,classroom,restir_level0,temporal-resolution-multiplexing_level1,0,restir,level0,temporal-resolution-multiplexing,level1,3.8380
ct3,attic,noise_colors_level0,noise_colors_level1,0,noise_colors,level0,noise_colors,level1,8.4844
ct3,marbles,motion_resolution_level1,motion_resolution_level2,0,motion_resolution,level1,motion_resolution,level2,3.4417
ct3,landscape,motion_resolution_level1,judder_level2,0,motion_resolution,level1,judder,level2,3.2417
ct3,zeroday,temporal-resolution-multiplexing_level0,stutter_level1,1,temporal-resolution-multiplexing,level0,stutter,level1,6.1625
ct3,pink_room,reference,noise_colors_level0,0,reference,reference,noise_colors,level0,12.1000
ct3,marbles,restir_level0,motion_resolution_level0,0,restir,level0,motion_resolution,level0,3.7839
ct3,classroom,motion_noise_level1,noise_colors_level1,1,motion_noise,level1,noise_colors,level1,8.0792
ct3,landscape,noise_colors_level0,reference,1,noise_colors,level0,reference,reference,9.8459
ct3,attic,stutter_level1,temporal-resolution-multiplexing_level0,1,stutter,level1,temporal-resolution-multiplexing,level0,4.2209
ct3,pink_room,motion_noise_level0,noise_colors_level0,0,motion_noise,level0,noise_colors,level0,15.3459
ct3,attic,temporal-resolution-multiplexing_level0,judder_level1,0,temporal-resolution-multiplexing,level0,judder,level1,3.2170
ct3,bistro_exterior,motion_noise_level2,dlss_rr_level0,1,motion_noise,level2,dlss_rr,level0,2.2379
ct3,attic,noise_colors_level1,motion_noise_level0,0,noise_colors,level1,motion_noise,level0,3.7667
ct3,classroom,reference,stutter_level1,0,reference,reference,stutter,level1,3.7334
ct3,landscape,judder_level1,motion_noise_level2,1,judder,level1,motion_noise,level2,10.1251
ct3,classroom,judder_level2,temporal-resolution-multiplexing_level1,0,judder,level2,temporal-resolution-multiplexing,level1,9.3846
ct3,attic,stutter_level2,judder_level2,1,stutter,level2,judder,level2,3.3334
ct3,marbles,motion_resolution_level1,dlss_rr_level2,0,motion_resolution,level1,dlss_rr,level2,3.8672
ct3,zeroday,motion_noise_level0,noise_colors_level2,0,motion_noise,level0,noise_colors,level2,7.0375
ct3,classroom,judder_level1,noise_colors_level1,0,judder,level1,noise_colors,level1,6.6875
ct3,pink_room,stutter_level0,temporal-resolution-multiplexing_level1,0,stutter,level0,temporal-resolution-multiplexing,level1,9.9760
ct3,zeroday,dlss_rr_level1,duration_flicker_level2,1,dlss_rr,level1,duration_flicker,level2,2.4000
ct3,attic,motion_resolution_level0,duration_flicker_level2,0,motion_resolution,level0,duration_flicker,level2,2.0917
ct3,landscape,temporal-resolution-multiplexing_level2,restir_level2,1,temporal-resolution-multiplexing,level2,restir,level2,10.3875
ct3,bistro_exterior,dlss_rr_level2,temporal-resolution-multiplexing_level2,0,dlss_rr,level2,temporal-resolution-multiplexing,level2,2.2834
ct3,pink_room,motion_resolution_level0,motion_noise_level1,0,motion_resolution,level0,motion_noise,level1,1.4750
ct3,pink_room,duration_flicker_level0,restir_level1,0,duration_flicker,level0,restir,level1,2.8459
ct3,marbles,duration_flicker_level0,temporal-resolution-multiplexing_level0,0,duration_flicker,level0,temporal-resolution-multiplexing,level0,2.9584
ct3,classroom,restir_level2,motion_noise_level2,0,restir,level2,motion_noise,level2,2.0959
ct3,zeroday,restir_level0,restir_level1,1,restir,level0,restir,level1,3.5959
ct3,pink_room,temporal-resolution-multiplexing_level2,restir_level2,1,temporal-resolution-multiplexing,level2,restir,level2,4.3292
ct3,classroom,duration_flicker_level0,noise_colors_level2,1,duration_flicker,level0,noise_colors,level2,2.2959
ct3,classroom,motion_resolution_level2,motion_resolution_level1,0,motion_resolution,level2,motion_resolution,level1,2.7379
ct3,bistro_exterior,noise_colors_level2,dlss_rr_level2,1,noise_colors,level2,dlss_rr,level2,2.3545
ct3,classroom,temporal-resolution-multiplexing_level1,motion_noise_level0,0,temporal-resolution-multiplexing,level1,motion_noise,level0,3.1875
ct3,marbles,restir_level0,judder_level2,0,restir,level0,judder,level2,4.2796
ct3,marbles,duration_flicker_level2,temporal-resolution-multiplexing_level2,0,duration_flicker,level2,temporal-resolution-multiplexing,level2,2.4794
ct3,zeroday,noise_colors_level1,duration_flicker_level1,1,noise_colors,level1,duration_flicker,level1,3.1750
ct3,zeroday,dlss_rr_level1,noise_colors_level1,1,dlss_rr,level1,noise_colors,level1,5.2459
ct3,marbles,stutter_level1,restir_level0,0,stutter,level1,restir,level0,8.6167
ct3,marbles,stutter_level2,dlss_rr_level0,0,stutter,level2,dlss_rr,level0,7.4883
ct3,bistro_exterior,judder_level1,noise_colors_level1,0,judder,level1,noise_colors,level1,10.0672
ct3,marbles,judder_level0,motion_noise_level0,0,judder,level0,motion_noise,level0,8.2667
ct3,marbles,judder_level0,reference,0,judder,level0,reference,reference,6.4549
ct3,bistro_exterior,noise_colors_level2,judder_level2,0,noise_colors,level2,judder,level2,8.8510
ct3,marbles,motion_noise_level1,restir_level1,1,motion_noise,level1,restir,level1,8.8511
ct3,bistro_exterior,dlss_rr_level1,duration_flicker_level2,1,dlss_rr,level1,duration_flicker,level2,3.8667
ct3,bistro_exterior,temporal-resolution-multiplexing_level2,motion_resolution_level1,0,temporal-resolution-multiplexing,level2,motion_resolution,level1,1.7500
ct3,bistro_exterior,dlss_rr_level1,duration_flicker_level1,1,dlss_rr,level1,duration_flicker,level1,10.3217
em,classroom,dlss_rr_level2,noise_colors_level2,1,dlss_rr,level2,noise_colors,level2,21.7156
em,landscape,temporal-resolution-multiplexing_level2,judder_level1,1,temporal-resolution-multiplexing,level2,judder,level1,40.3177
em,zeroday,motion_noise_level1,stutter_level0,0,motion_noise,level1,stutter,level0,76.4015
em,attic,restir_level1,motion_resolution_level2,0,restir,level1,motion_resolution,level2,3.1543
em,attic,restir_level0,dlss_rr_level1,0,restir,level0,dlss_rr,level1,5.5001
em,marbles,noise_colors_level0,restir_level0,1,noise_colors,level0,restir,level0,6.6923
em,landscape,temporal-resolution-multiplexing_level2,stutter_level0,0,temporal-resolution-multiplexing,level2,stutter,level0,11.0751
em,landscape,dlss_rr_level2,dlss_rr_level1,0,dlss_rr,level2,dlss_rr,level1,2.0209
em,bistro_exterior,noise_colors_level0,temporal-resolution-multiplexing_level0,1,noise_colors,level0,temporal-resolution-multiplexing,level0,10.6680
em,bistro_exterior,temporal-resolution-multiplexing_level1,dlss_rr_level0,0,temporal-resolution-multiplexing,level1,dlss_rr,level0,7.7511
em,landscape,temporal-resolution-multiplexing_level1,temporal-resolution-multiplexing_level2,0,temporal-resolution-multiplexing,level1,temporal-resolution-multiplexing,level2,23.9751
em,subway,restir_level1,temporal-resolution-multiplexing_level2,0,restir,level1,temporal-resolution-multiplexing,level2,3.9839
em,classroom,restir_level0,dlss_rr_level0,0,restir,level0,dlss_rr,level0,8.4553
em,pink_room,stutter_level0,stutter_level1,0,stutter,level0,stutter,level1,34.9087
em,bistro_interior,noise_colors_level2,dlss_rr_level0,1,noise_colors,level2,dlss_rr,level0,15.1396
em,pink_room,stutter_level2,dlss_rr_level0,0,stutter,level2,dlss_rr,level0,3.9712
em,pink_room,motion_noise_level2,stutter_level1,0,motion_noise,level2,stutter,level1,23.4167
em,zeroday,restir_level0,duration_flicker_level0,0,restir,level0,duration_flicker,level0,23.3523
em,landscape,noise_colors_level1,motion_noise_level1,0,noise_colors,level1,motion_noise,level1,17.8097
em,subway,motion_noise_level1,dlss_rr_level0,0,motion_noise,level1,dlss_rr,level0,3.5043
em,marbles,motion_resolution_level2,duration_flicker_level2,0,motion_resolution,level2,duration_flicker,level2,17.1888
em,bistro_exterior,stutter_level0,duration_flicker_level1,1,stutter,level0,duration_flicker,level1,5.8424
em,subway,motion_resolution_level2,restir_level1,1,motion_resolution,level2,restir,level1,10.7421
em,bistro_interior,dlss_rr_level1,motion_noise_level1,0,dlss_rr,level1,motion_noise,level1,6.9425
em,attic,duration_flicker_level2,dlss_rr_level1,1,duration_flicker,level2,dlss_rr,level1,31.3539
em,bistro_exterior,restir_level0,reference,0,restir,level0,reference,reference,21.9668
em,classroom,judder_level0,dlss_rr_level1,1,judder,level0,dlss_rr,level1,8.2334
em,marbles,judder_level2,duration_flicker_level0,1,judder,level2,duration_flicker,level0,68.5463
em,bistro_exterior,motion_noise_level1,noise_colors_level1,0,motion_noise,level1,noise_colors,level1,9.3011
em,bistro_interior,dlss_rr_level1,motion_resolution_level0,1,dlss_rr,level1,motion_resolution,level0,7.2209
em,bistro_exterior,judder_level0,duration_flicker_level1,0,judder,level0,duration_flicker,level1,4.6375
em,landscape,motion_resolution_level0,dlss_rr_level2,1,motion_resolution,level0,dlss_rr,level2,19.9130
em,pink_room,restir_level2,dlss_rr_level0,0,restir,level2,dlss_rr,level0,5.7667
em,marbles,motion_noise_level2,noise_colors_level1,1,motion_noise,level2,noise_colors,level1,7.2209
em,subway,temporal-resolution-multiplexing_level1,duration_flicker_level2,0,temporal-resolution-multiplexing,level1,duration_flicker,level2,10.6792
em,zeroday,dlss_rr_level0,restir_level0,1,dlss_rr,level0,restir,level0,20.7961
em,bistro_interior,restir_level1,dlss_rr_level2,0,restir,level1,dlss_rr,level2,8.3259
em,classroom,dlss_rr_level2,motion_noise_level1,1,dlss_rr,level2,motion_noise,level1,20.9443
em,subway,reference,judder_level1,1,reference,reference,judder,level1,47.4394
em,bistro_interior,reference,motion_noise_level0,1,reference,reference,motion_noise,level0,12.8840
em,subway,duration_flicker_level0,stutter_level1,1,duration_flicker,level0,stutter,level1,14.5770
em,bistro_exterior,motion_noise_level0,noise_colors_level1,0,motion_noise,level0,noise_colors,level1,7.2167
em,attic,reference,temporal-resolution-multiplexing_level0,1,reference,reference,temporal-resolution-multiplexing,level0,22.1459
em,landscape,duration_flicker_level2,motion_resolution_level2,1,duration_flicker,level2,motion_resolution,level2,15.0500
em,subway,stutter_level0,reference,1,stutter,level0,reference,reference,19.8417
em,marbles,judder_level0,noise_colors_level0,0,judder,level0,noise_colors,level0,12.4834
em,classroom,reference,stutter_level0,0,reference,reference,stutter,level0,24.8055
em,bistro_exterior,reference,temporal-resolution-multiplexing_level0,1,reference,reference,temporal-resolution-multiplexing,level0,37.8002
em,marbles,noise_colors_level0,stutter_level0,1,noise_colors,level0,stutter,level0,48.6937
em,pink_room,duration_flicker_level0,dlss_rr_level2,1,duration_flicker,level0,dlss_rr,level2,12.5349
em,bistro_interior,noise_colors_level2,restir_level1,1,noise_colors,level2,restir,level1,7.2804
em,classroom,duration_flicker_level1,temporal-resolution-multiplexing_level1,1,duration_flicker,level1,temporal-resolution-multiplexing,level1,28.7952
em,pink_room,temporal-resolution-multiplexing_level1,dlss_rr_level0,0,temporal-resolution-multiplexing,level1,dlss_rr,level0,9.9263
em,marbles,stutter_level2,judder_level2,0,stutter,level2,judder,level2,13.5769
em,pink_room,duration_flicker_level2,motion_resolution_level0,1,duration_flicker,level2,motion_resolution,level0,28.4406
em,landscape,judder_level2,stutter_level2,1,judder,level2,stutter,level2,17.5099
em,pink_room,restir_level0,motion_noise_level0,0,restir,level0,motion_noise,level0,8.6376
em,subway,dlss_rr_level1,motion_resolution_level1,1,dlss_rr,level1,motion_resolution,level1,8.9335
em,classroom,duration_flicker_level1,motion_noise_level0,0,duration_flicker,level1,motion_noise,level0,14.3465
em,pink_room,dlss_rr_level0,motion_resolution_level0,0,dlss_rr,level0,motion_resolution,level0,18.0014
em,marbles,dlss_rr_level1,temporal-resolution-multiplexing_level0,0,dlss_rr,level1,temporal-resolution-multiplexing,level0,9.3543
em,pink_room,motion_noise_level2,judder_level1,0,motion_noise,level2,judder,level1,6.2792
em,landscape,dlss_rr_level0,temporal-resolution-multiplexing_level1,1,dlss_rr,level0,temporal-resolution-multiplexing,level1,22.5088
em,zeroday,motion_resolution_level0,restir_level0,0,motion_resolution,level0,restir,level0,17.6761
em,bistro_interior,duration_flicker_level2,temporal-resolution-multiplexing_level1,1,duration_flicker,level2,temporal-resolution-multiplexing,level1,14.2976
em,pink_room,duration_flicker_level2,motion_resolution_level2,1,duration_flicker,level2,motion_resolution,level2,8.3169
em,subway,duration_flicker_level1,motion_noise_level0,0,duration_flicker,level1,motion_noise,level0,8.9917
em,zeroday,dlss_rr_level1,judder_level1,0,dlss_rr,level1,judder,level1,22.2716
em,bistro_exterior,dlss_rr_level0,noise_colors_level2,1,dlss_rr,level0,noise_colors,level2,6.0375
em,landscape,noise_colors_level2,dlss_rr_level2,1,noise_colors,level2,dlss_rr,level2,5.3126
em,subway,temporal-resolution-multiplexing_level1,dlss_rr_level2,0,temporal-resolution-multiplexing,level1,dlss_rr,level2,7.6924
em,marbles,restir_level2,motion_resolution_level2,0,restir,level2,motion_resolution,level2,10.2639
em,landscape,noise_colors_level1,restir_level0,0,noise_colors,level1,restir,level0,9.6264
em,attic,temporal-resolution-multiplexing_level2,noise_colors_level2,0,temporal-resolution-multiplexing,level2,noise_colors,level2,13.4850
em,pink_room,stutter_level1,judder_level2,1,stutter,level1,judder,level2,12.4625
em,attic,stutter_level2,noise_colors_level1,0,stutter,level2,noise_colors,level1,3.6418
em,pink_room,temporal-resolution-multiplexing_level2,dlss_rr_level2,0,temporal-resolution-multiplexing,level2,dlss_rr,level2,5.1375
em,subway,noise_colors_level2,temporal-resolution-multiplexing_level1,1,noise_colors,level2,temporal-resolution-multiplexing,level1,15.0384
em,classroom,motion_resolution_level2,restir_level2,0,motion_resolution,level2,restir,level2,6.5592
em,pink_room,stutter_level1,noise_colors_level0,0,stutter,level1,noise_colors,level0,11.7917
em,attic,motion_noise_level0,duration_flicker_level1,1,motion_noise,level0,duration_flicker,level1,35.0784
em,marbles,stutter_level2,stutter_level1,0,stutter,level2,stutter,level1,5.4959
em,pink_room,duration_flicker_level1,motion_resolution_level0,0,duration_flicker,level1,motion_resolution,level0,9.1375
em,marbles,stutter_level2,temporal-resolution-multiplexing_level2,1,stutter,level2,temporal-resolution-multiplexing,level2,27.5209
em,classroom,restir_level0,motion_resolution_level0,1,restir,level0,motion_resolution,level0,16.3178
em,subway,judder_level0,duration_flicker_level0,1,judder,level0,duration_flicker,level0,15.4417
em,zeroday,restir_level0,stutter_level0,0,restir,level0,stutter,level0,11.9334
em,pink_room,stutter_level1,restir_level1,1,stutter,level1,restir,level1,6.9589
em,pink_room,noise_colors_level1,stutter_level1,0,noise_colors,level1,stutter,level1,5.0125
em,landscape,motion_noise_level2,noise_colors_level1,1,motion_noise,level2,noise_colors,level1,5.1126
em,bistro_exterior,judder_level1,motion_noise_level1,1,judder,level1,motion_noise,level1,5.9925
em,zeroday,judder_level2,restir_level0,1,judder,level2,restir,level0,37.6922
em,landscape,noise_colors_level1,noise_colors_level0,0,noise_colors,level1,noise_colors,level0,7.2584
em,attic,dlss_rr_level2,motion_resolution_level2,1,dlss_rr,level2,motion_resolution,level2,22.7390
em,marbles,restir_level1,motion_noise_level1,0,restir,level1,motion_noise,level1,8.5042
em,classroom,duration_flicker_level0,temporal-resolution-multiplexing_level1,0,duration_flicker,level0,temporal-resolution-multiplexing,level1,14.8478
em,pink_room,noise_colors_level2,dlss_rr_level0,0,noise_colors,level2,dlss_rr,level0,12.2806
em,marbles,duration_flicker_level1,stutter_level1,0,duration_flicker,level1,stutter,level1,6.6842
em,pink_room,temporal-resolution-multiplexing_level0,reference,0,temporal-resolution-multiplexing,level0,reference,reference,25.9417
em,zeroday,noise_colors_level2,restir_level0,0,noise_colors,level2,restir,level0,17.1772
em,subway,restir_level1,restir_level2,1,restir,level1,restir,level2,8.6250
em,subway,stutter_level1,reference,1,stutter,level1,reference,reference,10.4500
em,bistro_exterior,motion_resolution_level1,dlss_rr_level2,0,motion_resolution,level1,dlss_rr,level2,7.9217
em,classroom,judder_level1,reference,0,judder,level1,reference,reference,7.1917
em,bistro_interior,stutter_level0,motion_noise_level0,0,stutter,level0,motion_noise,level0,8.6344
em,zeroday,noise_colors_level1,restir_level0,0,noise_colors,level1,restir,level0,12.0917
em,landscape,stutter_level0,duration_flicker_level0,1,stutter,level0,duration_flicker,level0,7.8417
em,classroom,noise_colors_level1,restir_level1,1,noise_colors,level1,restir,level1,7.1500
em,pink_room,judder_level2,duration_flicker_level0,1,judder,level2,duration_flicker,level0,13.7500
em,marbles,noise_colors_level0,dlss_rr_level1,1,noise_colors,level0,dlss_rr,level1,12.1000
em,bistro_exterior,motion_resolution_level2,motion_resolution_level0,0,motion_resolution,level2,motion_resolution,level0,4.5542
em,pink_room,reference,motion_noise_level0,1,reference,reference,motion_noise,level0,11.6876
em,pink_room,stutter_level1,judder_level0,1,stutter,level1,judder,level0,3.6375
em,subway,judder_level2,temporal-resolution-multiplexing_level1,1,judder,level2,temporal-resolution-multiplexing,level1,2.7584
em,pink_room,dlss_rr_level1,stutter_level2,0,dlss_rr,level1,stutter,level2,6.5959
em,zeroday,duration_flicker_level2,temporal-resolution-multiplexing_level2,1,duration_flicker,level2,temporal-resolution-multiplexing,level2,9.0250
em,zeroday,restir_level2,motion_resolution_level2,1,restir,level2,motion_resolution,level2,25.9150
em,classroom,noise_colors_level0,stutter_level0,0,noise_colors,level0,stutter,level0,12.1303
em,attic,duration_flicker_level1,duration_flicker_level0,0,duration_flicker,level1,duration_flicker,level0,15.8187
em,pink_room,restir_level0,stutter_level1,0,restir,level0,stutter,level1,4.4126
em,zeroday,stutter_level2,duration_flicker_level2,1,stutter,level2,duration_flicker,level2,31.9292
em,attic,duration_flicker_level2,dlss_rr_level0,0,duration_flicker,level2,dlss_rr,level0,6.3792
em,pink_room,motion_resolution_level2,motion_resolution_level1,0,motion_resolution,level2,motion_resolution,level1,8.0547
em,pink_room,restir_level0,motion_noise_level1,0,restir,level0,motion_noise,level1,3.8500
em,landscape,motion_noise_level0,restir_level2,1,motion_noise,level0,restir,level2,16.9250
em,subway,motion_resolution_level2,temporal-resolution-multiplexing_level1,1,motion_resolution,level2,temporal-resolution-multiplexing,level1,28.2306
em,attic,stutter_level2,motion_noise_level2,1,stutter,level2,motion_noise,level2,27.7614
em,bistro_interior,restir_level0,dlss_rr_level1,0,restir,level0,dlss_rr,level1,10.0924
em,bistro_exterior,motion_noise_level2,stutter_level2,0,motion_noise,level2,stutter,level2,18.3981
em,subway,dlss_rr_level0,duration_flicker_level1,1,dlss_rr,level0,duration_flicker,level1,9.7885
em,bistro_interior,restir_level2,stutter_level2,0,restir,level2,stutter,level2,5.4004
em,classroom,motion_noise_level1,restir_level1,0,motion_noise,level1,restir,level1,39.9415
em,attic,duration_flicker_level1,judder_level2,0,duration_flicker,level1,judder,level2,25.9680
em,pink_room,dlss_rr_level0,dlss_rr_level2,1,dlss_rr,level0,dlss_rr,level2,32.0414
em,landscape,judder_level0,duration_flicker_level0,1,judder,level0,duration_flicker,level0,10.4004
em,subway,temporal-resolution-multiplexing_level1,dlss_rr_level0,0,temporal-resolution-multiplexing,level1,dlss_rr,level0,8.2125
em,bistro_interior,stutter_level2,dlss_rr_level1,0,stutter,level2,dlss_rr,level1,24.8281
em,marbles,motion_resolution_level0,stutter_level1,0,motion_resolution,level0,stutter,level1,8.9511
em,bistro_interior,motion_noise_level0,judder_level1,1,motion_noise,level0,judder,level1,12.2141
em,landscape,noise_colors_level1,reference,0,noise_colors,level1,reference,reference,6.9086
em,bistro_exterior,restir_level2,dlss_rr_level0,0,restir,level2,dlss_rr,level0,7.0134
em,subway,noise_colors_level1,dlss_rr_level1,1,noise_colors,level1,dlss_rr,level1,8.7842
em,attic,noise_colors_level1,noise_colors_level0,1,noise_colors,level1,noise_colors,level0,27.7452
em,landscape,stutter_level1,noise_colors_level1,1,stutter,level1,noise_colors,level1,9.8000
em,marbles,noise_colors_level1,temporal-resolution-multiplexing_level2,1,noise_colors,level1,temporal-resolution-multiplexing,level2,6.5792
em3,marbles,judder_level2,duration_flicker_level2,1,judder,level2,duration_flicker,level2,74.9303
em3,classroom,duration_flicker_level0,judder_level2,0,duration_flicker,level0,judder,level2,4.4379
em3,attic,stutter_level0,motion_noise_level0,1,stutter,level0,motion_noise,level0,46.1597
em3,subway,motion_noise_level0,judder_level1,0,motion_noise,level0,judder,level1,9.6461
em3,bistro_interior,motion_noise_level1,dlss_rr_level0,1,motion_noise,level1,dlss_rr,level0,5.3459
em3,bistro_interior,judder_level0,motion_noise_level1,1,judder,level0,motion_noise,level1,8.4418
em3,bistro_exterior,motion_noise_level2,stutter_level2,0,motion_noise,level2,stutter,level2,13.9933
em3,bistro_exterior,restir_level2,restir_level1,0,restir,level2,restir,level1,12.3433
em3,bistro_interior,motion_noise_level0,stutter_level1,1,motion_noise,level0,stutter,level1,7.1250
em3,attic,dlss_rr_level2,motion_resolution_level2,1,dlss_rr,level2,motion_resolution,level2,6.8507
em3,bistro_interior,noise_colors_level2,noise_colors_level1,0,noise_colors,level2,noise_colors,level1,15.4376
em3,zeroday,reference,judder_level1,1,reference,reference,judder,level1,42.6135
em3,bistro_interior,motion_resolution_level0,motion_resolution_level1,1,motion_resolution,level0,motion_resolution,level1,5.8174
em3,pink_room,noise_colors_level2,motion_resolution_level0,1,noise_colors,level2,motion_resolution,level0,7.6459
em3,pink_room,noise_colors_level0,judder_level0,1,noise_colors,level0,judder,level0,17.0504
em3,bistro_interior,noise_colors_level1,noise_colors_level0,0,noise_colors,level1,noise_colors,level0,5.7584
em3,bistro_interior,noise_colors_level1,stutter_level0,0,noise_colors,level1,stutter,level0,4.7834
em3,subway,dlss_rr_level2,motion_resolution_level2,0,dlss_rr,level2,motion_resolution,level2,42.3138
em3,pink_room,duration_flicker_level1,temporal-resolution-multiplexing_level2,1,duration_flicker,level1,temporal-resolution-multiplexing,level2,21.1346
em3,landscape,dlss_rr_level0,judder_level2,1,dlss_rr,level0,judder,level2,21.6678
em3,marbles,reference,judder_level1,1,reference,reference,judder,level1,24.4042
em3,landscape,judder_level2,stutter_level0,1,judder,level2,stutter,level0,7.8334
em3,marbles,temporal-resolution-multiplexing_level1,dlss_rr_level0,0,temporal-resolution-multiplexing,level1,dlss_rr,level0,31.3057
em3,zeroday,motion_resolution_level2,temporal-resolution-multiplexing_level2,0,motion_resolution,level2,temporal-resolution-multiplexing,level2,39.4208
em3,marbles,motion_noise_level0,noise_colors_level0,0,motion_noise,level0,noise_colors,level0,34.0481
em3,bistro_interior,noise_colors_level2,temporal-resolution-multiplexing_level2,0,noise_colors,level2,temporal-resolution-multiplexing,level2,4.0834
em3,classroom,motion_noise_level2,noise_colors_level2,1,motion_noise,level2,noise_colors,level2,14.6477
em3,classroom,dlss_rr_level0,duration_flicker_level0,1,dlss_rr,level0,duration_flicker,level0,11.7932
em3,marbles,dlss_rr_level0,duration_flicker_level0,1,dlss_rr,level0,duration_flicker,level0,6.9217
em3,marbles,judder_level2,temporal-resolution-multiplexing_level2,1,judder,level2,temporal-resolution-multiplexing,level2,21.3568
em3,landscape,stutter_level1,restir_level1,0,stutter,level1,restir,level1,39.7633
em3,attic,restir_level1,duration_flicker_level1,0,restir,level1,duration_flicker,level1,11.3557
em3,classroom,duration_flicker_level0,motion_noise_level0,0,duration_flicker,level0,motion_noise,level0,9.0220
em3,landscape,temporal-resolution-multiplexing_level1,judder_level2,1,temporal-resolution-multiplexing,level1,judder,level2,15.7427
em3,zeroday,stutter_level1,motion_noise_level0,0,stutter,level1,motion_noise,level0,34.8502
em3,classroom,duration_flicker_level0,dlss_rr_level2,0,duration_flicker,level0,dlss_rr,level2,7.4584
em3,attic,motion_resolution_level1,motion_noise_level2,0,motion_resolution,level1,motion_noise,level2,5.6376
em3,pink_room,judder_level2,duration_flicker_level2,1,judder,level2,duration_flicker,level2,22.0813
em3,marbles,judder_level1,restir_level1,1,judder,level1,restir,level1,12.2008
em3,marbles,duration_flicker_level1,temporal-resolution-multiplexing_level2,1,duration_flicker,level1,temporal-resolution-multiplexing,level2,27.6075
em3,pink_room,duration_flicker_level1,temporal-resolution-multiplexing_level1,0,duration_flicker,level1,temporal-resolution-multiplexing,level1,22.9773
em3,marbles,temporal-resolution-multiplexing_level2,restir_level2,1,temporal-resolution-multiplexing,level2,restir,level2,5.0585
em3,attic,dlss_rr_level2,duration_flicker_level2,0,dlss_rr,level2,duration_flicker,level2,6.8636
em3,marbles,motion_noise_level1,motion_noise_level2,1,motion_noise,level1,motion_noise,level2,19.3769
em3,bistro_exterior,noise_colors_level1,noise_colors_level0,0,noise_colors,level1,noise_colors,level0,20.4650
em3,classroom,judder_level0,reference,0,judder,level0,reference,reference,10.6125
em3,subway,dlss_rr_level2,temporal-resolution-multiplexing_level1,1,dlss_rr,level2,temporal-resolution-multiplexing,level1,6.5834
em3,zeroday,dlss_rr_level2,stutter_level2,0,dlss_rr,level2,stutter,level2,11.3584
em3,bistro_interior,judder_level1,temporal-resolution-multiplexing_level0,0,judder,level1,temporal-resolution-multiplexing,level0,43.4888
em3,marbles,restir_level0,dlss_rr_level1,0,restir,level0,dlss_rr,level1,13.2639
em3,pink_room,stutter_level1,motion_noise_level0,1,stutter,level1,motion_noise,level0,35.8548
em3,subway,duration_flicker_level0,temporal-resolution-multiplexing_level0,0,duration_flicker,level0,temporal-resolution-multiplexing,level0,7.8001
em3,attic,duration_flicker_level1,restir_level2,1,duration_flicker,level1,restir,level2,4.4376
em3,subway,judder_level1,noise_colors_level1,1,judder,level1,noise_colors,level1,11.8792
em3,zeroday,motion_noise_level1,dlss_rr_level0,1,motion_noise,level1,dlss_rr,level0,12.1335
em3,attic,duration_flicker_level1,motion_resolution_level1,1,duration_flicker,level1,motion_resolution,level1,11.6308
em3,bistro_exterior,temporal-resolution-multiplexing_level0,restir_level0,1,temporal-resolution-multiplexing,level0,restir,level0,14.1933
em3,bistro_exterior,restir_level1,motion_noise_level0,0,restir,level1,motion_noise,level0,20.1777
em3,marbles,stutter_level1,temporal-resolution-multiplexing_level1,1,stutter,level1,temporal-resolution-multiplexing,level1,17.7645
em3,pink_room,motion_resolution_level2,motion_resolution_level1,0,motion_resolution,level2,motion_resolution,level1,8.1300
em3,landscape,reference,motion_noise_level2,0,reference,reference,motion_noise,level2,25.6042
em3,zeroday,motion_resolution_level0,stutter_level2,0,motion_resolution,level0,stutter,level2,20.4834
em3,landscape,noise_colors_level0,motion_noise_level0,0,noise_colors,level0,motion_noise,level0,17.8792
em3,bistro_exterior,motion_noise_level1,stutter_level0,0,motion_noise,level1,stutter,level0,15.8644
em3,zeroday,noise_colors_level1,stutter_level2,0,noise_colors,level1,stutter,level2,16.9709
em3,attic,judder_level2,noise_colors_level0,0,judder,level2,noise_colors,level0,8.0257
em3,pink_room,dlss_rr_level0,restir_level1,0,dlss_rr,level0,restir,level1,17.2304
em3,marbles,dlss_rr_level1,motion_noise_level0,0,dlss_rr,level1,motion_noise,level0,14.7977
em3,zeroday,dlss_rr_level0,judder_level2,0,dlss_rr,level0,judder,level2,18.4084
em3,bistro_interior,noise_colors_level2,stutter_level2,1,noise_colors,level2,stutter,level2,19.9525
em3,bistro_exterior,duration_flicker_level0,dlss_rr_level0,0,duration_flicker,level0,dlss_rr,level0,37.8382
em3,classroom,dlss_rr_level1,motion_noise_level1,1,dlss_rr,level1,motion_noise,level1,7.6385
em3,marbles,motion_noise_level2,stutter_level0,0,motion_noise,level2,stutter,level0,10.9724
em3,pink_room,motion_noise_level2,judder_level0,0,motion_noise,level2,judder,level0,22.7209
em3,pink_room,judder_level1,restir_level0,1,judder,level1,restir,level0,6.6375
em3,marbles,judder_level0,dlss_rr_level1,0,judder,level0,dlss_rr,level1,35.0878
em3,attic,motion_noise_level0,temporal-resolution-multiplexing_level0,1,motion_noise,level0,temporal-resolution-multiplexing,level0,24.7532
em3,bistro_exterior,dlss_rr_level2,restir_level2,1,dlss_rr,level2,restir,level2,12.8682
em3,classroom,duration_flicker_level2,duration_flicker_level1,0,duration_flicker,level2,duration_flicker,level1,13.5351
em3,bistro_exterior,duration_flicker_level0,motion_noise_level2,1,duration_flicker,level0,motion_noise,level2,9.5261
em3,attic,motion_resolution_level2,noise_colors_level2,0,motion_resolution,level2,noise_colors,level2,6.5209
em3,landscape,stutter_level2,dlss_rr_level1,0,stutter,level2,dlss_rr,level1,19.8750
em3,bistro_exterior,reference,noise_colors_level1,1,reference,reference,noise_colors,level1,7.8125
em3,pink_room,noise_colors_level1,restir_level1,1,noise_colors,level1,restir,level1,6.6672
em3,marbles,temporal-resolution-multiplexing_level0,motion_noise_level2,1,temporal-resolution-multiplexing,level0,motion_noise,level2,25.4656
em3,bistro_interior,motion_noise_level2,duration_flicker_level0,0,motion_noise,level2,duration_flicker,level0,30.3872
em3,pink_room,motion_noise_level0,motion_noise_level2,1,motion_noise,level0,motion_noise,level2,6.1292
em3,bistro_exterior,dlss_rr_level1,duration_flicker_level0,0,dlss_rr,level1,duration_flicker,level0,17.0757
em3,classroom,judder_level0,stutter_level0,0,judder,level0,stutter,level0,16.2438
em3,zeroday,duration_flicker_level2,duration_flicker_level1,0,duration_flicker,level2,duration_flicker,level1,25.7000
em3,classroom,stutter_level1,judder_level0,1,stutter,level1,judder,level0,14.1806
em3,attic,judder_level2,stutter_level1,0,judder,level2,stutter,level1,48.7511
em3,attic,temporal-resolution-multiplexing_level1,duration_flicker_level2,0,temporal-resolution-multiplexing,level1,duration_flicker,level2,11.8000
em3,bistro_exterior,noise_colors_level2,duration_flicker_level0,0,noise_colors,level2,duration_flicker,level0,18.9275
em3,bistro_interior,restir_level1,dlss_rr_level0,0,restir,level1,dlss_rr,level0,5.6384
em3,bistro_exterior,motion_resolution_level0,stutter_level2,0,motion_resolution,level0,stutter,level2,14.0387
em3,classroom,stutter_level1,dlss_rr_level1,1,stutter,level1,dlss_rr,level1,5.7344
em3,marbles,restir_level2,noise_colors_level2,0,restir,level2,noise_colors,level2,10.7805
em3,bistro_exterior,duration_flicker_level0,duration_flicker_level1,1,duration_flicker,level0,duration_flicker,level1,13.2643
em3,bistro_interior,duration_flicker_level1,motion_noise_level2,1,duration_flicker,level1,motion_noise,level2,7.5084
em3,bistro_interior,noise_colors_level2,dlss_rr_level1,1,noise_colors,level2,dlss_rr,level1,18.7898
em3,pink_room,temporal-resolution-multiplexing_level0,judder_level1,1,temporal-resolution-multiplexing,level0,judder,level1,35.5087
em3,marbles,temporal-resolution-multiplexing_level2,duration_flicker_level0,0,temporal-resolution-multiplexing,level2,duration_flicker,level0,11.0209
em3,landscape,motion_resolution_level1,duration_flicker_level2,1,motion_resolution,level1,duration_flicker,level2,21.4300
em3,classroom,noise_colors_level0,judder_level1,1,noise_colors,level0,judder,level1,26.5056
em3,subway,motion_resolution_level1,dlss_rr_level2,1,motion_resolution,level1,dlss_rr,level2,20.3848
em3,bistro_exterior,dlss_rr_level2,motion_resolution_level1,1,dlss_rr,level2,motion_resolution,level1,5.4292
em3,landscape,noise_colors_level0,motion_noise_level2,1,noise_colors,level0,motion_noise,level2,36.0463
em3,landscape,temporal-resolution-multiplexing_level1,temporal-resolution-multiplexing_level2,0,temporal-resolution-multiplexing,level1,temporal-resolution-multiplexing,level2,12.4667
em3,subway,motion_noise_level1,motion_resolution_level1,1,motion_noise,level1,motion_resolution,level1,32.0981
em3,landscape,duration_flicker_level1,motion_resolution_level1,1,duration_flicker,level1,motion_resolution,level1,25.0729
em3,classroom,temporal-resolution-multiplexing_level1,temporal-resolution-multiplexing_level2,1,temporal-resolution-multiplexing,level1,temporal-resolution-multiplexing,level2,5.3421
em3,subway,stutter_level0,judder_level1,0,stutter,level0,judder,level1,18.1084
em3,subway,temporal-resolution-multiplexing_level1,restir_level1,1,temporal-resolution-multiplexing,level1,restir,level1,12.3466
em3,pink_room,duration_flicker_level2,stutter_level2,0,duration_flicker,level2,stutter,level2,40.3010
em3,attic,restir_level0,judder_level1,0,restir,level0,judder,level1,7.5750
em3,attic,restir_level2,duration_flicker_level2,0,restir,level2,duration_flicker,level2,3.0750
em3,marbles,motion_resolution_level0,noise_colors_level1,1,motion_resolution,level0,noise_colors,level1,10.0834
em3,zeroday,motion_resolution_level1,motion_resolution_level2,1,motion_resolution,level1,motion_resolution,level2,8.2459
em3,subway,dlss_rr_level0,motion_resolution_level1,1,dlss_rr,level0,motion_resolution,level1,11.3844
em3,bistro_exterior,motion_resolution_level2,temporal-resolution-multiplexing_level2,0,motion_resolution,level2,temporal-resolution-multiplexing,level2,17.2857
em3,bistro_exterior,stutter_level0,noise_colors_level1,1,stutter,level0,noise_colors,level1,7.3886
em3,marbles,restir_level1,dlss_rr_level1,0,restir,level1,dlss_rr,level1,5.7004
em3,bistro_interior,motion_noise_level1,temporal-resolution-multiplexing_level2,0,motion_noise,level1,temporal-resolution-multiplexing,level2,5.3382
em3,landscape,temporal-resolution-multiplexing_level1,noise_colors_level2,1,temporal-resolution-multiplexing,level1,noise_colors,level2,31.6372
em3,subway,motion_noise_level2,duration_flicker_level2,0,motion_noise,level2,duration_flicker,level2,10.0337
em3,bistro_exterior,dlss_rr_level2,duration_flicker_level2,0,dlss_rr,level2,duration_flicker,level2,13.2209
em3,classroom,noise_colors_level2,restir_level2,1,noise_colors,level2,restir,level2,11.0084
em3,bistro_exterior,dlss_rr_level2,motion_resolution_level2,1,dlss_rr,level2,motion_resolution,level2,15.1095
em3,classroom,restir_level1,motion_noise_level2,1,restir,level1,motion_noise,level2,4.4875
em3,bistro_exterior,judder_level1,noise_colors_level0,0,judder,level1,noise_colors,level0,27.4792
em3,pink_room,restir_level1,noise_colors_level2,1,restir,level1,noise_colors,level2,19.4667
em3,landscape,stutter_level1,temporal-resolution-multiplexing_level1,1,stutter,level1,temporal-resolution-multiplexing,level1,9.9084
em3,marbles,stutter_level2,stutter_level1,0,stutter,level2,stutter,level1,28.3803
em3,marbles,dlss_rr_level1,stutter_level1,0,dlss_rr,level1,stutter,level1,10.9334
em3,zeroday,dlss_rr_level0,duration_flicker_level0,0,dlss_rr,level0,duration_flicker,level0,14.5138
em3,subway,noise_colors_level0,motion_noise_level0,1,noise_colors,level0,motion_noise,level0,7.4838
em3,subway,duration_flicker_level0,dlss_rr_level0,0,duration_flicker,level0,dlss_rr,level0,12.7292
em3,pink_room,duration_flicker_level2,temporal-resolution-multiplexing_level1,0,duration_flicker,level2,temporal-resolution-multiplexing,level1,9.2167
em3,pink_room,motion_noise_level1,judder_level0,0,motion_noise,level1,judder,level0,9.0050
j3,zeroday,motion_noise_level0,judder_level1,1,motion_noise,level0,judder,level1,5.3676
j3,bistro_interior,duration_flicker_level2,judder_level1,1,duration_flicker,level2,judder,level1,10.0293
j3,classroom,dlss_rr_level1,motion_noise_level1,1,dlss_rr,level1,motion_noise,level1,4.4005
j3,landscape,temporal-resolution-multiplexing_level0,restir_level1,0,temporal-resolution-multiplexing,level0,restir,level1,5.4126
j3,classroom,restir_level2,motion_resolution_level2,1,restir,level2,motion_resolution,level2,4.7090
j3,zeroday,motion_noise_level1,temporal-resolution-multiplexing_level0,0,motion_noise,level1,temporal-resolution-multiplexing,level0,5.6799
j3,bistro_interior,judder_level2,temporal-resolution-multiplexing_level1,0,judder,level2,temporal-resolution-multiplexing,level1,5.1008
j3,bistro_interior,stutter_level0,temporal-resolution-multiplexing_level0,0,stutter,level0,temporal-resolution-multiplexing,level0,8.7264
j3,subway,dlss_rr_level2,dlss_rr_level1,0,dlss_rr,level2,dlss_rr,level1,5.5421
j3,landscape,motion_resolution_level1,temporal-resolution-multiplexing_level0,0,motion_resolution,level1,temporal-resolution-multiplexing,level0,5.4674
j3,bistro_exterior,duration_flicker_level1,restir_level2,1,duration_flicker,level1,restir,level2,6.9009
j3,attic,temporal-resolution-multiplexing_level0,motion_resolution_level0,0,temporal-resolution-multiplexing,level0,motion_resolution,level0,4.9584
j3,attic,dlss_rr_level1,temporal-resolution-multiplexing_level1,0,dlss_rr,level1,temporal-resolution-multiplexing,level1,8.7500
j3,bistro_exterior,stutter_level1,dlss_rr_level0,0,stutter,level1,dlss_rr,level0,5.3167
j3,landscape,judder_level2,duration_flicker_level2,0,judder,level2,duration_flicker,level2,5.9842
j3,zeroday,duration_flicker_level0,motion_noise_level2,1,duration_flicker,level0,motion_noise,level2,8.9335
j3,pink_room,judder_level2,noise_colors_level0,0,judder,level2,noise_colors,level0,6.5667
j3,marbles,judder_level2,noise_colors_level2,1,judder,level2,noise_colors,level2,4.6500
j3,landscape,temporal-resolution-multiplexing_level1,dlss_rr_level0,1,temporal-resolution-multiplexing,level1,dlss_rr,level0,5.3750
j3,bistro_interior,motion_noise_level2,noise_colors_level1,0,motion_noise,level2,noise_colors,level1,7.3385
j3,landscape,dlss_rr_level0,temporal-resolution-multiplexing_level2,1,dlss_rr,level0,temporal-resolution-multiplexing,level2,5.2590
j3,marbles,dlss_rr_level1,dlss_rr_level0,0,dlss_rr,level1,dlss_rr,level0,5.1757
j3,attic,restir_level0,restir_level2,1,restir,level0,restir,level2,4.3917
j3,marbles,dlss_rr_level0,duration_flicker_level2,1,dlss_rr,level0,duration_flicker,level2,4.5155
j3,classroom,judder_level1,stutter_level0,1,judder,level1,stutter,level0,4.9709
j3,pink_room,stutter_level0,restir_level1,1,stutter,level0,restir,level1,5.3501
j3,subway,motion_resolution_level0,duration_flicker_level0,1,motion_resolution,level0,duration_flicker,level0,4.9875
j3,zeroday,noise_colors_level0,noise_colors_level2,1,noise_colors,level0,noise_colors,level2,9.5678
j3,classroom,dlss_rr_level1,judder_level1,0,dlss_rr,level1,judder,level1,4.6500
j3,bistro_interior,temporal-resolution-multiplexing_level1,judder_level0,0,temporal-resolution-multiplexing,level1,judder,level0,9.6250
j3,classroom,duration_flicker_level1,motion_noise_level1,0,duration_flicker,level1,motion_noise,level1,4.4255
j3,subway,temporal-resolution-multiplexing_level2,duration_flicker_level1,0,temporal-resolution-multiplexing,level2,duration_flicker,level1,4.5174
j3,bistro_interior,noise_colors_level2,judder_level2,0,noise_colors,level2,judder,level2,5.4334
j3,bistro_exterior,duration_flicker_level1,temporal-resolution-multiplexing_level1,1,duration_flicker,level1,temporal-resolution-multiplexing,level1,12.1390
j3,bistro_exterior,stutter_level1,temporal-resolution-multiplexing_level1,1,stutter,level1,temporal-resolution-multiplexing,level1,5.2250
j3,zeroday,judder_level2,duration_flicker_level2,0,judder,level2,duration_flicker,level2,6.0085
j3,zeroday,dlss_rr_level2,judder_level2,0,dlss_rr,level2,judder,level2,5.4799
j3,marbles,duration_flicker_level1,noise_colors_level2,1,duration_flicker,level1,noise_colors,level2,10.6682
j3,classroom,judder_level1,stutter_level1,1,judder,level1,stutter,level1,4.8048
j3,landscape,judder_level1,dlss_rr_level0,1,judder,level1,dlss_rr,level0,7.2426
j3,attic,temporal-resolution-multiplexing_level1,motion_noise_level0,0,temporal-resolution-multiplexing,level1,motion_noise,level0,4.6251
j3,subway,stutter_level1,motion_resolution_level0,1,stutter,level1,motion_resolution,level0,11.5139
j3,zeroday,noise_colors_level0,motion_noise_level0,0,noise_colors,level0,motion_noise,level0,5.6917
j3,attic,noise_colors_level2,duration_flicker_level2,1,noise_colors,level2,duration_flicker,level2,8.3209
j3,zeroday,noise_colors_level1,motion_noise_level1,0,noise_colors,level1,motion_noise,level1,6.0292
j3,bistro_interior,duration_flicker_level2,temporal-resolution-multiplexing_level1,0,duration_flicker,level2,temporal-resolution-multiplexing,level1,4.4917
j3,classroom,motion_noise_level1,duration_flicker_level2,1,motion_noise,level1,duration_flicker,level2,4.2966
j3,bistro_exterior,judder_level0,temporal-resolution-multiplexing_level1,1,judder,level0,temporal-resolution-multiplexing,level1,9.9675
j3,marbles,duration_flicker_level2,duration_flicker_level1,0,duration_flicker,level2,duration_flicker,level1,4.3752
j3,landscape,dlss_rr_level0,motion_resolution_level0,1,dlss_rr,level0,motion_resolution,level0,5.5257
j3,attic,motion_resolution_level1,dlss_rr_level0,1,motion_resolution,level1,dlss_rr,level0,5.0792
j3,landscape,dlss_rr_level0,noise_colors_level0,0,dlss_rr,level0,noise_colors,level0,5.6167
j3,zeroday,motion_resolution_level0,motion_noise_level1,0,motion_resolution,level0,motion_noise,level1,7.5842
j3,landscape,dlss_rr_level0,stutter_level1,0,dlss_rr,level0,stutter,level1,6.5593
j3,marbles,stutter_level0,noise_colors_level0,1,stutter,level0,noise_colors,level0,9.3917
j3,bistro_interior,duration_flicker_level1,motion_noise_level1,0,duration_flicker,level1,motion_noise,level1,9.8959
j3,landscape,temporal-resolution-multiplexing_level0,noise_colors_level1,0,temporal-resolution-multiplexing,level0,noise_colors,level1,13.7726
j3,subway,noise_colors_level1,temporal-resolution-multiplexing_level0,0,noise_colors,level1,temporal-resolution-multiplexing,level0,2.3797
j3,attic,noise_colors_level0,dlss_rr_level1,1,noise_colors,level0,dlss_rr,level1,4.3588
j3,subway,stutter_level2,motion_noise_level2,1,stutter,level2,motion_noise,level2,4.7881
j3,zeroday,temporal-resolution-multiplexing_level2,dlss_rr_level2,0,temporal-resolution-multiplexing,level2,dlss_rr,level2,7.2344
j3,subway,stutter_level1,noise_colors_level1,1,stutter,level1,noise_colors,level1,5.8302
j3,classroom,motion_resolution_level2,noise_colors_level2,0,motion_resolution,level2,noise_colors,level2,4.9757
j3,bistro_exterior,motion_resolution_level1,duration_flicker_level1,0,motion_resolution,level1,duration_flicker,level1,6.0042
j3,attic,stutter_level0,temporal-resolution-multiplexing_level1,1,stutter,level0,temporal-resolution-multiplexing,level1,4.8084
j3,classroom,stutter_level2,motion_noise_level1,0,stutter,level2,motion_noise,level1,4.3212
j3,bistro_interior,restir_level0,temporal-resolution-multiplexing_level1,0,restir,level0,temporal-resolution-multiplexing,level1,4.7417
j3,marbles,stutter_level2,noise_colors_level2,0,stutter,level2,noise_colors,level2,4.8545
j3,subway,dlss_rr_level1,temporal-resolution-multiplexing_level1,1,dlss_rr,level1,temporal-resolution-multiplexing,level1,4.7375
j3,landscape,stutter_level2,dlss_rr_level2,1,stutter,level2,dlss_rr,level2,5.3963
j3,pink_room,temporal-resolution-multiplexing_level1,motion_resolution_level2,1,temporal-resolution-multiplexing,level1,motion_resolution,level2,7.0334
j3,zeroday,dlss_rr_level1,judder_level0,0,dlss_rr,level1,judder,level0,5.5125
j3,pink_room,judder_level0,duration_flicker_level0,0,judder,level0,duration_flicker,level0,14.1167
j3,classroom,motion_noise_level1,duration_flicker_level0,1,motion_noise,level1,duration_flicker,level0,3.9381
j3,subway,temporal-resolution-multiplexing_level2,restir_level2,1,temporal-resolution-multiplexing,level2,restir,level2,2.8213
j3,classroom,temporal-resolution-multiplexing_level2,motion_noise_level1,0,temporal-resolution-multiplexing,level2,motion_noise,level1,4.4292
j3,zeroday,motion_resolution_level1,duration_flicker_level2,0,motion_resolution,level1,duration_flicker,level2,5.3292
j3,marbles,temporal-resolution-multiplexing_level0,noise_colors_level0,1,temporal-resolution-multiplexing,level0,noise_colors,level0,7.0965
j3,classroom,noise_colors_level0,judder_level1,1,noise_colors,level0,judder,level1,4.4959
j3,bistro_exterior,judder_level2,temporal-resolution-multiplexing_level1,0,judder,level2,temporal-resolution-multiplexing,level1,6.4678
j3,classroom,motion_resolution_level0,judder_level1,1,motion_resolution,level0,judder,level1,4.7175
j3,bistro_exterior,duration_flicker_level0,motion_noise_level2,1,duration_flicker,level0,motion_noise,level2,4.7590
j3,bistro_exterior,motion_resolution_level0,motion_resolution_level2,1,motion_resolution,level0,motion_resolution,level2,5.0468
j3,attic,temporal-resolution-multiplexing_level0,stutter_level1,1,temporal-resolution-multiplexing,level0,stutter,level1,9.4338
j3,classroom,stutter_level1,temporal-resolution-multiplexing_level0,1,stutter,level1,temporal-resolution-multiplexing,level0,4.9709
j3,marbles,restir_level2,dlss_rr_level2,0,restir,level2,dlss_rr,level2,7.3920
j3,subway,dlss_rr_level1,duration_flicker_level2,1,dlss_rr,level1,duration_flicker,level2,7.0669
j3,zeroday,dlss_rr_level2,motion_noise_level1,0,dlss_rr,level2,motion_noise,level1,5.0508
j3,marbles,motion_resolution_level0,dlss_rr_level0,0,motion_resolution,level0,dlss_rr,level0,4.7297
j3,classroom,restir_level0,judder_level1,1,restir,level0,judder,level1,4.6876
j3,marbles,noise_colors_level2,restir_level1,0,noise_colors,level2,restir,level1,4.0625
j3,subway,restir_level0,noise_colors_level2,0,restir,level0,noise_colors,level2,4.3625
j3,marbles,restir_level2,temporal-resolution-multiplexing_level2,1,restir,level2,temporal-resolution-multiplexing,level2,6.0799
j3,marbles,restir_level2,stutter_level1,0,restir,level2,stutter,level1,4.2750
j3,bistro_exterior,temporal-resolution-multiplexing_level1,restir_level1,0,temporal-resolution-multiplexing,level1,restir,level1,5.3882
j3,attic,judder_level1,temporal-resolution-multiplexing_level0,1,judder,level1,temporal-resolution-multiplexing,level0,4.2834
j3,zeroday,dlss_rr_level2,temporal-resolution-multiplexing_level1,0,dlss_rr,level2,temporal-resolution-multiplexing,level1,6.2375
j3,zeroday,motion_noise_level1,dlss_rr_level0,1,motion_noise,level1,dlss_rr,level0,7.7625
j3,subway,duration_flicker_level0,dlss_rr_level1,0,duration_flicker,level0,dlss_rr,level1,4.1085
j3,zeroday,judder_level0,motion_noise_level0,0,judder,level0,motion_noise,level0,9.8388
j3,classroom,judder_level2,motion_noise_level1,0,judder,level2,motion_noise,level1,4.3964
j3,zeroday,stutter_level1,motion_noise_level0,1,stutter,level1,motion_noise,level0,7.0209
j3,landscape,temporal-resolution-multiplexing_level0,motion_noise_level0,0,temporal-resolution-multiplexing,level0,motion_noise,level0,7.2417
j3,subway,stutter_level2,restir_level2,1,stutter,level2,restir,level2,3.7292
j3,bistro_interior,restir_level2,motion_resolution_level2,1,restir,level2,motion_resolution,level2,3.2960
j3,bistro_interior,judder_level2,dlss_rr_level1,1,judder,level2,dlss_rr,level1,5.4542
j3,marbles,judder_level0,restir_level2,1,judder,level0,restir,level2,4.3834
j3,bistro_interior,duration_flicker_level0,motion_noise_level0,0,duration_flicker,level0,motion_noise,level0,4.4834
j3,marbles,restir_level2,motion_noise_level1,0,restir,level2,motion_noise,level1,3.7171
j3,bistro_interior,noise_colors_level0,duration_flicker_level2,1,noise_colors,level0,duration_flicker,level2,4.1215
j3,classroom,dlss_rr_level1,motion_noise_level0,0,dlss_rr,level1,motion_noise,level0,5.0298
j3,bistro_interior,motion_noise_level1,temporal-resolution-multiplexing_level1,0,motion_noise,level1,temporal-resolution-multiplexing,level1,3.7292
j3,landscape,dlss_rr_level0,noise_colors_level2,1,dlss_rr,level0,noise_colors,level2,5.0084
j3,zeroday,duration_flicker_level1,motion_noise_level1,0,duration_flicker,level1,motion_noise,level1,4.4586
j3,classroom,motion_noise_level1,restir_level1,0,motion_noise,level1,restir,level1,4.5125
j3,classroom,motion_noise_level1,noise_colors_level1,0,motion_noise,level1,noise_colors,level1,4.2625
j3,landscape,dlss_rr_level2,dlss_rr_level1,1,dlss_rr,level2,dlss_rr,level1,6.1334
j3,marbles,noise_colors_level2,duration_flicker_level0,0,noise_colors,level2,duration_flicker,level0,8.5221
j3,classroom,dlss_rr_level1,temporal-resolution-multiplexing_level1,0,dlss_rr,level1,temporal-resolution-multiplexing,level1,4.7174
j3,attic,motion_resolution_level2,dlss_rr_level1,0,motion_resolution,level2,dlss_rr,level1,4.3256
j3,marbles,motion_noise_level2,restir_level2,1,motion_noise,level2,restir,level2,5.2959
j3,bistro_exterior,noise_colors_level0,motion_noise_level2,1,noise_colors,level0,motion_noise,level2,5.4709
j3,classroom,duration_flicker_level2,motion_resolution_level2,1,duration_flicker,level2,motion_resolution,level2,4.4447
j3,subway,restir_level2,temporal-resolution-multiplexing_level1,0,restir,level2,temporal-resolution-multiplexing,level1,4.1709
j3,pink_room,noise_colors_level1,stutter_level0,0,noise_colors,level1,stutter,level0,5.1876
j3,landscape,duration_flicker_level2,duration_flicker_level0,0,duration_flicker,level2,duration_flicker,level0,3.9673
j3,attic,noise_colors_level1,temporal-resolution-multiplexing_level1,1,noise_colors,level1,temporal-resolution-multiplexing,level1,8.0209
j3,classroom,judder_level1,dlss_rr_level2,1,judder,level1,dlss_rr,level2,4.6126
j3,bistro_interior,duration_flicker_level0,temporal-resolution-multiplexing_level0,0,duration_flicker,level0,temporal-resolution-multiplexing,level0,5.0297
j3,bistro_interior,temporal-resolution-multiplexing_level1,dlss_rr_level0,1,temporal-resolution-multiplexing,level1,dlss_rr,level0,5.0292
j3,bistro_exterior,motion_noise_level2,temporal-resolution-multiplexing_level0,0,motion_noise,level2,temporal-resolution-multiplexing,level0,5.3632
j3,marbles,duration_flicker_level1,motion_resolution_level2,1,duration_flicker,level1,motion_resolution,level2,4.4507
j3,bistro_interior,temporal-resolution-multiplexing_level1,motion_resolution_level0,1,temporal-resolution-multiplexing,level1,motion_resolution,level0,5.4007
j3,subway,motion_noise_level0,motion_resolution_level0,0,motion_noise,level0,motion_resolution,level0,4.6716
j3,bistro_exterior,stutter_level0,motion_noise_level0,1,stutter,level0,motion_noise,level0,5.3625
j3,bistro_interior,judder_level2,temporal-resolution-multiplexing_level2,0,judder,level2,temporal-resolution-multiplexing,level2,7.1508
j3,classroom,judder_level1,judder_level0,0,judder,level1,judder,level0,6.6384
j3,pink_room,temporal-resolution-multiplexing_level0,motion_noise_level2,1,temporal-resolution-multiplexing,level0,motion_noise,level2,6.8875
j3,classroom,temporal-resolution-multiplexing_level1,motion_noise_level2,1,temporal-resolution-multiplexing,level1,motion_noise,level2,4.4667
j3,pink_room,duration_flicker_level2,dlss_rr_level2,0,duration_flicker,level2,dlss_rr,level2,8.3962
j3,pink_room,judder_level2,stutter_level0,0,judder,level2,stutter,level0,4.9966
j3,zeroday,motion_resolution_level2,restir_level2,0,motion_resolution,level2,restir,level2,5.3674
j3,bistro_exterior,judder_level0,motion_resolution_level0,1,judder,level0,motion_resolution,level0,5.4043
j3,bistro_exterior,temporal-resolution-multiplexing_level1,noise_colors_level1,0,temporal-resolution-multiplexing,level1,noise_colors,level1,11.0055
j3,marbles,restir_level2,restir_level0,0,restir,level2,restir,level0,5.3421
j3,attic,stutter_level2,noise_colors_level2,0,stutter,level2,noise_colors,level2,11.4250
j3,pink_room,duration_flicker_level2,motion_resolution_level2,1,duration_flicker,level2,motion_resolution,level2,8.7042
j3,landscape,motion_noise_level1,temporal-resolution-multiplexing_level0,1,motion_noise,level1,temporal-resolution-multiplexing,level0,8.1709
j3,landscape,duration_flicker_level2,dlss_rr_level1,1,duration_flicker,level2,dlss_rr,level1,8.0542
j3,zeroday,stutter_level0,stutter_level1,0,stutter,level0,stutter,level1,7.8834
j3,bistro_interior,motion_resolution_level2,stutter_level2,0,motion_resolution,level2,stutter,level2,4.4917
j3,classroom,judder_level1,dlss_rr_level0,1,judder,level1,dlss_rr,level0,8.6459
j3,pink_room,motion_noise_level0,temporal-resolution-multiplexing_level0,1,motion_noise,level0,temporal-resolution-multiplexing,level0,5.7507
j3,attic,temporal-resolution-multiplexing_level1,judder_level0,0,temporal-resolution-multiplexing,level1,judder,level0,4.5630
j3,zeroday,motion_resolution_level1,motion_resolution_level2,1,motion_resolution,level1,motion_resolution,level2,5.3417
j3,zeroday,dlss_rr_level2,restir_level1,0,dlss_rr,level2,restir,level1,12.1834
j3,attic,temporal-resolution-multiplexing_level1,duration_flicker_level0,0,temporal-resolution-multiplexing,level1,duration_flicker,level0,6.1993
j3,marbles,temporal-resolution-multiplexing_level1,dlss_rr_level0,0,temporal-resolution-multiplexing,level1,dlss_rr,level0,7.5344
j3,landscape,restir_level0,temporal-resolution-multiplexing_level0,0,restir,level0,temporal-resolution-multiplexing,level0,9.7554
j3,zeroday,motion_noise_level2,stutter_level2,1,motion_noise,level2,stutter,level2,3.9462
j3,attic,restir_level1,duration_flicker_level1,0,restir,level1,duration_flicker,level1,4.2453
j3,attic,motion_noise_level2,restir_level1,1,motion_noise,level2,restir,level1,4.8834
j3,bistro_interior,motion_resolution_level2,dlss_rr_level2,0,motion_resolution,level2,dlss_rr,level2,5.4465
j3,subway,motion_noise_level0,judder_level2,1,motion_noise,level0,judder,level2,5.3918
j3,bistro_interior,motion_resolution_level1,motion_resolution_level2,1,motion_resolution,level1,motion_resolution,level2,6.1459
j3,pink_room,stutter_level0,motion_noise_level2,1,stutter,level0,motion_noise,level2,8.8875
j3,zeroday,motion_noise_level1,judder_level0,0,motion_noise,level1,judder,level0,8.0667
j3,bistro_exterior,motion_noise_level0,judder_level1,1,motion_noise,level0,judder,level1,13.2917
j3,landscape,restir_level2,temporal-resolution-multiplexing_level0,0,restir,level2,temporal-resolution-multiplexing,level0,5.4959
j3,classroom,motion_resolution_level2,motion_resolution_level1,0,motion_resolution,level2,motion_resolution,level1,4.5506
j3,zeroday,dlss_rr_level2,restir_level0,0,dlss_rr,level2,restir,level0,5.3507
j3,zeroday,motion_noise_level2,dlss_rr_level2,1,motion_noise,level2,dlss_rr,level2,3.1667
j3,pink_room,stutter_level0,duration_flicker_level0,1,stutter,level0,duration_flicker,level0,7.1792
j3,bistro_exterior,motion_noise_level0,motion_noise_level2,1,motion_noise,level0,motion_noise,level2,5.4709
j3,pink_room,temporal-resolution-multiplexing_level2,dlss_rr_level0,0,temporal-resolution-multiplexing,level2,dlss_rr,level0,4.9667
j3,bistro_interior,temporal-resolution-multiplexing_level1,motion_noise_level2,1,temporal-resolution-multiplexing,level1,motion_noise,level2,4.9173
j3,landscape,motion_noise_level2,motion_noise_level1,0,motion_noise,level2,motion_noise,level1,5.2216
j3,subway,motion_resolution_level1,motion_resolution_level0,0,motion_resolution,level1,motion_resolution,level0,6.7967
j3,bistro_exterior,motion_resolution_level0,temporal-resolution-multiplexing_level2,1,motion_resolution,level0,temporal-resolution-multiplexing,level2,4.7965
j3,bistro_interior,motion_resolution_level1,temporal-resolution-multiplexing_level1,0,motion_resolution,level1,temporal-resolution-multiplexing,level1,8.6303
j3,subway,restir_level2,noise_colors_level2,0,restir,level2,noise_colors,level2,7.0631
j3,bistro_exterior,stutter_level2,motion_resolution_level0,0,stutter,level2,motion_resolution,level0,5.0590
j3,attic,noise_colors_level2,motion_resolution_level2,1,noise_colors,level2,motion_resolution,level2,4.8792
j3,bistro_exterior,restir_level0,motion_noise_level2,1,restir,level0,motion_noise,level2,6.6134
j3,bistro_exterior,duration_flicker_level2,temporal-resolution-multiplexing_level1,1,duration_flicker,level2,temporal-resolution-multiplexing,level1,10.4555
j3,bistro_interior,stutter_level1,motion_noise_level1,1,stutter,level1,motion_noise,level1,9.4220
j3,pink_room,stutter_level0,dlss_rr_level1,1,stutter,level0,dlss_rr,level1,5.3091
j3,bistro_interior,restir_level1,temporal-resolution-multiplexing_level1,0,restir,level1,temporal-resolution-multiplexing,level1,6.8842
j3,attic,temporal-resolution-multiplexing_level0,stutter_level0,0,temporal-resolution-multiplexing,level0,stutter,level0,8.9084
j3,marbles,motion_resolution_level1,motion_resolution_level2,1,motion_resolution,level1,motion_resolution,level2,4.7167
j3,marbles,restir_level2,stutter_level0,0,restir,level2,stutter,level0,8.7178
j3,landscape,dlss_rr_level0,judder_level2,1,dlss_rr,level0,judder,level2,5.0256
j3,marbles,noise_colors_level1,noise_colors_level2,1,noise_colors,level1,noise_colors,level2,4.9417
j3,bistro_exterior,motion_noise_level0,motion_noise_level1,1,motion_noise,level0,motion_noise,level1,5.6342
j3,pink_room,motion_noise_level1,judder_level1,0,motion_noise,level1,judder,level1,7.9510
j3,landscape,temporal-resolution-multiplexing_level0,judder_level0,1,temporal-resolution-multiplexing,level0,judder,level0,4.9548
j3,subway,judder_level1,motion_resolution_level0,1,judder,level1,motion_resolution,level0,3.3170
j3,attic,temporal-resolution-multiplexing_level1,dlss_rr_level0,1,temporal-resolution-multiplexing,level1,dlss_rr,level0,17.1500
j3,bistro_interior,temporal-resolution-multiplexing_level0,duration_flicker_level1,1,temporal-resolution-multiplexing,level0,duration_flicker,level1,4.3921
j3,landscape,stutter_level0,motion_noise_level2,1,stutter,level0,motion_noise,level2,4.3966
j3,attic,noise_colors_level1,judder_level2,1,noise_colors,level1,judder,level2,4.4084
j3,marbles,dlss_rr_level0,motion_noise_level0,0,dlss_rr,level0,motion_noise,level0,7.6500
j3,pink_room,restir_level0,stutter_level0,0,restir,level0,stutter,level0,4.4965
j3,subway,judder_level0,motion_noise_level0,1,judder,level0,motion_noise,level0,3.9459
j3,landscape,duration_flicker_level1,dlss_rr_level0,1,duration_flicker,level1,dlss_rr,level0,9.3679
j3,marbles,dlss_rr_level0,restir_level2,1,dlss_rr,level0,restir,level2,4.1881
j3,pink_room,duration_flicker_level1,stutter_level0,0,duration_flicker,level1,stutter,level0,10.3385
j3,bistro_exterior,temporal-resolution-multiplexing_level1,noise_colors_level2,1,temporal-resolution-multiplexing,level1,noise_colors,level2,7.1219
j3,bistro_exterior,dlss_rr_level1,duration_flicker_level1,1,dlss_rr,level1,duration_flicker,level1,7.1087
j3,landscape,dlss_rr_level2,motion_resolution_level2,1,dlss_rr,level2,motion_resolution,level2,5.2459
j3,marbles,judder_level1,noise_colors_level0,0,judder,level1,noise_colors,level0,4.9875
j3,bistro_exterior,motion_resolution_level0,dlss_rr_level2,1,motion_resolution,level0,dlss_rr,level2,5.1667
j3,bistro_exterior,motion_noise_level2,noise_colors_level1,0,motion_noise,level2,noise_colors,level1,5.3507
j3,landscape,restir_level0,dlss_rr_level0,1,restir,level0,dlss_rr,level0,5.2007
j3,subway,noise_colors_level0,motion_resolution_level0,1,noise_colors,level0,motion_resolution,level0,5.9210
j3,attic,noise_colors_level2,restir_level1,1,noise_colors,level2,restir,level1,4.6000
j3,pink_room,noise_colors_level2,dlss_rr_level2,1,noise_colors,level2,dlss_rr,level2,7.3292
j3,pink_room,motion_noise_level0,stutter_level1,1,motion_noise,level0,stutter,level1,9.3334
j3,subway,noise_colors_level1,stutter_level0,0,noise_colors,level1,stutter,level0,3.8338
j3,subway,temporal-resolution-multiplexing_level2,motion_noise_level1,0,temporal-resolution-multiplexing,level2,motion_noise,level1,6.0167
j3,pink_room,motion_noise_level0,motion_noise_level1,1,motion_noise,level0,motion_noise,level1,6.2792
j3,pink_room,duration_flicker_level2,stutter_level2,1,duration_flicker,level2,stutter,level2,5.3133
j3,subway,restir_level2,motion_resolution_level2,0,restir,level2,motion_resolution,level2,5.2632
j3,subway,dlss_rr_level0,restir_level2,1,dlss_rr,level0,restir,level2,4.1339
j3,attic,noise_colors_level2,restir_level0,0,noise_colors,level2,restir,level0,4.8500
j3,subway,stutter_level2,restir_level1,1,stutter,level2,restir,level1,5.6128
j3,attic,noise_colors_level2,dlss_rr_level2,1,noise_colors,level2,dlss_rr,level2,4.6043
j3,attic,motion_noise_level1,temporal-resolution-multiplexing_level0,1,motion_noise,level1,temporal-resolution-multiplexing,level0,9.2085
j3,pink_room,restir_level2,stutter_level0,0,restir,level2,stutter,level0,5.4340
j3,pink_room,duration_flicker_level2,motion_resolution_level1,1,duration_flicker,level2,motion_resolution,level1,6.1634
j3,attic,temporal-resolution-multiplexing_level2,restir_level0,0,temporal-resolution-multiplexing,level2,restir,level0,4.3125
j3,pink_room,dlss_rr_level0,duration_flicker_level2,0,dlss_rr,level0,duration_flicker,level2,6.2417
j3,pink_room,stutter_level0,motion_resolution_level0,1,stutter,level0,motion_resolution,level0,4.6750
j3,pink_room,dlss_rr_level2,stutter_level0,0,dlss_rr,level2,stutter,level0,5.0375
k,bistro_interior,restir_level2,dlss_rr_level1,0,restir,level2,dlss_rr,level1,3.1674
k,bistro_exterior,temporal-resolution-multiplexing_level2,motion_resolution_level2,1,temporal-resolution-multiplexing,level2,motion_resolution,level2,1.8334
k,zeroday,judder_level0,dlss_rr_level0,0,judder,level0,dlss_rr,level0,19.2376
k,attic,dlss_rr_level0,noise_colors_level2,1,dlss_rr,level0,noise_colors,level2,2.7459
k,marbles,duration_flicker_level1,temporal-resolution-multiplexing_level2,0,duration_flicker,level1,temporal-resolution-multiplexing,level2,3.6751
k,classroom,duration_flicker_level2,motion_resolution_level2,0,duration_flicker,level2,motion_resolution,level2,1.7502
k,bistro_exterior,motion_resolution_level0,dlss_rr_level2,0,motion_resolution,level0,dlss_rr,level2,3.3545
k,subway,restir_level2,restir_level0,0,restir,level2,restir,level0,1.0543
k,classroom,motion_noise_level0,stutter_level2,0,motion_noise,level0,stutter,level2,14.1810
k,bistro_exterior,reference,motion_noise_level0,0,reference,reference,motion_noise,level0,20.4610
k,attic,motion_noise_level0,reference,0,motion_noise,level0,reference,reference,7.9346
k,bistro_interior,judder_level2,stutter_level2,1,judder,level2,stutter,level2,1.9587
k,landscape,temporal-resolution-multiplexing_level1,judder_level1,0,temporal-resolution-multiplexing,level1,judder,level1,8.3167
k,pink_room,restir_level2,duration_flicker_level1,1,restir,level2,duration_flicker,level1,7.3875
k,subway,judder_level2,restir_level1,1,judder,level2,restir,level1,9.5792
k,landscape,judder_level1,noise_colors_level2,0,judder,level1,noise_colors,level2,10.1215
k,bistro_interior,duration_flicker_level2,stutter_level0,0,duration_flicker,level2,stutter,level0,10.8305
k,marbles,duration_flicker_level2,duration_flicker_level0,0,duration_flicker,level2,duration_flicker,level0,12.6417
k,zeroday,motion_resolution_level1,motion_resolution_level2,1,motion_resolution,level1,motion_resolution,level2,6.4875
k,bistro_exterior,stutter_level1,noise_colors_level1,0,stutter,level1,noise_colors,level1,16.5438
k,zeroday,duration_flicker_level0,judder_level2,0,duration_flicker,level0,judder,level2,11.4792
k,attic,noise_colors_level2,dlss_rr_level1,0,noise_colors,level2,dlss_rr,level1,7.3167
k,landscape,duration_flicker_level1,temporal-resolution-multiplexing_level2,0,duration_flicker,level1,temporal-resolution-multiplexing,level2,2.8334
k,bistro_interior,motion_resolution_level1,judder_level2,0,motion_resolution,level1,judder,level2,1.5292
k,marbles,judder_level2,dlss_rr_level0,0,judder,level2,dlss_rr,level0,17.0963
k,attic,temporal-resolution-multiplexing_level0,noise_colors_level0,1,temporal-resolution-multiplexing,level0,noise_colors,level0,8.9922
k,classroom,judder_level2,dlss_rr_level0,1,judder,level2,dlss_rr,level0,12.2641
k,zeroday,dlss_rr_level2,dlss_rr_level1,0,dlss_rr,level2,dlss_rr,level1,29.3908
k,landscape,dlss_rr_level2,duration_flicker_level1,1,dlss_rr,level2,duration_flicker,level1,3.0459
k,attic,temporal-resolution-multiplexing_level2,motion_resolution_level2,0,temporal-resolution-multiplexing,level2,motion_resolution,level2,3.3796
k,zeroday,stutter_level0,duration_flicker_level0,0,stutter,level0,duration_flicker,level0,10.9133
k,landscape,temporal-resolution-multiplexing_level0,noise_colors_level2,1,temporal-resolution-multiplexing,level0,noise_colors,level2,16.1551
k,pink_room,restir_level1,temporal-resolution-multiplexing_level1,1,restir,level1,temporal-resolution-multiplexing,level1,4.2667
k,landscape,duration_flicker_level2,motion_resolution_level1,0,duration_flicker,level2,motion_resolution,level1,1.3917
k,subway,motion_resolution_level1,stutter_level0,0,motion_resolution,level1,stutter,level0,7.6500
k,marbles,dlss_rr_level1,temporal-resolution-multiplexing_level1,1,dlss_rr,level1,temporal-resolution-multiplexing,level1,25.1157
k,marbles,stutter_level1,restir_level1,0,stutter,level1,restir,level1,8.2052
k,subway,motion_resolution_level1,duration_flicker_level1,1,motion_resolution,level1,duration_flicker,level1,3.4417
k,bistro_interior,motion_noise_level0,temporal-resolution-multiplexing_level0,0,motion_noise,level0,temporal-resolution-multiplexing,level0,2.5500
k,subway,judder_level2,dlss_rr_level2,1,judder,level2,dlss_rr,level2,13.6886
k,bistro_interior,motion_resolution_level1,motion_resolution_level2,1,motion_resolution,level1,motion_resolution,level2,1.2212
k,attic,motion_resolution_level0,duration_flicker_level0,0,motion_resolution,level0,duration_flicker,level0,12.7167
k,classroom,stutter_level0,motion_noise_level0,1,stutter,level0,motion_noise,level0,12.0334
k,marbles,reference,motion_noise_level0,0,reference,reference,motion_noise,level0,12.6500
k,bistro_exterior,duration_flicker_level2,duration_flicker_level1,0,duration_flicker,level2,duration_flicker,level1,4.4125
k,landscape,motion_noise_level1,judder_level1,0,motion_noise,level1,judder,level1,12.5667
k,bistro_exterior,temporal-resolution-multiplexing_level1,dlss_rr_level0,1,temporal-resolution-multiplexing,level1,dlss_rr,level0,15.4600
k,bistro_interior,judder_level1,duration_flicker_level0,1,judder,level1,duration_flicker,level0,8.2125
k,landscape,motion_resolution_level0,restir_level2,0,motion_resolution,level0,restir,level2,7.2500
k,marbles,motion_noise_level2,duration_flicker_level0,0,motion_noise,level2,duration_flicker,level0,30.5334
k,landscape,judder_level1,noise_colors_level1,0,judder,level1,noise_colors,level1,6.9667
k,bistro_interior,duration_flicker_level1,restir_level0,1,duration_flicker,level1,restir,level0,1.3042
k,subway,temporal-resolution-multiplexing_level2,temporal-resolution-multiplexing_level1,0,temporal-resolution-multiplexing,level2,temporal-resolution-multiplexing,level1,2.1208
k,attic,motion_resolution_level1,noise_colors_level2,0,motion_resolution,level1,noise_colors,level2,1.6959
k,attic,dlss_rr_level1,dlss_rr_level2,1,dlss_rr,level1,dlss_rr,level2,3.6584
k,bistro_interior,motion_noise_level1,noise_colors_level1,0,motion_noise,level1,noise_colors,level1,2.6500
k,classroom,motion_noise_level2,temporal-resolution-multiplexing_level2,0,motion_noise,level2,temporal-resolution-multiplexing,level2,8.0960
k,bistro_exterior,motion_noise_level2,noise_colors_level2,1,motion_noise,level2,noise_colors,level2,3.0001
k,bistro_interior,noise_colors_level0,reference,0,noise_colors,level0,reference,reference,5.1167
k,bistro_interior,restir_level0,judder_level0,0,restir,level0,judder,level0,1.9921
k,attic,restir_level2,temporal-resolution-multiplexing_level2,0,restir,level2,temporal-resolution-multiplexing,level2,1.9253
k,pink_room,motion_noise_level0,temporal-resolution-multiplexing_level0,0,motion_noise,level0,temporal-resolution-multiplexing,level0,5.4126
k,bistro_interior,duration_flicker_level1,motion_noise_level1,1,duration_flicker,level1,motion_noise,level1,1.8502
k,marbles,dlss_rr_level1,dlss_rr_level0,1,dlss_rr,level1,dlss_rr,level0,19.0275
k,subway,noise_colors_level0,reference,0,noise_colors,level0,reference,reference,49.0897
k,zeroday,duration_flicker_level2,dlss_rr_level2,0,duration_flicker,level2,dlss_rr,level2,23.7042
k,classroom,motion_noise_level0,dlss_rr_level0,0,motion_noise,level0,dlss_rr,level0,23.8112
k,marbles,dlss_rr_level0,duration_flicker_level0,1,dlss_rr,level0,duration_flicker,level0,12.6385
k,zeroday,stutter_level0,stutter_level1,0,stutter,level0,stutter,level1,7.0584
k,bistro_interior,noise_colors_level0,judder_level1,1,noise_colors,level0,judder,level1,2.3002
k,subway,noise_colors_level0,stutter_level0,0,noise_colors,level0,stutter,level0,16.2084
k,attic,duration_flicker_level2,noise_colors_level2,1,duration_flicker,level2,noise_colors,level2,8.0253
k,classroom,duration_flicker_level2,motion_resolution_level1,0,duration_flicker,level2,motion_resolution,level1,1.2250
k,bistro_interior,temporal-resolution-multiplexing_level0,reference,0,temporal-resolution-multiplexing,level0,reference,reference,5.1667
k,subway,stutter_level1,temporal-resolution-multiplexing_level0,0,stutter,level1,temporal-resolution-multiplexing,level0,8.4802
k,subway,motion_resolution_level2,judder_level2,0,motion_resolution,level2,judder,level2,1.9959
k,pink_room,restir_level1,motion_resolution_level0,1,restir,level1,motion_resolution,level0,6.1417
k,zeroday,dlss_rr_level2,restir_level0,0,dlss_rr,level2,restir,level0,27.9440
k,bistro_interior,motion_noise_level2,restir_level1,1,motion_noise,level2,restir,level1,1.1792
k,pink_room,judder_level1,restir_level0,0,judder,level1,restir,level0,6.7000
k,subway,judder_level2,motion_noise_level2,1,judder,level2,motion_noise,level2,0.8292
k,zeroday,temporal-resolution-multiplexing_level2,dlss_rr_level2,0,temporal-resolution-multiplexing,level2,dlss_rr,level2,1.2917
k,zeroday,noise_colors_level1,judder_level1,0,noise_colors,level1,judder,level1,11.2876
k,classroom,dlss_rr_level2,noise_colors_level2,1,dlss_rr,level2,noise_colors,level2,1.8709
k,marbles,temporal-resolution-multiplexing_level0,stutter_level0,0,temporal-resolution-multiplexing,level0,stutter,level0,10.9673
k,subway,noise_colors_level1,motion_noise_level1,1,noise_colors,level1,motion_noise,level1,1.1542
k,pink_room,duration_flicker_level1,dlss_rr_level1,1,duration_flicker,level1,dlss_rr,level1,1.5792
k,pink_room,judder_level0,motion_resolution_level0,1,judder,level0,motion_resolution,level0,1.4375
k,bistro_interior,temporal-resolution-multiplexing_level1,motion_noise_level1,1,temporal-resolution-multiplexing,level1,motion_noise,level1,1.1668
k,pink_room,judder_level2,motion_resolution_level0,1,judder,level2,motion_resolution,level0,1.1459
k,bistro_interior,dlss_rr_level0,motion_noise_level2,1,dlss_rr,level0,motion_noise,level2,1.1542
k,attic,noise_colors_level2,temporal-resolution-multiplexing_level1,0,noise_colors,level2,temporal-resolution-multiplexing,level1,2.1334
k,attic,duration_flicker_level1,stutter_level1,1,duration_flicker,level1,stutter,level1,12.5350
k,bistro_exterior,motion_noise_level0,stutter_level1,0,motion_noise,level0,stutter,level1,2.0543
k,classroom,noise_colors_level0,reference,1,noise_colors,level0,reference,reference,4.7417
k,marbles,duration_flicker_level2,restir_level2,0,duration_flicker,level2,restir,level2,6.9917
k,zeroday,noise_colors_level0,reference,1,noise_colors,level0,reference,reference,5.0459
k,zeroday,temporal-resolution-multiplexing_level1,noise_colors_level1,0,temporal-resolution-multiplexing,level1,noise_colors,level1,1.2625
k,bistro_exterior,noise_colors_level1,restir_level1,1,noise_colors,level1,restir,level1,2.0084
k,attic,stutter_level0,noise_colors_level1,1,stutter,level0,noise_colors,level1,11.1810
k,zeroday,restir_level1,dlss_rr_level1,0,restir,level1,dlss_rr,level1,5.6084
k,subway,stutter_level2,noise_colors_level1,1,stutter,level2,noise_colors,level1,5.2751
k,bistro_exterior,stutter_level2,dlss_rr_level2,1,stutter,level2,dlss_rr,level2,3.1793
k,zeroday,dlss_rr_level2,judder_level0,0,dlss_rr,level2,judder,level0,21.5818
k,bistro_exterior,duration_flicker_level2,stutter_level2,0,duration_flicker,level2,stutter,level2,1.8462
k,pink_room,motion_noise_level2,motion_resolution_level0,1,motion_noise,level2,motion_resolution,level0,4.1834
k,classroom,stutter_level2,motion_noise_level2,1,stutter,level2,motion_noise,level2,3.9376
k,pink_room,duration_flicker_level1,dlss_rr_level0,0,duration_flicker,level1,dlss_rr,level0,2.0292
k,pink_room,temporal-resolution-multiplexing_level2,motion_resolution_level1,1,temporal-resolution-multiplexing,level2,motion_resolution,level1,2.6584
k,bistro_exterior,judder_level0,temporal-resolution-multiplexing_level1,0,judder,level0,temporal-resolution-multiplexing,level1,11.7875
k,bistro_exterior,duration_flicker_level0,judder_level0,0,duration_flicker,level0,judder,level0,2.6584
k,pink_room,stutter_level2,duration_flicker_level1,1,stutter,level2,duration_flicker,level1,2.3000
k,subway,restir_level0,motion_resolution_level2,0,restir,level0,motion_resolution,level2,1.1459
k,zeroday,restir_level2,motion_resolution_level1,0,restir,level2,motion_resolution,level1,0.8583
k,subway,judder_level2,temporal-resolution-multiplexing_level2,1,judder,level2,temporal-resolution-multiplexing,level2,2.2710
k,bistro_exterior,judder_level1,duration_flicker_level0,1,judder,level1,duration_flicker,level0,1.1959
k,attic,stutter_level1,judder_level1,0,stutter,level1,judder,level1,14.2668
k,classroom,restir_level1,stutter_level2,0,restir,level1,stutter,level2,1.3042
k,classroom,dlss_rr_level1,duration_flicker_level0,1,dlss_rr,level1,duration_flicker,level0,6.1584
k,zeroday,dlss_rr_level2,motion_resolution_level0,1,dlss_rr,level2,motion_resolution,level0,20.4180
k,landscape,dlss_rr_level0,motion_noise_level2,0,dlss_rr,level0,motion_noise,level2,5.2125
k,bistro_interior,noise_colors_level1,stutter_level1,0,noise_colors,level1,stutter,level1,1.7710
k,landscape,noise_colors_level2,motion_noise_level2,0,noise_colors,level2,motion_noise,level2,6.9000
k,subway,dlss_rr_level0,motion_noise_level2,1,dlss_rr,level0,motion_noise,level2,1.0584
k,attic,stutter_level0,judder_level0,0,stutter,level0,judder,level0,9.6504
k,bistro_exterior,temporal-resolution-multiplexing_level1,motion_noise_level2,1,temporal-resolution-multiplexing,level1,motion_noise,level2,1.6584
k,bistro_interior,restir_level2,motion_resolution_level0,0,restir,level2,motion_resolution,level0,3.9875
k,bistro_interior,motion_noise_level2,temporal-resolution-multiplexing_level2,0,motion_noise,level2,temporal-resolution-multiplexing,level2,7.7470
k,classroom,duration_flicker_level0,motion_resolution_level0,1,duration_flicker,level0,motion_resolution,level0,5.6167
k,pink_room,duration_flicker_level0,noise_colors_level1,0,duration_flicker,level0,noise_colors,level1,2.9250
k,bistro_interior,noise_colors_level2,duration_flicker_level2,0,noise_colors,level2,duration_flicker,level2,1.0462
k,bistro_exterior,noise_colors_level1,noise_colors_level0,0,noise_colors,level1,noise_colors,level0,5.5459
k,landscape,dlss_rr_level1,motion_resolution_level1,0,dlss_rr,level1,motion_resolution,level1,1.6167
k,bistro_interior,motion_noise_level1,duration_flicker_level2,0,motion_noise,level1,duration_flicker,level2,1.2667
k,bistro_exterior,duration_flicker_level0,noise_colors_level1,0,duration_flicker,level0,noise_colors,level1,8.1209
k,marbles,motion_resolution_level1,motion_resolution_level2,0,motion_resolution,level1,motion_resolution,level2,1.5459
k,attic,stutter_level2,temporal-resolution-multiplexing_level1,1,stutter,level2,temporal-resolution-multiplexing,level1,11.2000
k,pink_room,noise_colors_level1,noise_colors_level2,0,noise_colors,level1,noise_colors,level2,6.5500
k,pink_room,motion_resolution_level2,motion_resolution_level1,0,motion_resolution,level2,motion_resolution,level1,1.0001
k,subway,motion_noise_level1,noise_colors_level2,1,motion_noise,level1,noise_colors,level2,2.1417
k,pink_room,motion_resolution_level1,duration_flicker_level1,0,motion_resolution,level1,duration_flicker,level1,1.0917
k,attic,restir_level0,duration_flicker_level0,0,restir,level0,duration_flicker,level0,12.2125
k,attic,noise_colors_level0,motion_noise_level1,0,noise_colors,level0,motion_noise,level1,8.7427
k,bistro_exterior,duration_flicker_level1,restir_level2,1,duration_flicker,level1,restir,level2,1.4002
k,landscape,temporal-resolution-multiplexing_level2,judder_level0,0,temporal-resolution-multiplexing,level2,judder,level0,4.5501
k,attic,stutter_level1,stutter_level0,1,stutter,level1,stutter,level0,15.8751
k,bistro_interior,motion_noise_level1,duration_flicker_level0,0,motion_noise,level1,duration_flicker,level0,1.5333
k,subway,duration_flicker_level2,noise_colors_level1,0,duration_flicker,level2,noise_colors,level1,1.4209
k,classroom,noise_colors_level1,motion_noise_level2,1,noise_colors,level1,motion_noise,level2,4.4209
k,marbles,stutter_level0,judder_level0,0,stutter,level0,judder,level0,12.5168
k,pink_room,temporal-resolution-multiplexing_level0,motion_noise_level1,1,temporal-resolution-multiplexing,level0,motion_noise,level1,7.3875
k,classroom,temporal-resolution-multiplexing_level2,motion_resolution_level1,1,temporal-resolution-multiplexing,level2,motion_resolution,level1,5.2756
k,landscape,duration_flicker_level2,temporal-resolution-multiplexing_level2,0,duration_flicker,level2,temporal-resolution-multiplexing,level2,1.9542
k,marbles,dlss_rr_level0,restir_level1,0,dlss_rr,level0,restir,level1,5.3125
k,subway,noise_colors_level1,motion_noise_level0,1,noise_colors,level1,motion_noise,level0,4.2709
k,subway,judder_level1,duration_flicker_level0,1,judder,level1,duration_flicker,level0,9.0552
k,pink_room,temporal-resolution-multiplexing_level0,reference,1,temporal-resolution-multiplexing,level0,reference,reference,11.6334
k,subway,motion_resolution_level1,noise_colors_level1,1,motion_resolution,level1,noise_colors,level1,9.0834
k,marbles,motion_noise_level2,duration_flicker_level1,1,motion_noise,level2,duration_flicker,level1,3.3085
k,classroom,dlss_rr_level1,motion_noise_level0,1,dlss_rr,level1,motion_noise,level0,4.4715
k,attic,motion_noise_level0,noise_colors_level0,0,motion_noise,level0,noise_colors,level0,2.9000
k,subway,motion_noise_level2,dlss_rr_level1,0,motion_noise,level2,dlss_rr,level1,1.4334
k,subway,motion_resolution_level0,duration_flicker_level2,1,motion_resolution,level0,duration_flicker,level2,3.6750
k,bistro_interior,dlss_rr_level2,judder_level2,0,dlss_rr,level2,judder,level2,1.7542
k,attic,restir_level1,noise_colors_level2,1,restir,level1,noise_colors,level2,7.4459
k,classroom,temporal-resolution-multiplexing_level0,motion_noise_level0,1,temporal-resolution-multiplexing,level0,motion_noise,level0,5.9884
k,pink_room,motion_resolution_level0,stutter_level1,0,motion_resolution,level0,stutter,level1,5.8000
k,landscape,motion_resolution_level0,temporal-resolution-multiplexing_level2,0,motion_resolution,level0,temporal-resolution-multiplexing,level2,6.7209
k,subway,noise_colors_level0,temporal-resolution-multiplexing_level0,1,noise_colors,level0,temporal-resolution-multiplexing,level0,4.3584
k,classroom,dlss_rr_level0,judder_level0,0,dlss_rr,level0,judder,level0,12.3875
k,classroom,judder_level1,dlss_rr_level0,1,judder,level1,dlss_rr,level0,4.5505
k,bistro_exterior,motion_noise_level1,duration_flicker_level0,0,motion_noise,level1,duration_flicker,level0,2.7464
k,zeroday,reference,motion_noise_level0,1,reference,reference,motion_noise,level0,6.5875
k,bistro_interior,judder_level0,dlss_rr_level2,1,judder,level0,dlss_rr,level2,1.1419
k,marbles,motion_resolution_level1,duration_flicker_level2,0,motion_resolution,level1,duration_flicker,level2,1.3086
k,marbles,stutter_level0,restir_level0,1,stutter,level0,restir,level0,4.9376
k,zeroday,dlss_rr_level2,noise_colors_level1,0,dlss_rr,level2,noise_colors,level1,2.9334
k,marbles,temporal-resolution-multiplexing_level0,motion_noise_level1,1,temporal-resolution-multiplexing,level0,motion_noise,level1,1.0750
k,marbles,noise_colors_level1,judder_level2,0,noise_colors,level1,judder,level2,5.5875
k,subway,duration_flicker_level0,motion_resolution_level0,1,duration_flicker,level0,motion_resolution,level0,1.5625
k,pink_room,motion_resolution_level0,judder_level1,0,motion_resolution,level0,judder,level1,0.9500
k,bistro_interior,motion_noise_level2,restir_level0,1,motion_noise,level2,restir,level0,10.9542
k,subway,motion_noise_level2,motion_resolution_level1,0,motion_noise,level2,motion_resolution,level1,2.4125
k,zeroday,motion_noise_level1,noise_colors_level0,1,motion_noise,level1,noise_colors,level0,27.4709
k,subway,stutter_level2,judder_level0,0,stutter,level2,judder,level0,7.2250
k,marbles,dlss_rr_level2,duration_flicker_level2,1,dlss_rr,level2,duration_flicker,level2,2.3625
k,bistro_exterior,stutter_level0,temporal-resolution-multiplexing_level0,0,stutter,level0,temporal-resolution-multiplexing,level0,1.4168
k,classroom,dlss_rr_level2,temporal-resolution-multiplexing_level2,1,dlss_rr,level2,temporal-resolution-multiplexing,level2,1.7834
k,pink_room,stutter_level0,judder_level0,1,stutter,level0,judder,level0,1.6792
k,classroom,duration_flicker_level1,restir_level1,0,duration_flicker,level1,restir,level1,1.5375
k,zeroday,motion_noise_level2,dlss_rr_level2,1,motion_noise,level2,dlss_rr,level2,5.0709
k,landscape,temporal-resolution-multiplexing_level2,stutter_level1,0,temporal-resolution-multiplexing,level2,stutter,level1,1.4042
k,bistro_exterior,stutter_level1,stutter_level0,1,stutter,level1,stutter,level0,2.8875
k,classroom,temporal-resolution-multiplexing_level1,stutter_level2,0,temporal-resolution-multiplexing,level1,stutter,level2,2.7917
k,marbles,dlss_rr_level1,temporal-resolution-multiplexing_level0,1,dlss_rr,level1,temporal-resolution-multiplexing,level0,4.1005
k,attic,noise_colors_level2,restir_level0,0,noise_colors,level2,restir,level0,3.4463
k,landscape,judder_level2,temporal-resolution-multiplexing_level2,0,judder,level2,temporal-resolution-multiplexing,level2,12.3417
k,bistro_interior,dlss_rr_level2,restir_level2,1,dlss_rr,level2,restir,level2,1.5628
k,classroom,restir_level0,motion_noise_level0,0,restir,level0,motion_noise,level0,5.5500
k,zeroday,judder_level1,noise_colors_level0,1,judder,level1,noise_colors,level0,1.7459
k,zeroday,dlss_rr_level2,duration_flicker_level1,0,dlss_rr,level2,duration_flicker,level1,3.1667
k,marbles,noise_colors_level2,restir_level2,1,noise_colors,level2,restir,level2,2.0421
k,bistro_exterior,duration_flicker_level1,judder_level2,1,duration_flicker,level1,judder,level2,1.5378
k,bistro_exterior,duration_flicker_level1,temporal-resolution-multiplexing_level1,1,duration_flicker,level1,temporal-resolution-multiplexing,level1,1.2917
k,pink_room,restir_level0,temporal-resolution-multiplexing_level0,0,restir,level0,temporal-resolution-multiplexing,level0,6.4591
k,landscape,reference,restir_level1,1,reference,reference,restir,level1,5.0584
k,zeroday,duration_flicker_level0,stutter_level2,1,duration_flicker,level0,stutter,level2,9.4084
k,marbles,stutter_level2,noise_colors_level1,1,stutter,level2,noise_colors,level1,5.3504
k,marbles,duration_flicker_level0,motion_resolution_level0,0,duration_flicker,level0,motion_resolution,level0,2.5834
k,classroom,restir_level2,motion_resolution_level1,0,restir,level2,motion_resolution,level1,1.4711
k,bistro_exterior,dlss_rr_level1,temporal-resolution-multiplexing_level1,0,dlss_rr,level1,temporal-resolution-multiplexing,level1,2.3545
k,landscape,judder_level1,restir_level0,0,judder,level1,restir,level0,1.5625
k,classroom,dlss_rr_level0,noise_colors_level0,0,dlss_rr,level0,noise_colors,level0,1.8042
k,pink_room,motion_resolution_level1,dlss_rr_level2,0,motion_resolution,level1,dlss_rr,level2,1.7667
k,bistro_exterior,dlss_rr_level2,motion_resolution_level2,1,dlss_rr,level2,motion_resolution,level2,1.2042
k,attic,stutter_level0,noise_colors_level0,0,stutter,level0,noise_colors,level0,4.3504
k,landscape,duration_flicker_level0,temporal-resolution-multiplexing_level2,1,duration_flicker,level0,temporal-resolution-multiplexing,level2,0.9500
k,bistro_exterior,restir_level0,restir_level1,1,restir,level0,restir,level1,1.6000
k,zeroday,stutter_level2,judder_level1,0,stutter,level2,judder,level1,11.7875
k,classroom,motion_noise_level1,motion_noise_level2,0,motion_noise,level1,motion_noise,level2,1.4292
k,pink_room,noise_colors_level1,duration_flicker_level2,1,noise_colors,level1,duration_flicker,level2,2.1959
k,pink_room,noise_colors_level2,duration_flicker_level1,1,noise_colors,level2,duration_flicker,level1,2.2377
k,bistro_exterior,motion_resolution_level2,motion_resolution_level1,1,motion_resolution,level2,motion_resolution,level1,0.9001
k,marbles,motion_noise_level1,noise_colors_level0,1,motion_noise,level1,noise_colors,level0,5.3167
k,landscape,temporal-resolution-multiplexing_level0,motion_noise_level0,0,temporal-resolution-multiplexing,level0,motion_noise,level0,1.8667
k,marbles,restir_level0,reference,1,restir,level0,reference,reference,2.4001
k,classroom,stutter_level1,dlss_rr_level0,0,stutter,level1,dlss_rr,level0,3.9003
k,attic,judder_level2,stutter_level0,0,judder,level2,stutter,level0,6.0883
k,landscape,dlss_rr_level0,stutter_level0,1,dlss_rr,level0,stutter,level0,2.9375
k,landscape,stutter_level2,duration_flicker_level1,1,stutter,level2,duration_flicker,level1,2.0167
k,marbles,judder_level1,reference,1,judder,level1,reference,reference,6.0042
k,pink_room,motion_resolution_level0,noise_colors_level0,0,motion_resolution,level0,noise_colors,level0,3.4917
k,zeroday,judder_level1,temporal-resolution-multiplexing_level0,1,judder,level1,temporal-resolution-multiplexing,level0,6.6042
k,pink_room,noise_colors_level1,motion_resolution_level0,1,noise_colors,level1,motion_resolution,level0,1.4584
k,zeroday,duration_flicker_level0,noise_colors_level2,0,duration_flicker,level0,noise_colors,level2,6.1459
k,landscape,dlss_rr_level0,judder_level0,1,dlss_rr,level0,judder,level0,3.0875
k,landscape,restir_level1,temporal-resolution-multiplexing_level0,1,restir,level1,temporal-resolution-multiplexing,level0,2.4334
k,attic,noise_colors_level2,duration_flicker_level1,0,noise_colors,level2,duration_flicker,level1,1.6751
k,zeroday,motion_resolution_level0,restir_level2,1,motion_resolution,level0,restir,level2,1.4792
k,attic,dlss_rr_level0,restir_level2,1,dlss_rr,level0,restir,level2,1.5334
k,landscape,dlss_rr_level2,motion_resolution_level2,1,dlss_rr,level2,motion_resolution,level2,1.9959
k,landscape,temporal-resolution-multiplexing_level0,noise_colors_level0,1,temporal-resolution-multiplexing,level0,noise_colors,level0,2.3334
k,attic,stutter_level0,motion_noise_level2,0,stutter,level0,motion_noise,level2,2.1375
kk3,subway,noise_colors_level0,motion_resolution_level0,0,noise_colors,level0,motion_resolution,level0,29.4290
kk3,bistro_exterior,motion_noise_level0,temporal-resolution-multiplexing_level0,0,motion_noise,level0,temporal-resolution-multiplexing,level0,32.8746
kk3,marbles,motion_resolution_level0,stutter_level2,0,motion_resolution,level0,stutter,level2,26.6868
kk3,bistro_exterior,reference,noise_colors_level1,0,reference,reference,noise_colors,level1,17.5554
kk3,marbles,motion_noise_level0,motion_noise_level2,0,motion_noise,level0,motion_noise,level2,25.8303
kk3,subway,duration_flicker_level0,dlss_rr_level1,1,duration_flicker,level0,dlss_rr,level1,51.0228
kk3,attic,dlss_rr_level2,restir_level1,0,dlss_rr,level2,restir,level1,18.7882
kk3,subway,duration_flicker_level2,motion_resolution_level2,1,duration_flicker,level2,motion_resolution,level2,2.0626
kk3,landscape,motion_resolution_level1,dlss_rr_level2,0,motion_resolution,level1,dlss_rr,level2,6.8209
kk3,marbles,noise_colors_level1,duration_flicker_level2,0,noise_colors,level1,duration_flicker,level2,46.3235
kk3,zeroday,judder_level2,dlss_rr_level1,1,judder,level2,dlss_rr,level1,53.9029
kk3,attic,motion_resolution_level2,temporal-resolution-multiplexing_level2,0,motion_resolution,level2,temporal-resolution-multiplexing,level2,6.8667
kk3,bistro_interior,restir_level2,dlss_rr_level2,0,restir,level2,dlss_rr,level2,3.2625
kk3,subway,judder_level0,temporal-resolution-multiplexing_level0,1,judder,level0,temporal-resolution-multiplexing,level0,57.1564
kk3,marbles,restir_level1,restir_level0,1,restir,level1,restir,level0,33.1901
kk3,marbles,dlss_rr_level2,temporal-resolution-multiplexing_level2,0,dlss_rr,level2,temporal-resolution-multiplexing,level2,28.8014
kk3,subway,dlss_rr_level2,restir_level0,1,dlss_rr,level2,restir,level0,6.9500
kk3,attic,noise_colors_level0,reference,0,noise_colors,level0,reference,reference,77.9056
kk3,bistro_interior,stutter_level1,judder_level0,1,stutter,level1,judder,level0,22.4751
kk3,pink_room,motion_resolution_level1,dlss_rr_level1,0,motion_resolution,level1,dlss_rr,level1,6.7834
kk3,pink_room,motion_noise_level0,stutter_level0,0,motion_noise,level0,stutter,level0,11.9973
kk3,subway,temporal-resolution-multiplexing_level2,dlss_rr_level2,0,temporal-resolution-multiplexing,level2,dlss_rr,level2,9.1417
kk3,landscape,motion_noise_level2,judder_level0,1,motion_noise,level2,judder,level0,63.4535
kk3,marbles,dlss_rr_level2,noise_colors_level2,1,dlss_rr,level2,noise_colors,level2,4.2504
kk3,attic,restir_level0,stutter_level0,0,restir,level0,stutter,level0,74.1969
kk3,landscape,duration_flicker_level1,duration_flicker_level0,0,duration_flicker,level1,duration_flicker,level0,7.7876
kk3,subway,noise_colors_level2,restir_level0,1,noise_colors,level2,restir,level0,10.2959
kk3,bistro_interior,duration_flicker_level0,stutter_level0,0,duration_flicker,level0,stutter,level0,32.9428
kk3,subway,dlss_rr_level1,dlss_rr_level0,0,dlss_rr,level1,dlss_rr,level0,58.4011
kk3,pink_room,judder_level2,noise_colors_level1,0,judder,level2,noise_colors,level1,36.6087
kk3,attic,dlss_rr_level0,duration_flicker_level1,1,dlss_rr,level0,duration_flicker,level1,22.6222
kk3,subway,motion_noise_level1,motion_resolution_level2,1,motion_noise,level1,motion_resolution,level2,1.9125
kk3,bistro_exterior,temporal-resolution-multiplexing_level0,judder_level1,1,temporal-resolution-multiplexing,level0,judder,level1,13.5334
kk3,bistro_exterior,duration_flicker_level1,motion_noise_level1,0,duration_flicker,level1,motion_noise,level1,15.2924
kk3,marbles,restir_level0,motion_noise_level0,0,restir,level0,motion_noise,level0,18.4182
kk3,bistro_interior,duration_flicker_level1,judder_level0,0,duration_flicker,level1,judder,level0,11.9459
kk3,classroom,judder_level2,judder_level1,1,judder,level2,judder,level1,26.9157
kk3,subway,dlss_rr_level1,stutter_level2,1,dlss_rr,level1,stutter,level2,12.3334
kk3,classroom,restir_level1,dlss_rr_level2,0,restir,level1,dlss_rr,level2,43.4746
kk3,pink_room,noise_colors_level2,duration_flicker_level0,1,noise_colors,level2,duration_flicker,level0,12.4792
kk3,pink_room,judder_level2,motion_noise_level2,0,judder,level2,motion_noise,level2,36.4036
kk3,bistro_interior,temporal-resolution-multiplexing_level1,motion_noise_level0,0,temporal-resolution-multiplexing,level1,motion_noise,level0,66.6335
kk3,subway,motion_resolution_level1,motion_resolution_level0,0,motion_resolution,level1,motion_resolution,level0,41.9718
kk3,attic,restir_level0,judder_level2,0,restir,level0,judder,level2,28.1910
kk3,pink_room,duration_flicker_level0,restir_level2,0,duration_flicker,level0,restir,level2,3.2250
kk3,zeroday,temporal-resolution-multiplexing_level1,motion_noise_level1,1,temporal-resolution-multiplexing,level1,motion_noise,level1,23.7851
kk3,pink_room,temporal-resolution-multiplexing_level0,stutter_level1,1,temporal-resolution-multiplexing,level0,stutter,level1,16.4876
kk3,bistro_exterior,motion_resolution_level2,duration_flicker_level2,1,motion_resolution,level2,duration_flicker,level2,10.6757
kk3,attic,noise_colors_level1,judder_level0,0,noise_colors,level1,judder,level0,17.2593
kk3,attic,dlss_rr_level0,restir_level0,0,dlss_rr,level0,restir,level0,13.3011
kk3,bistro_exterior,judder_level0,stutter_level0,0,judder,level0,stutter,level0,27.1949
kk3,pink_room,motion_noise_level0,judder_level1,0,motion_noise,level0,judder,level1,3.2417
kk3,pink_room,motion_resolution_level1,dlss_rr_level2,0,motion_resolution,level1,dlss_rr,level2,4.1792
kk3,landscape,motion_resolution_level2,motion_resolution_level1,0,motion_resolution,level2,motion_resolution,level1,10.4292
kk3,landscape,restir_level0,temporal-resolution-multiplexing_level0,0,restir,level0,temporal-resolution-multiplexing,level0,7.1500
kk3,attic,reference,motion_noise_level0,0,reference,reference,motion_noise,level0,27.8522
kk3,marbles,stutter_level0,reference,0,stutter,level0,reference,reference,26.0424
kk3,subway,motion_resolution_level0,dlss_rr_level1,1,motion_resolution,level0,dlss_rr,level1,5.7042
kk3,landscape,motion_resolution_level0,duration_flicker_level1,0,motion_resolution,level0,duration_flicker,level1,4.5750
kk3,subway,duration_flicker_level1,motion_resolution_level0,1,duration_flicker,level1,motion_resolution,level0,6.7375
kk3,bistro_interior,judder_level0,duration_flicker_level2,1,judder,level0,duration_flicker,level2,3.2792
kk3,bistro_exterior,judder_level0,dlss_rr_level1,1,judder,level0,dlss_rr,level1,2.8084
kk3,classroom,temporal-resolution-multiplexing_level0,stutter_level0,0,temporal-resolution-multiplexing,level0,stutter,level0,30.1787
kk3,subway,dlss_rr_level1,motion_noise_level1,0,dlss_rr,level1,motion_noise,level1,4.0292
kk3,pink_room,motion_resolution_level1,temporal-resolution-multiplexing_level1,0,motion_resolution,level1,temporal-resolution-multiplexing,level1,6.1334
kk3,pink_room,judder_level2,motion_noise_level1,0,judder,level2,motion_noise,level1,32.1554
kk3,bistro_exterior,noise_colors_level2,temporal-resolution-multiplexing_level2,1,noise_colors,level2,temporal-resolution-multiplexing,level2,5.8923
kk3,attic,motion_resolution_level0,stutter_level1,0,motion_resolution,level0,stutter,level1,29.9830
kk3,zeroday,duration_flicker_level2,restir_level1,0,duration_flicker,level2,restir,level1,38.1125
kk3,pink_room,motion_resolution_level0,duration_flicker_level0,1,motion_resolution,level0,duration_flicker,level0,3.7292
kk3,zeroday,noise_colors_level0,judder_level1,1,noise_colors,level0,judder,level1,8.7590
kk3,pink_room,dlss_rr_level1,temporal-resolution-multiplexing_level2,0,dlss_rr,level1,temporal-resolution-multiplexing,level2,13.4500
kk3,classroom,reference,temporal-resolution-multiplexing_level0,0,reference,reference,temporal-resolution-multiplexing,level0,22.3896
kk3,subway,noise_colors_level1,motion_resolution_level0,1,noise_colors,level1,motion_resolution,level0,6.3334
kk3,marbles,restir_level1,duration_flicker_level0,1,restir,level1,duration_flicker,level0,18.2231
kk3,attic,stutter_level1,noise_colors_level1,0,stutter,level1,noise_colors,level1,24.6167
kk3,attic,dlss_rr_level2,restir_level2,0,dlss_rr,level2,restir,level2,16.1396
kk3,zeroday,restir_level0,dlss_rr_level1,0,restir,level0,dlss_rr,level1,27.4125
kk3,pink_room,judder_level2,restir_level0,0,judder,level2,restir,level0,36.2706
kk3,bistro_interior,dlss_rr_level0,dlss_rr_level1,1,dlss_rr,level0,dlss_rr,level1,7.5426
kk3,bistro_exterior,stutter_level1,judder_level2,1,stutter,level1,judder,level2,15.7343
kk3,subway,motion_resolution_level2,restir_level1,1,motion_resolution,level2,restir,level1,6.2713
kk3,zeroday,noise_colors_level0,temporal-resolution-multiplexing_level0,0,noise_colors,level0,temporal-resolution-multiplexing,level0,8.0138
kk3,pink_room,noise_colors_level0,stutter_level0,1,noise_colors,level0,stutter,level0,16.6501
kk3,bistro_exterior,dlss_rr_level0,judder_level2,0,dlss_rr,level0,judder,level2,12.4924
kk3,pink_room,duration_flicker_level1,dlss_rr_level1,0,duration_flicker,level1,dlss_rr,level1,2.6959
kk3,pink_room,motion_noise_level0,stutter_level1,0,motion_noise,level0,stutter,level1,9.1585
kk3,classroom,noise_colors_level1,temporal-resolution-multiplexing_level1,1,noise_colors,level1,temporal-resolution-multiplexing,level1,16.2016
kk3,zeroday,duration_flicker_level2,motion_resolution_level1,1,duration_flicker,level2,motion_resolution,level1,8.3876
kk3,landscape,dlss_rr_level0,noise_colors_level2,0,dlss_rr,level0,noise_colors,level2,15.0103
kk3,marbles,judder_level2,restir_level1,0,judder,level2,restir,level1,13.3935
kk3,attic,reference,temporal-resolution-multiplexing_level0,0,reference,reference,temporal-resolution-multiplexing,level0,32.3375
kk3,classroom,motion_resolution_level1,noise_colors_level2,0,motion_resolution,level1,noise_colors,level2,8.2584
kk3,bistro_interior,stutter_level0,motion_noise_level2,0,stutter,level0,motion_noise,level2,34.7070
kk3,marbles,restir_level1,temporal-resolution-multiplexing_level1,1,restir,level1,temporal-resolution-multiplexing,level1,35.2536
kk3,landscape,motion_noise_level1,restir_level0,0,motion_noise,level1,restir,level0,18.8750
kk3,attic,motion_noise_level1,judder_level1,1,motion_noise,level1,judder,level1,22.3920
kk3,zeroday,noise_colors_level2,dlss_rr_level1,1,noise_colors,level2,dlss_rr,level1,13.4209
kk3,attic,motion_noise_level2,noise_colors_level1,0,motion_noise,level2,noise_colors,level1,30.9988
kk3,zeroday,duration_flicker_level2,noise_colors_level1,0,duration_flicker,level2,noise_colors,level1,18.0632
kk3,marbles,duration_flicker_level0,noise_colors_level1,1,duration_flicker,level0,noise_colors,level1,21.0128
kk3,attic,temporal-resolution-multiplexing_level1,restir_level2,0,temporal-resolution-multiplexing,level1,restir,level2,19.9272
kk3,bistro_exterior,temporal-resolution-multiplexing_level2,duration_flicker_level2,0,temporal-resolution-multiplexing,level2,duration_flicker,level2,17.5647
kk3,zeroday,stutter_level1,judder_level1,0,stutter,level1,judder,level1,17.0084
kk3,classroom,dlss_rr_level1,dlss_rr_level0,1,dlss_rr,level1,dlss_rr,level0,15.8104
kk3,attic,reference,motion_noise_level1,1,reference,reference,motion_noise,level1,13.2432
ks2,zeroday,noise_colors_level2,noise_colors_level1,1,noise_colors,level2,noise_colors,level1,24.0992
ks2,pink_room,judder_level1,restir_level0,1,judder,level1,restir,level0,14.3834
ks2,attic,temporal-resolution-multiplexing_level1,restir_level2,1,temporal-resolution-multiplexing,level1,restir,level2,3.1376
ks2,bistro_exterior,temporal-resolution-multiplexing_level1,motion_noise_level2,0,temporal-resolution-multiplexing,level1,motion_noise,level2,7.8584
ks2,bistro_exterior,temporal-resolution-multiplexing_level0,reference,0,temporal-resolution-multiplexing,level0,reference,reference,7.1751
ks2,marbles,motion_noise_level1,temporal-resolution-multiplexing_level1,0,motion_noise,level1,temporal-resolution-multiplexing,level1,19.1525
ks2,zeroday,stutter_level1,restir_level0,0,stutter,level1,restir,level0,6.3042
ks2,attic,temporal-resolution-multiplexing_level1,duration_flicker_level2,0,temporal-resolution-multiplexing,level1,duration_flicker,level2,9.8135
ks2,marbles,restir_level0,temporal-resolution-multiplexing_level1,0,restir,level0,temporal-resolution-multiplexing,level1,16.5272
ks2,bistro_exterior,judder_level0,duration_flicker_level0,1,judder,level0,duration_flicker,level0,2.8542
ks2,pink_room,motion_resolution_level2,duration_flicker_level2,0,motion_resolution,level2,duration_flicker,level2,1.3709
ks2,classroom,duration_flicker_level0,motion_resolution_level1,0,duration_flicker,level0,motion_resolution,level1,2.5250
ks2,attic,motion_noise_level2,dlss_rr_level0,1,motion_noise,level2,dlss_rr,level0,3.6917
ks2,bistro_exterior,noise_colors_level1,temporal-resolution-multiplexing_level1,1,noise_colors,level1,temporal-resolution-multiplexing,level1,6.5634
ks2,pink_room,temporal-resolution-multiplexing_level1,noise_colors_level1,1,temporal-resolution-multiplexing,level1,noise_colors,level1,1.7542
ks2,bistro_interior,noise_colors_level1,noise_colors_level0,1,noise_colors,level1,noise_colors,level0,3.1542
ks2,bistro_interior,judder_level0,stutter_level1,0,judder,level0,stutter,level1,2.6709
ks2,landscape,restir_level1,stutter_level1,1,restir,level1,stutter,level1,41.3171
ks2,pink_room,noise_colors_level2,temporal-resolution-multiplexing_level2,0,noise_colors,level2,temporal-resolution-multiplexing,level2,5.8917
ks2,bistro_exterior,temporal-resolution-multiplexing_level0,noise_colors_level1,0,temporal-resolution-multiplexing,level0,noise_colors,level1,10.4668
ks2,attic,noise_colors_level0,judder_level1,0,noise_colors,level0,judder,level1,10.0375
ks2,landscape,duration_flicker_level2,duration_flicker_level1,0,duration_flicker,level2,duration_flicker,level1,1.3876
ks2,subway,judder_level1,motion_noise_level0,0,judder,level1,motion_noise,level0,4.4167
ks2,attic,dlss_rr_level0,stutter_level1,1,dlss_rr,level0,stutter,level1,8.1301
ks2,attic,motion_noise_level1,noise_colors_level1,0,motion_noise,level1,noise_colors,level1,8.7845
ks2,subway,motion_resolution_level2,duration_flicker_level1,0,motion_resolution,level2,duration_flicker,level1,1.6459
ks2,marbles,restir_level2,stutter_level2,0,restir,level2,stutter,level2,3.3042
ks2,zeroday,duration_flicker_level1,duration_flicker_level2,1,duration_flicker,level1,duration_flicker,level2,1.7792
ks2,landscape,motion_resolution_level2,duration_flicker_level1,0,motion_resolution,level2,duration_flicker,level1,1.1084
ks2,zeroday,stutter_level2,stutter_level0,0,stutter,level2,stutter,level0,1.1127
ks2,marbles,temporal-resolution-multiplexing_level2,motion_resolution_level2,1,temporal-resolution-multiplexing,level2,motion_resolution,level2,1.7919
ks2,zeroday,judder_level1,noise_colors_level2,1,judder,level1,noise_colors,level2,8.5542
ks2,bistro_interior,judder_level0,judder_level1,1,judder,level0,judder,level1,2.1627
ks2,classroom,duration_flicker_level2,motion_resolution_level1,0,duration_flicker,level2,motion_resolution,level1,1.2544
ks2,bistro_interior,dlss_rr_level0,motion_noise_level2,1,dlss_rr,level0,motion_noise,level2,2.0878
ks2,attic,judder_level0,motion_noise_level1,1,judder,level0,motion_noise,level1,8.2677
ks2,subway,duration_flicker_level1,dlss_rr_level1,0,duration_flicker,level1,dlss_rr,level1,2.1709
ks2,marbles,reference,motion_noise_level1,1,reference,reference,motion_noise,level1,5.9917
ks2,marbles,noise_colors_level0,motion_noise_level1,0,noise_colors,level0,motion_noise,level1,2.2084
ks2,classroom,motion_noise_level0,judder_level0,0,motion_noise,level0,judder,level0,2.1292
ks2,attic,motion_noise_level1,stutter_level0,0,motion_noise,level1,stutter,level0,3.6334
ks2,bistro_exterior,temporal-resolution-multiplexing_level2,motion_resolution_level0,0,temporal-resolution-multiplexing,level2,motion_resolution,level0,0.8125
ks2,landscape,noise_colors_level1,restir_level1,1,noise_colors,level1,restir,level1,1.3959
ks2,attic,noise_colors_level1,temporal-resolution-multiplexing_level0,0,noise_colors,level1,temporal-resolution-multiplexing,level0,10.7846
ks2,bistro_interior,restir_level0,temporal-resolution-multiplexing_level2,1,restir,level0,temporal-resolution-multiplexing,level2,1.0502
ks2,subway,restir_level0,dlss_rr_level2,0,restir,level0,dlss_rr,level2,1.0167
ks2,landscape,stutter_level2,dlss_rr_level0,0,stutter,level2,dlss_rr,level0,2.7709
ks2,zeroday,temporal-resolution-multiplexing_level1,noise_colors_level1,1,temporal-resolution-multiplexing,level1,noise_colors,level1,2.2708
ks2,pink_room,restir_level0,noise_colors_level1,1,restir,level0,noise_colors,level1,2.6167
ks2,classroom,noise_colors_level1,motion_noise_level2,1,noise_colors,level1,motion_noise,level2,1.7959
ks2,bistro_interior,judder_level1,motion_noise_level1,1,judder,level1,motion_noise,level1,2.1250
ks2,attic,motion_resolution_level1,temporal-resolution-multiplexing_level1,0,motion_resolution,level1,temporal-resolution-multiplexing,level1,1.2792
ks2,bistro_interior,stutter_level2,dlss_rr_level0,0,stutter,level2,dlss_rr,level0,2.2253
ks2,zeroday,duration_flicker_level2,restir_level2,1,duration_flicker,level2,restir,level2,0.9209
ks2,bistro_exterior,motion_noise_level1,noise_colors_level0,0,motion_noise,level1,noise_colors,level0,1.5792
ks2,classroom,noise_colors_level1,temporal-resolution-multiplexing_level1,0,noise_colors,level1,temporal-resolution-multiplexing,level1,2.0503
ks2,pink_room,duration_flicker_level2,temporal-resolution-multiplexing_level2,0,duration_flicker,level2,temporal-resolution-multiplexing,level2,1.7877
ks2,classroom,restir_level1,stutter_level2,0,restir,level1,stutter,level2,1.4754
ks2,classroom,duration_flicker_level2,restir_level2,0,duration_flicker,level2,restir,level2,1.2750
ks2,marbles,motion_resolution_level0,noise_colors_level1,1,motion_resolution,level0,noise_colors,level1,2.1379
ks2,pink_room,motion_noise_level1,temporal-resolution-multiplexing_level1,0,motion_noise,level1,temporal-resolution-multiplexing,level1,6.3250
ks2,bistro_exterior,stutter_level2,judder_level2,0,stutter,level2,judder,level2,9.3222
ks2,subway,motion_noise_level2,duration_flicker_level1,0,motion_noise,level2,duration_flicker,level1,0.8542
ks2,bistro_interior,motion_resolution_level0,stutter_level2,0,motion_resolution,level0,stutter,level2,1.4667
ks2,classroom,duration_flicker_level2,motion_resolution_level2,1,duration_flicker,level2,motion_resolution,level2,1.0334
ks2,zeroday,temporal-resolution-multiplexing_level0,motion_noise_level0,1,temporal-resolution-multiplexing,level0,motion_noise,level0,1.6459
ks2,marbles,dlss_rr_level2,restir_level2,1,dlss_rr,level2,restir,level2,8.4792
ks2,zeroday,judder_level2,stutter_level2,1,judder,level2,stutter,level2,9.4167
ks2,landscape,restir_level0,temporal-resolution-multiplexing_level2,1,restir,level0,temporal-resolution-multiplexing,level2,12.8549
ks2,bistro_exterior,dlss_rr_level0,temporal-resolution-multiplexing_level1,1,dlss_rr,level0,temporal-resolution-multiplexing,level1,1.7584
ks2,classroom,dlss_rr_level0,motion_resolution_level0,1,dlss_rr,level0,motion_resolution,level0,1.8625
ks2,attic,dlss_rr_level1,duration_flicker_level1,1,dlss_rr,level1,duration_flicker,level1,4.0584
ks2,zeroday,restir_level0,noise_colors_level1,1,restir,level0,noise_colors,level1,3.2334
ks2,bistro_exterior,duration_flicker_level2,judder_level2,0,duration_flicker,level2,judder,level2,3.0003
ks2,subway,noise_colors_level0,stutter_level1,0,noise_colors,level0,stutter,level1,8.4667
ks2,landscape,motion_resolution_level1,judder_level2,0,motion_resolution,level1,judder,level2,1.1417
ks2,bistro_interior,dlss_rr_level2,stutter_level2,0,dlss_rr,level2,stutter,level2,1.4792
ks2,bistro_interior,motion_noise_level2,motion_noise_level1,1,motion_noise,level2,motion_noise,level1,3.3709
ks2,bistro_exterior,temporal-resolution-multiplexing_level2,duration_flicker_level2,0,temporal-resolution-multiplexing,level2,duration_flicker,level2,1.1167
ks2,pink_room,restir_level1,temporal-resolution-multiplexing_level1,1,restir,level1,temporal-resolution-multiplexing,level1,1.2084
ks2,classroom,temporal-resolution-multiplexing_level1,motion_noise_level0,1,temporal-resolution-multiplexing,level1,motion_noise,level0,2.0959
ks2,bistro_interior,temporal-resolution-multiplexing_level1,temporal-resolution-multiplexing_level0,0,temporal-resolution-multiplexing,level1,temporal-resolution-multiplexing,level0,1.7797
ks2,bistro_exterior,restir_level1,stutter_level1,0,restir,level1,stutter,level1,1.3795
ks2,bistro_exterior,motion_resolution_level0,motion_resolution_level1,1,motion_resolution,level0,motion_resolution,level1,0.9376
ks2,attic,stutter_level2,stutter_level1,0,stutter,level2,stutter,level1,7.6636
ks2,classroom,motion_resolution_level0,restir_level0,0,motion_resolution,level0,restir,level0,2.7505
ks2,bistro_exterior,judder_level1,dlss_rr_level1,1,judder,level1,dlss_rr,level1,2.2504
ks2,attic,noise_colors_level2,duration_flicker_level1,0,noise_colors,level2,duration_flicker,level1,2.6751
ks2,bistro_interior,judder_level1,reference,1,judder,level1,reference,reference,1.3667
ks2,landscape,judder_level1,noise_colors_level2,1,judder,level1,noise_colors,level2,1.2459
ks2,marbles,motion_noise_level0,judder_level1,1,motion_noise,level0,judder,level1,2.0295
ks2,marbles,temporal-resolution-multiplexing_level1,motion_resolution_level0,1,temporal-resolution-multiplexing,level1,motion_resolution,level0,3.4252
ks2,landscape,duration_flicker_level0,temporal-resolution-multiplexing_level1,1,duration_flicker,level0,temporal-resolution-multiplexing,level1,2.1834
ks2,zeroday,motion_resolution_level0,restir_level0,0,motion_resolution,level0,restir,level0,3.4917
ks2,marbles,temporal-resolution-multiplexing_level0,temporal-resolution-multiplexing_level1,0,temporal-resolution-multiplexing,level0,temporal-resolution-multiplexing,level1,3.6375
ks2,classroom,reference,judder_level1,0,reference,reference,judder,level1,2.1959
ks2,landscape,temporal-resolution-multiplexing_level1,dlss_rr_level1,1,temporal-resolution-multiplexing,level1,dlss_rr,level1,8.2417
ks2,marbles,motion_noise_level0,dlss_rr_level1,1,motion_noise,level0,dlss_rr,level1,3.5375
ks2,zeroday,restir_level0,stutter_level0,0,restir,level0,stutter,level0,2.9709
ks2,bistro_interior,stutter_level1,motion_noise_level0,1,stutter,level1,motion_noise,level0,1.8209
ks2,attic,temporal-resolution-multiplexing_level2,dlss_rr_level2,1,temporal-resolution-multiplexing,level2,dlss_rr,level2,1.8126
ks2,classroom,temporal-resolution-multiplexing_level1,dlss_rr_level1,0,temporal-resolution-multiplexing,level1,dlss_rr,level1,1.9542
ks2,classroom,noise_colors_level2,duration_flicker_level2,0,noise_colors,level2,duration_flicker,level2,1.4294
ks2,marbles,temporal-resolution-multiplexing_level1,motion_noise_level2,0,temporal-resolution-multiplexing,level1,motion_noise,level2,5.5754
ks2,pink_room,noise_colors_level2,restir_level2,1,noise_colors,level2,restir,level2,1.7711
ks2,classroom,restir_level0,noise_colors_level0,0,restir,level0,noise_colors,level0,1.9627
ks2,landscape,restir_level0,noise_colors_level1,1,restir,level0,noise_colors,level1,2.5001
ks2,subway,judder_level2,judder_level1,1,judder,level2,judder,level1,2.3709
ks2,pink_room,dlss_rr_level0,restir_level2,1,dlss_rr,level0,restir,level2,1.2250
ks2,pink_room,dlss_rr_level1,noise_colors_level2,0,dlss_rr,level1,noise_colors,level2,1.4792
ks2,classroom,stutter_level2,noise_colors_level1,0,stutter,level2,noise_colors,level1,3.2667
ks2,bistro_interior,judder_level1,duration_flicker_level1,1,judder,level1,duration_flicker,level1,1.6252
ks2,bistro_interior,duration_flicker_level0,judder_level1,1,duration_flicker,level0,judder,level1,1.1835
ks2,attic,duration_flicker_level2,restir_level1,0,duration_flicker,level2,restir,level1,4.2464
ks2,subway,noise_colors_level0,noise_colors_level1,1,noise_colors,level0,noise_colors,level1,4.1250
ks2,zeroday,temporal-resolution-multiplexing_level0,noise_colors_level2,1,temporal-resolution-multiplexing,level0,noise_colors,level2,4.7334
ks2,classroom,motion_noise_level1,judder_level2,0,motion_noise,level1,judder,level2,2.6253
ks2,zeroday,restir_level1,temporal-resolution-multiplexing_level2,0,restir,level1,temporal-resolution-multiplexing,level2,6.7209
ks2,attic,duration_flicker_level0,noise_colors_level1,1,duration_flicker,level0,noise_colors,level1,4.3959
ks2,attic,noise_colors_level2,motion_resolution_level2,1,noise_colors,level2,motion_resolution,level2,4.7375
ks2,pink_room,noise_colors_level0,motion_noise_level0,1,noise_colors,level0,motion_noise,level0,2.4500
ks2,pink_room,motion_noise_level2,temporal-resolution-multiplexing_level1,0,motion_noise,level2,temporal-resolution-multiplexing,level1,1.0959
ks2,zeroday,noise_colors_level2,reference,0,noise_colors,level2,reference,reference,8.2459
ks2,bistro_interior,motion_resolution_level1,judder_level2,0,motion_resolution,level1,judder,level2,1.0709
ks2,classroom,restir_level1,duration_flicker_level0,0,restir,level1,duration_flicker,level0,1.3334
ks2,pink_room,duration_flicker_level0,restir_level2,1,duration_flicker,level0,restir,level2,1.1000
ks2,marbles,duration_flicker_level1,noise_colors_level1,0,duration_flicker,level1,noise_colors,level1,2.5292
ks2,pink_room,noise_colors_level2,duration_flicker_level1,1,noise_colors,level2,duration_flicker,level1,1.8751
ks2,zeroday,duration_flicker_level1,restir_level1,1,duration_flicker,level1,restir,level1,2.6084
ks2,marbles,judder_level0,noise_colors_level0,1,judder,level0,noise_colors,level0,3.4838
ks2,zeroday,temporal-resolution-multiplexing_level2,motion_resolution_level2,1,temporal-resolution-multiplexing,level2,motion_resolution,level2,1.2917
ks2,attic,duration_flicker_level1,stutter_level2,0,duration_flicker,level1,stutter,level2,3.8000
ks2,attic,motion_noise_level0,duration_flicker_level0,1,motion_noise,level0,duration_flicker,level0,3.3542
ks2,zeroday,judder_level0,motion_noise_level2,0,judder,level0,motion_noise,level2,19.0891
ks2,attic,restir_level0,dlss_rr_level0,0,restir,level0,dlss_rr,level0,4.4214
ks2,marbles,restir_level1,temporal-resolution-multiplexing_level1,0,restir,level1,temporal-resolution-multiplexing,level1,14.4060
ks2,bistro_interior,temporal-resolution-multiplexing_level2,duration_flicker_level0,0,temporal-resolution-multiplexing,level2,duration_flicker,level0,1.6502
ks2,subway,stutter_level2,duration_flicker_level0,1,stutter,level2,duration_flicker,level0,3.3625
ks2,zeroday,dlss_rr_level1,reference,0,dlss_rr,level1,reference,reference,15.2000
ks2,classroom,temporal-resolution-multiplexing_level2,duration_flicker_level0,0,temporal-resolution-multiplexing,level2,duration_flicker,level0,0.9627
ks2,pink_room,restir_level2,judder_level2,0,restir,level2,judder,level2,4.6417
ks2,landscape,noise_colors_level1,motion_noise_level2,0,noise_colors,level1,motion_noise,level2,1.0584
ks2,bistro_interior,dlss_rr_level1,judder_level2,0,dlss_rr,level1,judder,level2,1.1542
ks2,classroom,dlss_rr_level2,noise_colors_level1,0,dlss_rr,level2,noise_colors,level1,6.0217
ks2,marbles,dlss_rr_level2,duration_flicker_level0,0,dlss_rr,level2,duration_flicker,level0,7.0375
ks2,landscape,motion_noise_level0,reference,0,motion_noise,level0,reference,reference,3.8750
ks2,bistro_exterior,stutter_level2,dlss_rr_level2,1,stutter,level2,dlss_rr,level2,1.9250
ks2,landscape,noise_colors_level1,restir_level2,0,noise_colors,level1,restir,level2,5.1167
ks2,subway,motion_noise_level1,duration_flicker_level1,1,motion_noise,level1,duration_flicker,level1,2.7709
ks2,landscape,noise_colors_level1,judder_level1,0,noise_colors,level1,judder,level1,3.3500
ks2,zeroday,dlss_rr_level0,restir_level0,0,dlss_rr,level0,restir,level0,2.7000
ks2,subway,noise_colors_level2,motion_resolution_level1,0,noise_colors,level2,motion_resolution,level1,1.3209
ks2,attic,reference,judder_level0,0,reference,reference,judder,level0,2.2750
ks2,zeroday,noise_colors_level0,judder_level1,0,noise_colors,level0,judder,level1,2.6542
ks2,classroom,stutter_level1,temporal-resolution-multiplexing_level1,0,stutter,level1,temporal-resolution-multiplexing,level1,3.4964
ks2,pink_room,motion_resolution_level0,noise_colors_level1,0,motion_resolution,level0,noise_colors,level1,1.1335
ks2,attic,noise_colors_level0,stutter_level1,0,noise_colors,level0,stutter,level1,3.9417
ks2,zeroday,noise_colors_level2,motion_noise_level1,0,noise_colors,level2,motion_noise,level1,10.3792
ks2,bistro_interior,restir_level2,restir_level0,0,restir,level2,restir,level0,0.9042
ks2,bistro_interior,motion_resolution_level2,motion_resolution_level0,0,motion_resolution,level2,motion_resolution,level0,0.7876
ks2,subway,duration_flicker_level0,judder_level0,0,duration_flicker,level0,judder,level0,25.2459
ks2,subway,duration_flicker_level0,stutter_level1,0,duration_flicker,level0,stutter,level1,2.3334
ks2,classroom,duration_flicker_level1,motion_noise_level2,0,duration_flicker,level1,motion_noise,level2,1.6000
ks2,zeroday,dlss_rr_level2,duration_flicker_level1,1,dlss_rr,level2,duration_flicker,level1,1.2418
ks2,bistro_interior,noise_colors_level2,motion_noise_level2,0,noise_colors,level2,motion_noise,level2,0.9875
ks2,attic,motion_resolution_level0,dlss_rr_level1,0,motion_resolution,level0,dlss_rr,level1,1.5126
ks2,classroom,motion_noise_level1,dlss_rr_level0,0,motion_noise,level1,dlss_rr,level0,1.0420
ks2,zeroday,duration_flicker_level2,motion_resolution_level1,1,duration_flicker,level2,motion_resolution,level1,1.1084
ks2,zeroday,duration_flicker_level1,motion_noise_level2,0,duration_flicker,level1,motion_noise,level2,2.0167
ks2,landscape,stutter_level2,motion_resolution_level1,1,stutter,level2,motion_resolution,level1,2.2126
ks2,subway,noise_colors_level2,duration_flicker_level1,0,noise_colors,level2,duration_flicker,level1,10.4417
ks2,zeroday,duration_flicker_level0,motion_resolution_level0,0,duration_flicker,level0,motion_resolution,level0,2.9834
ks2,classroom,noise_colors_level0,temporal-resolution-multiplexing_level0,0,noise_colors,level0,temporal-resolution-multiplexing,level0,4.5792
ks2,bistro_interior,judder_level2,noise_colors_level2,1,judder,level2,noise_colors,level2,1.4667
ks2,bistro_exterior,dlss_rr_level1,judder_level2,0,dlss_rr,level1,judder,level2,1.2875
ks2,bistro_exterior,stutter_level1,dlss_rr_level0,1,stutter,level1,dlss_rr,level0,1.9375
ks2,pink_room,duration_flicker_level0,noise_colors_level1,0,duration_flicker,level0,noise_colors,level1,2.6459
ks2,classroom,dlss_rr_level0,noise_colors_level1,0,dlss_rr,level0,noise_colors,level1,3.2294
ks2,zeroday,motion_resolution_level0,duration_flicker_level1,0,motion_resolution,level0,duration_flicker,level1,2.3043
ks2,landscape,dlss_rr_level2,temporal-resolution-multiplexing_level2,0,dlss_rr,level2,temporal-resolution-multiplexing,level2,4.5250
ks2,marbles,stutter_level0,motion_noise_level0,1,stutter,level0,motion_noise,level0,6.3334
ks2,attic,motion_noise_level0,stutter_level1,0,motion_noise,level0,stutter,level1,5.0084
ks2,bistro_interior,judder_level0,stutter_level0,0,judder,level0,stutter,level0,1.6959
ks2,bistro_exterior,duration_flicker_level1,noise_colors_level2,1,duration_flicker,level1,noise_colors,level2,1.3250
ks2,landscape,noise_colors_level0,noise_colors_level1,0,noise_colors,level0,noise_colors,level1,4.0084
ks2,bistro_exterior,judder_level2,restir_level2,1,judder,level2,restir,level2,1.1375
ks2,subway,noise_colors_level1,reference,0,noise_colors,level1,reference,reference,8.6667
ks2,pink_room,dlss_rr_level2,duration_flicker_level1,0,dlss_rr,level2,duration_flicker,level1,1.2334
ks2,attic,dlss_rr_level0,duration_flicker_level2,1,dlss_rr,level0,duration_flicker,level2,3.6834
ks2,pink_room,dlss_rr_level1,motion_resolution_level1,1,dlss_rr,level1,motion_resolution,level1,1.1709
ks2,marbles,duration_flicker_level2,stutter_level2,0,duration_flicker,level2,stutter,level2,1.6626
ks2,subway,duration_flicker_level1,duration_flicker_level2,1,duration_flicker,level1,duration_flicker,level2,5.8584
ks2,pink_room,judder_level1,noise_colors_level0,0,judder,level1,noise_colors,level0,1.3167
ks2,subway,duration_flicker_level0,motion_resolution_level0,0,duration_flicker,level0,motion_resolution,level0,3.4375
ks2,landscape,stutter_level0,dlss_rr_level1,0,stutter,level0,dlss_rr,level1,2.6750
ks2,subway,motion_resolution_level0,temporal-resolution-multiplexing_level0,0,motion_resolution,level0,temporal-resolution-multiplexing,level0,3.5459
ks2,marbles,motion_resolution_level0,judder_level2,0,motion_resolution,level0,judder,level2,2.8420
ks2,bistro_exterior,motion_noise_level1,noise_colors_level1,1,motion_noise,level1,noise_colors,level1,1.8961
ks2,bistro_interior,duration_flicker_level2,temporal-resolution-multiplexing_level2,1,duration_flicker,level2,temporal-resolution-multiplexing,level2,1.2543
ks2,attic,judder_level2,dlss_rr_level0,0,judder,level2,dlss_rr,level0,1.6334
ks2,landscape,dlss_rr_level2,motion_resolution_level0,1,dlss_rr,level2,motion_resolution,level0,2.4209
ks2,bistro_exterior,temporal-resolution-multiplexing_level1,duration_flicker_level0,0,temporal-resolution-multiplexing,level1,duration_flicker,level0,1.3542
ks2,bistro_exterior,noise_colors_level2,temporal-resolution-multiplexing_level2,1,noise_colors,level2,temporal-resolution-multiplexing,level2,0.9376
ks2,attic,motion_resolution_level1,temporal-resolution-multiplexing_level2,0,motion_resolution,level1,temporal-resolution-multiplexing,level2,1.2250
ks2,classroom,stutter_level0,dlss_rr_level1,0,stutter,level0,dlss_rr,level1,1.9251
ks2,landscape,restir_level1,judder_level0,0,restir,level1,judder,level0,1.1125
ks2,bistro_exterior,restir_level0,temporal-resolution-multiplexing_level1,0,restir,level0,temporal-resolution-multiplexing,level1,26.3962
ks2,bistro_exterior,temporal-resolution-multiplexing_level1,dlss_rr_level1,1,temporal-resolution-multiplexing,level1,dlss_rr,level1,0.9417
ks2,classroom,judder_level1,temporal-resolution-multiplexing_level1,0,judder,level1,temporal-resolution-multiplexing,level1,2.3459
ks2,bistro_interior,temporal-resolution-multiplexing_level1,noise_colors_level1,0,temporal-resolution-multiplexing,level1,noise_colors,level1,1.9708
ks2,pink_room,reference,temporal-resolution-multiplexing_level0,1,reference,reference,temporal-resolution-multiplexing,level0,4.9459
ks2,bistro_exterior,motion_resolution_level2,motion_resolution_level0,0,motion_resolution,level2,motion_resolution,level0,0.9709
ks2,marbles,dlss_rr_level1,stutter_level1,0,dlss_rr,level1,stutter,level1,2.1961
ks2,marbles,motion_resolution_level1,dlss_rr_level2,0,motion_resolution,level1,dlss_rr,level2,1.1126
ks2,bistro_interior,motion_noise_level0,temporal-resolution-multiplexing_level1,1,motion_noise,level0,temporal-resolution-multiplexing,level1,1.4752
ks2,landscape,temporal-resolution-multiplexing_level2,motion_resolution_level1,1,temporal-resolution-multiplexing,level2,motion_resolution,level1,4.2667
ks2,bistro_interior,stutter_level2,restir_level1,1,stutter,level2,restir,level1,0.9959
ks2,subway,restir_level2,motion_resolution_level2,0,restir,level2,motion_resolution,level2,0.7668
ks2,subway,restir_level1,dlss_rr_level2,0,restir,level1,dlss_rr,level2,0.7084
ks2,pink_room,stutter_level1,judder_level0,1,stutter,level1,judder,level0,6.3750
ks2,marbles,stutter_level2,noise_colors_level2,1,stutter,level2,noise_colors,level2,2.5084
ks2,marbles,temporal-resolution-multiplexing_level1,dlss_rr_level1,1,temporal-resolution-multiplexing,level1,dlss_rr,level1,10.7167
ks2,pink_room,restir_level0,stutter_level0,0,restir,level0,stutter,level0,4.0834
ks2,marbles,noise_colors_level2,motion_resolution_level2,0,noise_colors,level2,motion_resolution,level2,3.1084
ks2,landscape,motion_resolution_level1,duration_flicker_level1,1,motion_resolution,level1,duration_flicker,level1,2.6625
ks2,bistro_exterior,stutter_level0,motion_noise_level0,0,stutter,level0,motion_noise,level0,4.5375
ks2,pink_room,judder_level0,temporal-resolution-multiplexing_level1,1,judder,level0,temporal-resolution-multiplexing,level1,1.2959
ks2,bistro_exterior,motion_noise_level0,noise_colors_level0,0,motion_noise,level0,noise_colors,level0,1.3834
ks2,marbles,duration_flicker_level1,noise_colors_level2,1,duration_flicker,level1,noise_colors,level2,1.1500
ks2,pink_room,stutter_level2,noise_colors_level1,0,stutter,level2,noise_colors,level1,1.0084
ks2,pink_room,reference,stutter_level1,1,reference,reference,stutter,level1,0.8250
ks2,marbles,noise_colors_level1,dlss_rr_level0,0,noise_colors,level1,dlss_rr,level0,1.7293
ks2,subway,dlss_rr_level2,temporal-resolution-multiplexing_level2,1,dlss_rr,level2,temporal-resolution-multiplexing,level2,2.5250
ks2,landscape,motion_noise_level1,motion_noise_level0,0,motion_noise,level1,motion_noise,level0,1.5792
ks2,landscape,motion_noise_level2,motion_noise_level0,1,motion_noise,level2,motion_noise,level0,0.8584
ks2,subway,duration_flicker_level1,temporal-resolution-multiplexing_level2,1,duration_flicker,level1,temporal-resolution-multiplexing,level2,1.2542
ks2,landscape,temporal-resolution-multiplexing_level0,motion_noise_level0,1,temporal-resolution-multiplexing,level0,motion_noise,level0,3.2417
ks2,subway,duration_flicker_level2,stutter_level2,0,duration_flicker,level2,stutter,level2,1.7459
ks2,landscape,motion_resolution_level0,stutter_level0,0,motion_resolution,level0,stutter,level0,3.3834
ks2,subway,noise_colors_level0,judder_level1,0,noise_colors,level0,judder,level1,4.6375
ks2,subway,stutter_level0,reference,1,stutter,level0,reference,reference,11.0875
ks2,subway,temporal-resolution-multiplexing_level1,motion_noise_level1,0,temporal-resolution-multiplexing,level1,motion_noise,level1,1.6167
ks2,subway,dlss_rr_level0,noise_colors_level0,1,dlss_rr,level0,noise_colors,level0,5.2917
o1,subway,judder_level2,temporal-resolution-multiplexing_level2,1,judder,level2,temporal-resolution-multiplexing,level2,1.3046
o1,pink_room,stutter_level1,judder_level1,1,stutter,level1,judder,level1,2.4126
o1,bistro_exterior,judder_level0,noise_colors_level1,1,judder,level0,noise_colors,level1,1.6755
o1,marbles,noise_colors_level0,dlss_rr_level1,1,noise_colors,level0,dlss_rr,level1,2.8339
o1,landscape,temporal-resolution-multiplexing_level2,dlss_rr_level0,1,temporal-resolution-multiplexing,level2,dlss_rr,level0,2.5959
o1,marbles,motion_resolution_level0,judder_level0,0,motion_resolution,level0,judder,level0,2.2792
o1,zeroday,judder_level2,motion_resolution_level0,1,judder,level2,motion_resolution,level0,4.3085
o1,subway,temporal-resolution-multiplexing_level1,dlss_rr_level1,0,temporal-resolution-multiplexing,level1,dlss_rr,level1,1.9459
o1,bistro_exterior,restir_level0,dlss_rr_level0,1,restir,level0,dlss_rr,level0,2.6670
o1,zeroday,noise_colors_level0,motion_noise_level1,1,noise_colors,level0,motion_noise,level1,6.9750
o1,pink_room,dlss_rr_level1,motion_resolution_level0,0,dlss_rr,level1,motion_resolution,level0,2.6793
o1,bistro_interior,judder_level0,noise_colors_level2,1,judder,level0,noise_colors,level2,1.6461
o1,marbles,motion_noise_level1,temporal-resolution-multiplexing_level0,1,motion_noise,level1,temporal-resolution-multiplexing,level0,3.3129
o1,subway,reference,stutter_level0,1,reference,reference,stutter,level0,2.5375
o1,classroom,judder_level2,dlss_rr_level2,0,judder,level2,dlss_rr,level2,2.3792
o1,bistro_exterior,judder_level2,motion_resolution_level0,1,judder,level2,motion_resolution,level0,7.0584
o1,classroom,stutter_level1,motion_resolution_level0,1,stutter,level1,motion_resolution,level0,2.1917
o1,classroom,noise_colors_level1,motion_noise_level0,0,noise_colors,level1,motion_noise,level0,2.2379
o1,subway,motion_noise_level2,duration_flicker_level2,0,motion_noise,level2,duration_flicker,level2,1.4750
o1,subway,noise_colors_level0,temporal-resolution-multiplexing_level0,1,noise_colors,level0,temporal-resolution-multiplexing,level0,4.1126
o1,landscape,duration_flicker_level1,duration_flicker_level2,1,duration_flicker,level1,duration_flicker,level2,1.8375
o1,classroom,temporal-resolution-multiplexing_level2,duration_flicker_level1,1,temporal-resolution-multiplexing,level2,duration_flicker,level1,6.7917
o1,subway,restir_level2,restir_level1,0,restir,level2,restir,level1,3.6417
o1,classroom,duration_flicker_level1,duration_flicker_level2,1,duration_flicker,level1,duration_flicker,level2,7.0292
o1,subway,restir_level1,temporal-resolution-multiplexing_level1,0,restir,level1,temporal-resolution-multiplexing,level1,2.3459
o1,marbles,motion_noise_level0,judder_level1,0,motion_noise,level0,judder,level1,5.9334
o1,pink_room,noise_colors_level2,dlss_rr_level2,1,noise_colors,level2,dlss_rr,level2,3.0292
o1,subway,noise_colors_level0,duration_flicker_level0,1,noise_colors,level0,duration_flicker,level0,4.9250
o1,landscape,noise_colors_level0,stutter_level1,1,noise_colors,level0,stutter,level1,3.1000
o1,zeroday,temporal-resolution-multiplexing_level2,duration_flicker_level2,0,temporal-resolution-multiplexing,level2,duration_flicker,level2,2.1084
o1,zeroday,judder_level0,motion_noise_level0,0,judder,level0,motion_noise,level0,5.3542
o1,classroom,stutter_level1,judder_level0,0,stutter,level1,judder,level0,7.0259
o1,bistro_exterior,noise_colors_level1,motion_noise_level0,1,noise_colors,level1,motion_noise,level0,7.7299
o1,attic,motion_noise_level1,stutter_level1,1,motion_noise,level1,stutter,level1,4.0042
o1,classroom,motion_noise_level0,temporal-resolution-multiplexing_level0,0,motion_noise,level0,temporal-resolution-multiplexing,level0,7.7843
o1,attic,judder_level0,restir_level0,1,judder,level0,restir,level0,2.3254
o1,zeroday,dlss_rr_level1,stutter_level0,1,dlss_rr,level1,stutter,level0,4.8250
o1,attic,reference,stutter_level0,1,reference,reference,stutter,level0,7.6042
o1,pink_room,stutter_level2,restir_level0,0,stutter,level2,restir,level0,1.2500
o1,subway,duration_flicker_level2,temporal-resolution-multiplexing_level2,1,duration_flicker,level2,temporal-resolution-multiplexing,level2,1.4125
o1,pink_room,motion_resolution_level1,duration_flicker_level0,0,motion_resolution,level1,duration_flicker,level0,1.1834
o1,marbles,motion_noise_level2,judder_level0,0,motion_noise,level2,judder,level0,2.1250
o1,landscape,judder_level0,judder_level2,1,judder,level0,judder,level2,1.9959
o1,bistro_exterior,judder_level0,temporal-resolution-multiplexing_level1,1,judder,level0,temporal-resolution-multiplexing,level1,1.2250
o1,bistro_interior,duration_flicker_level1,dlss_rr_level0,1,duration_flicker,level1,dlss_rr,level0,5.0876
o1,marbles,stutter_level2,restir_level0,0,stutter,level2,restir,level0,1.4375
o1,classroom,restir_level0,motion_noise_level0,1,restir,level0,motion_noise,level0,3.8876
o1,marbles,duration_flicker_level0,noise_colors_level2,1,duration_flicker,level0,noise_colors,level2,2.5417
o1,landscape,dlss_rr_level2,dlss_rr_level0,0,dlss_rr,level2,dlss_rr,level0,1.9834
o1,zeroday,dlss_rr_level2,duration_flicker_level2,1,dlss_rr,level2,duration_flicker,level2,2.8667
o1,pink_room,duration_flicker_level1,dlss_rr_level0,0,duration_flicker,level1,dlss_rr,level0,2.3000
o1,bistro_exterior,motion_noise_level2,judder_level0,0,motion_noise,level2,judder,level0,1.8125
o1,classroom,restir_level1,motion_noise_level2,0,restir,level1,motion_noise,level2,6.7216
o1,bistro_interior,motion_noise_level2,noise_colors_level1,0,motion_noise,level2,noise_colors,level1,1.9171
o1,classroom,stutter_level1,reference,0,stutter,level1,reference,reference,11.1084
o1,classroom,stutter_level2,motion_noise_level1,0,stutter,level2,motion_noise,level1,1.9417
o1,attic,noise_colors_level2,temporal-resolution-multiplexing_level2,1,noise_colors,level2,temporal-resolution-multiplexing,level2,11.5792
o1,bistro_interior,dlss_rr_level0,restir_level0,1,dlss_rr,level0,restir,level0,8.0292
o1,marbles,duration_flicker_level1,duration_flicker_level0,0,duration_flicker,level1,duration_flicker,level0,3.1584
o1,bistro_exterior,stutter_level1,judder_level0,1,stutter,level1,judder,level0,6.9959
o1,marbles,restir_level2,dlss_rr_level2,0,restir,level2,dlss_rr,level2,2.1209
o1,bistro_exterior,motion_noise_level0,reference,0,motion_noise,level0,reference,reference,2.0084
o1,classroom,temporal-resolution-multiplexing_level1,judder_level2,1,temporal-resolution-multiplexing,level1,judder,level2,1.1750
o1,attic,motion_resolution_level2,motion_resolution_level1,0,motion_resolution,level2,motion_resolution,level1,4.2294
o1,subway,stutter_level0,stutter_level1,1,stutter,level0,stutter,level1,9.1250
o1,classroom,restir_level1,dlss_rr_level2,0,restir,level1,dlss_rr,level2,2.4000
o1,subway,judder_level1,temporal-resolution-multiplexing_level0,0,judder,level1,temporal-resolution-multiplexing,level0,8.4667
o1,bistro_exterior,judder_level2,judder_level0,0,judder,level2,judder,level0,4.7584
o1,attic,duration_flicker_level0,motion_resolution_level0,1,duration_flicker,level0,motion_resolution,level0,6.3048
o1,landscape,duration_flicker_level1,judder_level2,0,duration_flicker,level1,judder,level2,8.7500
o1,attic,noise_colors_level0,stutter_level0,1,noise_colors,level0,stutter,level0,7.0793
o1,subway,duration_flicker_level1,motion_noise_level0,0,duration_flicker,level1,motion_noise,level0,4.4375
o1,pink_room,judder_level2,dlss_rr_level1,1,judder,level2,dlss_rr,level1,5.0167
o1,bistro_interior,noise_colors_level2,duration_flicker_level2,1,noise_colors,level2,duration_flicker,level2,11.9459
o1,marbles,motion_noise_level2,dlss_rr_level0,0,motion_noise,level2,dlss_rr,level0,3.0880
o1,attic,motion_noise_level0,motion_noise_level1,1,motion_noise,level0,motion_noise,level1,6.3549
o1,zeroday,temporal-resolution-multiplexing_level1,restir_level0,1,temporal-resolution-multiplexing,level1,restir,level0,7.2125
o1,landscape,judder_level1,reference,0,judder,level1,reference,reference,8.3709
o1,bistro_interior,motion_resolution_level2,motion_resolution_level0,0,motion_resolution,level2,motion_resolution,level0,1.5210
o1,bistro_exterior,motion_noise_level2,duration_flicker_level1,0,motion_noise,level2,duration_flicker,level1,1.3875
o1,landscape,restir_level1,temporal-resolution-multiplexing_level0,1,restir,level1,temporal-resolution-multiplexing,level0,3.9209
o1,attic,stutter_level1,judder_level0,1,stutter,level1,judder,level0,6.6959
o1,pink_room,judder_level1,judder_level0,1,judder,level1,judder,level0,2.9834
o1,subway,restir_level0,duration_flicker_level2,0,restir,level0,duration_flicker,level2,9.4167
o1,marbles,motion_resolution_level1,motion_resolution_level2,1,motion_resolution,level1,motion_resolution,level2,7.6011
o1,pink_room,noise_colors_level1,judder_level1,0,noise_colors,level1,judder,level1,2.3292
o1,landscape,duration_flicker_level0,motion_resolution_level2,1,duration_flicker,level0,motion_resolution,level2,1.8250
o1,subway,temporal-resolution-multiplexing_level2,dlss_rr_level1,0,temporal-resolution-multiplexing,level2,dlss_rr,level1,2.1084
o1,subway,restir_level0,motion_noise_level1,0,restir,level0,motion_noise,level1,2.2251
o1,classroom,motion_noise_level0,restir_level1,0,motion_noise,level0,restir,level1,3.9542
o1,bistro_interior,reference,stutter_level0,0,reference,reference,stutter,level0,7.7500
o1,zeroday,noise_colors_level0,restir_level0,1,noise_colors,level0,restir,level0,9.6084
o1,landscape,stutter_level0,noise_colors_level2,0,stutter,level0,noise_colors,level2,8.7298
o1,attic,noise_colors_level2,dlss_rr_level2,1,noise_colors,level2,dlss_rr,level2,10.2264
o1,zeroday,judder_level2,noise_colors_level1,1,judder,level2,noise_colors,level1,11.2959
o1,attic,restir_level1,duration_flicker_level0,0,restir,level1,duration_flicker,level0,3.6171
o1,pink_room,temporal-resolution-multiplexing_level2,noise_colors_level2,0,temporal-resolution-multiplexing,level2,noise_colors,level2,2.7542
o1,zeroday,restir_level2,motion_noise_level2,0,restir,level2,motion_noise,level2,1.8542
o1,landscape,stutter_level1,dlss_rr_level0,1,stutter,level1,dlss_rr,level0,4.7000
o1,zeroday,duration_flicker_level2,duration_flicker_level0,0,duration_flicker,level2,duration_flicker,level0,10.6250
o1,marbles,stutter_level2,restir_level2,1,stutter,level2,restir,level2,7.7045
o1,landscape,stutter_level0,judder_level2,1,stutter,level0,judder,level2,4.3338
o1,subway,noise_colors_level1,temporal-resolution-multiplexing_level0,1,noise_colors,level1,temporal-resolution-multiplexing,level0,4.2000
o1,attic,duration_flicker_level1,temporal-resolution-multiplexing_level1,1,duration_flicker,level1,temporal-resolution-multiplexing,level1,2.5877
o1,landscape,judder_level2,temporal-resolution-multiplexing_level1,0,judder,level2,temporal-resolution-multiplexing,level1,5.0500
o1,landscape,restir_level0,restir_level1,0,restir,level0,restir,level1,10.8084
o1,zeroday,motion_resolution_level0,noise_colors_level2,0,motion_resolution,level0,noise_colors,level2,2.0792
o1,attic,temporal-resolution-multiplexing_level1,noise_colors_level2,0,temporal-resolution-multiplexing,level1,noise_colors,level2,2.5042
o1,bistro_interior,noise_colors_level0,reference,0,noise_colors,level0,reference,reference,9.0709
o1,landscape,motion_resolution_level2,duration_flicker_level1,0,motion_resolution,level2,duration_flicker,level1,1.5417
o1,attic,noise_colors_level0,motion_noise_level0,0,noise_colors,level0,motion_noise,level0,5.6375
o1,landscape,duration_flicker_level0,restir_level2,0,duration_flicker,level0,restir,level2,4.1417
o1,marbles,judder_level2,stutter_level2,1,judder,level2,stutter,level2,3.9000
o1,classroom,motion_noise_level0,noise_colors_level0,0,motion_noise,level0,noise_colors,level0,2.9754
o1,bistro_exterior,temporal-resolution-multiplexing_level0,duration_flicker_level0,1,temporal-resolution-multiplexing,level0,duration_flicker,level0,3.7084
o1,landscape,temporal-resolution-multiplexing_level0,noise_colors_level1,1,temporal-resolution-multiplexing,level0,noise_colors,level1,2.2667
o1,subway,judder_level0,duration_flicker_level1,1,judder,level0,duration_flicker,level1,2.7500
o1,pink_room,motion_noise_level0,restir_level0,1,motion_noise,level0,restir,level0,8.3750
o1,subway,motion_resolution_level2,motion_resolution_level1,0,motion_resolution,level2,motion_resolution,level1,7.3255
o1,marbles,noise_colors_level0,motion_noise_level0,0,noise_colors,level0,motion_noise,level0,10.0515
o1,zeroday,dlss_rr_level1,stutter_level1,1,dlss_rr,level1,stutter,level1,10.6547
o1,attic,motion_resolution_level1,temporal-resolution-multiplexing_level2,1,motion_resolution,level1,temporal-resolution-multiplexing,level2,2.5709
o1,classroom,noise_colors_level0,motion_resolution_level0,1,noise_colors,level0,motion_resolution,level0,1.7213
o1,bistro_interior,temporal-resolution-multiplexing_level1,noise_colors_level2,1,temporal-resolution-multiplexing,level1,noise_colors,level2,1.2503
o1,marbles,motion_noise_level2,duration_flicker_level1,0,motion_noise,level2,duration_flicker,level1,2.0837
o1,classroom,restir_level1,duration_flicker_level1,1,restir,level1,duration_flicker,level1,2.9376
o1,marbles,motion_noise_level2,temporal-resolution-multiplexing_level1,1,motion_noise,level2,temporal-resolution-multiplexing,level1,2.6293
o1,pink_room,dlss_rr_level2,judder_level2,0,dlss_rr,level2,judder,level2,1.8209
o1,bistro_exterior,restir_level2,dlss_rr_level2,0,restir,level2,dlss_rr,level2,6.2174
o1,bistro_exterior,temporal-resolution-multiplexing_level1,judder_level1,0,temporal-resolution-multiplexing,level1,judder,level1,2.8626
o1,subway,noise_colors_level1,reference,0,noise_colors,level1,reference,reference,3.3001
o1,attic,stutter_level0,temporal-resolution-multiplexing_level0,1,stutter,level0,temporal-resolution-multiplexing,level0,6.0084
o1,classroom,duration_flicker_level0,duration_flicker_level1,1,duration_flicker,level0,duration_flicker,level1,6.2293
o1,classroom,motion_resolution_level2,motion_resolution_level1,0,motion_resolution,level2,motion_resolution,level1,3.0378
o1,bistro_interior,dlss_rr_level0,stutter_level2,1,dlss_rr,level0,stutter,level2,8.1636
o1,bistro_interior,motion_noise_level1,noise_colors_level1,0,motion_noise,level1,noise_colors,level1,3.3046
o1,classroom,stutter_level0,motion_noise_level0,1,stutter,level0,motion_noise,level0,3.7209
o1,subway,stutter_level2,noise_colors_level0,0,stutter,level2,noise_colors,level0,1.9750
o1,bistro_exterior,restir_level2,motion_noise_level2,0,restir,level2,motion_noise,level2,4.9459
o1,classroom,dlss_rr_level1,dlss_rr_level2,0,dlss_rr,level1,dlss_rr,level2,3.4375
o1,attic,judder_level2,dlss_rr_level0,0,judder,level2,dlss_rr,level0,1.7542
o1,bistro_interior,restir_level1,restir_level2,0,restir,level1,restir,level2,5.0418
o1,zeroday,motion_noise_level0,judder_level1,0,motion_noise,level0,judder,level1,6.5500
o1,bistro_exterior,noise_colors_level1,dlss_rr_level0,1,noise_colors,level1,dlss_rr,level0,3.5917
o1,classroom,restir_level2,duration_flicker_level1,0,restir,level2,duration_flicker,level1,1.2125
o1,classroom,motion_resolution_level1,temporal-resolution-multiplexing_level2,1,motion_resolution,level1,temporal-resolution-multiplexing,level2,3.3005
o1,bistro_interior,noise_colors_level2,duration_flicker_level1,0,noise_colors,level2,duration_flicker,level1,9.4135
o1,marbles,temporal-resolution-multiplexing_level2,noise_colors_level1,0,temporal-resolution-multiplexing,level2,noise_colors,level1,2.1921
o1,bistro_interior,judder_level1,noise_colors_level1,0,judder,level1,noise_colors,level1,9.7584
o1,bistro_interior,temporal-resolution-multiplexing_level0,noise_colors_level0,0,temporal-resolution-multiplexing,level0,noise_colors,level0,2.1209
o1,bistro_exterior,motion_resolution_level2,motion_resolution_level0,0,motion_resolution,level2,motion_resolution,level0,1.6084
o1,zeroday,motion_noise_level2,judder_level2,0,motion_noise,level2,judder,level2,4.9167
o1,attic,dlss_rr_level1,duration_flicker_level0,0,dlss_rr,level1,duration_flicker,level0,2.2044
o1,pink_room,restir_level0,temporal-resolution-multiplexing_level1,0,restir,level0,temporal-resolution-multiplexing,level1,4.8542
o1,bistro_interior,dlss_rr_level1,restir_level1,1,dlss_rr,level1,restir,level1,17.4000
o1,pink_room,stutter_level1,noise_colors_level0,1,stutter,level1,noise_colors,level0,7.0959
o1,subway,dlss_rr_level0,duration_flicker_level1,1,dlss_rr,level0,duration_flicker,level1,3.5000
o1,classroom,noise_colors_level2,motion_noise_level1,0,noise_colors,level2,motion_noise,level1,3.6167
o1,marbles,stutter_level2,noise_colors_level1,0,stutter,level2,noise_colors,level1,2.8004
o1,subway,temporal-resolution-multiplexing_level0,motion_resolution_level0,1,temporal-resolution-multiplexing,level0,motion_resolution,level0,10.2667
o1,subway,noise_colors_level2,restir_level1,1,noise_colors,level2,restir,level1,3.6625
o1,bistro_exterior,noise_colors_level2,stutter_level2,1,noise_colors,level2,stutter,level2,3.1420
o1,landscape,dlss_rr_level1,duration_flicker_level1,1,dlss_rr,level1,duration_flicker,level1,3.6709
o1,bistro_interior,judder_level2,dlss_rr_level0,1,judder,level2,dlss_rr,level0,1.9459
o1,bistro_exterior,duration_flicker_level2,temporal-resolution-multiplexing_level2,1,duration_flicker,level2,temporal-resolution-multiplexing,level2,2.8834
o1,zeroday,motion_noise_level0,judder_level2,1,motion_noise,level0,judder,level2,4.6875
o1,bistro_interior,motion_resolution_level0,judder_level2,1,motion_resolution,level0,judder,level2,3.8917
o1,landscape,motion_resolution_level1,motion_resolution_level0,0,motion_resolution,level1,motion_resolution,level0,3.0709
o1,attic,dlss_rr_level0,judder_level0,0,dlss_rr,level0,judder,level0,2.1334
o1,bistro_interior,temporal-resolution-multiplexing_level2,judder_level1,0,temporal-resolution-multiplexing,level2,judder,level1,0.8625
o1,classroom,noise_colors_level1,judder_level1,0,noise_colors,level1,judder,level1,3.5500
o1,classroom,dlss_rr_level2,dlss_rr_level0,0,dlss_rr,level2,dlss_rr,level0,2.4042
o1,bistro_exterior,restir_level0,restir_level1,0,restir,level0,restir,level1,3.3170
o1,marbles,duration_flicker_level2,restir_level2,0,duration_flicker,level2,restir,level2,6.7167
o1,zeroday,motion_resolution_level1,motion_resolution_level2,1,motion_resolution,level1,motion_resolution,level2,1.1709
o1,zeroday,noise_colors_level0,dlss_rr_level1,0,noise_colors,level0,dlss_rr,level1,8.8542
o1,bistro_exterior,motion_noise_level1,motion_noise_level0,0,motion_noise,level1,motion_noise,level0,8.0709
o1,landscape,motion_noise_level2,stutter_level1,1,motion_noise,level2,stutter,level1,4.6500
o1,attic,restir_level0,noise_colors_level1,0,restir,level0,noise_colors,level1,1.9129
o1,zeroday,temporal-resolution-multiplexing_level1,motion_resolution_level0,0,temporal-resolution-multiplexing,level1,motion_resolution,level0,7.9292
o1,landscape,stutter_level2,duration_flicker_level1,0,stutter,level2,duration_flicker,level1,4.7250
o1,classroom,duration_flicker_level1,motion_noise_level1,0,duration_flicker,level1,motion_noise,level1,2.4417
o1,zeroday,duration_flicker_level2,motion_resolution_level0,0,duration_flicker,level2,motion_resolution,level0,2.7792
o1,bistro_interior,restir_level1,noise_colors_level2,0,restir,level1,noise_colors,level2,3.0715
o1,landscape,motion_noise_level0,motion_noise_level1,1,motion_noise,level0,motion_noise,level1,9.0625
o1,attic,judder_level2,judder_level1,0,judder,level2,judder,level1,3.1667
o1,subway,motion_noise_level0,motion_noise_level1,1,motion_noise,level0,motion_noise,level1,2.2959
o1,zeroday,restir_level1,duration_flicker_level2,0,restir,level1,duration_flicker,level2,2.9334
o1,landscape,motion_noise_level0,restir_level1,1,motion_noise,level0,restir,level1,6.0125
o1,marbles,motion_noise_level1,dlss_rr_level1,0,motion_noise,level1,dlss_rr,level1,2.9504
o1,marbles,motion_noise_level0,stutter_level0,0,motion_noise,level0,stutter,level0,6.0459
o1,landscape,noise_colors_level0,restir_level1,1,noise_colors,level0,restir,level1,2.4417
o1,bistro_exterior,noise_colors_level0,duration_flicker_level0,1,noise_colors,level0,duration_flicker,level0,3.4834
o1,landscape,judder_level2,dlss_rr_level2,1,judder,level2,dlss_rr,level2,5.0793
o1,attic,duration_flicker_level0,restir_level0,1,duration_flicker,level0,restir,level0,2.7375
o1,subway,judder_level0,noise_colors_level0,1,judder,level0,noise_colors,level0,7.5875
o1,zeroday,dlss_rr_level0,motion_resolution_level0,1,dlss_rr,level0,motion_resolution,level0,4.1542
o1,attic,duration_flicker_level0,temporal-resolution-multiplexing_level1,1,duration_flicker,level0,temporal-resolution-multiplexing,level1,1.7542
o1,landscape,restir_level1,reference,0,restir,level1,reference,reference,4.7334
o1,bistro_exterior,stutter_level2,motion_resolution_level1,1,stutter,level2,motion_resolution,level1,9.7667
o1,landscape,motion_resolution_level0,dlss_rr_level0,1,motion_resolution,level0,dlss_rr,level0,11.3000
o1,subway,dlss_rr_level2,duration_flicker_level2,0,dlss_rr,level2,duration_flicker,level2,3.0375
o1,marbles,noise_colors_level0,stutter_level1,1,noise_colors,level0,stutter,level1,5.8959
o1,marbles,noise_colors_level2,noise_colors_level1,0,noise_colors,level2,noise_colors,level1,3.0125
o1,subway,motion_resolution_level1,restir_level0,1,motion_resolution,level1,restir,level0,3.3250
o1,pink_room,temporal-resolution-multiplexing_level0,stutter_level1,1,temporal-resolution-multiplexing,level0,stutter,level1,13.2591
o1,marbles,restir_level1,motion_noise_level2,1,restir,level1,motion_noise,level2,6.0042
o1,attic,stutter_level2,judder_level0,0,stutter,level2,judder,level0,1.4000
o1,zeroday,judder_level1,reference,1,judder,level1,reference,reference,11.7709
o1,zeroday,reference,temporal-resolution-multiplexing_level0,1,reference,reference,temporal-resolution-multiplexing,level0,10.2250
o1,bistro_interior,motion_noise_level0,duration_flicker_level2,1,motion_noise,level0,duration_flicker,level2,1.7709
o1,bistro_exterior,restir_level0,dlss_rr_level1,1,restir,level0,dlss_rr,level1,9.0042
o1,bistro_interior,duration_flicker_level1,stutter_level0,0,duration_flicker,level1,stutter,level0,2.2875
o1,pink_room,duration_flicker_level2,motion_resolution_level2,0,duration_flicker,level2,motion_resolution,level2,5.0417
o1,bistro_exterior,noise_colors_level0,stutter_level0,1,noise_colors,level0,stutter,level0,8.5302
o1,zeroday,motion_resolution_level0,stutter_level2,1,motion_resolution,level0,stutter,level2,8.0459
o1,bistro_exterior,motion_resolution_level1,duration_flicker_level2,0,motion_resolution,level1,duration_flicker,level2,8.9667
o1,zeroday,restir_level1,motion_resolution_level1,0,restir,level1,motion_resolution,level1,3.8209
o1,zeroday,duration_flicker_level1,restir_level2,1,duration_flicker,level1,restir,level2,3.7417
o1,attic,dlss_rr_level1,restir_level2,1,dlss_rr,level1,restir,level2,3.6625
o1,bistro_exterior,restir_level1,noise_colors_level0,0,restir,level1,noise_colors,level0,2.8250
o1,pink_room,stutter_level2,judder_level0,0,stutter,level2,judder,level0,6.5125
o1,marbles,reference,judder_level1,0,reference,reference,judder,level1,10.0428
o1,bistro_interior,temporal-resolution-multiplexing_level2,duration_flicker_level0,0,temporal-resolution-multiplexing,level2,duration_flicker,level0,5.2215
o1,marbles,motion_noise_level2,dlss_rr_level1,0,motion_noise,level2,dlss_rr,level1,2.0836
o1,pink_room,dlss_rr_level0,judder_level0,0,dlss_rr,level0,judder,level0,4.9667
o1,attic,duration_flicker_level2,motion_noise_level2,0,duration_flicker,level2,motion_noise,level2,9.6178
o1,marbles,motion_resolution_level1,restir_level2,1,motion_resolution,level1,restir,level2,7.7634
o1,pink_room,stutter_level2,stutter_level0,0,stutter,level2,stutter,level0,5.2459
o1,bistro_exterior,temporal-resolution-multiplexing_level2,restir_level2,0,temporal-resolution-multiplexing,level2,restir,level2,7.5594
o1,attic,duration_flicker_level2,judder_level0,0,duration_flicker,level2,judder,level0,3.7922
o1,bistro_interior,restir_level1,dlss_rr_level2,0,restir,level1,dlss_rr,level2,13.5060
o1,bistro_interior,stutter_level1,temporal-resolution-multiplexing_level2,1,stutter,level1,temporal-resolution-multiplexing,level2,1.7711
o1,pink_room,motion_noise_level0,reference,1,motion_noise,level0,reference,reference,12.9507
o1,bistro_interior,judder_level0,noise_colors_level1,0,judder,level0,noise_colors,level1,2.5500
o1,pink_room,noise_colors_level1,motion_noise_level1,0,noise_colors,level1,motion_noise,level1,4.0544
o1,pink_room,judder_level1,restir_level1,1,judder,level1,restir,level1,2.9334
o1,bistro_interior,restir_level1,motion_resolution_level1,0,restir,level1,motion_resolution,level1,2.5337
o1,pink_room,judder_level0,noise_colors_level2,1,judder,level0,noise_colors,level2,2.0586
o1,pink_room,motion_resolution_level1,duration_flicker_level2,1,motion_resolution,level1,duration_flicker,level2,1.6044
o1,pink_room,dlss_rr_level2,restir_level2,0,dlss_rr,level2,restir,level2,2.7709
o1,pink_room,noise_colors_level1,motion_noise_level2,1,noise_colors,level1,motion_noise,level2,3.4042
o1,pink_room,duration_flicker_level2,dlss_rr_level0,0,duration_flicker,level2,dlss_rr,level0,1.8959
o3,marbles,judder_level2,motion_noise_level2,1,judder,level2,motion_noise,level2,2.6381
o3,pink_room,motion_noise_level2,restir_level1,1,motion_noise,level2,restir,level1,2.8751
o3,marbles,noise_colors_level0,temporal-resolution-multiplexing_level1,1,noise_colors,level0,temporal-resolution-multiplexing,level1,3.2709
o3,bistro_exterior,duration_flicker_level0,motion_noise_level2,1,duration_flicker,level0,motion_noise,level2,2.4209
o3,zeroday,judder_level1,reference,0,judder,level1,reference,reference,8.7042
o3,bistro_interior,stutter_level1,noise_colors_level1,1,stutter,level1,noise_colors,level1,2.4793
o3,zeroday,dlss_rr_level0,duration_flicker_level0,1,dlss_rr,level0,duration_flicker,level0,3.0834
o3,landscape,judder_level2,stutter_level2,1,judder,level2,stutter,level2,4.3459
o3,bistro_interior,noise_colors_level2,stutter_level2,1,noise_colors,level2,stutter,level2,2.3877
o3,subway,motion_resolution_level1,duration_flicker_level2,1,motion_resolution,level1,duration_flicker,level2,4.7167
o3,attic,restir_level2,noise_colors_level2,0,restir,level2,noise_colors,level2,3.3168
o3,classroom,judder_level2,motion_resolution_level0,0,judder,level2,motion_resolution,level0,2.1917
o3,bistro_interior,motion_resolution_level1,restir_level0,0,motion_resolution,level1,restir,level0,4.2459
o3,classroom,judder_level0,motion_resolution_level0,0,judder,level0,motion_resolution,level0,6.4709
o3,classroom,motion_resolution_level1,duration_flicker_level1,1,motion_resolution,level1,duration_flicker,level1,3.6625
o3,subway,temporal-resolution-multiplexing_level1,duration_flicker_level2,1,temporal-resolution-multiplexing,level1,duration_flicker,level2,8.3380
o3,landscape,judder_level2,duration_flicker_level0,1,judder,level2,duration_flicker,level0,3.7421
o3,bistro_exterior,duration_flicker_level2,dlss_rr_level2,0,duration_flicker,level2,dlss_rr,level2,4.0292
o3,subway,noise_colors_level0,motion_noise_level0,1,noise_colors,level0,motion_noise,level0,3.8000
o3,landscape,noise_colors_level1,dlss_rr_level0,1,noise_colors,level1,dlss_rr,level0,3.3792
o3,pink_room,noise_colors_level1,motion_noise_level2,0,noise_colors,level1,motion_noise,level2,2.7417
o3,landscape,noise_colors_level0,restir_level0,1,noise_colors,level0,restir,level0,9.7000
o3,subway,duration_flicker_level2,duration_flicker_level0,1,duration_flicker,level2,duration_flicker,level0,8.6875
o3,marbles,stutter_level1,motion_noise_level0,1,stutter,level1,motion_noise,level0,3.7417
o3,bistro_exterior,restir_level1,temporal-resolution-multiplexing_level1,0,restir,level1,temporal-resolution-multiplexing,level1,4.7167
o3,marbles,stutter_level0,judder_level0,1,stutter,level0,judder,level0,7.6834
o3,pink_room,stutter_level0,noise_colors_level0,1,stutter,level0,noise_colors,level0,9.1584
o3,zeroday,noise_colors_level0,judder_level2,1,noise_colors,level0,judder,level2,5.2292
o3,landscape,dlss_rr_level0,judder_level2,0,dlss_rr,level0,judder,level2,4.7042
o3,classroom,duration_flicker_level1,dlss_rr_level2,0,duration_flicker,level1,dlss_rr,level2,3.0167
o3,attic,motion_resolution_level1,duration_flicker_level2,1,motion_resolution,level1,duration_flicker,level2,3.0250
o3,marbles,judder_level1,noise_colors_level0,1,judder,level1,noise_colors,level0,12.0000
o3,subway,reference,stutter_level1,0,reference,reference,stutter,level1,10.0792
o3,subway,motion_noise_level2,temporal-resolution-multiplexing_level1,0,motion_noise,level2,temporal-resolution-multiplexing,level1,1.8419
o3,attic,restir_level2,duration_flicker_level1,0,restir,level2,duration_flicker,level1,2.0959
o3,zeroday,reference,temporal-resolution-multiplexing_level0,0,reference,reference,temporal-resolution-multiplexing,level0,9.7875
o3,zeroday,dlss_rr_level0,noise_colors_level1,1,dlss_rr,level0,noise_colors,level1,1.6042
o3,classroom,judder_level1,judder_level0,1,judder,level1,judder,level0,8.2750
o3,subway,duration_flicker_level1,motion_resolution_level1,0,duration_flicker,level1,motion_resolution,level1,3.3542
o3,pink_room,stutter_level2,dlss_rr_level1,0,stutter,level2,dlss_rr,level1,1.3001
o3,bistro_exterior,duration_flicker_level0,stutter_level1,0,duration_flicker,level0,stutter,level1,3.3167
o3,landscape,dlss_rr_level2,motion_resolution_level2,0,dlss_rr,level2,motion_resolution,level2,8.4626
o3,classroom,dlss_rr_level1,motion_noise_level0,0,dlss_rr,level1,motion_noise,level0,2.5875
o3,landscape,dlss_rr_level0,duration_flicker_level1,1,dlss_rr,level0,duration_flicker,level1,2.1500
o3,marbles,duration_flicker_level0,judder_level2,0,duration_flicker,level0,judder,level2,2.9625
o3,attic,temporal-resolution-multiplexing_level2,temporal-resolution-multiplexing_level1,1,temporal-resolution-multiplexing,level2,temporal-resolution-multiplexing,level1,3.0588
o3,marbles,judder_level2,dlss_rr_level0,0,judder,level2,dlss_rr,level0,3.6797
o3,marbles,restir_level2,duration_flicker_level2,0,restir,level2,duration_flicker,level2,7.4709
o3,bistro_interior,restir_level1,motion_resolution_level0,0,restir,level1,motion_resolution,level0,1.7584
o3,attic,temporal-resolution-multiplexing_level2,dlss_rr_level2,0,temporal-resolution-multiplexing,level2,dlss_rr,level2,2.4586
o3,attic,motion_noise_level1,motion_noise_level2,1,motion_noise,level1,motion_noise,level2,6.4544
o3,bistro_exterior,reference,motion_noise_level1,1,reference,reference,motion_noise,level1,1.8500
o3,bistro_exterior,motion_noise_level1,duration_flicker_level0,1,motion_noise,level1,duration_flicker,level0,3.3459
o3,classroom,motion_noise_level2,judder_level2,0,motion_noise,level2,judder,level2,7.8917
o3,pink_room,restir_level0,reference,0,restir,level0,reference,reference,4.6625
o3,bistro_interior,noise_colors_level2,temporal-resolution-multiplexing_level2,0,noise_colors,level2,temporal-resolution-multiplexing,level2,3.1672
o3,attic,duration_flicker_level0,judder_level2,0,duration_flicker,level0,judder,level2,3.1084
o3,subway,judder_level2,stutter_level2,1,judder,level2,stutter,level2,6.5084
o3,zeroday,dlss_rr_level0,judder_level0,1,dlss_rr,level0,judder,level0,8.1959
o3,bistro_interior,restir_level0,noise_colors_level2,0,restir,level0,noise_colors,level2,2.6667
o3,pink_room,motion_resolution_level0,judder_level2,1,motion_resolution,level0,judder,level2,2.1167
o3,subway,stutter_level1,judder_level0,1,stutter,level1,judder,level0,7.4844
o3,bistro_interior,judder_level2,dlss_rr_level1,1,judder,level2,dlss_rr,level1,2.1379
o3,landscape,motion_noise_level1,stutter_level1,0,motion_noise,level1,stutter,level1,4.7125
o3,subway,temporal-resolution-multiplexing_level2,temporal-resolution-multiplexing_level1,0,temporal-resolution-multiplexing,level2,temporal-resolution-multiplexing,level1,1.5125
o3,bistro_exterior,motion_resolution_level2,motion_resolution_level1,0,motion_resolution,level2,motion_resolution,level1,5.0584
o3,landscape,dlss_rr_level0,temporal-resolution-multiplexing_level2,1,dlss_rr,level0,temporal-resolution-multiplexing,level2,4.7667
o3,attic,judder_level0,noise_colors_level0,0,judder,level0,noise_colors,level0,7.3426
o3,zeroday,restir_level1,dlss_rr_level2,0,restir,level1,dlss_rr,level2,1.1834
o3,classroom,restir_level1,duration_flicker_level0,1,restir,level1,duration_flicker,level0,2.5667
o3,subway,stutter_level2,motion_resolution_level0,0,stutter,level2,motion_resolution,level0,7.1835
o3,marbles,motion_resolution_level0,stutter_level2,0,motion_resolution,level0,stutter,level2,3.8464
o3,classroom,motion_noise_level2,restir_level1,0,motion_noise,level2,restir,level1,2.9792
o3,zeroday,motion_noise_level0,judder_level2,1,motion_noise,level0,judder,level2,4.9917
o3,landscape,temporal-resolution-multiplexing_level0,reference,1,temporal-resolution-multiplexing,level0,reference,reference,6.4709
o3,classroom,temporal-resolution-multiplexing_level2,noise_colors_level2,0,temporal-resolution-multiplexing,level2,noise_colors,level2,3.3125
o3,classroom,stutter_level0,judder_level0,1,stutter,level0,judder,level0,5.3382
o3,subway,judder_level0,motion_noise_level0,1,judder,level0,motion_noise,level0,2.0542
o3,classroom,motion_resolution_level0,stutter_level1,0,motion_resolution,level0,stutter,level1,6.6167
o3,marbles,noise_colors_level1,restir_level1,0,noise_colors,level1,restir,level1,1.2544
o3,bistro_exterior,motion_resolution_level1,temporal-resolution-multiplexing_level2,1,motion_resolution,level1,temporal-resolution-multiplexing,level2,3.5753
o3,zeroday,motion_resolution_level1,restir_level2,1,motion_resolution,level1,restir,level2,4.7584
o3,pink_room,stutter_level2,noise_colors_level2,0,stutter,level2,noise_colors,level2,6.8043
o3,subway,temporal-resolution-multiplexing_level1,noise_colors_level2,1,temporal-resolution-multiplexing,level1,noise_colors,level2,2.8625
o3,attic,temporal-resolution-multiplexing_level0,stutter_level1,0,temporal-resolution-multiplexing,level0,stutter,level1,6.0625
o3,zeroday,restir_level2,motion_resolution_level2,0,restir,level2,motion_resolution,level2,3.0834
o3,bistro_exterior,stutter_level1,restir_level0,1,stutter,level1,restir,level0,4.7167
o3,landscape,dlss_rr_level1,stutter_level1,0,dlss_rr,level1,stutter,level1,2.7959
o3,classroom,restir_level2,temporal-resolution-multiplexing_level2,0,restir,level2,temporal-resolution-multiplexing,level2,7.0385
o3,zeroday,stutter_level2,motion_noise_level2,0,stutter,level2,motion_noise,level2,4.3000
o3,bistro_exterior,restir_level2,noise_colors_level2,0,restir,level2,noise_colors,level2,2.1793
o3,pink_room,dlss_rr_level1,duration_flicker_level2,1,dlss_rr,level1,duration_flicker,level2,1.8125
o3,subway,judder_level0,dlss_rr_level0,1,judder,level0,dlss_rr,level0,2.4000
o3,pink_room,motion_noise_level0,temporal-resolution-multiplexing_level0,1,motion_noise,level0,temporal-resolution-multiplexing,level0,3.8209
o3,landscape,restir_level1,noise_colors_level2,0,restir,level1,noise_colors,level2,3.8042
o3,subway,motion_noise_level0,temporal-resolution-multiplexing_level0,0,motion_noise,level0,temporal-resolution-multiplexing,level0,6.3292
o3,pink_room,motion_noise_level0,temporal-resolution-multiplexing_level1,1,motion_noise,level0,temporal-resolution-multiplexing,level1,3.0375
o3,marbles,stutter_level1,temporal-resolution-multiplexing_level0,1,stutter,level1,temporal-resolution-multiplexing,level0,3.5834
o3,attic,stutter_level0,noise_colors_level1,1,stutter,level0,noise_colors,level1,5.9750
o3,bistro_exterior,dlss_rr_level1,stutter_level2,1,dlss_rr,level1,stutter,level2,3.9917
o3,subway,motion_resolution_level1,dlss_rr_level1,1,motion_resolution,level1,dlss_rr,level1,2.7459
o3,bistro_exterior,temporal-resolution-multiplexing_level0,motion_noise_level0,1,temporal-resolution-multiplexing,level0,motion_noise,level0,4.9966
o3,bistro_interior,dlss_rr_level1,restir_level1,1,dlss_rr,level1,restir,level1,13.9349
o3,bistro_interior,temporal-resolution-multiplexing_level2,dlss_rr_level0,1,temporal-resolution-multiplexing,level2,dlss_rr,level0,2.0126
o3,subway,judder_level1,noise_colors_level1,1,judder,level1,noise_colors,level1,3.6834
o3,subway,restir_level0,temporal-resolution-multiplexing_level2,0,restir,level0,temporal-resolution-multiplexing,level2,3.5292
o3,landscape,noise_colors_level0,judder_level0,1,noise_colors,level0,judder,level0,14.2310
o3,zeroday,restir_level0,motion_noise_level0,0,restir,level0,motion_noise,level0,3.4917
o3,bistro_interior,judder_level1,motion_noise_level0,0,judder,level1,motion_noise,level0,6.8962
o3,subway,motion_noise_level0,stutter_level0,0,motion_noise,level0,stutter,level0,1.9335
o3,bistro_exterior,duration_flicker_level0,judder_level2,0,duration_flicker,level0,judder,level2,3.8709
o3,bistro_interior,dlss_rr_level0,stutter_level1,0,dlss_rr,level0,stutter,level1,1.4836
o3,bistro_interior,noise_colors_level0,noise_colors_level1,1,noise_colors,level0,noise_colors,level1,11.9298
o3,marbles,stutter_level1,judder_level0,1,stutter,level1,judder,level0,3.7418
o3,bistro_exterior,noise_colors_level2,stutter_level2,0,noise_colors,level2,stutter,level2,10.2096
o3,pink_room,duration_flicker_level2,duration_flicker_level1,0,duration_flicker,level2,duration_flicker,level1,1.4792
o3,subway,motion_resolution_level2,restir_level2,1,motion_resolution,level2,restir,level2,2.0500
o3,landscape,motion_noise_level2,temporal-resolution-multiplexing_level0,0,motion_noise,level2,temporal-resolution-multiplexing,level0,3.2375
o3,landscape,stutter_level1,motion_noise_level2,0,stutter,level1,motion_noise,level2,4.7334
o3,bistro_interior,motion_noise_level1,duration_flicker_level1,1,motion_noise,level1,duration_flicker,level1,2.7542
o3,attic,motion_resolution_level0,judder_level2,0,motion_resolution,level0,judder,level2,5.9757
o3,classroom,noise_colors_level1,judder_level2,0,noise_colors,level1,judder,level2,3.5588
o3,marbles,stutter_level1,reference,1,stutter,level1,reference,reference,3.5966
o3,subway,motion_resolution_level1,motion_resolution_level2,1,motion_resolution,level1,motion_resolution,level2,2.9417
o3,pink_room,motion_noise_level2,restir_level0,0,motion_noise,level2,restir,level0,2.8126
o3,subway,motion_noise_level1,duration_flicker_level2,0,motion_noise,level1,duration_flicker,level2,4.1126
o3,marbles,duration_flicker_level1,judder_level2,1,duration_flicker,level1,judder,level2,4.0001
o3,marbles,motion_resolution_level1,noise_colors_level2,1,motion_resolution,level1,noise_colors,level2,3.7626
o3,zeroday,reference,judder_level2,1,reference,reference,judder,level2,14.0383
o3,attic,stutter_level0,judder_level0,0,stutter,level0,judder,level0,2.7960
o3,pink_room,dlss_rr_level2,duration_flicker_level2,1,dlss_rr,level2,duration_flicker,level2,3.2459
o3,bistro_interior,noise_colors_level1,temporal-resolution-multiplexing_level0,0,noise_colors,level1,temporal-resolution-multiplexing,level0,3.1209
o3,pink_room,stutter_level0,judder_level0,1,stutter,level0,judder,level0,2.4626
o3,subway,dlss_rr_level2,duration_flicker_level2,0,dlss_rr,level2,duration_flicker,level2,8.3302
o3,attic,motion_noise_level1,judder_level2,1,motion_noise,level1,judder,level2,6.2173
o3,marbles,motion_noise_level2,motion_resolution_level0,1,motion_noise,level2,motion_resolution,level0,3.3000
o3,bistro_interior,dlss_rr_level2,motion_resolution_level2,1,dlss_rr,level2,motion_resolution,level2,4.5378
o3,pink_room,judder_level2,duration_flicker_level0,1,judder,level2,duration_flicker,level0,2.8964
o3,pink_room,temporal-resolution-multiplexing_level2,duration_flicker_level0,1,temporal-resolution-multiplexing,level2,duration_flicker,level0,3.0459
o3,bistro_interior,duration_flicker_level1,duration_flicker_level2,1,duration_flicker,level1,duration_flicker,level2,3.8334
o3,pink_room,temporal-resolution-multiplexing_level0,stutter_level1,0,temporal-resolution-multiplexing,level0,stutter,level1,4.9042
o3,bistro_exterior,restir_level0,noise_colors_level1,1,restir,level0,noise_colors,level1,3.9088
o3,landscape,motion_resolution_level0,stutter_level2,1,motion_resolution,level0,stutter,level2,3.5959
o3,classroom,restir_level1,duration_flicker_level2,1,restir,level1,duration_flicker,level2,2.5792
o3,zeroday,duration_flicker_level2,duration_flicker_level0,0,duration_flicker,level2,duration_flicker,level0,2.0917
o3,zeroday,stutter_level2,duration_flicker_level1,0,stutter,level2,duration_flicker,level1,3.3167
o3,marbles,restir_level0,judder_level2,1,restir,level0,judder,level2,3.7500
o3,subway,noise_colors_level2,restir_level1,1,noise_colors,level2,restir,level1,3.3042
o3,subway,duration_flicker_level0,judder_level2,0,duration_flicker,level0,judder,level2,8.1875
o3,bistro_interior,temporal-resolution-multiplexing_level1,noise_colors_level1,1,temporal-resolution-multiplexing,level1,noise_colors,level1,2.2211
o3,marbles,noise_colors_level2,duration_flicker_level2,1,noise_colors,level2,duration_flicker,level2,5.9836
o3,pink_room,stutter_level2,motion_noise_level2,0,stutter,level2,motion_noise,level2,4.4375
o3,attic,restir_level0,temporal-resolution-multiplexing_level1,1,restir,level0,temporal-resolution-multiplexing,level1,9.2508
o3,classroom,reference,dlss_rr_level0,1,reference,reference,dlss_rr,level0,3.6209
o3,pink_room,restir_level0,stutter_level1,0,restir,level0,stutter,level1,3.8834
o3,subway,duration_flicker_level0,stutter_level0,0,duration_flicker,level0,stutter,level0,4.2500
o3,subway,judder_level1,judder_level2,1,judder,level1,judder,level2,4.3167
o3,landscape,dlss_rr_level0,temporal-resolution-multiplexing_level1,1,dlss_rr,level0,temporal-resolution-multiplexing,level1,3.3792
o3,bistro_interior,judder_level0,temporal-resolution-multiplexing_level1,1,judder,level0,temporal-resolution-multiplexing,level1,2.1417
o3,zeroday,stutter_level1,dlss_rr_level0,0,stutter,level1,dlss_rr,level0,11.6042
o3,landscape,motion_resolution_level1,dlss_rr_level2,1,motion_resolution,level1,dlss_rr,level2,5.3459
o3,classroom,restir_level0,reference,0,restir,level0,reference,reference,3.9584
o3,attic,duration_flicker_level1,restir_level0,1,duration_flicker,level1,restir,level0,2.5168
o3,pink_room,motion_resolution_level1,duration_flicker_level1,1,motion_resolution,level1,duration_flicker,level1,2.9667
o3,classroom,motion_resolution_level2,duration_flicker_level2,0,motion_resolution,level2,duration_flicker,level2,6.5959
o3,attic,restir_level2,motion_resolution_level1,0,restir,level2,motion_resolution,level1,1.8250
o3,zeroday,dlss_rr_level1,motion_noise_level0,1,dlss_rr,level1,motion_noise,level0,3.2209
o3,classroom,dlss_rr_level2,motion_noise_level2,1,dlss_rr,level2,motion_noise,level2,2.8375
o3,bistro_interior,dlss_rr_level1,dlss_rr_level2,1,dlss_rr,level1,dlss_rr,level2,2.2252
o3,bistro_interior,reference,stutter_level0,1,reference,reference,stutter,level0,4.4459
o3,bistro_exterior,duration_flicker_level1,restir_level1,0,duration_flicker,level1,restir,level1,3.6044
o3,pink_room,motion_noise_level1,motion_resolution_level0,1,motion_noise,level1,motion_resolution,level0,2.8709
o3,bistro_interior,duration_flicker_level1,judder_level2,0,duration_flicker,level1,judder,level2,2.4167
o3,attic,judder_level2,restir_level1,1,judder,level2,restir,level1,2.4546
o3,bistro_interior,judder_level2,temporal-resolution-multiplexing_level2,0,judder,level2,temporal-resolution-multiplexing,level2,2.8125
o3,pink_room,temporal-resolution-multiplexing_level1,judder_level1,0,temporal-resolution-multiplexing,level1,judder,level1,3.8292
o3,bistro_interior,stutter_level0,duration_flicker_level0,0,stutter,level0,duration_flicker,level0,2.0834
o3,attic,motion_noise_level0,stutter_level0,1,motion_noise,level0,stutter,level0,6.9799
o3,bistro_exterior,duration_flicker_level2,restir_level2,0,duration_flicker,level2,restir,level2,3.0379
o3,marbles,judder_level2,motion_noise_level1,0,judder,level2,motion_noise,level1,11.9348
o3,attic,noise_colors_level0,stutter_level2,1,noise_colors,level0,stutter,level2,6.5051
o3,classroom,motion_noise_level0,judder_level2,0,motion_noise,level0,judder,level2,2.3211
o3,classroom,motion_noise_level2,temporal-resolution-multiplexing_level2,1,motion_noise,level2,temporal-resolution-multiplexing,level2,2.7546
o3,attic,restir_level0,stutter_level2,0,restir,level0,stutter,level2,1.8044
o3,marbles,dlss_rr_level0,reference,0,dlss_rr,level0,reference,reference,2.8459
o3,bistro_exterior,duration_flicker_level1,dlss_rr_level0,0,duration_flicker,level1,dlss_rr,level0,3.5047
o3,zeroday,restir_level1,restir_level2,1,restir,level1,restir,level2,2.4125
o3,classroom,reference,temporal-resolution-multiplexing_level0,0,reference,reference,temporal-resolution-multiplexing,level0,4.1042
o3,attic,reference,motion_noise_level2,1,reference,reference,motion_noise,level2,5.2167
o3,zeroday,motion_resolution_level0,temporal-resolution-multiplexing_level2,1,motion_resolution,level0,temporal-resolution-multiplexing,level2,1.8876
o3,pink_room,restir_level2,temporal-resolution-multiplexing_level2,1,restir,level2,temporal-resolution-multiplexing,level2,2.1375
o3,zeroday,dlss_rr_level0,judder_level2,1,dlss_rr,level0,judder,level2,7.6093
o3,bistro_exterior,noise_colors_level0,reference,1,noise_colors,level0,reference,reference,7.0334
o3,bistro_exterior,restir_level2,duration_flicker_level1,0,restir,level2,duration_flicker,level1,7.6677
o3,attic,judder_level1,stutter_level0,1,judder,level1,stutter,level0,6.8759
o3,marbles,temporal-resolution-multiplexing_level2,duration_flicker_level1,0,temporal-resolution-multiplexing,level2,duration_flicker,level1,6.1050
o3,bistro_interior,motion_noise_level0,noise_colors_level1,0,motion_noise,level0,noise_colors,level1,3.9213
o3,classroom,judder_level2,stutter_level2,0,judder,level2,stutter,level2,2.9881
o3,attic,restir_level0,dlss_rr_level1,0,restir,level0,dlss_rr,level1,2.3710
o3,landscape,judder_level0,stutter_level1,1,judder,level0,stutter,level1,4.8167
o3,bistro_exterior,duration_flicker_level1,motion_resolution_level0,0,duration_flicker,level1,motion_resolution,level0,2.9792
o3,landscape,noise_colors_level2,stutter_level1,0,noise_colors,level2,stutter,level1,2.6709
o3,classroom,motion_noise_level1,judder_level2,0,motion_noise,level1,judder,level2,2.6125
o3,classroom,dlss_rr_level2,dlss_rr_level0,1,dlss_rr,level2,dlss_rr,level0,6.6625
o3,marbles,motion_resolution_level2,temporal-resolution-multiplexing_level2,1,motion_resolution,level2,temporal-resolution-multiplexing,level2,11.6182
o3,bistro_interior,restir_level1,restir_level2,1,restir,level1,restir,level2,9.9171
o3,marbles,restir_level0,noise_colors_level0,0,restir,level0,noise_colors,level0,6.6292
o3,landscape,noise_colors_level2,dlss_rr_level0,0,noise_colors,level2,dlss_rr,level0,7.0917
o3,attic,judder_level0,temporal-resolution-multiplexing_level0,1,judder,level0,temporal-resolution-multiplexing,level0,2.5672
o3,attic,dlss_rr_level0,motion_noise_level1,0,dlss_rr,level0,motion_noise,level1,1.8377
o3,classroom,reference,noise_colors_level0,0,reference,reference,noise_colors,level0,6.6709
o3,marbles,duration_flicker_level1,duration_flicker_level2,0,duration_flicker,level1,duration_flicker,level2,3.4500
o3,bistro_exterior,stutter_level0,judder_level0,1,stutter,level0,judder,level0,6.5500
o3,bistro_interior,motion_noise_level2,duration_flicker_level0,0,motion_noise,level2,duration_flicker,level0,2.0667
o3,attic,motion_resolution_level1,motion_resolution_level2,1,motion_resolution,level1,motion_resolution,level2,1.8293
o3,marbles,dlss_rr_level2,temporal-resolution-multiplexing_level2,1,dlss_rr,level2,temporal-resolution-multiplexing,level2,2.8042
o3,classroom,temporal-resolution-multiplexing_level1,motion_resolution_level0,0,temporal-resolution-multiplexing,level1,motion_resolution,level0,4.1042
o3,bistro_exterior,restir_level1,motion_noise_level2,0,restir,level1,motion_noise,level2,1.6127
o3,zeroday,noise_colors_level2,stutter_level0,0,noise_colors,level2,stutter,level0,2.6542
o3,pink_room,stutter_level2,duration_flicker_level0,0,stutter,level2,duration_flicker,level0,1.6959
o3,bistro_interior,duration_flicker_level1,duration_flicker_level0,0,duration_flicker,level1,duration_flicker,level0,3.2629
o3,attic,judder_level2,stutter_level2,1,judder,level2,stutter,level2,3.7379
o3,landscape,duration_flicker_level2,dlss_rr_level2,0,duration_flicker,level2,dlss_rr,level2,3.3375
o3,landscape,noise_colors_level0,stutter_level0,1,noise_colors,level0,stutter,level0,4.9000
o3,bistro_exterior,judder_level1,judder_level0,1,judder,level1,judder,level0,4.4375
o3,pink_room,motion_resolution_level1,motion_resolution_level2,1,motion_resolution,level1,motion_resolution,level2,1.7417
o3,marbles,judder_level2,dlss_rr_level1,0,judder,level2,dlss_rr,level1,4.0588
o3,bistro_exterior,temporal-resolution-multiplexing_level0,duration_flicker_level1,1,temporal-resolution-multiplexing,level0,duration_flicker,level1,2.8879
o3,pink_room,duration_flicker_level0,dlss_rr_level0,1,duration_flicker,level0,dlss_rr,level0,2.0209
o3,bistro_exterior,motion_noise_level2,judder_level0,0,motion_noise,level2,judder,level0,6.8667
o3,landscape,motion_noise_level0,restir_level0,1,motion_noise,level0,restir,level0,4.6625
o3,landscape,stutter_level2,dlss_rr_level2,1,stutter,level2,dlss_rr,level2,3.8334
o3,marbles,restir_level0,restir_level1,1,restir,level0,restir,level1,3.4089
o3,bistro_exterior,motion_resolution_level2,dlss_rr_level2,0,motion_resolution,level2,dlss_rr,level2,5.1507
o3,landscape,judder_level0,judder_level1,1,judder,level0,judder,level1,4.9834
o3,zeroday,dlss_rr_level2,dlss_rr_level0,0,dlss_rr,level2,dlss_rr,level0,3.2625
o3,landscape,restir_level2,noise_colors_level0,0,restir,level2,noise_colors,level0,2.1796
o3,zeroday,motion_resolution_level0,dlss_rr_level0,0,motion_resolution,level0,dlss_rr,level0,2.7417
o3,pink_room,judder_level0,judder_level2,1,judder,level0,judder,level2,3.6417
o3,zeroday,stutter_level2,dlss_rr_level0,0,stutter,level2,dlss_rr,level0,2.4003
o3,zeroday,stutter_level0,stutter_level1,1,stutter,level0,stutter,level1,7.7417
o3,zeroday,temporal-resolution-multiplexing_level1,dlss_rr_level0,1,temporal-resolution-multiplexing,level1,dlss_rr,level0,8.1875
o3,zeroday,motion_noise_level1,judder_level1,0,motion_noise,level1,judder,level1,8.7625
rafal,bistro_interior,motion_resolution_level0,dlss_rr_level0,0,motion_resolution,level0,dlss_rr,level0,2.8836
rafal,bistro_exterior,stutter_level2,duration_flicker_level2,1,stutter,level2,duration_flicker,level2,8.2595
rafal,marbles,stutter_level1,duration_flicker_level0,0,stutter,level1,duration_flicker,level0,31.1625
rafal,subway,restir_level1,restir_level0,0,restir,level1,restir,level0,20.8293
rafal,attic,judder_level2,motion_resolution_level1,1,judder,level2,motion_resolution,level1,38.6717
rafal,bistro_exterior,stutter_level2,dlss_rr_level1,0,stutter,level2,dlss_rr,level1,3.7298
rafal,bistro_interior,motion_resolution_level2,motion_resolution_level0,0,motion_resolution,level2,motion_resolution,level0,2.1793
rafal,bistro_interior,judder_level2,dlss_rr_level2,1,judder,level2,dlss_rr,level2,13.8168
rafal,classroom,dlss_rr_level2,stutter_level2,0,dlss_rr,level2,stutter,level2,14.1042
rafal,zeroday,motion_resolution_level0,temporal-resolution-multiplexing_level2,1,motion_resolution,level0,temporal-resolution-multiplexing,level2,2.3084
rafal,bistro_exterior,stutter_level1,motion_resolution_level1,1,stutter,level1,motion_resolution,level1,4.7129
rafal,subway,stutter_level1,noise_colors_level0,1,stutter,level1,noise_colors,level0,13.2559
rafal,pink_room,duration_flicker_level0,temporal-resolution-multiplexing_level1,0,duration_flicker,level0,temporal-resolution-multiplexing,level1,3.1625
rafal,marbles,judder_level2,dlss_rr_level1,0,judder,level2,dlss_rr,level1,14.0970
rafal,landscape,dlss_rr_level2,motion_resolution_level1,1,dlss_rr,level2,motion_resolution,level1,8.4763
rafal,marbles,motion_noise_level1,stutter_level0,0,motion_noise,level1,stutter,level0,8.5719
rafal,marbles,restir_level0,dlss_rr_level2,1,restir,level0,dlss_rr,level2,5.3466
rafal,attic,restir_level0,temporal-resolution-multiplexing_level0,0,restir,level0,temporal-resolution-multiplexing,level0,4.4542
rafal,zeroday,duration_flicker_level1,noise_colors_level1,0,duration_flicker,level1,noise_colors,level1,12.7751
rafal,pink_room,stutter_level2,motion_resolution_level2,1,stutter,level2,motion_resolution,level2,3.1961
rafal,attic,temporal-resolution-multiplexing_level1,judder_level2,0,temporal-resolution-multiplexing,level1,judder,level2,7.9209
rafal,bistro_exterior,motion_noise_level2,stutter_level1,0,motion_noise,level2,stutter,level1,8.5584
rafal,attic,noise_colors_level0,stutter_level0,1,noise_colors,level0,stutter,level0,8.4174
rafal,landscape,motion_resolution_level2,motion_resolution_level1,0,motion_resolution,level2,motion_resolution,level1,4.6625
rafal,subway,motion_noise_level2,temporal-resolution-multiplexing_level1,0,motion_noise,level2,temporal-resolution-multiplexing,level1,16.3854
rafal,subway,temporal-resolution-multiplexing_level2,temporal-resolution-multiplexing_level1,0,temporal-resolution-multiplexing,level2,temporal-resolution-multiplexing,level1,6.3008
rafal,landscape,duration_flicker_level1,duration_flicker_level2,1,duration_flicker,level1,duration_flicker,level2,15.2345
rafal,attic,dlss_rr_level0,judder_level0,0,dlss_rr,level0,judder,level0,9.0554
rafal,landscape,motion_resolution_level1,temporal-resolution-multiplexing_level1,0,motion_resolution,level1,temporal-resolution-multiplexing,level1,5.2750
rafal,landscape,motion_resolution_level2,dlss_rr_level1,0,motion_resolution,level2,dlss_rr,level1,8.2709
rafal,marbles,reference,judder_level0,1,reference,reference,judder,level0,48.8764
rafal,classroom,temporal-resolution-multiplexing_level2,dlss_rr_level2,0,temporal-resolution-multiplexing,level2,dlss_rr,level2,7.8468
rafal,marbles,dlss_rr_level2,restir_level1,0,dlss_rr,level2,restir,level1,13.1350
rafal,zeroday,reference,stutter_level0,1,reference,reference,stutter,level0,24.0018
rafal,landscape,restir_level1,noise_colors_level1,1,restir,level1,noise_colors,level1,29.4556
rafal,attic,duration_flicker_level1,dlss_rr_level1,1,duration_flicker,level1,dlss_rr,level1,23.3488
rafal,zeroday,noise_colors_level1,restir_level1,1,noise_colors,level1,restir,level1,12.1183
rafal,marbles,motion_noise_level2,judder_level0,1,motion_noise,level2,judder,level0,40.3260
rafal,attic,noise_colors_level2,dlss_rr_level1,1,noise_colors,level2,dlss_rr,level1,13.8091
rafal,landscape,duration_flicker_level0,motion_resolution_level1,1,duration_flicker,level0,motion_resolution,level1,13.3975
rafal,zeroday,temporal-resolution-multiplexing_level0,restir_level0,0,temporal-resolution-multiplexing,level0,restir,level0,45.3346
rafal,marbles,temporal-resolution-multiplexing_level2,noise_colors_level2,0,temporal-resolution-multiplexing,level2,noise_colors,level2,8.3219
rafal,marbles,temporal-resolution-multiplexing_level2,motion_resolution_level1,1,temporal-resolution-multiplexing,level2,motion_resolution,level1,10.1263
rafal,attic,restir_level2,dlss_rr_level1,0,restir,level2,dlss_rr,level1,19.0209
rafal,classroom,duration_flicker_level1,dlss_rr_level2,0,duration_flicker,level1,dlss_rr,level2,12.7768
rafal,attic,dlss_rr_level0,judder_level1,0,dlss_rr,level0,judder,level1,12.2129
rafal,landscape,stutter_level1,judder_level2,1,stutter,level1,judder,level2,12.6640
rafal,zeroday,stutter_level1,noise_colors_level2,1,stutter,level1,noise_colors,level2,9.9677
rafal,classroom,temporal-resolution-multiplexing_level1,noise_colors_level0,0,temporal-resolution-multiplexing,level1,noise_colors,level0,8.4807
rafal,zeroday,restir_level0,duration_flicker_level0,0,restir,level0,duration_flicker,level0,33.3962
rafal,subway,duration_flicker_level0,judder_level2,1,duration_flicker,level0,judder,level2,13.2129
rafal,bistro_exterior,dlss_rr_level2,dlss_rr_level1,0,dlss_rr,level2,dlss_rr,level1,7.3179
rafal,marbles,dlss_rr_level2,duration_flicker_level2,0,dlss_rr,level2,duration_flicker,level2,33.8090
rafal,subway,dlss_rr_level1,noise_colors_level1,0,dlss_rr,level1,noise_colors,level1,57.6822
rafal,classroom,temporal-resolution-multiplexing_level2,noise_colors_level1,0,temporal-resolution-multiplexing,level2,noise_colors,level1,7.3385
rafal,attic,restir_level1,motion_resolution_level2,0,restir,level1,motion_resolution,level2,10.7417
rafal,landscape,temporal-resolution-multiplexing_level0,motion_resolution_level0,1,temporal-resolution-multiplexing,level0,motion_resolution,level0,65.8331
rafal,landscape,restir_level0,noise_colors_level1,0,restir,level0,noise_colors,level1,39.5711
rafal,bistro_exterior,temporal-resolution-multiplexing_level1,stutter_level2,1,temporal-resolution-multiplexing,level1,stutter,level2,18.2857
rafal,landscape,noise_colors_level1,dlss_rr_level0,1,noise_colors,level1,dlss_rr,level0,61.7535
rafal,pink_room,dlss_rr_level2,motion_resolution_level2,1,dlss_rr,level2,motion_resolution,level2,36.8661
rafal,marbles,stutter_level0,restir_level0,0,stutter,level0,restir,level0,19.4467
rafal,classroom,noise_colors_level0,judder_level0,1,noise_colors,level0,judder,level0,14.3334
rafal,landscape,judder_level2,motion_resolution_level1,1,judder,level2,motion_resolution,level1,8.3468
rafal,pink_room,temporal-resolution-multiplexing_level1,judder_level0,0,temporal-resolution-multiplexing,level1,judder,level0,9.8888
rafal,pink_room,motion_noise_level2,restir_level1,0,motion_noise,level2,restir,level1,7.4292
rafal,subway,motion_noise_level1,duration_flicker_level0,0,motion_noise,level1,duration_flicker,level0,2.6834
rafal,attic,duration_flicker_level0,dlss_rr_level1,1,duration_flicker,level0,dlss_rr,level1,3.6913
rafal,bistro_interior,duration_flicker_level2,motion_noise_level2,1,duration_flicker,level2,motion_noise,level2,6.8425
rafal,pink_room,restir_level2,restir_level1,0,restir,level2,restir,level1,9.6667
rafal,attic,stutter_level2,motion_resolution_level1,0,stutter,level2,motion_resolution,level1,13.6000
rafal,landscape,motion_resolution_level1,temporal-resolution-multiplexing_level2,0,motion_resolution,level1,temporal-resolution-multiplexing,level2,3.7000
rafal,subway,reference,stutter_level0,1,reference,reference,stutter,level0,25.2084
rafal,attic,temporal-resolution-multiplexing_level0,dlss_rr_level0,1,temporal-resolution-multiplexing,level0,dlss_rr,level0,4.3750
rafal,subway,dlss_rr_level2,duration_flicker_level0,0,dlss_rr,level2,duration_flicker,level0,7.9336
rafal,classroom,reference,stutter_level1,0,reference,reference,stutter,level1,9.9503
rafal,subway,dlss_rr_level0,judder_level2,1,dlss_rr,level0,judder,level2,17.5740
rafal,classroom,duration_flicker_level1,duration_flicker_level2,1,duration_flicker,level1,duration_flicker,level2,8.5594
rafal,subway,noise_colors_level1,motion_noise_level0,1,noise_colors,level1,motion_noise,level0,7.3426
rafal,zeroday,judder_level2,dlss_rr_level1,0,judder,level2,dlss_rr,level1,7.8385
rafal,subway,duration_flicker_level1,judder_level2,1,duration_flicker,level1,judder,level2,3.2542
rafal,bistro_exterior,temporal-resolution-multiplexing_level0,noise_colors_level1,1,temporal-resolution-multiplexing,level0,noise_colors,level1,6.0792
rafal,subway,dlss_rr_level1,stutter_level1,0,dlss_rr,level1,stutter,level1,8.5459
rafal,subway,motion_resolution_level2,temporal-resolution-multiplexing_level1,1,motion_resolution,level2,temporal-resolution-multiplexing,level1,5.2167
rafal,bistro_exterior,restir_level0,motion_resolution_level0,1,restir,level0,motion_resolution,level0,3.5251
rafal,bistro_exterior,duration_flicker_level1,judder_level2,1,duration_flicker,level1,judder,level2,4.1542
rafal,bistro_interior,judder_level2,duration_flicker_level1,0,judder,level2,duration_flicker,level1,8.5800
rafal,marbles,duration_flicker_level0,dlss_rr_level1,0,duration_flicker,level0,dlss_rr,level1,12.8182
rafal,landscape,restir_level2,noise_colors_level1,0,restir,level2,noise_colors,level1,10.1194
rafal,zeroday,noise_colors_level0,reference,0,noise_colors,level0,reference,reference,30.3008
rafal,zeroday,temporal-resolution-multiplexing_level1,duration_flicker_level0,1,temporal-resolution-multiplexing,level1,duration_flicker,level0,8.4584
rafal,classroom,restir_level1,duration_flicker_level1,1,restir,level1,duration_flicker,level1,6.7602
rafal,zeroday,noise_colors_level1,motion_noise_level2,0,noise_colors,level1,motion_noise,level2,34.2586
rafal,zeroday,restir_level1,motion_resolution_level1,1,restir,level1,motion_resolution,level1,4.1459
rafal,classroom,motion_noise_level0,restir_level0,0,motion_noise,level0,restir,level0,8.6959
rafal,bistro_interior,temporal-resolution-multiplexing_level0,reference,0,temporal-resolution-multiplexing,level0,reference,reference,8.9084
rafal,zeroday,judder_level0,judder_level1,1,judder,level0,judder,level1,7.2001
rafal,attic,motion_resolution_level1,dlss_rr_level1,1,motion_resolution,level1,dlss_rr,level1,2.6750
rafal,marbles,duration_flicker_level0,dlss_rr_level2,1,duration_flicker,level0,dlss_rr,level2,7.4337
rafal,bistro_interior,motion_noise_level2,judder_level0,1,motion_noise,level2,judder,level0,19.2792
rafal,pink_room,restir_level2,motion_noise_level1,0,restir,level2,motion_noise,level1,4.8209
rafal,pink_room,dlss_rr_level1,stutter_level1,0,dlss_rr,level1,stutter,level1,3.1713
rafal,zeroday,reference,judder_level0,1,reference,reference,judder,level0,7.1712
rafal,classroom,motion_noise_level0,stutter_level0,0,motion_noise,level0,stutter,level0,3.9088
rafal,pink_room,duration_flicker_level0,duration_flicker_level1,1,duration_flicker,level0,duration_flicker,level1,7.2094
rafal,bistro_interior,judder_level2,motion_resolution_level0,1,judder,level2,motion_resolution,level0,6.7592
rafal,bistro_exterior,restir_level0,stutter_level1,1,restir,level0,stutter,level1,8.8084
rafal,zeroday,judder_level1,judder_level2,0,judder,level1,judder,level2,13.3293
rafal,zeroday,noise_colors_level1,dlss_rr_level2,0,noise_colors,level1,dlss_rr,level2,12.6875
rafal,landscape,motion_noise_level1,motion_noise_level0,0,motion_noise,level1,motion_noise,level0,9.2928
rafal,attic,judder_level1,motion_noise_level2,1,judder,level1,motion_noise,level2,6.2253
rafal,landscape,noise_colors_level1,judder_level2,1,noise_colors,level1,judder,level2,4.6584
rafal,subway,judder_level0,motion_resolution_level0,0,judder,level0,motion_resolution,level0,17.5209
rafal,attic,dlss_rr_level0,stutter_level0,0,dlss_rr,level0,stutter,level0,4.3875
rafal,marbles,judder_level1,restir_level0,0,judder,level1,restir,level0,13.4760
rafal,subway,stutter_level1,temporal-resolution-multiplexing_level0,0,stutter,level1,temporal-resolution-multiplexing,level0,7.9386
rafal,marbles,temporal-resolution-multiplexing_level0,noise_colors_level0,0,temporal-resolution-multiplexing,level0,noise_colors,level0,9.7929
rafal,landscape,dlss_rr_level1,stutter_level2,1,dlss_rr,level1,stutter,level2,4.1292
rafal,landscape,noise_colors_level2,motion_resolution_level1,1,noise_colors,level2,motion_resolution,level1,3.9667
rafal,zeroday,noise_colors_level1,duration_flicker_level2,0,noise_colors,level1,duration_flicker,level2,11.7625
rafal,attic,noise_colors_level1,motion_resolution_level0,0,noise_colors,level1,motion_resolution,level0,3.7792
rafal,zeroday,stutter_level1,reference,0,stutter,level1,reference,reference,13.0375
rafal,landscape,noise_colors_level1,judder_level0,0,noise_colors,level1,judder,level0,7.8834
rafal,bistro_interior,judder_level2,stutter_level2,1,judder,level2,stutter,level2,12.0625
rafal,zeroday,restir_level2,motion_resolution_level1,1,restir,level2,motion_resolution,level1,4.8625
rafal,marbles,temporal-resolution-multiplexing_level0,reference,0,temporal-resolution-multiplexing,level0,reference,reference,15.3811
rafal,pink_room,motion_noise_level0,judder_level0,1,motion_noise,level0,judder,level0,37.9663
rafal,attic,motion_noise_level0,noise_colors_level0,0,motion_noise,level0,noise_colors,level0,9.0795
rafal,bistro_interior,noise_colors_level2,stutter_level2,1,noise_colors,level2,stutter,level2,8.4677
rafal,classroom,motion_noise_level1,judder_level0,0,motion_noise,level1,judder,level0,3.9714
rafal,marbles,temporal-resolution-multiplexing_level1,dlss_rr_level2,1,temporal-resolution-multiplexing,level1,dlss_rr,level2,8.0136
rafal,subway,duration_flicker_level2,dlss_rr_level0,0,duration_flicker,level2,dlss_rr,level0,7.1417
rafal,zeroday,motion_resolution_level2,restir_level2,0,motion_resolution,level2,restir,level2,3.3625
rafal,pink_room,temporal-resolution-multiplexing_level0,restir_level2,1,temporal-resolution-multiplexing,level0,restir,level2,8.6010
rafal,subway,restir_level2,noise_colors_level2,0,restir,level2,noise_colors,level2,6.8343
rafal,classroom,judder_level1,restir_level1,1,judder,level1,restir,level1,3.7711
rafal,subway,dlss_rr_level1,motion_resolution_level0,0,dlss_rr,level1,motion_resolution,level0,8.7459
rafal,classroom,judder_level0,restir_level1,1,judder,level0,restir,level1,4.0631
rafal,zeroday,restir_level0,stutter_level2,1,restir,level0,stutter,level2,3.9417
rafal,landscape,stutter_level0,noise_colors_level0,0,stutter,level0,noise_colors,level0,7.6792
rafal,marbles,motion_noise_level0,judder_level1,1,motion_noise,level0,judder,level1,9.3469
rafal,landscape,stutter_level0,motion_resolution_level0,1,stutter,level0,motion_resolution,level0,4.3543
rafal,marbles,duration_flicker_level1,noise_colors_level1,0,duration_flicker,level1,noise_colors,level1,9.7971
rafal,classroom,stutter_level2,dlss_rr_level0,0,stutter,level2,dlss_rr,level0,8.7667
rafal,bistro_interior,noise_colors_level1,motion_noise_level0,0,noise_colors,level1,motion_noise,level0,9.8375
rafal,classroom,duration_flicker_level1,noise_colors_level2,1,duration_flicker,level1,noise_colors,level2,6.6468
rafal,zeroday,motion_noise_level1,restir_level0,1,motion_noise,level1,restir,level0,7.9751
rafal,marbles,dlss_rr_level2,temporal-resolution-multiplexing_level2,1,dlss_rr,level2,temporal-resolution-multiplexing,level2,8.0384
rafal,classroom,restir_level2,motion_resolution_level2,1,restir,level2,motion_resolution,level2,3.2547
rafal,pink_room,motion_resolution_level2,noise_colors_level2,0,motion_resolution,level2,noise_colors,level2,4.8167
rafal,marbles,restir_level2,duration_flicker_level1,0,restir,level2,duration_flicker,level1,4.2297
rafal,bistro_exterior,noise_colors_level0,judder_level1,1,noise_colors,level0,judder,level1,8.3292
rafal,bistro_exterior,temporal-resolution-multiplexing_level2,temporal-resolution-multiplexing_level1,0,temporal-resolution-multiplexing,level2,temporal-resolution-multiplexing,level1,7.7591
rafal,classroom,judder_level0,motion_resolution_level0,1,judder,level0,motion_resolution,level0,3.8172
rafal,landscape,motion_noise_level1,reference,0,motion_noise,level1,reference,reference,4.5792
rafal,subway,duration_flicker_level0,motion_resolution_level2,1,duration_flicker,level0,motion_resolution,level2,2.6417
rafal,zeroday,dlss_rr_level0,noise_colors_level1,1,dlss_rr,level0,noise_colors,level1,7.1459
rafal,marbles,stutter_level2,dlss_rr_level2,1,stutter,level2,dlss_rr,level2,4.7750
rafal,subway,noise_colors_level2,motion_resolution_level2,1,noise_colors,level2,motion_resolution,level2,2.6334
rafal,classroom,stutter_level1,motion_noise_level0,1,stutter,level1,motion_noise,level0,7.3042
rafal,bistro_exterior,restir_level2,judder_level2,1,restir,level2,judder,level2,3.6668
rafal,zeroday,noise_colors_level1,temporal-resolution-multiplexing_level2,1,noise_colors,level1,temporal-resolution-multiplexing,level2,3.2917
rafal,attic,temporal-resolution-multiplexing_level0,duration_flicker_level2,1,temporal-resolution-multiplexing,level0,duration_flicker,level2,6.8318
rafal,marbles,motion_resolution_level2,temporal-resolution-multiplexing_level2,0,motion_resolution,level2,temporal-resolution-multiplexing,level2,13.1308
rafal,zeroday,dlss_rr_level1,restir_level0,0,dlss_rr,level1,restir,level0,4.9042
rafal,classroom,restir_level2,dlss_rr_level2,0,restir,level2,dlss_rr,level2,5.1459
rafal,zeroday,reference,motion_noise_level0,0,reference,reference,motion_noise,level0,8.7584
rafal,pink_room,duration_flicker_level1,motion_resolution_level2,1,duration_flicker,level1,motion_resolution,level2,7.8043
rafal,classroom,temporal-resolution-multiplexing_level0,reference,0,temporal-resolution-multiplexing,level0,reference,reference,13.2542
rafal,attic,noise_colors_level1,reference,0,noise_colors,level1,reference,reference,12.0667
rafal,marbles,motion_noise_level2,dlss_rr_level0,0,motion_noise,level2,dlss_rr,level0,18.6565
rafal,marbles,duration_flicker_level0,motion_noise_level2,0,duration_flicker,level0,motion_noise,level2,6.4968
rafal,bistro_exterior,restir_level0,motion_noise_level0,0,restir,level0,motion_noise,level0,8.6209
rafal,landscape,noise_colors_level0,motion_noise_level1,0,noise_colors,level0,motion_noise,level1,9.2672
rafal,attic,dlss_rr_level1,restir_level1,0,dlss_rr,level1,restir,level1,14.0351
rafal,landscape,motion_resolution_level0,motion_noise_level2,0,motion_resolution,level0,motion_noise,level2,4.2090
rafal,classroom,dlss_rr_level2,motion_resolution_level1,1,dlss_rr,level2,motion_resolution,level1,7.4084
rafal,classroom,noise_colors_level0,stutter_level1,1,noise_colors,level0,stutter,level1,9.2417
rafal,bistro_interior,reference,motion_noise_level0,0,reference,reference,motion_noise,level0,12.9847
rafal,bistro_exterior,reference,stutter_level0,1,reference,reference,stutter,level0,3.4709
rafal,landscape,motion_resolution_level0,noise_colors_level1,0,motion_resolution,level0,noise_colors,level1,4.5209
rafal,attic,stutter_level1,noise_colors_level1,1,stutter,level1,noise_colors,level1,7.8792
rafal,bistro_exterior,stutter_level0,judder_level1,1,stutter,level0,judder,level1,3.2875
rafal,attic,stutter_level1,dlss_rr_level0,1,stutter,level1,dlss_rr,level0,2.8046
rafal,pink_room,noise_colors_level0,judder_level1,0,noise_colors,level0,judder,level1,8.8089
rafal,bistro_exterior,restir_level0,dlss_rr_level0,1,restir,level0,dlss_rr,level0,7.6000
rafal,pink_room,motion_resolution_level2,motion_resolution_level1,0,motion_resolution,level2,motion_resolution,level1,2.2334
rafal,marbles,motion_resolution_level0,dlss_rr_level2,0,motion_resolution,level0,dlss_rr,level2,14.7383
rafal,marbles,noise_colors_level1,dlss_rr_level2,1,noise_colors,level1,dlss_rr,level2,7.6512
rafal,zeroday,restir_level0,dlss_rr_level0,0,restir,level0,dlss_rr,level0,7.9000
rafal,bistro_interior,dlss_rr_level1,motion_noise_level1,0,dlss_rr,level1,motion_noise,level1,4.4125
rafal,classroom,dlss_rr_level1,judder_level0,0,dlss_rr,level1,judder,level0,2.3250
rafal,bistro_interior,stutter_level0,dlss_rr_level1,1,stutter,level0,dlss_rr,level1,2.5875
rafal,pink_room,duration_flicker_level2,duration_flicker_level0,0,duration_flicker,level2,duration_flicker,level0,4.2709
rafal,subway,dlss_rr_level1,motion_resolution_level1,1,dlss_rr,level1,motion_resolution,level1,7.0542
rafal,classroom,judder_level0,judder_level2,0,judder,level0,judder,level2,88.5602
rafal,bistro_interior,restir_level2,motion_resolution_level1,1,restir,level2,motion_resolution,level1,2.1667
rafal,attic,restir_level1,temporal-resolution-multiplexing_level2,1,restir,level1,temporal-resolution-multiplexing,level2,3.3000
rafal,landscape,motion_resolution_level0,judder_level1,0,motion_resolution,level0,judder,level1,4.0417
rafal,bistro_exterior,restir_level0,judder_level1,1,restir,level0,judder,level1,3.3667
rafal,subway,judder_level1,noise_colors_level1,0,judder,level1,noise_colors,level1,7.3125
rafal,attic,dlss_rr_level0,judder_level2,0,dlss_rr,level0,judder,level2,3.7709
rafal,landscape,duration_flicker_level1,dlss_rr_level2,1,duration_flicker,level1,dlss_rr,level2,9.6750
rafal,subway,dlss_rr_level1,dlss_rr_level0,0,dlss_rr,level1,dlss_rr,level0,18.3500
rafal,bistro_exterior,noise_colors_level2,motion_resolution_level2,1,noise_colors,level2,motion_resolution,level2,3.6839
rafal,subway,stutter_level0,temporal-resolution-multiplexing_level0,0,stutter,level0,temporal-resolution-multiplexing,level0,10.2250
rafal,bistro_interior,duration_flicker_level0,dlss_rr_level1,1,duration_flicker,level0,dlss_rr,level1,3.4292
rafal,attic,motion_noise_level1,noise_colors_level1,0,motion_noise,level1,noise_colors,level1,17.9773
rafal,bistro_exterior,restir_level0,noise_colors_level1,1,restir,level0,noise_colors,level1,8.2584
rafal,subway,restir_level1,temporal-resolution-multiplexing_level1,0,restir,level1,temporal-resolution-multiplexing,level1,8.0585
rafal,attic,dlss_rr_level2,motion_resolution_level1,0,dlss_rr,level2,motion_resolution,level1,3.3125
rafal,bistro_interior,temporal-resolution-multiplexing_level2,motion_resolution_level0,1,temporal-resolution-multiplexing,level2,motion_resolution,level0,6.2584
rafal,bistro_interior,motion_resolution_level1,judder_level2,0,motion_resolution,level1,judder,level2,7.8125
rafal,pink_room,motion_resolution_level2,temporal-resolution-multiplexing_level2,0,motion_resolution,level2,temporal-resolution-multiplexing,level2,4.5292
rafal,bistro_exterior,stutter_level2,duration_flicker_level1,0,stutter,level2,duration_flicker,level1,3.6250
rafal,classroom,dlss_rr_level2,duration_flicker_level0,0,dlss_rr,level2,duration_flicker,level0,6.2761
rafal,pink_room,dlss_rr_level1,judder_level2,0,dlss_rr,level1,judder,level2,8.9178
rafal,classroom,duration_flicker_level1,motion_noise_level2,1,duration_flicker,level1,motion_noise,level2,7.4590
rafal,pink_room,dlss_rr_level1,judder_level0,0,dlss_rr,level1,judder,level0,4.0465
rafal,bistro_exterior,motion_resolution_level0,duration_flicker_level0,0,motion_resolution,level0,duration_flicker,level0,3.2209
rafal,bistro_interior,noise_colors_level1,duration_flicker_level2,0,noise_colors,level1,duration_flicker,level2,9.7084
rafal,bistro_interior,duration_flicker_level2,dlss_rr_level2,1,duration_flicker,level2,dlss_rr,level2,2.3625
rafal,bistro_exterior,noise_colors_level2,duration_flicker_level1,0,noise_colors,level2,duration_flicker,level1,3.2250
rafal,pink_room,motion_resolution_level0,dlss_rr_level1,1,motion_resolution,level0,dlss_rr,level1,4.9258
rafal,pink_room,restir_level2,judder_level0,0,restir,level2,judder,level0,4.0542
rafal,bistro_exterior,judder_level0,restir_level0,0,judder,level0,restir,level0,3.1709
rafal,bistro_interior,dlss_rr_level1,motion_noise_level2,0,dlss_rr,level1,motion_noise,level2,3.2500
rafal,bistro_exterior,judder_level1,restir_level1,1,judder,level1,restir,level1,12.8959
rafal,bistro_interior,stutter_level0,judder_level1,1,stutter,level0,judder,level1,9.2630
rafal,bistro_interior,noise_colors_level1,noise_colors_level0,1,noise_colors,level1,noise_colors,level0,3.3792
rafal,subway,dlss_rr_level0,stutter_level2,1,dlss_rr,level0,stutter,level2,2.4709
rafal,bistro_interior,restir_level0,dlss_rr_level2,1,restir,level0,dlss_rr,level2,3.2792
rafal,pink_room,noise_colors_level1,dlss_rr_level1,1,noise_colors,level1,dlss_rr,level1,4.4917
rafal,bistro_interior,temporal-resolution-multiplexing_level1,duration_flicker_level1,1,temporal-resolution-multiplexing,level1,duration_flicker,level1,13.4917
rafal,pink_room,stutter_level0,reference,0,stutter,level0,reference,reference,8.8711
rafal,bistro_interior,stutter_level1,dlss_rr_level1,1,stutter,level1,dlss_rr,level1,7.7917
rafal,pink_room,noise_colors_level0,restir_level1,1,noise_colors,level0,restir,level1,9.2717
rafal,bistro_exterior,motion_noise_level1,judder_level1,1,motion_noise,level1,judder,level1,9.0917
rafal,bistro_exterior,duration_flicker_level1,stutter_level1,0,duration_flicker,level1,stutter,level1,8.1500
rafal,bistro_interior,restir_level1,restir_level2,1,restir,level1,restir,level2,8.4594
rafal,pink_room,judder_level1,reference,0,judder,level1,reference,reference,8.8792
rafal,pink_room,dlss_rr_level0,judder_level0,0,dlss_rr,level0,judder,level0,9.1792
rafal,pink_room,restir_level0,judder_level0,1,restir,level0,judder,level0,16.8438
ref,bistro_interior,reference,motion_noise_level1,1,reference,reference,motion_noise,level1,5.2758
ref,marbles,reference,restir_level2,1,reference,reference,restir,level2,4.9876
ref,classroom,duration_flicker_level0,reference,0,duration_flicker,level0,reference,reference,4.4834
ref,zeroday,motion_noise_level2,motion_resolution_level1,1,motion_noise,level2,motion_resolution,level1,5.4584
ref,pink_room,noise_colors_level0,motion_noise_level0,1,noise_colors,level0,motion_noise,level0,6.5251
ref,pink_room,stutter_level1,motion_noise_level2,1,stutter,level1,motion_noise,level2,5.7334
ref,attic,duration_flicker_level1,reference,0,duration_flicker,level1,reference,reference,4.3459
ref,pink_room,reference,judder_level2,1,reference,reference,judder,level2,4.5709
ref,classroom,temporal-resolution-multiplexing_level0,reference,0,temporal-resolution-multiplexing,level0,reference,reference,4.9417
ref,pink_room,dlss_rr_level0,stutter_level2,1,dlss_rr,level0,stutter,level2,5.0625
ref,attic,restir_level2,reference,0,restir,level2,reference,reference,3.9543
ref,zeroday,reference,noise_colors_level2,0,reference,reference,noise_colors,level2,5.6667
ref,zeroday,duration_flicker_level0,duration_flicker_level2,1,duration_flicker,level0,duration_flicker,level2,7.8375
ref,pink_room,temporal-resolution-multiplexing_level1,noise_colors_level2,1,temporal-resolution-multiplexing,level1,noise_colors,level2,6.9292
ref,pink_room,restir_level2,reference,0,restir,level2,reference,reference,4.9500
ref,bistro_exterior,motion_resolution_level1,reference,0,motion_resolution,level1,reference,reference,4.6292
ref,bistro_exterior,motion_resolution_level0,reference,0,motion_resolution,level0,reference,reference,4.8542
ref,landscape,judder_level1,reference,0,judder,level1,reference,reference,7.2584
ref,bistro_exterior,motion_resolution_level2,reference,0,motion_resolution,level2,reference,reference,6.0375
ref,subway,reference,judder_level0,0,reference,reference,judder,level0,8.3459
ref,classroom,reference,motion_noise_level1,1,reference,reference,motion_noise,level1,4.1500
ref,subway,reference,temporal-resolution-multiplexing_level2,1,reference,reference,temporal-resolution-multiplexing,level2,4.7167
ref,subway,noise_colors_level2,motion_noise_level1,0,noise_colors,level2,motion_noise,level1,5.2834
ref,marbles,reference,restir_level1,1,reference,reference,restir,level1,4.8459
ref,zeroday,reference,dlss_rr_level2,1,reference,reference,dlss_rr,level2,5.0792
ref,subway,reference,temporal-resolution-multiplexing_level1,1,reference,reference,temporal-resolution-multiplexing,level1,3.9709
ref,zeroday,temporal-resolution-multiplexing_level1,reference,0,temporal-resolution-multiplexing,level1,reference,reference,5.2709
ref,pink_room,reference,restir_level1,1,reference,reference,restir,level1,5.0792
ref,bistro_interior,noise_colors_level2,reference,0,noise_colors,level2,reference,reference,4.3917
ref,landscape,reference,duration_flicker_level1,1,reference,reference,duration_flicker,level1,5.2834
ref,bistro_interior,reference,duration_flicker_level0,1,reference,reference,duration_flicker,level0,7.6125
ref,bistro_interior,temporal-resolution-multiplexing_level2,reference,0,temporal-resolution-multiplexing,level2,reference,reference,4.1917
ref,attic,motion_resolution_level1,duration_flicker_level2,0,motion_resolution,level1,duration_flicker,level2,8.3417
ref,subway,judder_level2,reference,0,judder,level2,reference,reference,4.6250
ref,pink_room,reference,duration_flicker_level1,1,reference,reference,duration_flicker,level1,5.4792
ref,marbles,reference,dlss_rr_level0,1,reference,reference,dlss_rr,level0,5.0875
ref,attic,judder_level2,reference,0,judder,level2,reference,reference,6.0000
ref,pink_room,noise_colors_level0,reference,0,noise_colors,level0,reference,reference,7.9084
ref,pink_room,reference,dlss_rr_level2,1,reference,reference,dlss_rr,level2,4.6959
ref,attic,motion_noise_level1,noise_colors_level0,0,motion_noise,level1,noise_colors,level0,10.0584
ref,marbles,motion_resolution_level0,reference,0,motion_resolution,level0,reference,reference,4.6209
ref,attic,motion_resolution_level2,stutter_level2,0,motion_resolution,level2,stutter,level2,8.6167
ref,attic,reference,duration_flicker_level0,1,reference,reference,duration_flicker,level0,7.9417
ref,classroom,reference,duration_flicker_level1,1,reference,reference,duration_flicker,level1,4.4209
ref,pink_room,reference,dlss_rr_level1,1,reference,reference,dlss_rr,level1,5.1542
ref,subway,reference,stutter_level0,1,reference,reference,stutter,level0,6.8917
ref,marbles,motion_noise_level1,reference,1,motion_noise,level1,reference,reference,8.7667
ref,attic,motion_noise_level1,reference,0,motion_noise,level1,reference,reference,5.2417
ref,bistro_interior,reference,motion_noise_level2,1,reference,reference,motion_noise,level2,5.2459
ref,landscape,dlss_rr_level0,reference,0,dlss_rr,level0,reference,reference,7.9875
ref,subway,restir_level2,motion_noise_level2,0,restir,level2,motion_noise,level2,4.4375
ref,classroom,stutter_level0,reference,0,stutter,level0,reference,reference,7.4542
ref,subway,stutter_level0,stutter_level1,1,stutter,level0,stutter,level1,9.8296
ref,bistro_exterior,reference,restir_level1,1,reference,reference,restir,level1,5.2834
ref,classroom,motion_noise_level2,reference,0,motion_noise,level2,reference,reference,4.8875
ref,subway,reference,motion_resolution_level2,1,reference,reference,motion_resolution,level2,5.2834
ref,landscape,temporal-resolution-multiplexing_level1,reference,0,temporal-resolution-multiplexing,level1,reference,reference,5.1334
ref,attic,reference,judder_level0,1,reference,reference,judder,level0,9.9292
ref,marbles,restir_level2,noise_colors_level1,0,restir,level2,noise_colors,level1,9.9868
ref,subway,reference,dlss_rr_level1,1,reference,reference,dlss_rr,level1,7.8792
ref,marbles,reference,restir_level0,1,reference,reference,restir,level0,9.3084
ref,marbles,reference,duration_flicker_level2,1,reference,reference,duration_flicker,level2,4.5751
ref,bistro_exterior,temporal-resolution-multiplexing_level0,duration_flicker_level1,1,temporal-resolution-multiplexing,level0,duration_flicker,level1,5.8750
ref,bistro_interior,stutter_level1,temporal-resolution-multiplexing_level0,0,stutter,level1,temporal-resolution-multiplexing,level0,5.4250
ref,classroom,reference,dlss_rr_level0,1,reference,reference,dlss_rr,level0,4.5584
ref,subway,stutter_level2,duration_flicker_level2,0,stutter,level2,duration_flicker,level2,5.7726
ref,classroom,noise_colors_level0,reference,1,noise_colors,level0,reference,reference,8.6709
ref,landscape,reference,temporal-resolution-multiplexing_level0,0,reference,reference,temporal-resolution-multiplexing,level0,5.5292
ref,zeroday,reference,duration_flicker_level0,1,reference,reference,duration_flicker,level0,7.1917
ref,bistro_interior,restir_level1,noise_colors_level2,0,restir,level1,noise_colors,level2,8.6510
ref,landscape,reference,dlss_rr_level1,1,reference,reference,dlss_rr,level1,7.1667
ref,classroom,restir_level2,motion_noise_level2,0,restir,level2,motion_noise,level2,4.5000
ref,classroom,restir_level1,reference,0,restir,level1,reference,reference,4.8334
ref,bistro_exterior,temporal-resolution-multiplexing_level1,reference,0,temporal-resolution-multiplexing,level1,reference,reference,6.0459
ref,bistro_interior,reference,noise_colors_level1,1,reference,reference,noise_colors,level1,5.2917
ref,bistro_interior,stutter_level1,reference,0,stutter,level1,reference,reference,5.4542
ref,zeroday,dlss_rr_level0,reference,0,dlss_rr,level0,reference,reference,5.4875
ref,subway,reference,dlss_rr_level0,1,reference,reference,dlss_rr,level0,5.2334
ref,bistro_exterior,reference,duration_flicker_level1,1,reference,reference,duration_flicker,level1,5.2500
ref,marbles,reference,dlss_rr_level1,1,reference,reference,dlss_rr,level1,5.2417
ref,marbles,restir_level2,stutter_level2,1,restir,level2,stutter,level2,7.3750
ref,bistro_interior,reference,restir_level2,1,reference,reference,restir,level2,5.3209
ref,landscape,motion_noise_level1,judder_level0,0,motion_noise,level1,judder,level0,12.5751
ref,pink_room,motion_resolution_level2,reference,0,motion_resolution,level2,reference,reference,5.3084
ref,attic,reference,temporal-resolution-multiplexing_level0,1,reference,reference,temporal-resolution-multiplexing,level0,9.3307
ref,classroom,motion_resolution_level1,reference,0,motion_resolution,level1,reference,reference,4.3084
ref,bistro_interior,motion_resolution_level1,reference,0,motion_resolution,level1,reference,reference,5.2543
ref,subway,duration_flicker_level2,reference,0,duration_flicker,level2,reference,reference,4.9251
ref,bistro_exterior,judder_level1,reference,0,judder,level1,reference,reference,5.3834
ref,classroom,reference,temporal-resolution-multiplexing_level2,1,reference,reference,temporal-resolution-multiplexing,level2,4.4418
ref,zeroday,reference,motion_resolution_level2,1,reference,reference,motion_resolution,level2,5.0835
ref,pink_room,temporal-resolution-multiplexing_level1,dlss_rr_level2,1,temporal-resolution-multiplexing,level1,dlss_rr,level2,6.6834
ref,subway,reference,duration_flicker_level0,1,reference,reference,duration_flicker,level0,4.7709
ref,subway,restir_level2,restir_level0,0,restir,level2,restir,level0,4.8917
ref,classroom,motion_resolution_level2,duration_flicker_level2,0,motion_resolution,level2,duration_flicker,level2,4.6459
ref,marbles,stutter_level1,reference,0,stutter,level1,reference,reference,8.8834
ref,landscape,judder_level0,restir_level1,1,judder,level0,restir,level1,9.2792
ref,pink_room,reference,motion_noise_level1,1,reference,reference,motion_noise,level1,6.3375
ref,pink_room,stutter_level0,judder_level1,1,stutter,level0,judder,level1,3.8125
ref,subway,judder_level1,motion_noise_level0,1,judder,level1,motion_noise,level0,6.5676
ref,landscape,noise_colors_level0,reference,1,noise_colors,level0,reference,reference,5.0917
ref,attic,motion_resolution_level0,reference,0,motion_resolution,level0,reference,reference,6.2125
ref,pink_room,temporal-resolution-multiplexing_level2,dlss_rr_level2,0,temporal-resolution-multiplexing,level2,dlss_rr,level2,5.3042
ref,zeroday,dlss_rr_level0,judder_level2,0,dlss_rr,level0,judder,level2,10.9954
ref,classroom,judder_level2,reference,0,judder,level2,reference,reference,4.4375
ref,bistro_interior,stutter_level0,motion_noise_level1,1,stutter,level0,motion_noise,level1,7.7263
ref,bistro_exterior,reference,dlss_rr_level1,1,reference,reference,dlss_rr,level1,5.3301
ref,marbles,reference,noise_colors_level2,1,reference,reference,noise_colors,level2,4.8376
ref,bistro_exterior,noise_colors_level2,dlss_rr_level2,1,noise_colors,level2,dlss_rr,level2,11.1882
ref,marbles,judder_level0,temporal-resolution-multiplexing_level0,0,judder,level0,temporal-resolution-multiplexing,level0,6.5091
ref,marbles,noise_colors_level2,motion_resolution_level2,1,noise_colors,level2,motion_resolution,level2,3.4376
ref,subway,noise_colors_level1,reference,0,noise_colors,level1,reference,reference,7.5959
ref,classroom,duration_flicker_level2,noise_colors_level2,0,duration_flicker,level2,noise_colors,level2,9.8933
ref,subway,motion_resolution_level1,reference,0,motion_resolution,level1,reference,reference,2.6042
ref,pink_room,noise_colors_level2,duration_flicker_level2,1,noise_colors,level2,duration_flicker,level2,4.6959
ref,marbles,reference,duration_flicker_level1,1,reference,reference,duration_flicker,level1,4.1460
ref,attic,noise_colors_level2,reference,0,noise_colors,level2,reference,reference,4.8042
ref,pink_room,reference,temporal-resolution-multiplexing_level0,1,reference,reference,temporal-resolution-multiplexing,level0,4.9792
ref,landscape,reference,noise_colors_level1,1,reference,reference,noise_colors,level1,4.9419
ref,subway,reference,motion_noise_level1,1,reference,reference,motion_noise,level1,4.4500
ref,classroom,dlss_rr_level1,reference,0,dlss_rr,level1,reference,reference,4.1584
ref,marbles,reference,noise_colors_level0,0,reference,reference,noise_colors,level0,4.9292
ref,attic,reference,temporal-resolution-multiplexing_level1,1,reference,reference,temporal-resolution-multiplexing,level1,4.3959
ref,bistro_exterior,reference,noise_colors_level1,1,reference,reference,noise_colors,level1,5.1420
ref,classroom,reference,dlss_rr_level2,1,reference,reference,dlss_rr,level2,4.6189
ref,marbles,reference,motion_noise_level0,1,reference,reference,motion_noise,level0,4.7875
ref,bistro_interior,judder_level2,reference,0,judder,level2,reference,reference,3.2500
ref,landscape,reference,dlss_rr_level2,1,reference,reference,dlss_rr,level2,4.1125
ref,bistro_interior,dlss_rr_level0,reference,0,dlss_rr,level0,reference,reference,2.9625
ref,bistro_interior,reference,duration_flicker_level2,1,reference,reference,duration_flicker,level2,4.2459
ref,marbles,duration_flicker_level0,reference,0,duration_flicker,level0,reference,reference,4.5126
ref,zeroday,restir_level2,reference,0,restir,level2,reference,reference,4.4292
ref,pink_room,reference,motion_resolution_level0,1,reference,reference,motion_resolution,level0,3.8500
ref,bistro_interior,reference,duration_flicker_level1,1,reference,reference,duration_flicker,level1,4.5875
ref,landscape,stutter_level2,reference,0,stutter,level2,reference,reference,4.4584
ref,pink_room,noise_colors_level1,reference,0,noise_colors,level1,reference,reference,4.9125
ref,bistro_interior,restir_level0,noise_colors_level2,0,restir,level0,noise_colors,level2,2.5875
ref,marbles,reference,dlss_rr_level2,1,reference,reference,dlss_rr,level2,4.0042
ref,attic,reference,dlss_rr_level0,1,reference,reference,dlss_rr,level0,4.3834
ref,zeroday,reference,restir_level0,1,reference,reference,restir,level0,4.5334
ref,zeroday,stutter_level2,reference,0,stutter,level2,reference,reference,4.8834
ref,subway,reference,dlss_rr_level2,1,reference,reference,dlss_rr,level2,4.7919
ref,bistro_exterior,reference,noise_colors_level2,1,reference,reference,noise_colors,level2,4.6960
ref,bistro_exterior,restir_level0,reference,0,restir,level0,reference,reference,5.0003
ref,landscape,reference,stutter_level0,1,reference,reference,stutter,level0,4.8209
ref,classroom,duration_flicker_level2,reference,0,duration_flicker,level2,reference,reference,4.3865
ref,zeroday,reference,dlss_rr_level1,1,reference,reference,dlss_rr,level1,4.2000
ref,bistro_interior,stutter_level2,reference,0,stutter,level2,reference,reference,3.4584
ref,bistro_interior,noise_colors_level2,motion_resolution_level2,1,noise_colors,level2,motion_resolution,level2,3.5459
ref,landscape,reference,restir_level0,1,reference,reference,restir,level0,3.9167
ref,bistro_exterior,duration_flicker_level2,reference,0,duration_flicker,level2,reference,reference,4.6625
ref,bistro_exterior,stutter_level0,motion_noise_level0,1,stutter,level0,motion_noise,level0,5.2161
ref,subway,dlss_rr_level1,judder_level1,0,dlss_rr,level1,judder,level1,4.8967
ref,attic,motion_resolution_level1,reference,0,motion_resolution,level1,reference,reference,4.1084
ref,subway,reference,restir_level1,1,reference,reference,restir,level1,3.8334
ref,classroom,motion_noise_level0,reference,0,motion_noise,level0,reference,reference,4.3334
ref,subway,reference,noise_colors_level0,1,reference,reference,noise_colors,level0,4.1167
ref,pink_room,reference,motion_noise_level2,1,reference,reference,motion_noise,level2,6.1709
ref,landscape,motion_noise_level0,reference,1,motion_noise,level0,reference,reference,5.7085
ref,attic,dlss_rr_level2,dlss_rr_level0,0,dlss_rr,level2,dlss_rr,level0,4.5546
ref,zeroday,stutter_level0,noise_colors_level0,0,stutter,level0,noise_colors,level0,4.1209
ref,attic,stutter_level1,reference,1,stutter,level1,reference,reference,9.7625
ref,zeroday,temporal-resolution-multiplexing_level0,reference,0,temporal-resolution-multiplexing,level0,reference,reference,6.6250
ref,bistro_interior,dlss_rr_level2,reference,0,dlss_rr,level2,reference,reference,2.5459
ref,landscape,reference,duration_flicker_level0,1,reference,reference,duration_flicker,level0,8.4625
ref,marbles,stutter_level0,reference,0,stutter,level0,reference,reference,6.9292
ref,landscape,dlss_rr_level2,duration_flicker_level2,0,dlss_rr,level2,duration_flicker,level2,4.6840
ref,subway,duration_flicker_level2,duration_flicker_level1,0,duration_flicker,level2,duration_flicker,level1,4.7292
ref,pink_room,reference,judder_level1,1,reference,reference,judder,level1,4.2125
ref,marbles,judder_level1,dlss_rr_level1,1,judder,level1,dlss_rr,level1,5.3459
ref,marbles,dlss_rr_level0,judder_level0,0,dlss_rr,level0,judder,level0,14.3840
ref,attic,reference,judder_level1,0,reference,reference,judder,level1,4.6877
ref,bistro_exterior,motion_noise_level1,reference,0,motion_noise,level1,reference,reference,3.5042
ref,zeroday,stutter_level1,noise_colors_level0,1,stutter,level1,noise_colors,level0,9.2000
ref,landscape,judder_level0,motion_noise_level2,0,judder,level0,motion_noise,level2,3.8420
ref,bistro_exterior,dlss_rr_level0,reference,0,dlss_rr,level0,reference,reference,5.5042
ref,classroom,restir_level0,reference,0,restir,level0,reference,reference,4.3750
ref,subway,temporal-resolution-multiplexing_level0,reference,1,temporal-resolution-multiplexing,level0,reference,reference,7.3459
ref,landscape,reference,noise_colors_level2,1,reference,reference,noise_colors,level2,5.3417
ref,zeroday,restir_level1,reference,0,restir,level1,reference,reference,5.0417
ref,bistro_exterior,reference,judder_level2,1,reference,reference,judder,level2,3.7917
ref,zeroday,judder_level0,temporal-resolution-multiplexing_level1,1,judder,level0,temporal-resolution-multiplexing,level1,4.6584
ref,bistro_exterior,duration_flicker_level0,stutter_level2,1,duration_flicker,level0,stutter,level2,3.9042
ref,subway,motion_noise_level2,reference,0,motion_noise,level2,reference,reference,4.1209
ref,subway,reference,motion_resolution_level0,1,reference,reference,motion_resolution,level0,3.3959
ref,classroom,reference,judder_level0,1,reference,reference,judder,level0,4.6625
ref,pink_room,duration_flicker_level0,reference,0,duration_flicker,level0,reference,reference,6.2334
ref,pink_room,dlss_rr_level0,reference,0,dlss_rr,level0,reference,reference,4.4334
ref,bistro_interior,reference,judder_level0,1,reference,reference,judder,level0,3.1917
ref,pink_room,judder_level0,reference,0,judder,level0,reference,reference,6.3250
ref,bistro_interior,motion_resolution_level1,motion_resolution_level0,0,motion_resolution,level1,motion_resolution,level0,3.2959
ref,zeroday,reference,motion_noise_level1,1,reference,reference,motion_noise,level1,4.1459
ref,pink_room,motion_resolution_level1,dlss_rr_level2,0,motion_resolution,level1,dlss_rr,level2,4.0625
ref,bistro_exterior,reference,restir_level2,1,reference,reference,restir,level2,4.7251
ref,bistro_exterior,reference,duration_flicker_level0,1,reference,reference,duration_flicker,level0,4.9792
ref,bistro_interior,judder_level1,reference,0,judder,level1,reference,reference,4.2292
ref,zeroday,judder_level1,dlss_rr_level1,1,judder,level1,dlss_rr,level1,5.2625
ref,bistro_exterior,motion_noise_level2,reference,0,motion_noise,level2,reference,reference,4.6709
ref,bistro_interior,reference,dlss_rr_level1,1,reference,reference,dlss_rr,level1,4.5500
ref,bistro_interior,temporal-resolution-multiplexing_level1,duration_flicker_level0,0,temporal-resolution-multiplexing,level1,duration_flicker,level0,13.7125
ref,pink_room,reference,restir_level0,1,reference,reference,restir,level0,4.1792
ref,bistro_interior,noise_colors_level0,reference,1,noise_colors,level0,reference,reference,6.3959
ref,bistro_interior,motion_noise_level0,reference,0,motion_noise,level0,reference,reference,8.2375
ref,attic,motion_noise_level0,noise_colors_level1,1,motion_noise,level0,noise_colors,level1,4.4000
ref,landscape,reference,judder_level0,1,reference,reference,judder,level0,4.6542
ref,marbles,temporal-resolution-multiplexing_level1,temporal-resolution-multiplexing_level2,1,temporal-resolution-multiplexing,level1,temporal-resolution-multiplexing,level2,4.0125
ref,zeroday,reference,motion_noise_level2,1,reference,reference,motion_noise,level2,4.4000
ref,classroom,reference,judder_level1,1,reference,reference,judder,level1,5.2250
ref,classroom,restir_level0,stutter_level1,0,restir,level0,stutter,level1,4.9959
ref,zeroday,restir_level2,motion_resolution_level0,0,restir,level2,motion_resolution,level0,1.2962
ref,zeroday,duration_flicker_level1,reference,0,duration_flicker,level1,reference,reference,3.5334
ref,bistro_exterior,motion_resolution_level2,temporal-resolution-multiplexing_level2,1,motion_resolution,level2,temporal-resolution-multiplexing,level2,4.5750
ref,landscape,stutter_level1,reference,0,stutter,level1,reference,reference,5.5000
ref,classroom,temporal-resolution-multiplexing_level1,reference,0,temporal-resolution-multiplexing,level1,reference,reference,4.3750
ref,attic,motion_noise_level2,reference,0,motion_noise,level2,reference,reference,6.5251
ref,landscape,motion_resolution_level1,reference,0,motion_resolution,level1,reference,reference,4.4209
ref,marbles,motion_noise_level2,reference,0,motion_noise,level2,reference,reference,4.6250
ref,bistro_exterior,reference,stutter_level1,1,reference,reference,stutter,level1,4.9167
ref,attic,restir_level1,reference,0,restir,level1,reference,reference,3.9209
ref,zeroday,reference,motion_noise_level0,1,reference,reference,motion_noise,level0,7.3000
ref,zeroday,temporal-resolution-multiplexing_level2,duration_flicker_level0,0,temporal-resolution-multiplexing,level2,duration_flicker,level0,4.2750
ref,marbles,judder_level2,reference,0,judder,level2,reference,reference,4.6792
ref,marbles,motion_resolution_level0,temporal-resolution-multiplexing_level1,1,motion_resolution,level0,temporal-resolution-multiplexing,level1,5.6672
ref,landscape,reference,judder_level2,1,reference,reference,judder,level2,3.2255
ref,bistro_exterior,judder_level0,reference,0,judder,level0,reference,reference,4.3375
ref,marbles,reference,motion_resolution_level1,1,reference,reference,motion_resolution,level1,4.4042
ref,zeroday,reference,noise_colors_level1,1,reference,reference,noise_colors,level1,5.2412
ref,classroom,reference,motion_resolution_level0,1,reference,reference,motion_resolution,level0,4.1167
ref,attic,reference,dlss_rr_level1,1,reference,reference,dlss_rr,level1,3.8007
ref,classroom,reference,noise_colors_level1,1,reference,reference,noise_colors,level1,4.0876
ref,classroom,reference,stutter_level2,1,reference,reference,stutter,level2,4.2334
ref,bistro_exterior,noise_colors_level0,reference,0,noise_colors,level0,reference,reference,5.4500
ref,bistro_exterior,reference,motion_noise_level0,1,reference,reference,motion_noise,level0,4.9209
ref,zeroday,motion_noise_level0,noise_colors_level0,0,motion_noise,level0,noise_colors,level0,4.4209
ref,landscape,reference,temporal-resolution-multiplexing_level2,1,reference,reference,temporal-resolution-multiplexing,level2,3.5250
ref,landscape,reference,restir_level2,1,reference,reference,restir,level2,4.3626
ref,attic,motion_noise_level2,motion_noise_level0,1,motion_noise,level2,motion_noise,level0,5.9048
ref,landscape,motion_resolution_level0,reference,1,motion_resolution,level0,reference,reference,4.7417
ref,attic,reference,restir_level0,1,reference,reference,restir,level0,8.5084
ref,attic,motion_resolution_level2,reference,0,motion_resolution,level2,reference,reference,3.1375
ref,landscape,motion_resolution_level2,reference,0,motion_resolution,level2,reference,reference,1.8375
ref,attic,reference,stutter_level0,1,reference,reference,stutter,level0,4.8334
ref,attic,temporal-resolution-multiplexing_level2,motion_resolution_level2,0,temporal-resolution-multiplexing,level2,motion_resolution,level2,7.5502
rm2,bistro_interior,judder_level1,duration_flicker_level2,1,judder,level1,duration_flicker,level2,10.8184
rm2,pink_room,motion_noise_level0,judder_level2,1,motion_noise,level0,judder,level2,25.8272
rm2,landscape,dlss_rr_level1,judder_level1,0,dlss_rr,level1,judder,level1,12.5834
rm2,bistro_interior,motion_resolution_level0,motion_resolution_level1,1,motion_resolution,level0,motion_resolution,level1,6.4633
rm2,bistro_interior,temporal-resolution-multiplexing_level1,motion_noise_level0,0,temporal-resolution-multiplexing,level1,motion_noise,level0,6.5718
rm2,classroom,duration_flicker_level0,noise_colors_level1,1,duration_flicker,level0,noise_colors,level1,14.9061
rm2,bistro_interior,judder_level1,duration_flicker_level1,1,judder,level1,duration_flicker,level1,9.0178
rm2,classroom,motion_resolution_level0,dlss_rr_level2,0,motion_resolution,level0,dlss_rr,level2,15.7271
rm2,zeroday,motion_noise_level2,noise_colors_level2,0,motion_noise,level2,noise_colors,level2,18.8149
rm2,classroom,motion_noise_level0,judder_level1,0,motion_noise,level0,judder,level1,7.2171
rm2,bistro_exterior,motion_resolution_level2,noise_colors_level2,0,motion_resolution,level2,noise_colors,level2,6.5259
rm2,pink_room,noise_colors_level0,restir_level0,1,noise_colors,level0,restir,level0,11.2000
rm2,classroom,temporal-resolution-multiplexing_level0,stutter_level0,0,temporal-resolution-multiplexing,level0,stutter,level0,12.6339
rm2,classroom,temporal-resolution-multiplexing_level1,dlss_rr_level1,0,temporal-resolution-multiplexing,level1,dlss_rr,level1,13.4334
rm2,marbles,judder_level1,noise_colors_level0,1,judder,level1,noise_colors,level0,23.3946
rm2,zeroday,motion_noise_level1,stutter_level2,1,motion_noise,level1,stutter,level2,3.3500
rm2,marbles,restir_level2,judder_level2,0,restir,level2,judder,level2,3.2963
rm2,attic,motion_resolution_level1,restir_level1,0,motion_resolution,level1,restir,level1,11.4889
rm2,attic,duration_flicker_level0,dlss_rr_level2,1,duration_flicker,level0,dlss_rr,level2,11.1431
rm2,subway,judder_level2,duration_flicker_level0,0,judder,level2,duration_flicker,level0,12.1084
rm2,bistro_exterior,duration_flicker_level2,motion_noise_level2,1,duration_flicker,level2,motion_noise,level2,3.8212
rm2,marbles,restir_level1,duration_flicker_level1,1,restir,level1,duration_flicker,level1,10.9054
rm2,bistro_exterior,noise_colors_level2,motion_resolution_level0,1,noise_colors,level2,motion_resolution,level0,8.1844
rm2,zeroday,temporal-resolution-multiplexing_level2,motion_resolution_level2,1,temporal-resolution-multiplexing,level2,motion_resolution,level2,17.2224
rm2,zeroday,noise_colors_level2,duration_flicker_level0,1,noise_colors,level2,duration_flicker,level0,20.3189
rm2,landscape,stutter_level0,duration_flicker_level1,1,stutter,level0,duration_flicker,level1,5.1841
rm2,landscape,motion_resolution_level1,duration_flicker_level0,0,motion_resolution,level1,duration_flicker,level0,4.7459
rm2,bistro_interior,temporal-resolution-multiplexing_level2,stutter_level2,1,temporal-resolution-multiplexing,level2,stutter,level2,14.1125
rm2,classroom,duration_flicker_level2,duration_flicker_level1,0,duration_flicker,level2,duration_flicker,level1,11.7841
rm2,pink_room,duration_flicker_level2,noise_colors_level2,1,duration_flicker,level2,noise_colors,level2,12.6667
rm2,bistro_exterior,duration_flicker_level1,dlss_rr_level0,0,duration_flicker,level1,dlss_rr,level0,9.5386
rm2,landscape,motion_noise_level1,noise_colors_level0,0,motion_noise,level1,noise_colors,level0,9.6176
rm2,pink_room,restir_level1,noise_colors_level2,1,restir,level1,noise_colors,level2,7.0084
rm2,zeroday,motion_noise_level2,temporal-resolution-multiplexing_level1,1,motion_noise,level2,temporal-resolution-multiplexing,level1,23.0509
rm2,pink_room,judder_level1,judder_level0,1,judder,level1,judder,level0,13.0959
rm2,subway,motion_noise_level1,judder_level2,1,motion_noise,level1,judder,level2,7.3591
rm2,bistro_exterior,judder_level1,restir_level1,0,judder,level1,restir,level1,8.1763
rm2,classroom,motion_noise_level1,duration_flicker_level0,0,motion_noise,level1,duration_flicker,level0,19.5566
rm2,bistro_interior,motion_resolution_level2,restir_level2,0,motion_resolution,level2,restir,level2,5.0632
rm2,subway,noise_colors_level1,duration_flicker_level0,0,noise_colors,level1,duration_flicker,level0,13.2173
rm2,classroom,judder_level1,temporal-resolution-multiplexing_level1,1,judder,level1,temporal-resolution-multiplexing,level1,6.3876
rm2,attic,temporal-resolution-multiplexing_level0,judder_level0,1,temporal-resolution-multiplexing,level0,judder,level0,7.3292
rm2,pink_room,restir_level2,duration_flicker_level2,1,restir,level2,duration_flicker,level2,8.7125
rm2,landscape,dlss_rr_level1,dlss_rr_level0,0,dlss_rr,level1,dlss_rr,level0,7.8253
rm2,bistro_interior,stutter_level1,judder_level0,1,stutter,level1,judder,level0,7.6550
rm2,marbles,judder_level1,motion_noise_level2,1,judder,level1,motion_noise,level2,7.7134
rm2,landscape,duration_flicker_level1,noise_colors_level1,0,duration_flicker,level1,noise_colors,level1,4.8008
rm2,bistro_exterior,motion_noise_level0,restir_level0,1,motion_noise,level0,restir,level0,8.6971
rm2,bistro_exterior,dlss_rr_level0,restir_level1,0,dlss_rr,level0,restir,level1,4.3673
rm2,bistro_interior,dlss_rr_level0,temporal-resolution-multiplexing_level2,1,dlss_rr,level0,temporal-resolution-multiplexing,level2,2.1253
rm2,subway,duration_flicker_level2,judder_level2,1,duration_flicker,level2,judder,level2,4.2917
rm2,landscape,stutter_level2,motion_resolution_level2,1,stutter,level2,motion_resolution,level2,8.7292
rm2,attic,stutter_level0,temporal-resolution-multiplexing_level0,0,stutter,level0,temporal-resolution-multiplexing,level0,15.5959
rm2,pink_room,motion_noise_level0,reference,0,motion_noise,level0,reference,reference,10.8042
rm2,bistro_exterior,dlss_rr_level2,temporal-resolution-multiplexing_level2,1,dlss_rr,level2,temporal-resolution-multiplexing,level2,13.8750
rm2,marbles,judder_level0,motion_noise_level1,0,judder,level0,motion_noise,level1,32.4790
rm2,landscape,judder_level0,restir_level0,0,judder,level0,restir,level0,16.4013
rm2,bistro_exterior,motion_noise_level0,duration_flicker_level1,1,motion_noise,level0,duration_flicker,level1,13.3558
rm2,landscape,duration_flicker_level0,dlss_rr_level1,1,duration_flicker,level0,dlss_rr,level1,7.8756
rm2,bistro_exterior,stutter_level1,dlss_rr_level0,1,stutter,level1,dlss_rr,level0,14.8555
rm2,attic,temporal-resolution-multiplexing_level0,noise_colors_level1,1,temporal-resolution-multiplexing,level0,noise_colors,level1,8.0593
rm2,marbles,temporal-resolution-multiplexing_level2,motion_resolution_level1,0,temporal-resolution-multiplexing,level2,motion_resolution,level1,15.3186
rm2,classroom,noise_colors_level2,motion_noise_level1,0,noise_colors,level2,motion_noise,level1,6.0376
rm2,attic,temporal-resolution-multiplexing_level2,dlss_rr_level1,0,temporal-resolution-multiplexing,level2,dlss_rr,level1,2.5962
rm2,pink_room,motion_resolution_level0,stutter_level2,1,motion_resolution,level0,stutter,level2,9.8417
rm2,bistro_exterior,motion_resolution_level0,restir_level2,0,motion_resolution,level0,restir,level2,3.8292
rm2,zeroday,restir_level1,dlss_rr_level2,0,restir,level1,dlss_rr,level2,9.3381
rm2,landscape,motion_noise_level1,temporal-resolution-multiplexing_level1,1,motion_noise,level1,temporal-resolution-multiplexing,level1,7.4167
rm2,subway,dlss_rr_level0,noise_colors_level2,1,dlss_rr,level0,noise_colors,level2,7.8295
rm2,attic,restir_level1,dlss_rr_level1,1,restir,level1,dlss_rr,level1,27.9285
rm2,subway,reference,motion_resolution_level0,1,reference,reference,motion_resolution,level0,12.1875
rm2,attic,motion_resolution_level1,restir_level2,1,motion_resolution,level1,restir,level2,13.3767
rm2,attic,restir_level1,temporal-resolution-multiplexing_level1,0,restir,level1,temporal-resolution-multiplexing,level1,16.5397
rm2,subway,temporal-resolution-multiplexing_level0,noise_colors_level1,1,temporal-resolution-multiplexing,level0,noise_colors,level1,9.2709
rm2,marbles,judder_level0,reference,0,judder,level0,reference,reference,4.5417
rm2,attic,motion_resolution_level1,stutter_level2,0,motion_resolution,level1,stutter,level2,8.1250
rm2,attic,dlss_rr_level2,restir_level0,0,dlss_rr,level2,restir,level0,5.8216
rm2,marbles,dlss_rr_level0,noise_colors_level1,1,dlss_rr,level0,noise_colors,level1,11.2681
rm2,bistro_interior,motion_noise_level2,judder_level1,0,motion_noise,level2,judder,level1,8.1794
rm2,zeroday,motion_noise_level1,stutter_level1,1,motion_noise,level1,stutter,level1,12.4917
rm2,bistro_interior,noise_colors_level1,stutter_level0,0,noise_colors,level1,stutter,level0,8.9500
rm2,bistro_interior,judder_level2,motion_resolution_level0,1,judder,level2,motion_resolution,level0,7.1834
rm2,marbles,motion_resolution_level1,motion_resolution_level2,1,motion_resolution,level1,motion_resolution,level2,16.2302
rm2,classroom,judder_level1,noise_colors_level0,0,judder,level1,noise_colors,level0,7.7301
rm2,subway,judder_level2,motion_resolution_level1,0,judder,level2,motion_resolution,level1,12.7209
rm2,bistro_exterior,noise_colors_level2,duration_flicker_level2,1,noise_colors,level2,duration_flicker,level2,3.7712
rm2,marbles,judder_level1,motion_noise_level1,0,judder,level1,motion_noise,level1,7.4927
rm2,classroom,stutter_level2,duration_flicker_level0,0,stutter,level2,duration_flicker,level0,9.0970
rm2,pink_room,temporal-resolution-multiplexing_level2,motion_resolution_level2,0,temporal-resolution-multiplexing,level2,motion_resolution,level2,10.3042
rm2,bistro_exterior,restir_level0,noise_colors_level1,1,restir,level0,noise_colors,level1,4.1209
rm2,subway,dlss_rr_level1,duration_flicker_level1,1,dlss_rr,level1,duration_flicker,level1,8.5417
rm2,subway,temporal-resolution-multiplexing_level1,motion_noise_level2,0,temporal-resolution-multiplexing,level1,motion_noise,level2,7.4584
rm2,classroom,restir_level1,duration_flicker_level0,0,restir,level1,duration_flicker,level0,3.9875
rm2,bistro_interior,temporal-resolution-multiplexing_level2,restir_level1,0,temporal-resolution-multiplexing,level2,restir,level1,8.2343
rm2,zeroday,dlss_rr_level1,stutter_level0,0,dlss_rr,level1,stutter,level0,8.2667
rm2,bistro_exterior,dlss_rr_level1,motion_resolution_level1,1,dlss_rr,level1,motion_resolution,level1,3.3375
rm2,zeroday,temporal-resolution-multiplexing_level0,stutter_level0,1,temporal-resolution-multiplexing,level0,stutter,level0,4.6417
rm2,pink_room,motion_noise_level2,noise_colors_level1,1,motion_noise,level2,noise_colors,level1,6.8084
rm2,bistro_exterior,restir_level0,reference,0,restir,level0,reference,reference,9.4168
rm2,subway,stutter_level0,duration_flicker_level0,1,stutter,level0,duration_flicker,level0,4.2667
rm2,landscape,duration_flicker_level0,duration_flicker_level2,1,duration_flicker,level0,duration_flicker,level2,4.9334
rm2,pink_room,stutter_level2,duration_flicker_level0,0,stutter,level2,duration_flicker,level0,3.9000
rm2,subway,restir_level2,temporal-resolution-multiplexing_level2,0,restir,level2,temporal-resolution-multiplexing,level2,8.2042
rm2,pink_room,temporal-resolution-multiplexing_level1,dlss_rr_level2,1,temporal-resolution-multiplexing,level1,dlss_rr,level2,4.6542
rm2,landscape,judder_level0,motion_noise_level1,0,judder,level0,motion_noise,level1,4.0792
rm2,pink_room,restir_level1,temporal-resolution-multiplexing_level0,0,restir,level1,temporal-resolution-multiplexing,level0,4.4500
rm2,zeroday,dlss_rr_level0,motion_noise_level2,1,dlss_rr,level0,motion_noise,level2,5.5626
rm2,marbles,duration_flicker_level1,restir_level2,1,duration_flicker,level1,restir,level2,14.8644
rm2,pink_room,stutter_level0,motion_noise_level1,0,stutter,level0,motion_noise,level1,11.9473
rm2,subway,motion_resolution_level0,noise_colors_level0,0,motion_resolution,level0,noise_colors,level0,7.6042
rm2,attic,restir_level2,motion_resolution_level2,1,restir,level2,motion_resolution,level2,3.5667
rm2,zeroday,motion_noise_level1,noise_colors_level0,0,motion_noise,level1,noise_colors,level0,8.4834
rm2,zeroday,motion_noise_level1,judder_level1,0,motion_noise,level1,judder,level1,4.6667
rm2,bistro_interior,motion_resolution_level0,stutter_level2,0,motion_resolution,level0,stutter,level2,11.4930
rm2,subway,dlss_rr_level2,restir_level0,1,dlss_rr,level2,restir,level0,7.1833
rm2,landscape,motion_noise_level1,restir_level1,0,motion_noise,level1,restir,level1,6.6089
rm2,bistro_exterior,restir_level1,motion_resolution_level0,1,restir,level1,motion_resolution,level0,3.2505
rm2,marbles,dlss_rr_level2,motion_resolution_level1,1,dlss_rr,level2,motion_resolution,level1,7.7667
rm2,subway,stutter_level1,judder_level0,1,stutter,level1,judder,level0,13.5876
rm2,bistro_interior,stutter_level2,dlss_rr_level2,1,stutter,level2,dlss_rr,level2,4.8672
rm2,attic,temporal-resolution-multiplexing_level0,motion_resolution_level0,1,temporal-resolution-multiplexing,level0,motion_resolution,level0,8.0762
rm2,marbles,stutter_level1,stutter_level0,0,stutter,level1,stutter,level0,15.6229
rm2,marbles,judder_level1,stutter_level0,0,judder,level1,stutter,level0,3.5088
rm2,classroom,judder_level0,judder_level1,0,judder,level0,judder,level1,3.6380
rm2,bistro_exterior,motion_resolution_level1,judder_level2,0,motion_resolution,level1,judder,level2,11.2292
rm2,subway,noise_colors_level2,duration_flicker_level1,0,noise_colors,level2,duration_flicker,level1,7.5792
rm2,classroom,judder_level1,stutter_level0,0,judder,level1,stutter,level0,4.1631
rm2,subway,stutter_level2,motion_resolution_level0,0,stutter,level2,motion_resolution,level0,8.3750
rm2,marbles,temporal-resolution-multiplexing_level0,judder_level1,0,temporal-resolution-multiplexing,level0,judder,level1,8.2801
rm2,bistro_exterior,noise_colors_level2,dlss_rr_level2,1,noise_colors,level2,dlss_rr,level2,9.1638
rm2,classroom,noise_colors_level2,restir_level2,1,noise_colors,level2,restir,level2,11.3432
rm2,zeroday,restir_level1,noise_colors_level1,0,restir,level1,noise_colors,level1,3.9084
rm2,bistro_exterior,temporal-resolution-multiplexing_level1,noise_colors_level2,1,temporal-resolution-multiplexing,level1,noise_colors,level2,6.5292
rm2,marbles,temporal-resolution-multiplexing_level1,noise_colors_level1,1,temporal-resolution-multiplexing,level1,noise_colors,level1,4.0334
rm2,bistro_exterior,temporal-resolution-multiplexing_level0,judder_level0,1,temporal-resolution-multiplexing,level0,judder,level0,9.8709
rm2,classroom,judder_level2,noise_colors_level0,0,judder,level2,noise_colors,level0,4.0917
rm2,classroom,duration_flicker_level0,duration_flicker_level1,1,duration_flicker,level0,duration_flicker,level1,4.0089
rm2,pink_room,motion_noise_level2,stutter_level2,1,motion_noise,level2,stutter,level2,5.9423
rm2,classroom,dlss_rr_level2,duration_flicker_level1,0,dlss_rr,level2,duration_flicker,level1,3.6047
rm2,bistro_exterior,restir_level1,judder_level0,1,restir,level1,judder,level0,3.8298
rm2,attic,motion_noise_level0,motion_resolution_level0,1,motion_noise,level0,motion_resolution,level0,3.8296
rm2,zeroday,stutter_level1,reference,0,stutter,level1,reference,reference,5.6667
rm2,bistro_interior,motion_resolution_level0,restir_level2,0,motion_resolution,level0,restir,level2,12.9685
rm2,bistro_interior,restir_level0,judder_level1,0,restir,level0,judder,level1,6.7750
rm2,landscape,dlss_rr_level1,duration_flicker_level1,0,dlss_rr,level1,duration_flicker,level1,3.7292
rm2,subway,judder_level2,motion_noise_level0,0,judder,level2,motion_noise,level0,2.1584
rm2,marbles,judder_level1,dlss_rr_level0,1,judder,level1,dlss_rr,level0,15.1810
rm2,subway,motion_resolution_level2,motion_noise_level2,0,motion_resolution,level2,motion_noise,level2,5.6959
rm2,classroom,temporal-resolution-multiplexing_level1,motion_resolution_level0,0,temporal-resolution-multiplexing,level1,motion_resolution,level0,15.3260
rm2,bistro_interior,noise_colors_level2,stutter_level1,0,noise_colors,level2,stutter,level1,4.4629
rm2,zeroday,temporal-resolution-multiplexing_level2,restir_level2,0,temporal-resolution-multiplexing,level2,restir,level2,3.0293
rm2,marbles,motion_noise_level2,stutter_level2,1,motion_noise,level2,stutter,level2,3.8132
rm2,classroom,temporal-resolution-multiplexing_level1,dlss_rr_level0,0,temporal-resolution-multiplexing,level1,dlss_rr,level0,7.0750
rm2,attic,temporal-resolution-multiplexing_level0,motion_noise_level1,0,temporal-resolution-multiplexing,level0,motion_noise,level1,7.7375
rm2,classroom,judder_level1,restir_level0,0,judder,level1,restir,level0,3.7125
rm2,bistro_exterior,stutter_level0,temporal-resolution-multiplexing_level0,0,stutter,level0,temporal-resolution-multiplexing,level0,3.7171
rm2,bistro_exterior,restir_level0,motion_noise_level1,1,restir,level0,motion_noise,level1,8.1882
rm2,marbles,motion_resolution_level0,stutter_level0,0,motion_resolution,level0,stutter,level0,4.0334
rm2,attic,dlss_rr_level2,motion_resolution_level1,0,dlss_rr,level2,motion_resolution,level1,4.5965
rm2,bistro_interior,noise_colors_level0,temporal-resolution-multiplexing_level1,1,noise_colors,level0,temporal-resolution-multiplexing,level1,7.0550
rm2,marbles,duration_flicker_level0,duration_flicker_level1,1,duration_flicker,level0,duration_flicker,level1,8.2512
rm2,subway,dlss_rr_level2,restir_level1,0,dlss_rr,level2,restir,level1,6.9750
rm2,marbles,restir_level0,motion_noise_level1,1,restir,level0,motion_noise,level1,8.2378
rm2,bistro_interior,temporal-resolution-multiplexing_level2,dlss_rr_level1,1,temporal-resolution-multiplexing,level2,dlss_rr,level1,4.3756
rm2,attic,dlss_rr_level1,dlss_rr_level0,1,dlss_rr,level1,dlss_rr,level0,22.6487
rm2,bistro_interior,stutter_level0,temporal-resolution-multiplexing_level2,1,stutter,level0,temporal-resolution-multiplexing,level2,3.1670
rm2,subway,judder_level2,motion_noise_level2,0,judder,level2,motion_noise,level2,7.4876
rm2,attic,motion_resolution_level0,judder_level2,0,motion_resolution,level0,judder,level2,28.4849
rm2,subway,noise_colors_level0,noise_colors_level1,1,noise_colors,level0,noise_colors,level1,6.3167
rm2,pink_room,judder_level1,noise_colors_level0,1,judder,level1,noise_colors,level0,15.0185
rm2,marbles,duration_flicker_level1,duration_flicker_level2,1,duration_flicker,level1,duration_flicker,level2,8.1167
rm2,zeroday,restir_level1,motion_noise_level2,0,restir,level1,motion_noise,level2,12.3375
rm2,bistro_exterior,stutter_level2,noise_colors_level2,1,stutter,level2,noise_colors,level2,4.2130
rm2,bistro_interior,motion_noise_level0,stutter_level0,1,motion_noise,level0,stutter,level0,14.0642
rm2,landscape,stutter_level1,restir_level2,0,stutter,level1,restir,level2,9.3470
rm2,attic,motion_noise_level2,duration_flicker_level2,1,motion_noise,level2,duration_flicker,level2,2.6586
rm2,subway,judder_level2,duration_flicker_level1,0,judder,level2,duration_flicker,level1,7.4417
rm2,zeroday,motion_resolution_level1,restir_level1,0,motion_resolution,level1,restir,level1,4.3459
rm2,bistro_interior,stutter_level0,temporal-resolution-multiplexing_level0,0,stutter,level0,temporal-resolution-multiplexing,level0,7.2250
rm2,zeroday,judder_level0,motion_noise_level1,0,judder,level0,motion_noise,level1,11.9459
rm2,subway,motion_resolution_level0,judder_level1,0,motion_resolution,level0,judder,level1,12.8171
rm2,landscape,stutter_level2,duration_flicker_level2,0,stutter,level2,duration_flicker,level2,3.0125
rm2,attic,noise_colors_level0,reference,1,noise_colors,level0,reference,reference,13.6542
rm2,zeroday,judder_level1,stutter_level0,0,judder,level1,stutter,level0,10.2667
rm2,classroom,stutter_level1,judder_level1,0,stutter,level1,judder,level1,4.1338
rm2,bistro_exterior,motion_resolution_level1,noise_colors_level2,0,motion_resolution,level1,noise_colors,level2,4.0167
rm2,pink_room,noise_colors_level0,dlss_rr_level1,0,noise_colors,level0,dlss_rr,level1,6.4250
rm2,marbles,dlss_rr_level1,judder_level1,0,dlss_rr,level1,judder,level1,7.4260
rm2,subway,motion_resolution_level0,judder_level0,0,motion_resolution,level0,judder,level0,12.2959
rm2,marbles,motion_noise_level1,motion_noise_level0,0,motion_noise,level1,motion_noise,level0,11.3043
rm2,pink_room,duration_flicker_level2,motion_resolution_level1,1,duration_flicker,level2,motion_resolution,level1,2.3125
rm2,pink_room,noise_colors_level0,stutter_level0,0,noise_colors,level0,stutter,level0,9.9042
rm2,bistro_exterior,duration_flicker_level0,restir_level1,1,duration_flicker,level0,restir,level1,9.3508
rm2,classroom,duration_flicker_level1,motion_resolution_level1,1,duration_flicker,level1,motion_resolution,level1,3.6462
rm2,bistro_exterior,restir_level0,noise_colors_level0,1,restir,level0,noise_colors,level0,7.5919
rm2,bistro_interior,duration_flicker_level0,motion_noise_level2,1,duration_flicker,level0,motion_noise,level2,7.0800
rm2,landscape,motion_noise_level1,temporal-resolution-multiplexing_level0,0,motion_noise,level1,temporal-resolution-multiplexing,level0,10.8172
rm2,landscape,reference,motion_noise_level0,0,reference,reference,motion_noise,level0,4.7000
rm2,marbles,duration_flicker_level1,noise_colors_level2,1,duration_flicker,level1,noise_colors,level2,3.8921
rm2,subway,motion_resolution_level2,temporal-resolution-multiplexing_level2,0,motion_resolution,level2,temporal-resolution-multiplexing,level2,7.9842
rm2,landscape,stutter_level1,dlss_rr_level1,1,stutter,level1,dlss_rr,level1,3.6125
rm2,zeroday,motion_noise_level2,restir_level0,0,motion_noise,level2,restir,level0,10.1292
rm2,marbles,motion_resolution_level1,duration_flicker_level1,0,motion_resolution,level1,duration_flicker,level1,7.1875
rm2,attic,motion_noise_level2,motion_resolution_level0,1,motion_noise,level2,motion_resolution,level0,9.8139
rm2,bistro_interior,restir_level1,judder_level0,1,restir,level1,judder,level0,8.9095
rm2,subway,dlss_rr_level2,temporal-resolution-multiplexing_level2,1,dlss_rr,level2,temporal-resolution-multiplexing,level2,7.2750
rm2,attic,motion_noise_level0,stutter_level1,1,motion_noise,level0,stutter,level1,7.5674
rm2,landscape,motion_noise_level1,stutter_level1,1,motion_noise,level1,stutter,level1,8.3250
rm2,marbles,stutter_level2,restir_level1,0,stutter,level2,restir,level1,7.3632
rm2,classroom,restir_level0,reference,0,restir,level0,reference,reference,4.1167
rm2,landscape,judder_level2,dlss_rr_level2,1,judder,level2,dlss_rr,level2,4.0792
rm2,attic,reference,motion_noise_level0,1,reference,reference,motion_noise,level0,3.4417
rm2,bistro_interior,judder_level1,stutter_level0,0,judder,level1,stutter,level0,8.6292
rm2,attic,duration_flicker_level2,motion_resolution_level1,0,duration_flicker,level2,motion_resolution,level1,7.7594
rm2,bistro_interior,stutter_level0,motion_noise_level1,0,stutter,level0,motion_noise,level1,4.9126
rm2,classroom,motion_noise_level2,dlss_rr_level2,1,motion_noise,level2,dlss_rr,level2,11.1637
rm2,bistro_interior,temporal-resolution-multiplexing_level1,reference,0,temporal-resolution-multiplexing,level1,reference,reference,7.1459
rm2,landscape,judder_level2,dlss_rr_level1,0,judder,level2,dlss_rr,level1,8.9750
rm2,pink_room,noise_colors_level0,restir_level1,1,noise_colors,level0,restir,level1,6.2334
rm2,classroom,motion_resolution_level2,duration_flicker_level2,0,motion_resolution,level2,duration_flicker,level2,7.3593
rm2,pink_room,dlss_rr_level1,motion_noise_level2,0,dlss_rr,level1,motion_noise,level2,3.8375
rm2,landscape,temporal-resolution-multiplexing_level2,dlss_rr_level1,1,temporal-resolution-multiplexing,level2,dlss_rr,level1,9.1136
rm2,pink_room,dlss_rr_level1,temporal-resolution-multiplexing_level1,0,dlss_rr,level1,temporal-resolution-multiplexing,level1,2.0042
rm2,landscape,reference,noise_colors_level0,0,reference,reference,noise_colors,level0,4.1959
rm2,zeroday,duration_flicker_level2,temporal-resolution-multiplexing_level2,1,duration_flicker,level2,temporal-resolution-multiplexing,level2,3.3792
rm2,pink_room,noise_colors_level0,judder_level2,1,noise_colors,level0,judder,level2,3.1334
rm2,zeroday,judder_level2,stutter_level0,0,judder,level2,stutter,level0,2.9834
rm2,classroom,duration_flicker_level1,temporal-resolution-multiplexing_level2,1,duration_flicker,level1,temporal-resolution-multiplexing,level2,5.9000
rm2,landscape,motion_resolution_level0,motion_noise_level1,0,motion_resolution,level0,motion_noise,level1,4.5417
rm2,pink_room,temporal-resolution-multiplexing_level2,duration_flicker_level2,0,temporal-resolution-multiplexing,level2,duration_flicker,level2,4.5668
rm2,landscape,motion_noise_level2,motion_noise_level1,0,motion_noise,level2,motion_noise,level1,6.5542
rm2,attic,restir_level2,noise_colors_level2,0,restir,level2,noise_colors,level2,6.9877
rm2,attic,duration_flicker_level2,duration_flicker_level1,0,duration_flicker,level2,duration_flicker,level1,7.8509
rm2,pink_room,duration_flicker_level2,duration_flicker_level1,0,duration_flicker,level2,duration_flicker,level1,7.8750
rm2,attic,judder_level1,motion_noise_level0,0,judder,level1,motion_noise,level0,11.7964
rm2,zeroday,motion_resolution_level0,restir_level1,0,motion_resolution,level0,restir,level1,10.1668
rm2,zeroday,stutter_level0,motion_noise_level0,0,stutter,level0,motion_noise,level0,4.8084
rm2,landscape,stutter_level0,noise_colors_level2,0,stutter,level0,noise_colors,level2,14.3186
rm2,pink_room,noise_colors_level1,dlss_rr_level0,1,noise_colors,level1,dlss_rr,level0,8.4250
rm2,zeroday,duration_flicker_level1,stutter_level0,0,duration_flicker,level1,stutter,level0,13.7394
rm2,pink_room,judder_level1,stutter_level1,0,judder,level1,stutter,level1,9.5084
rm2,zeroday,motion_noise_level2,motion_noise_level1,0,motion_noise,level2,motion_noise,level1,11.3347
rm2,zeroday,restir_level1,temporal-resolution-multiplexing_level2,1,restir,level1,temporal-resolution-multiplexing,level2,3.1667
sb,zeroday,duration_flicker_level1,restir_level2,1,duration_flicker,level1,restir,level2,12.4353
sb,attic,duration_flicker_level0,judder_level1,0,duration_flicker,level0,judder,level1,20.1309
sb,bistro_exterior,stutter_level1,restir_level1,1,stutter,level1,restir,level1,12.1710
sb,bistro_exterior,dlss_rr_level0,judder_level2,1,dlss_rr,level0,judder,level2,8.3918
sb,landscape,restir_level0,motion_noise_level0,0,restir,level0,motion_noise,level0,17.9174
sb,subway,noise_colors_level2,dlss_rr_level2,1,noise_colors,level2,dlss_rr,level2,18.7097
sb,landscape,temporal-resolution-multiplexing_level0,stutter_level0,1,temporal-resolution-multiplexing,level0,stutter,level0,17.7876
sb,zeroday,stutter_level1,noise_colors_level2,1,stutter,level1,noise_colors,level2,13.3084
sb,bistro_interior,stutter_level1,temporal-resolution-multiplexing_level1,0,stutter,level1,temporal-resolution-multiplexing,level1,7.3126
sb,attic,motion_resolution_level1,judder_level0,0,motion_resolution,level1,judder,level0,6.2459
sb,subway,motion_noise_level0,stutter_level0,1,motion_noise,level0,stutter,level0,10.5627
sb,zeroday,restir_level1,restir_level2,1,restir,level1,restir,level2,8.3345
sb,pink_room,dlss_rr_level2,judder_level2,0,dlss_rr,level2,judder,level2,8.3625
sb,pink_room,motion_noise_level1,duration_flicker_level0,1,motion_noise,level1,duration_flicker,level0,8.0050
sb,bistro_exterior,judder_level0,stutter_level0,0,judder,level0,stutter,level0,19.2477
sb,subway,motion_noise_level0,motion_noise_level1,1,motion_noise,level0,motion_noise,level1,23.2584
sb,marbles,motion_resolution_level0,judder_level0,0,motion_resolution,level0,judder,level0,4.5672
sb,attic,restir_level0,temporal-resolution-multiplexing_level1,1,restir,level0,temporal-resolution-multiplexing,level1,1.9878
sb,landscape,noise_colors_level2,duration_flicker_level2,1,noise_colors,level2,duration_flicker,level2,2.5917
sb,pink_room,restir_level0,dlss_rr_level0,1,restir,level0,dlss_rr,level0,2.9334
sb,landscape,dlss_rr_level2,duration_flicker_level0,1,dlss_rr,level2,duration_flicker,level0,4.4000
sb,bistro_interior,dlss_rr_level0,restir_level0,0,dlss_rr,level0,restir,level0,17.9264
sb,bistro_exterior,noise_colors_level1,temporal-resolution-multiplexing_level0,0,noise_colors,level1,temporal-resolution-multiplexing,level0,10.9681
sb,bistro_interior,motion_resolution_level1,motion_resolution_level2,1,motion_resolution,level1,motion_resolution,level2,7.0468
sb,zeroday,motion_resolution_level1,noise_colors_level1,0,motion_resolution,level1,noise_colors,level1,9.1125
sb,pink_room,motion_noise_level1,stutter_level1,1,motion_noise,level1,stutter,level1,12.0725
sb,bistro_interior,judder_level2,judder_level1,0,judder,level2,judder,level1,6.1426
sb,attic,motion_resolution_level2,dlss_rr_level2,0,motion_resolution,level2,dlss_rr,level2,2.9546
sb,zeroday,dlss_rr_level2,motion_resolution_level1,1,dlss_rr,level2,motion_resolution,level1,8.3000
sb,zeroday,stutter_level2,motion_resolution_level1,1,stutter,level2,motion_resolution,level1,3.2709
sb,marbles,judder_level2,motion_resolution_level0,0,judder,level2,motion_resolution,level0,26.6283
sb,subway,restir_level0,temporal-resolution-multiplexing_level1,0,restir,level0,temporal-resolution-multiplexing,level1,1.7625
sb,attic,judder_level2,judder_level0,1,judder,level2,judder,level0,9.2637
sb,zeroday,temporal-resolution-multiplexing_level1,judder_level2,0,temporal-resolution-multiplexing,level1,judder,level2,26.1500
sb,bistro_exterior,judder_level1,dlss_rr_level1,1,judder,level1,dlss_rr,level1,6.7091
sb,attic,duration_flicker_level2,restir_level0,1,duration_flicker,level2,restir,level0,16.2314
sb,zeroday,restir_level2,motion_noise_level2,0,restir,level2,motion_noise,level2,1.5375
sb,marbles,motion_noise_level0,stutter_level0,1,motion_noise,level0,stutter,level0,24.1045
sb,landscape,temporal-resolution-multiplexing_level0,duration_flicker_level0,1,temporal-resolution-multiplexing,level0,duration_flicker,level0,2.8917
sb,attic,dlss_rr_level2,dlss_rr_level0,0,dlss_rr,level2,dlss_rr,level0,2.7875
sb,landscape,motion_noise_level0,restir_level1,0,motion_noise,level0,restir,level1,12.6834
sb,subway,motion_noise_level0,motion_resolution_level1,1,motion_noise,level0,motion_resolution,level1,14.1292
sb,pink_room,noise_colors_level1,restir_level2,1,noise_colors,level1,restir,level2,6.2000
sb,attic,judder_level1,stutter_level0,0,judder,level1,stutter,level0,9.6000
sb,pink_room,judder_level1,judder_level2,0,judder,level1,judder,level2,29.8344
sb,landscape,motion_resolution_level1,dlss_rr_level1,0,motion_resolution,level1,dlss_rr,level1,4.6630
sb,zeroday,temporal-resolution-multiplexing_level2,motion_resolution_level1,0,temporal-resolution-multiplexing,level2,motion_resolution,level1,2.6751
sb,zeroday,noise_colors_level0,stutter_level1,1,noise_colors,level0,stutter,level1,19.7167
sb,attic,motion_resolution_level2,dlss_rr_level1,0,motion_resolution,level2,dlss_rr,level1,2.8167
sb,bistro_interior,stutter_level1,duration_flicker_level2,0,stutter,level1,duration_flicker,level2,8.2469
sb,subway,motion_noise_level0,duration_flicker_level0,0,motion_noise,level0,duration_flicker,level0,5.0713
sb,zeroday,motion_resolution_level2,restir_level2,1,motion_resolution,level2,restir,level2,9.8542
sb,classroom,judder_level0,stutter_level1,1,judder,level0,stutter,level1,18.7274
sb,zeroday,judder_level2,duration_flicker_level0,0,judder,level2,duration_flicker,level0,3.9334
sb,landscape,restir_level2,motion_noise_level0,0,restir,level2,motion_noise,level0,4.1584
sb,pink_room,temporal-resolution-multiplexing_level1,motion_noise_level1,0,temporal-resolution-multiplexing,level1,motion_noise,level1,14.8250
sb,attic,temporal-resolution-multiplexing_level0,duration_flicker_level0,1,temporal-resolution-multiplexing,level0,duration_flicker,level0,16.1209
sb,attic,stutter_level1,judder_level0,0,stutter,level1,judder,level0,19.7929
sb,bistro_exterior,temporal-resolution-multiplexing_level0,stutter_level1,1,temporal-resolution-multiplexing,level0,stutter,level1,4.0963
sb,landscape,motion_noise_level2,duration_flicker_level0,1,motion_noise,level2,duration_flicker,level0,3.9792
sb,bistro_interior,restir_level1,motion_noise_level2,0,restir,level1,motion_noise,level2,4.7047
sb,bistro_interior,restir_level1,motion_resolution_level1,1,restir,level1,motion_resolution,level1,8.1137
sb,attic,judder_level0,judder_level1,1,judder,level0,judder,level1,15.7562
sb,marbles,noise_colors_level2,duration_flicker_level2,1,noise_colors,level2,duration_flicker,level2,5.2797
sb,pink_room,judder_level1,stutter_level0,1,judder,level1,stutter,level0,25.2209
sb,bistro_interior,restir_level0,judder_level2,1,restir,level0,judder,level2,3.5750
sb,marbles,duration_flicker_level1,noise_colors_level1,0,duration_flicker,level1,noise_colors,level1,6.4091
sb,pink_room,duration_flicker_level2,dlss_rr_level2,0,duration_flicker,level2,dlss_rr,level2,6.7334
sb,bistro_exterior,temporal-resolution-multiplexing_level2,motion_resolution_level0,0,temporal-resolution-multiplexing,level2,motion_resolution,level0,10.1637
sb,subway,restir_level1,noise_colors_level2,0,restir,level1,noise_colors,level2,5.0338
sb,bistro_interior,restir_level2,motion_resolution_level1,1,restir,level2,motion_resolution,level1,7.7542
sb,bistro_exterior,restir_level2,dlss_rr_level2,1,restir,level2,dlss_rr,level2,9.1459
sb,landscape,motion_resolution_level2,motion_resolution_level1,0,motion_resolution,level2,motion_resolution,level1,8.4334
sb,landscape,temporal-resolution-multiplexing_level2,motion_noise_level2,0,temporal-resolution-multiplexing,level2,motion_noise,level2,9.9375
sb,marbles,temporal-resolution-multiplexing_level2,restir_level2,1,temporal-resolution-multiplexing,level2,restir,level2,20.6089
sb,bistro_interior,judder_level0,restir_level0,1,judder,level0,restir,level0,6.7417
sb,landscape,duration_flicker_level0,judder_level1,0,duration_flicker,level0,judder,level1,5.7417
sb,classroom,noise_colors_level2,motion_noise_level2,0,noise_colors,level2,motion_noise,level2,4.4500
sb,bistro_exterior,stutter_level0,motion_noise_level1,1,stutter,level0,motion_noise,level1,12.2508
sb,marbles,temporal-resolution-multiplexing_level1,judder_level0,0,temporal-resolution-multiplexing,level1,judder,level0,22.9488
sb,marbles,temporal-resolution-multiplexing_level1,motion_noise_level1,0,temporal-resolution-multiplexing,level1,motion_noise,level1,8.8053
sb,classroom,judder_level0,noise_colors_level0,0,judder,level0,noise_colors,level0,15.8186
sb,zeroday,duration_flicker_level0,restir_level1,1,duration_flicker,level0,restir,level1,3.5876
sb,bistro_interior,reference,motion_noise_level0,1,reference,reference,motion_noise,level0,12.6125
sb,attic,judder_level1,noise_colors_level0,0,judder,level1,noise_colors,level0,12.1475
sb,classroom,temporal-resolution-multiplexing_level2,restir_level2,0,temporal-resolution-multiplexing,level2,restir,level2,8.5511
sb,attic,restir_level0,motion_resolution_level1,1,restir,level0,motion_resolution,level1,5.9839
sb,attic,motion_noise_level2,judder_level1,0,motion_noise,level2,judder,level1,15.5811
sb,pink_room,judder_level1,reference,0,judder,level1,reference,reference,19.0126
sb,marbles,temporal-resolution-multiplexing_level2,duration_flicker_level2,0,temporal-resolution-multiplexing,level2,duration_flicker,level2,10.2667
sb,bistro_exterior,temporal-resolution-multiplexing_level0,motion_noise_level0,1,temporal-resolution-multiplexing,level0,motion_noise,level0,8.2345
sb,bistro_exterior,restir_level2,temporal-resolution-multiplexing_level2,1,restir,level2,temporal-resolution-multiplexing,level2,5.7635
sb,attic,motion_resolution_level0,judder_level1,0,motion_resolution,level0,judder,level1,14.8228
sb,bistro_interior,temporal-resolution-multiplexing_level2,restir_level0,0,temporal-resolution-multiplexing,level2,restir,level0,5.1340
sb,bistro_interior,temporal-resolution-multiplexing_level0,motion_noise_level0,1,temporal-resolution-multiplexing,level0,motion_noise,level0,23.3657
sb,landscape,motion_noise_level1,motion_noise_level0,0,motion_noise,level1,motion_noise,level0,5.8000
sb,landscape,motion_noise_level0,noise_colors_level1,1,motion_noise,level0,noise_colors,level1,16.7980
sb,bistro_exterior,restir_level2,noise_colors_level2,1,restir,level2,noise_colors,level2,4.8049
sb,attic,temporal-resolution-multiplexing_level2,restir_level2,0,temporal-resolution-multiplexing,level2,restir,level2,3.5296
sb,landscape,motion_resolution_level1,dlss_rr_level2,1,motion_resolution,level1,dlss_rr,level2,5.7125
sb,landscape,judder_level1,temporal-resolution-multiplexing_level1,0,judder,level1,temporal-resolution-multiplexing,level1,9.1084
sb,pink_room,restir_level2,duration_flicker_level2,1,restir,level2,duration_flicker,level2,4.3750
sb,attic,motion_noise_level1,judder_level0,1,motion_noise,level1,judder,level0,10.6973
sb,subway,duration_flicker_level0,temporal-resolution-multiplexing_level1,1,duration_flicker,level0,temporal-resolution-multiplexing,level1,9.3209
sb,bistro_exterior,duration_flicker_level1,restir_level1,0,duration_flicker,level1,restir,level1,4.9334
sb,zeroday,judder_level1,judder_level2,1,judder,level1,judder,level2,14.7835
sb,subway,judder_level2,judder_level0,0,judder,level2,judder,level0,16.2437
sb,attic,motion_noise_level0,duration_flicker_level0,1,motion_noise,level0,duration_flicker,level0,4.2132
sb,attic,dlss_rr_level2,temporal-resolution-multiplexing_level1,1,dlss_rr,level2,temporal-resolution-multiplexing,level1,7.4843
sb,pink_room,noise_colors_level2,dlss_rr_level2,1,noise_colors,level2,dlss_rr,level2,9.4251
sb,marbles,motion_resolution_level1,restir_level2,0,motion_resolution,level1,restir,level2,6.5709
sb,classroom,judder_level1,temporal-resolution-multiplexing_level0,1,judder,level1,temporal-resolution-multiplexing,level0,17.3543
sb,bistro_interior,temporal-resolution-multiplexing_level0,duration_flicker_level2,1,temporal-resolution-multiplexing,level0,duration_flicker,level2,2.8417
sb,subway,noise_colors_level1,judder_level0,1,noise_colors,level1,judder,level0,19.8750
sb,subway,dlss_rr_level0,motion_noise_level0,0,dlss_rr,level0,motion_noise,level0,3.5209
sb,pink_room,stutter_level2,dlss_rr_level2,1,stutter,level2,dlss_rr,level2,9.4003
sb,bistro_interior,stutter_level0,stutter_level1,1,stutter,level0,stutter,level1,10.1875
sb,bistro_interior,judder_level2,stutter_level1,0,judder,level2,stutter,level1,7.9209
sb,pink_room,duration_flicker_level0,motion_resolution_level0,0,duration_flicker,level0,motion_resolution,level0,14.4717
sb,zeroday,dlss_rr_level1,stutter_level2,0,dlss_rr,level1,stutter,level2,5.2667
sb,pink_room,restir_level0,motion_noise_level2,1,restir,level0,motion_noise,level2,6.3506
sb,bistro_interior,motion_noise_level2,noise_colors_level2,1,motion_noise,level2,noise_colors,level2,9.3972
sb,subway,noise_colors_level2,duration_flicker_level2,0,noise_colors,level2,duration_flicker,level2,6.4460
sb,classroom,duration_flicker_level1,stutter_level2,0,duration_flicker,level1,stutter,level2,5.5542
sb,pink_room,temporal-resolution-multiplexing_level1,noise_colors_level0,0,temporal-resolution-multiplexing,level1,noise_colors,level0,15.2382
sb,bistro_interior,temporal-resolution-multiplexing_level1,duration_flicker_level0,1,temporal-resolution-multiplexing,level1,duration_flicker,level0,19.8214
sb,subway,duration_flicker_level1,motion_resolution_level0,0,duration_flicker,level1,motion_resolution,level0,9.0084
sb,marbles,motion_resolution_level0,motion_noise_level2,1,motion_resolution,level0,motion_noise,level2,10.5209
sb,attic,temporal-resolution-multiplexing_level2,motion_resolution_level2,0,temporal-resolution-multiplexing,level2,motion_resolution,level2,6.9125
sb,attic,dlss_rr_level2,noise_colors_level2,1,dlss_rr,level2,noise_colors,level2,18.9356
sb,classroom,motion_noise_level1,stutter_level2,0,motion_noise,level1,stutter,level2,7.8512
sb,zeroday,motion_noise_level1,noise_colors_level2,1,motion_noise,level1,noise_colors,level2,8.3167
sb,zeroday,dlss_rr_level0,stutter_level2,0,dlss_rr,level0,stutter,level2,14.1461
sb,subway,motion_resolution_level0,motion_noise_level0,1,motion_resolution,level0,motion_noise,level0,6.2834
sb,landscape,duration_flicker_level1,motion_noise_level2,0,duration_flicker,level1,motion_noise,level2,7.0334
sb,pink_room,motion_resolution_level0,dlss_rr_level2,1,motion_resolution,level0,dlss_rr,level2,6.1917
sb,zeroday,motion_noise_level0,noise_colors_level0,1,motion_noise,level0,noise_colors,level0,17.3645
sb,bistro_interior,motion_noise_level1,judder_level2,1,motion_noise,level1,judder,level2,4.5174
sb,classroom,motion_resolution_level1,motion_resolution_level2,1,motion_resolution,level1,motion_resolution,level2,4.6047
sb,subway,motion_resolution_level2,noise_colors_level2,0,motion_resolution,level2,noise_colors,level2,7.6667
sb,zeroday,reference,stutter_level0,1,reference,reference,stutter,level0,22.6125
sb,pink_room,temporal-resolution-multiplexing_level2,duration_flicker_level1,0,temporal-resolution-multiplexing,level2,duration_flicker,level1,10.7834
sb,bistro_interior,motion_noise_level0,noise_colors_level0,1,motion_noise,level0,noise_colors,level0,13.2084
sb,landscape,stutter_level2,dlss_rr_level2,1,stutter,level2,dlss_rr,level2,8.5467
sb,subway,reference,temporal-resolution-multiplexing_level0,1,reference,reference,temporal-resolution-multiplexing,level0,6.6334
sb,marbles,judder_level1,noise_colors_level1,1,judder,level1,noise_colors,level1,501.7380
sb,bistro_exterior,temporal-resolution-multiplexing_level0,motion_noise_level1,1,temporal-resolution-multiplexing,level0,motion_noise,level1,6.9750
sb,landscape,motion_noise_level0,motion_resolution_level0,1,motion_noise,level0,motion_resolution,level0,7.6625
sb,classroom,duration_flicker_level2,duration_flicker_level0,0,duration_flicker,level2,duration_flicker,level0,7.2834
sb,subway,motion_noise_level2,dlss_rr_level2,1,motion_noise,level2,dlss_rr,level2,18.5481
sb,classroom,restir_level1,noise_colors_level2,1,restir,level1,noise_colors,level2,4.2254
sb,pink_room,motion_noise_level0,judder_level0,1,motion_noise,level0,judder,level0,12.5966
sb,zeroday,temporal-resolution-multiplexing_level1,motion_resolution_level0,1,temporal-resolution-multiplexing,level1,motion_resolution,level0,14.3966
sb,zeroday,judder_level2,noise_colors_level2,1,judder,level2,noise_colors,level2,8.5250
sb,subway,stutter_level1,noise_colors_level1,1,stutter,level1,noise_colors,level1,17.8230
sb,landscape,motion_noise_level0,stutter_level1,1,motion_noise,level0,stutter,level1,13.7209
sb,bistro_exterior,temporal-resolution-multiplexing_level1,restir_level2,1,temporal-resolution-multiplexing,level1,restir,level2,10.1846
sb,bistro_interior,stutter_level2,restir_level1,0,stutter,level2,restir,level1,6.7134
sb,zeroday,motion_resolution_level1,motion_noise_level2,0,motion_resolution,level1,motion_noise,level2,8.2542
sb,bistro_exterior,judder_level2,duration_flicker_level0,0,judder,level2,duration_flicker,level0,14.4292
sb,pink_room,restir_level2,motion_resolution_level1,1,restir,level2,motion_resolution,level1,6.6000
sb,marbles,judder_level1,motion_noise_level0,0,judder,level1,motion_noise,level0,24.0114
sb,subway,dlss_rr_level1,noise_colors_level2,1,dlss_rr,level1,noise_colors,level2,6.1585
sb,bistro_interior,motion_resolution_level2,motion_resolution_level0,0,motion_resolution,level2,motion_resolution,level0,5.2125
sb,bistro_exterior,restir_level0,temporal-resolution-multiplexing_level0,1,restir,level0,temporal-resolution-multiplexing,level0,13.3054
sb,pink_room,dlss_rr_level2,duration_flicker_level1,1,dlss_rr,level2,duration_flicker,level1,14.8425
sb,marbles,motion_resolution_level2,temporal-resolution-multiplexing_level2,0,motion_resolution,level2,temporal-resolution-multiplexing,level2,4.1339
sb,marbles,dlss_rr_level0,temporal-resolution-multiplexing_level0,0,dlss_rr,level0,temporal-resolution-multiplexing,level0,9.2335
sb,pink_room,motion_resolution_level2,motion_resolution_level1,0,motion_resolution,level2,motion_resolution,level1,18.3167
sb,subway,noise_colors_level0,motion_noise_level0,1,noise_colors,level0,motion_noise,level0,3.5750
sb,bistro_exterior,judder_level1,temporal-resolution-multiplexing_level1,1,judder,level1,temporal-resolution-multiplexing,level1,12.1387
sb,pink_room,motion_noise_level1,dlss_rr_level0,1,motion_noise,level1,dlss_rr,level0,9.1084
sb,attic,judder_level0,noise_colors_level1,1,judder,level0,noise_colors,level1,13.6519
sb,classroom,stutter_level1,motion_resolution_level0,1,stutter,level1,motion_resolution,level0,11.1681
sb,classroom,dlss_rr_level2,temporal-resolution-multiplexing_level1,0,dlss_rr,level2,temporal-resolution-multiplexing,level1,3.8507
sb,landscape,dlss_rr_level0,duration_flicker_level2,1,dlss_rr,level0,duration_flicker,level2,5.6625
sb,subway,stutter_level2,motion_noise_level0,1,stutter,level2,motion_noise,level0,9.5709
sb,classroom,noise_colors_level1,motion_noise_level0,0,noise_colors,level1,motion_noise,level0,5.6792
sb,bistro_interior,temporal-resolution-multiplexing_level0,noise_colors_level1,1,temporal-resolution-multiplexing,level0,noise_colors,level1,18.2726
sb,zeroday,noise_colors_level0,reference,0,noise_colors,level0,reference,reference,13.5709
sb,attic,noise_colors_level0,reference,1,noise_colors,level0,reference,reference,18.2834
sb,attic,judder_level1,duration_flicker_level1,1,judder,level1,duration_flicker,level1,7.6500
sb,bistro_exterior,motion_noise_level2,judder_level1,0,motion_noise,level2,judder,level1,18.9649
sb,bistro_interior,restir_level1,restir_level0,0,restir,level1,restir,level0,6.6839
sb,bistro_exterior,restir_level2,stutter_level2,1,restir,level2,stutter,level2,10.0179
sb,zeroday,judder_level2,restir_level0,1,judder,level2,restir,level0,10.2633
sb,zeroday,duration_flicker_level2,motion_resolution_level1,0,duration_flicker,level2,motion_resolution,level1,7.8750
sb,subway,judder_level1,reference,0,judder,level1,reference,reference,8.5167
sb,bistro_exterior,noise_colors_level0,reference,1,noise_colors,level0,reference,reference,19.2984
sb,subway,motion_noise_level0,judder_level0,0,motion_noise,level0,judder,level0,2.0625
sb,subway,noise_colors_level2,restir_level0,1,noise_colors,level2,restir,level0,12.6334
sb,zeroday,noise_colors_level0,judder_level0,1,noise_colors,level0,judder,level0,10.9304
sb,pink_room,dlss_rr_level1,dlss_rr_level2,1,dlss_rr,level1,dlss_rr,level2,11.7084
sb,subway,temporal-resolution-multiplexing_level2,restir_level1,1,temporal-resolution-multiplexing,level2,restir,level1,2.5334
sb,marbles,motion_resolution_level0,dlss_rr_level1,0,motion_resolution,level0,dlss_rr,level1,4.8209
sb,subway,temporal-resolution-multiplexing_level0,judder_level0,1,temporal-resolution-multiplexing,level0,judder,level0,9.3042
sb,zeroday,temporal-resolution-multiplexing_level0,duration_flicker_level2,1,temporal-resolution-multiplexing,level0,duration_flicker,level2,6.1500
sb,landscape,motion_noise_level1,reference,0,motion_noise,level1,reference,reference,18.7209
sb,classroom,duration_flicker_level2,restir_level1,0,duration_flicker,level2,restir,level1,5.0340
sb,classroom,noise_colors_level1,dlss_rr_level0,0,noise_colors,level1,dlss_rr,level0,7.7177
sb,pink_room,judder_level0,judder_level1,1,judder,level0,judder,level1,20.2500
sb,attic,dlss_rr_level0,restir_level1,1,dlss_rr,level0,restir,level1,5.1125
sb,pink_room,judder_level0,temporal-resolution-multiplexing_level0,1,judder,level0,temporal-resolution-multiplexing,level0,35.2045
sb,bistro_exterior,motion_resolution_level2,restir_level2,0,motion_resolution,level2,restir,level2,7.5591
sb,classroom,temporal-resolution-multiplexing_level2,motion_resolution_level1,1,temporal-resolution-multiplexing,level2,motion_resolution,level1,11.6512
sb,subway,restir_level2,restir_level1,0,restir,level2,restir,level1,8.1250
sb,pink_room,duration_flicker_level0,restir_level1,0,duration_flicker,level0,restir,level1,3.5792
sb,bistro_interior,dlss_rr_level2,restir_level0,0,dlss_rr,level2,restir,level0,6.0800
sb,classroom,dlss_rr_level1,noise_colors_level1,0,dlss_rr,level1,noise_colors,level1,11.6886
sb,marbles,duration_flicker_level2,motion_resolution_level0,0,duration_flicker,level2,motion_resolution,level0,6.4635
sb,classroom,judder_level0,temporal-resolution-multiplexing_level0,0,judder,level0,temporal-resolution-multiplexing,level0,15.6136
sb,attic,restir_level0,stutter_level2,0,restir,level0,stutter,level2,10.1792
sb,bistro_exterior,temporal-resolution-multiplexing_level1,duration_flicker_level0,0,temporal-resolution-multiplexing,level1,duration_flicker,level0,5.9174
sb,landscape,motion_noise_level0,temporal-resolution-multiplexing_level1,1,motion_noise,level0,temporal-resolution-multiplexing,level1,11.1834
sb,landscape,judder_level2,temporal-resolution-multiplexing_level0,0,judder,level2,temporal-resolution-multiplexing,level0,9.1167
sb,marbles,reference,dlss_rr_level0,1,reference,reference,dlss_rr,level0,11.1001
sb,marbles,restir_level0,dlss_rr_level0,1,restir,level0,dlss_rr,level0,6.1715
sb,bistro_interior,restir_level1,dlss_rr_level1,1,restir,level1,dlss_rr,level1,7.0750
sb,marbles,dlss_rr_level2,noise_colors_level2,0,dlss_rr,level2,noise_colors,level2,15.3146
sb,marbles,stutter_level2,dlss_rr_level1,0,stutter,level2,dlss_rr,level1,7.5468
sb,bistro_exterior,restir_level1,judder_level2,1,restir,level1,judder,level2,7.9383
sb,bistro_interior,stutter_level1,duration_flicker_level1,1,stutter,level1,duration_flicker,level1,8.6429
sb,marbles,judder_level0,dlss_rr_level0,1,judder,level0,dlss_rr,level0,8.5471
sb,bistro_exterior,restir_level2,duration_flicker_level2,0,restir,level2,duration_flicker,level2,10.9223
sb,bistro_exterior,motion_resolution_level1,temporal-resolution-multiplexing_level2,1,motion_resolution,level1,temporal-resolution-multiplexing,level2,9.1013
sb,classroom,judder_level0,restir_level0,0,judder,level0,restir,level0,20.8852
sb,bistro_exterior,stutter_level0,noise_colors_level0,1,stutter,level0,noise_colors,level0,22.8031
sb,classroom,motion_noise_level0,dlss_rr_level2,1,motion_noise,level0,dlss_rr,level2,5.4627
sb,landscape,motion_noise_level0,noise_colors_level0,0,motion_noise,level0,noise_colors,level0,7.8387
sb,classroom,duration_flicker_level2,temporal-resolution-multiplexing_level2,0,duration_flicker,level2,temporal-resolution-multiplexing,level2,5.4543
sb,landscape,noise_colors_level0,judder_level0,1,noise_colors,level0,judder,level0,10.3125
sb,classroom,stutter_level0,noise_colors_level1,1,stutter,level0,noise_colors,level1,7.9542
sb,classroom,duration_flicker_level2,stutter_level2,0,duration_flicker,level2,stutter,level2,7.7667
sb,marbles,reference,noise_colors_level0,0,reference,reference,noise_colors,level0,29.6971
sb,classroom,reference,temporal-resolution-multiplexing_level0,0,reference,reference,temporal-resolution-multiplexing,level0,12.7042
sb,classroom,motion_noise_level2,noise_colors_level1,0,motion_noise,level2,noise_colors,level1,5.3171
sb,marbles,motion_resolution_level0,restir_level1,1,motion_resolution,level0,restir,level1,14.0059
sb,landscape,motion_noise_level2,duration_flicker_level2,1,motion_noise,level2,duration_flicker,level2,5.5924
sb,classroom,temporal-resolution-multiplexing_level0,judder_level2,1,temporal-resolution-multiplexing,level0,judder,level2,12.0808
sb,marbles,temporal-resolution-multiplexing_level2,duration_flicker_level0,0,temporal-resolution-multiplexing,level2,duration_flicker,level0,9.3422
sb,classroom,stutter_level2,motion_resolution_level0,0,stutter,level2,motion_resolution,level0,5.9092
sb,marbles,temporal-resolution-multiplexing_level1,motion_noise_level0,0,temporal-resolution-multiplexing,level1,motion_noise,level0,3.4042
sb,marbles,motion_resolution_level0,stutter_level1,0,motion_resolution,level0,stutter,level1,13.5184
sb2,attic,duration_flicker_level0,judder_level2,1,duration_flicker,level0,judder,level2,30.8292
sb2,classroom,judder_level0,stutter_level2,1,judder,level0,stutter,level2,6.6217
sb2,pink_room,dlss_rr_level1,noise_colors_level2,0,dlss_rr,level1,noise_colors,level2,9.1626
sb2,bistro_exterior,dlss_rr_level2,dlss_rr_level1,0,dlss_rr,level2,dlss_rr,level1,11.8724
sb2,attic,temporal-resolution-multiplexing_level2,restir_level2,0,temporal-resolution-multiplexing,level2,restir,level2,12.1516
sb2,zeroday,motion_resolution_level2,temporal-resolution-multiplexing_level2,0,motion_resolution,level2,temporal-resolution-multiplexing,level2,10.7926
sb2,bistro_exterior,judder_level1,stutter_level0,1,judder,level1,stutter,level0,10.4639
sb2,subway,duration_flicker_level1,duration_flicker_level2,1,duration_flicker,level1,duration_flicker,level2,28.6952
sb2,classroom,stutter_level1,dlss_rr_level0,1,stutter,level1,dlss_rr,level0,9.3959
sb2,marbles,stutter_level0,motion_noise_level1,1,stutter,level0,motion_noise,level1,9.4222
sb2,bistro_exterior,motion_noise_level2,dlss_rr_level1,0,motion_noise,level2,dlss_rr,level1,19.2858
sb2,bistro_exterior,noise_colors_level1,duration_flicker_level1,1,noise_colors,level1,duration_flicker,level1,14.2311
sb2,attic,noise_colors_level0,judder_level0,1,noise_colors,level0,judder,level0,15.2895
sb2,bistro_interior,duration_flicker_level1,noise_colors_level1,0,duration_flicker,level1,noise_colors,level1,8.2417
sb2,bistro_exterior,duration_flicker_level2,motion_resolution_level0,0,duration_flicker,level2,motion_resolution,level0,24.5532
sb2,attic,noise_colors_level2,restir_level2,0,noise_colors,level2,restir,level2,13.0142
sb2,classroom,temporal-resolution-multiplexing_level2,noise_colors_level2,1,temporal-resolution-multiplexing,level2,noise_colors,level2,8.7792
sb2,attic,noise_colors_level1,duration_flicker_level0,1,noise_colors,level1,duration_flicker,level0,8.0334
sb2,zeroday,judder_level1,stutter_level1,1,judder,level1,stutter,level1,12.4834
sb2,classroom,restir_level1,restir_level2,1,restir,level1,restir,level2,5.5383
sb2,landscape,duration_flicker_level2,motion_resolution_level0,0,duration_flicker,level2,motion_resolution,level0,5.7334
sb2,attic,duration_flicker_level0,stutter_level2,1,duration_flicker,level0,stutter,level2,14.2844
sb2,marbles,motion_resolution_level2,noise_colors_level2,0,motion_resolution,level2,noise_colors,level2,4.3879
sb2,bistro_interior,noise_colors_level0,reference,0,noise_colors,level0,reference,reference,18.6143
sb2,bistro_exterior,noise_colors_level0,motion_noise_level0,1,noise_colors,level0,motion_noise,level0,6.9592
sb2,bistro_interior,motion_noise_level2,judder_level2,1,motion_noise,level2,judder,level2,5.4255
sb2,bistro_interior,stutter_level2,motion_resolution_level1,1,stutter,level2,motion_resolution,level1,4.6042
sb2,landscape,judder_level2,judder_level1,0,judder,level2,judder,level1,9.9339
sb2,marbles,dlss_rr_level2,duration_flicker_level0,0,dlss_rr,level2,duration_flicker,level0,11.7795
sb2,classroom,restir_level0,judder_level2,1,restir,level0,judder,level2,10.5792
sb2,marbles,noise_colors_level1,restir_level2,1,noise_colors,level1,restir,level2,5.5250
sb2,zeroday,motion_noise_level1,motion_noise_level0,1,motion_noise,level1,motion_noise,level0,10.7292
sb2,pink_room,temporal-resolution-multiplexing_level0,motion_noise_level1,1,temporal-resolution-multiplexing,level0,motion_noise,level1,8.7667
sb2,bistro_interior,motion_resolution_level2,motion_resolution_level1,0,motion_resolution,level2,motion_resolution,level1,4.7000
sb2,attic,temporal-resolution-multiplexing_level0,motion_noise_level0,1,temporal-resolution-multiplexing,level0,motion_noise,level0,16.4603
sb2,bistro_exterior,motion_resolution_level2,motion_resolution_level1,0,motion_resolution,level2,motion_resolution,level1,5.4542
sb2,zeroday,judder_level0,judder_level2,1,judder,level0,judder,level2,13.4959
sb2,bistro_exterior,stutter_level2,dlss_rr_level1,0,stutter,level2,dlss_rr,level1,9.4553
sb2,zeroday,stutter_level1,motion_noise_level1,1,stutter,level1,motion_noise,level1,9.9625
sb2,pink_room,motion_noise_level2,restir_level0,0,motion_noise,level2,restir,level0,11.4849
sb2,marbles,noise_colors_level1,noise_colors_level2,1,noise_colors,level1,noise_colors,level2,7.5927
sb2,attic,temporal-resolution-multiplexing_level1,dlss_rr_level1,1,temporal-resolution-multiplexing,level1,dlss_rr,level1,9.0969
sb2,bistro_interior,noise_colors_level0,judder_level1,1,noise_colors,level0,judder,level1,13.4891
sb2,subway,motion_resolution_level1,stutter_level2,0,motion_resolution,level1,stutter,level2,8.3843
sb2,attic,stutter_level0,stutter_level2,1,stutter,level0,stutter,level2,14.1342
sb2,subway,restir_level1,restir_level0,0,restir,level1,restir,level0,6.0334
sb2,classroom,stutter_level2,motion_noise_level0,0,stutter,level2,motion_noise,level0,7.6803
sb2,bistro_interior,temporal-resolution-multiplexing_level1,stutter_level0,1,temporal-resolution-multiplexing,level1,stutter,level0,5.3675
sb2,classroom,stutter_level0,restir_level0,1,stutter,level0,restir,level0,12.8500
sb2,marbles,judder_level0,judder_level2,1,judder,level0,judder,level2,9.4834
sb2,bistro_exterior,temporal-resolution-multiplexing_level2,motion_resolution_level1,0,temporal-resolution-multiplexing,level2,motion_resolution,level1,21.5317
sb2,subway,restir_level0,restir_level2,1,restir,level0,restir,level2,1.9125
sb2,attic,motion_noise_level2,duration_flicker_level0,1,motion_noise,level2,duration_flicker,level0,7.7677
sb2,subway,duration_flicker_level2,motion_noise_level1,1,duration_flicker,level2,motion_noise,level1,4.5959
sb2,zeroday,judder_level0,temporal-resolution-multiplexing_level0,1,judder,level0,temporal-resolution-multiplexing,level0,5.2875
sb2,classroom,stutter_level1,duration_flicker_level0,1,stutter,level1,duration_flicker,level0,6.0334
sb2,landscape,restir_level2,restir_level0,0,restir,level2,restir,level0,7.9007
sb2,zeroday,motion_resolution_level1,motion_resolution_level0,0,motion_resolution,level1,motion_resolution,level0,8.1917
sb2,marbles,dlss_rr_level2,restir_level1,0,dlss_rr,level2,restir,level1,11.0834
sb2,classroom,motion_noise_level1,duration_flicker_level1,1,motion_noise,level1,duration_flicker,level1,6.7500
sb2,bistro_exterior,dlss_rr_level1,duration_flicker_level2,1,dlss_rr,level1,duration_flicker,level2,10.4715
sb2,zeroday,noise_colors_level1,judder_level0,0,noise_colors,level1,judder,level0,12.9846
sb2,attic,stutter_level2,motion_resolution_level0,0,stutter,level2,motion_resolution,level0,5.8675
sb2,subway,judder_level2,stutter_level2,1,judder,level2,stutter,level2,14.1875
sb2,landscape,restir_level2,stutter_level0,0,restir,level2,stutter,level0,7.0417
sb2,bistro_exterior,temporal-resolution-multiplexing_level1,motion_noise_level1,0,temporal-resolution-multiplexing,level1,motion_noise,level1,7.4334
sb2,zeroday,restir_level2,duration_flicker_level2,0,restir,level2,duration_flicker,level2,8.2834
sb2,marbles,motion_noise_level0,noise_colors_level0,0,motion_noise,level0,noise_colors,level0,14.4977
sb2,zeroday,stutter_level2,duration_flicker_level1,1,stutter,level2,duration_flicker,level1,3.7167
sb2,pink_room,restir_level1,motion_noise_level1,0,restir,level1,motion_noise,level1,7.6834
sb2,bistro_exterior,restir_level2,judder_level0,0,restir,level2,judder,level0,13.7309
sb2,bistro_exterior,motion_noise_level0,judder_level1,1,motion_noise,level0,judder,level1,12.7058
sb2,landscape,restir_level2,temporal-resolution-multiplexing_level0,0,restir,level2,temporal-resolution-multiplexing,level0,9.8792
sb2,zeroday,duration_flicker_level1,motion_resolution_level0,0,duration_flicker,level1,motion_resolution,level0,5.6000
sb2,zeroday,temporal-resolution-multiplexing_level0,duration_flicker_level1,1,temporal-resolution-multiplexing,level0,duration_flicker,level1,5.5959
sb2,subway,noise_colors_level0,stutter_level1,1,noise_colors,level0,stutter,level1,19.2063
sb2,zeroday,restir_level2,restir_level1,0,restir,level2,restir,level1,4.7753
sb2,classroom,stutter_level1,noise_colors_level1,1,stutter,level1,noise_colors,level1,8.0427
sb2,classroom,noise_colors_level2,motion_noise_level1,0,noise_colors,level2,motion_noise,level1,9.5098
sb2,landscape,judder_level2,noise_colors_level2,1,judder,level2,noise_colors,level2,6.1084
sb2,bistro_exterior,restir_level1,motion_noise_level0,0,restir,level1,motion_noise,level0,7.4750
sb2,marbles,noise_colors_level1,dlss_rr_level2,1,noise_colors,level1,dlss_rr,level2,9.7625
sb2,landscape,judder_level2,motion_resolution_level0,1,judder,level2,motion_resolution,level0,13.3759
sb2,attic,judder_level0,motion_noise_level0,0,judder,level0,motion_noise,level0,11.1042
sb2,classroom,motion_resolution_level0,noise_colors_level1,1,motion_resolution,level0,noise_colors,level1,7.9000
sb2,bistro_exterior,motion_noise_level1,judder_level0,1,motion_noise,level1,judder,level0,10.1263
sb2,classroom,judder_level1,dlss_rr_level1,1,judder,level1,dlss_rr,level1,10.8306
sb2,marbles,stutter_level2,noise_colors_level2,1,stutter,level2,noise_colors,level2,23.1947
sb2,attic,motion_resolution_level2,duration_flicker_level2,0,motion_resolution,level2,duration_flicker,level2,5.9460
sb2,bistro_exterior,noise_colors_level0,temporal-resolution-multiplexing_level0,0,noise_colors,level0,temporal-resolution-multiplexing,level0,14.4042
sb2,attic,duration_flicker_level0,judder_level0,0,duration_flicker,level0,judder,level0,9.7421
sb2,zeroday,restir_level0,duration_flicker_level1,1,restir,level0,duration_flicker,level1,8.0542
sb2,bistro_exterior,judder_level2,dlss_rr_level1,1,judder,level2,dlss_rr,level1,8.2292
sb2,subway,motion_noise_level1,motion_resolution_level2,1,motion_noise,level1,motion_resolution,level2,7.7084
sb2,bistro_exterior,motion_noise_level1,stutter_level1,1,motion_noise,level1,stutter,level1,9.6375
sb2,attic,duration_flicker_level1,stutter_level0,0,duration_flicker,level1,stutter,level0,9.4792
sb2,pink_room,judder_level1,motion_noise_level1,1,judder,level1,motion_noise,level1,16.4049
sb2,classroom,temporal-resolution-multiplexing_level0,dlss_rr_level1,1,temporal-resolution-multiplexing,level0,dlss_rr,level1,6.3967
sb2,bistro_exterior,duration_flicker_level0,judder_level2,0,duration_flicker,level0,judder,level2,8.6636
sb2,zeroday,temporal-resolution-multiplexing_level0,dlss_rr_level1,1,temporal-resolution-multiplexing,level0,dlss_rr,level1,12.9334
sb2,pink_room,noise_colors_level1,restir_level0,0,noise_colors,level1,restir,level0,6.4417
sb2,classroom,restir_level2,motion_noise_level1,0,restir,level2,motion_noise,level1,6.9042
sb2,bistro_interior,restir_level0,motion_resolution_level1,1,restir,level0,motion_resolution,level1,6.9295
sb2,landscape,duration_flicker_level0,noise_colors_level1,0,duration_flicker,level0,noise_colors,level1,4.6418
sb2,landscape,restir_level0,reference,1,restir,level0,reference,reference,34.7129
sb2,marbles,temporal-resolution-multiplexing_level0,stutter_level1,1,temporal-resolution-multiplexing,level0,stutter,level1,10.7219
sb2,classroom,restir_level2,motion_resolution_level2,1,restir,level2,motion_resolution,level2,10.2888
sb2,bistro_exterior,dlss_rr_level1,noise_colors_level2,1,dlss_rr,level1,noise_colors,level2,8.2262
sb2,classroom,stutter_level0,reference,0,stutter,level0,reference,reference,16.0292
sb2,marbles,stutter_level0,judder_level2,1,stutter,level0,judder,level2,21.9837
sb2,landscape,dlss_rr_level1,motion_resolution_level1,1,dlss_rr,level1,motion_resolution,level1,5.3709
sb2,classroom,stutter_level1,judder_level2,1,stutter,level1,judder,level2,8.9625
sb2,zeroday,stutter_level1,duration_flicker_level0,1,stutter,level1,duration_flicker,level0,8.5667
sb2,bistro_interior,dlss_rr_level2,motion_noise_level2,0,dlss_rr,level2,motion_noise,level2,7.7049
sb2,subway,temporal-resolution-multiplexing_level2,duration_flicker_level1,0,temporal-resolution-multiplexing,level2,duration_flicker,level1,6.1125
sb2,classroom,motion_resolution_level0,restir_level1,0,motion_resolution,level0,restir,level1,14.5792
sb2,zeroday,reference,motion_noise_level0,0,reference,reference,motion_noise,level0,9.9000
sb2,marbles,temporal-resolution-multiplexing_level2,motion_resolution_level2,1,temporal-resolution-multiplexing,level2,motion_resolution,level2,19.4359
sb2,classroom,noise_colors_level0,temporal-resolution-multiplexing_level0,1,noise_colors,level0,temporal-resolution-multiplexing,level0,12.0100
sb2,classroom,motion_resolution_level1,motion_noise_level2,0,motion_resolution,level1,motion_noise,level2,6.4258
sb2,marbles,motion_resolution_level1,duration_flicker_level2,0,motion_resolution,level1,duration_flicker,level2,14.1805
sb2,bistro_exterior,motion_resolution_level1,motion_resolution_level0,0,motion_resolution,level1,motion_resolution,level0,12.5850
sb2,subway,temporal-resolution-multiplexing_level2,restir_level0,0,temporal-resolution-multiplexing,level2,restir,level0,14.8959
sb2,landscape,noise_colors_level0,restir_level1,1,noise_colors,level0,restir,level1,15.4750
sb2,landscape,reference,motion_noise_level0,0,reference,reference,motion_noise,level0,3.5334
sb2,attic,motion_resolution_level0,temporal-resolution-multiplexing_level1,1,motion_resolution,level0,temporal-resolution-multiplexing,level1,6.4500
sb2,classroom,dlss_rr_level2,motion_resolution_level0,0,dlss_rr,level2,motion_resolution,level0,7.0667
sb2,pink_room,stutter_level0,restir_level1,1,stutter,level0,restir,level1,8.9042
sb2,attic,temporal-resolution-multiplexing_level1,stutter_level1,0,temporal-resolution-multiplexing,level1,stutter,level1,10.9375
sb2,zeroday,noise_colors_level2,temporal-resolution-multiplexing_level0,0,noise_colors,level2,temporal-resolution-multiplexing,level0,8.5125
sb2,bistro_interior,duration_flicker_level0,duration_flicker_level1,1,duration_flicker,level0,duration_flicker,level1,23.1865
sb2,zeroday,dlss_rr_level0,temporal-resolution-multiplexing_level0,0,dlss_rr,level0,temporal-resolution-multiplexing,level0,11.8709
sb2,bistro_interior,temporal-resolution-multiplexing_level1,duration_flicker_level1,1,temporal-resolution-multiplexing,level1,duration_flicker,level1,4.9633
sb2,zeroday,motion_noise_level2,duration_flicker_level1,1,motion_noise,level2,duration_flicker,level1,6.5004
sb2,subway,judder_level0,temporal-resolution-multiplexing_level0,0,judder,level0,temporal-resolution-multiplexing,level0,17.2125
sb2,bistro_interior,judder_level2,dlss_rr_level1,1,judder,level2,dlss_rr,level1,8.6677
sb2,bistro_exterior,dlss_rr_level0,motion_noise_level1,1,dlss_rr,level0,motion_noise,level1,9.6381
sb2,attic,motion_resolution_level2,motion_resolution_level1,0,motion_resolution,level2,motion_resolution,level1,6.3300
sb2,bistro_exterior,stutter_level1,judder_level1,0,stutter,level1,judder,level1,11.3182
sb2,marbles,judder_level2,dlss_rr_level0,0,judder,level2,dlss_rr,level0,7.7842
sb2,classroom,dlss_rr_level1,motion_resolution_level0,0,dlss_rr,level1,motion_resolution,level0,3.9920
sb2,landscape,duration_flicker_level2,motion_resolution_level2,1,duration_flicker,level2,motion_resolution,level2,6.3584
sb2,zeroday,dlss_rr_level2,motion_resolution_level1,1,dlss_rr,level2,motion_resolution,level1,12.9292
sb2,bistro_interior,duration_flicker_level2,duration_flicker_level0,0,duration_flicker,level2,duration_flicker,level0,6.5882
sb2,bistro_interior,noise_colors_level1,judder_level1,1,noise_colors,level1,judder,level1,7.1801
sb2,classroom,duration_flicker_level2,noise_colors_level2,0,duration_flicker,level2,noise_colors,level2,4.5503
sb2,subway,reference,judder_level1,1,reference,reference,judder,level1,14.7814
sb2,bistro_interior,judder_level2,motion_noise_level1,0,judder,level2,motion_noise,level1,4.8590
sb2,classroom,motion_resolution_level1,motion_noise_level1,0,motion_resolution,level1,motion_noise,level1,3.8584
sb2,marbles,restir_level0,judder_level0,0,restir,level0,judder,level0,7.4135
sb2,pink_room,motion_noise_level0,restir_level1,1,motion_noise,level0,restir,level1,9.6417
sb2,classroom,motion_resolution_level0,stutter_level2,1,motion_resolution,level0,stutter,level2,10.4556
sb2,bistro_exterior,reference,noise_colors_level0,1,reference,reference,noise_colors,level0,18.5709
sb2,attic,dlss_rr_level0,temporal-resolution-multiplexing_level1,1,dlss_rr,level0,temporal-resolution-multiplexing,level1,9.9626
sb2,classroom,temporal-resolution-multiplexing_level2,temporal-resolution-multiplexing_level1,0,temporal-resolution-multiplexing,level2,temporal-resolution-multiplexing,level1,9.9846
sb2,landscape,restir_level2,restir_level1,0,restir,level2,restir,level1,6.8125
sb2,pink_room,motion_resolution_level0,stutter_level2,1,motion_resolution,level0,stutter,level2,15.4918
sb2,bistro_interior,motion_resolution_level2,motion_resolution_level0,0,motion_resolution,level2,motion_resolution,level0,4.6880
sb2,marbles,stutter_level1,judder_level0,0,stutter,level1,judder,level0,10.3055
sb2,bistro_interior,noise_colors_level2,duration_flicker_level1,0,noise_colors,level2,duration_flicker,level1,4.4591
sb2,subway,duration_flicker_level0,stutter_level0,0,duration_flicker,level0,stutter,level0,8.0000
sb2,bistro_interior,judder_level2,temporal-resolution-multiplexing_level2,1,judder,level2,temporal-resolution-multiplexing,level2,7.8836
sb2,pink_room,restir_level2,dlss_rr_level1,1,restir,level2,dlss_rr,level1,7.1417
sb2,bistro_exterior,restir_level0,stutter_level1,1,restir,level0,stutter,level1,13.4099
sb2,landscape,motion_noise_level1,restir_level2,1,motion_noise,level1,restir,level2,10.7765
sb2,landscape,stutter_level2,duration_flicker_level2,1,stutter,level2,duration_flicker,level2,13.0793
sb2,pink_room,duration_flicker_level0,temporal-resolution-multiplexing_level1,1,duration_flicker,level0,temporal-resolution-multiplexing,level1,5.0292
sb2,zeroday,restir_level2,temporal-resolution-multiplexing_level2,1,restir,level2,temporal-resolution-multiplexing,level2,8.0426
sb2,bistro_interior,restir_level1,judder_level2,0,restir,level1,judder,level2,8.2593
sb2,bistro_exterior,duration_flicker_level1,judder_level1,0,duration_flicker,level1,judder,level1,9.7305
sb2,marbles,judder_level0,motion_noise_level0,1,judder,level0,motion_noise,level0,15.7812
sb2,attic,restir_level2,motion_resolution_level1,1,restir,level2,motion_resolution,level1,11.0847
sb2,subway,judder_level0,reference,1,judder,level0,reference,reference,9.7292
sb2,bistro_exterior,dlss_rr_level1,restir_level2,1,dlss_rr,level1,restir,level2,12.4930
sb2,zeroday,noise_colors_level0,judder_level2,1,noise_colors,level0,judder,level2,13.4417
sb2,pink_room,stutter_level2,restir_level2,1,stutter,level2,restir,level2,9.0000
sb2,bistro_interior,noise_colors_level0,temporal-resolution-multiplexing_level0,1,noise_colors,level0,temporal-resolution-multiplexing,level0,7.1677
sb2,attic,stutter_level2,judder_level1,1,stutter,level2,judder,level1,18.7817
sb2,subway,stutter_level0,temporal-resolution-multiplexing_level0,1,stutter,level0,temporal-resolution-multiplexing,level0,15.6000
sb2,subway,temporal-resolution-multiplexing_level1,restir_level0,1,temporal-resolution-multiplexing,level1,restir,level0,6.3917
sb2,pink_room,motion_resolution_level2,temporal-resolution-multiplexing_level2,1,motion_resolution,level2,temporal-resolution-multiplexing,level2,10.2424
sb2,marbles,duration_flicker_level2,noise_colors_level2,1,duration_flicker,level2,noise_colors,level2,21.7084
sb2,landscape,temporal-resolution-multiplexing_level1,motion_resolution_level0,1,temporal-resolution-multiplexing,level1,motion_resolution,level0,11.1875
sb2,subway,motion_noise_level0,duration_flicker_level2,1,motion_noise,level0,duration_flicker,level2,8.9842
sb2,marbles,duration_flicker_level1,dlss_rr_level2,1,duration_flicker,level1,dlss_rr,level2,9.5220
sb2,landscape,dlss_rr_level2,motion_resolution_level2,1,dlss_rr,level2,motion_resolution,level2,5.3132
sb2,bistro_interior,dlss_rr_level2,motion_resolution_level0,0,dlss_rr,level2,motion_resolution,level0,6.6334
sb2,bistro_interior,motion_noise_level0,noise_colors_level1,1,motion_noise,level0,noise_colors,level1,10.4633
sb2,marbles,motion_noise_level0,reference,1,motion_noise,level0,reference,reference,16.4519
sb2,landscape,duration_flicker_level1,stutter_level2,0,duration_flicker,level1,stutter,level2,5.0459
sb2,subway,dlss_rr_level0,noise_colors_level1,0,dlss_rr,level0,noise_colors,level1,4.4125
sb2,bistro_interior,noise_colors_level1,temporal-resolution-multiplexing_level2,0,noise_colors,level1,temporal-resolution-multiplexing,level2,11.3167
sb2,pink_room,reference,motion_noise_level1,1,reference,reference,motion_noise,level1,14.5417
sb2,subway,stutter_level2,motion_noise_level1,1,stutter,level2,motion_noise,level1,9.7427
sb2,bistro_interior,judder_level0,judder_level2,1,judder,level0,judder,level2,13.1057
sb2,zeroday,motion_noise_level0,stutter_level0,1,motion_noise,level0,stutter,level0,12.0000
sb2,pink_room,stutter_level1,stutter_level0,1,stutter,level1,stutter,level0,9.8417
sb2,marbles,motion_resolution_level0,noise_colors_level2,1,motion_resolution,level0,noise_colors,level2,7.1961
sb2,landscape,restir_level1,motion_noise_level2,0,restir,level1,motion_noise,level2,9.6846
sb2,landscape,temporal-resolution-multiplexing_level0,dlss_rr_level0,1,temporal-resolution-multiplexing,level0,dlss_rr,level0,6.8917
sb2,attic,motion_noise_level1,motion_noise_level2,1,motion_noise,level1,motion_noise,level2,11.0338
sb2,subway,duration_flicker_level2,dlss_rr_level0,0,duration_flicker,level2,dlss_rr,level0,8.0292
sb2,subway,motion_noise_level2,duration_flicker_level1,0,motion_noise,level2,duration_flicker,level1,9.3046
sb2,marbles,judder_level2,motion_noise_level2,0,judder,level2,motion_noise,level2,10.9597
sb2,marbles,judder_level0,judder_level1,0,judder,level0,judder,level1,12.8893
sb2,bistro_interior,dlss_rr_level0,duration_flicker_level1,0,dlss_rr,level0,duration_flicker,level1,7.1500
sb2,attic,duration_flicker_level2,restir_level1,0,duration_flicker,level2,restir,level1,6.6084
sb2,pink_room,restir_level0,dlss_rr_level0,1,restir,level0,dlss_rr,level0,6.4501
sb2,zeroday,temporal-resolution-multiplexing_level1,duration_flicker_level1,1,temporal-resolution-multiplexing,level1,duration_flicker,level1,7.0625
sb2,zeroday,duration_flicker_level1,restir_level1,0,duration_flicker,level1,restir,level1,8.9919
sb2,marbles,dlss_rr_level2,temporal-resolution-multiplexing_level1,0,dlss_rr,level2,temporal-resolution-multiplexing,level1,7.9750
sb2,attic,restir_level0,restir_level1,1,restir,level0,restir,level1,11.0292
sb2,marbles,dlss_rr_level1,judder_level2,1,dlss_rr,level1,judder,level2,9.2177
sb2,bistro_interior,motion_resolution_level2,restir_level2,0,motion_resolution,level2,restir,level2,5.4509
sb2,pink_room,dlss_rr_level1,temporal-resolution-multiplexing_level2,0,dlss_rr,level1,temporal-resolution-multiplexing,level2,7.6500
sb2,bistro_interior,duration_flicker_level0,stutter_level1,0,duration_flicker,level0,stutter,level1,10.8917
sb2,marbles,temporal-resolution-multiplexing_level1,judder_level2,1,temporal-resolution-multiplexing,level1,judder,level2,10.5762
sb2,landscape,restir_level2,stutter_level1,0,restir,level2,stutter,level1,5.2000
sb2,attic,restir_level0,temporal-resolution-multiplexing_level1,1,restir,level0,temporal-resolution-multiplexing,level1,9.4178
sb2,landscape,stutter_level1,judder_level0,1,stutter,level1,judder,level0,10.4805
sb2,zeroday,temporal-resolution-multiplexing_level0,duration_flicker_level0,1,temporal-resolution-multiplexing,level0,duration_flicker,level0,6.4917
sb2,pink_room,motion_resolution_level1,duration_flicker_level1,0,motion_resolution,level1,duration_flicker,level1,16.9848
sb2,landscape,temporal-resolution-multiplexing_level2,temporal-resolution-multiplexing_level0,0,temporal-resolution-multiplexing,level2,temporal-resolution-multiplexing,level0,6.9250
sb2,attic,reference,judder_level1,1,reference,reference,judder,level1,12.1917
sb2,pink_room,motion_noise_level0,noise_colors_level0,1,motion_noise,level0,noise_colors,level0,9.5084
sb2,landscape,duration_flicker_level1,motion_resolution_level1,1,duration_flicker,level1,motion_resolution,level1,4.8542
sb2,landscape,judder_level2,duration_flicker_level0,1,judder,level2,duration_flicker,level0,4.7667
sb2,pink_room,motion_noise_level2,restir_level1,1,motion_noise,level2,restir,level1,13.7879
sb2,subway,duration_flicker_level1,dlss_rr_level2,1,duration_flicker,level1,dlss_rr,level2,14.6603
sb2,subway,stutter_level2,motion_resolution_level0,1,stutter,level2,motion_resolution,level0,20.8709
sb2,pink_room,noise_colors_level1,judder_level0,1,noise_colors,level1,judder,level0,17.2605
sb2,subway,duration_flicker_level0,motion_resolution_level1,1,duration_flicker,level0,motion_resolution,level1,2.0125
sb2,landscape,stutter_level1,motion_resolution_level0,1,stutter,level1,motion_resolution,level0,4.6125
sb2,attic,restir_level0,dlss_rr_level2,1,restir,level0,dlss_rr,level2,3.3167
sb2,subway,judder_level0,noise_colors_level0,1,judder,level0,noise_colors,level0,8.1626
sb2,pink_room,stutter_level2,temporal-resolution-multiplexing_level1,1,stutter,level2,temporal-resolution-multiplexing,level1,8.9125
sb2,pink_room,dlss_rr_level2,restir_level2,0,dlss_rr,level2,restir,level2,10.0418
sb2,subway,duration_flicker_level2,dlss_rr_level1,0,duration_flicker,level2,dlss_rr,level1,8.0709
sb2,subway,duration_flicker_level1,noise_colors_level2,1,duration_flicker,level1,noise_colors,level2,2.8167
sb2,pink_room,duration_flicker_level2,dlss_rr_level1,1,duration_flicker,level2,dlss_rr,level1,10.3469
sb2,pink_room,temporal-resolution-multiplexing_level1,noise_colors_level1,1,temporal-resolution-multiplexing,level1,noise_colors,level1,3.4334
sb2,pink_room,motion_resolution_level1,restir_level2,0,motion_resolution,level1,restir,level2,4.5250
sb2,pink_room,judder_level0,judder_level2,1,judder,level0,judder,level2,4.9792
yaru,attic,restir_level0,motion_noise_level2,0,restir,level0,motion_noise,level2,19.0510
yaru,bistro_interior,dlss_rr_level0,judder_level1,1,dlss_rr,level0,judder,level1,8.4303
yaru,landscape,temporal-resolution-multiplexing_level0,noise_colors_level0,0,temporal-resolution-multiplexing,level0,noise_colors,level0,7.8760
yaru,pink_room,stutter_level0,temporal-resolution-multiplexing_level0,1,stutter,level0,temporal-resolution-multiplexing,level0,9.5959
yaru,bistro_exterior,noise_colors_level2,motion_noise_level2,0,noise_colors,level2,motion_noise,level2,3.0546
yaru,classroom,motion_resolution_level1,restir_level2,1,motion_resolution,level1,restir,level2,5.3466
yaru,classroom,stutter_level1,restir_level0,0,stutter,level1,restir,level0,3.6046
yaru,zeroday,temporal-resolution-multiplexing_level1,duration_flicker_level1,1,temporal-resolution-multiplexing,level1,duration_flicker,level1,7.5677
yaru,bistro_exterior,dlss_rr_level0,dlss_rr_level1,1,dlss_rr,level0,dlss_rr,level1,7.9168
yaru,bistro_interior,stutter_level1,duration_flicker_level2,1,stutter,level1,duration_flicker,level2,2.1250
yaru,landscape,motion_noise_level0,judder_level0,0,motion_noise,level0,judder,level0,9.5668
yaru,pink_room,stutter_level1,restir_level1,0,stutter,level1,restir,level1,5.5292
yaru,landscape,dlss_rr_level2,temporal-resolution-multiplexing_level2,1,dlss_rr,level2,temporal-resolution-multiplexing,level2,5.5542
yaru,bistro_exterior,duration_flicker_level0,judder_level0,0,duration_flicker,level0,judder,level0,5.3250
yaru,pink_room,noise_colors_level0,motion_noise_level2,1,noise_colors,level0,motion_noise,level2,7.1917
yaru,classroom,noise_colors_level0,restir_level0,0,noise_colors,level0,restir,level0,24.7656
yaru,attic,dlss_rr_level0,noise_colors_level0,0,dlss_rr,level0,noise_colors,level0,8.9836
yaru,classroom,noise_colors_level2,motion_resolution_level2,1,noise_colors,level2,motion_resolution,level2,8.9053
yaru,marbles,noise_colors_level1,temporal-resolution-multiplexing_level2,1,noise_colors,level1,temporal-resolution-multiplexing,level2,4.8505
yaru,landscape,noise_colors_level2,temporal-resolution-multiplexing_level2,0,noise_colors,level2,temporal-resolution-multiplexing,level2,9.2598
yaru,bistro_exterior,judder_level2,motion_resolution_level2,1,judder,level2,motion_resolution,level2,1.8500
yaru,attic,duration_flicker_level1,restir_level0,1,duration_flicker,level1,restir,level0,29.9292
yaru,landscape,noise_colors_level0,noise_colors_level1,1,noise_colors,level0,noise_colors,level1,3.0084
yaru,marbles,motion_resolution_level2,duration_flicker_level2,0,motion_resolution,level2,duration_flicker,level2,2.3212
yaru,zeroday,duration_flicker_level2,temporal-resolution-multiplexing_level2,1,duration_flicker,level2,temporal-resolution-multiplexing,level2,2.1084
yaru,marbles,duration_flicker_level2,restir_level2,0,duration_flicker,level2,restir,level2,6.3427
yaru,bistro_exterior,judder_level2,noise_colors_level2,1,judder,level2,noise_colors,level2,2.9337
yaru,bistro_exterior,motion_resolution_level1,duration_flicker_level0,1,motion_resolution,level1,duration_flicker,level0,6.9171
yaru,bistro_interior,judder_level2,dlss_rr_level0,0,judder,level2,dlss_rr,level0,4.0292
yaru,landscape,stutter_level0,restir_level0,0,stutter,level0,restir,level0,2.2252
yaru,subway,temporal-resolution-multiplexing_level1,dlss_rr_level2,0,temporal-resolution-multiplexing,level1,dlss_rr,level2,2.8292
yaru,bistro_interior,motion_noise_level2,stutter_level2,1,motion_noise,level2,stutter,level2,2.8417
yaru,zeroday,noise_colors_level2,stutter_level2,1,noise_colors,level2,stutter,level2,2.7542
yaru,subway,noise_colors_level2,restir_level1,1,noise_colors,level2,restir,level1,3.7880
yaru,classroom,stutter_level2,duration_flicker_level1,1,stutter,level2,duration_flicker,level1,2.8202
yaru,landscape,restir_level0,motion_noise_level1,1,restir,level0,motion_noise,level1,6.4177
yaru,zeroday,duration_flicker_level1,dlss_rr_level2,0,duration_flicker,level1,dlss_rr,level2,3.2419
yaru,attic,temporal-resolution-multiplexing_level0,noise_colors_level0,0,temporal-resolution-multiplexing,level0,noise_colors,level0,3.2462
yaru,classroom,motion_resolution_level0,temporal-resolution-multiplexing_level0,0,motion_resolution,level0,temporal-resolution-multiplexing,level0,22.0042
yaru,landscape,restir_level1,stutter_level0,0,restir,level1,stutter,level0,5.7216
yaru,bistro_exterior,judder_level0,dlss_rr_level1,1,judder,level0,dlss_rr,level1,2.6838
yaru,marbles,noise_colors_level1,stutter_level2,0,noise_colors,level1,stutter,level2,5.9293
yaru,pink_room,restir_level1,stutter_level2,1,restir,level1,stutter,level2,2.6417
yaru,bistro_exterior,restir_level1,noise_colors_level0,0,restir,level1,noise_colors,level0,12.3294
yaru,pink_room,judder_level0,motion_resolution_level0,1,judder,level0,motion_resolution,level0,1.8959
yaru,attic,dlss_rr_level1,dlss_rr_level2,1,dlss_rr,level1,dlss_rr,level2,4.9542
yaru,subway,duration_flicker_level0,noise_colors_level1,0,duration_flicker,level0,noise_colors,level1,5.1418
yaru,subway,restir_level1,motion_noise_level2,0,restir,level1,motion_noise,level2,4.2167
yaru,zeroday,duration_flicker_level1,judder_level2,0,duration_flicker,level1,judder,level2,7.8667
yaru,marbles,motion_noise_level0,noise_colors_level0,0,motion_noise,level0,noise_colors,level0,6.6468
yaru,subway,dlss_rr_level2,motion_resolution_level2,0,dlss_rr,level2,motion_resolution,level2,1.8169
yaru,bistro_interior,noise_colors_level2,motion_resolution_level1,0,noise_colors,level2,motion_resolution,level1,1.4209
yaru,pink_room,motion_noise_level2,judder_level0,1,motion_noise,level2,judder,level0,3.7334
yaru,classroom,dlss_rr_level2,motion_noise_level1,0,dlss_rr,level2,motion_noise,level1,3.2338
yaru,landscape,motion_noise_level0,restir_level0,1,motion_noise,level0,restir,level0,14.2143
yaru,pink_room,restir_level1,motion_noise_level1,0,restir,level1,motion_noise,level1,3.0750
yaru,bistro_exterior,temporal-resolution-multiplexing_level0,motion_noise_level0,0,temporal-resolution-multiplexing,level0,motion_noise,level0,2.1960
yaru,bistro_exterior,noise_colors_level2,temporal-resolution-multiplexing_level2,1,noise_colors,level2,temporal-resolution-multiplexing,level2,2.1585
yaru,subway,temporal-resolution-multiplexing_level2,dlss_rr_level2,0,temporal-resolution-multiplexing,level2,dlss_rr,level2,2.5250
yaru,bistro_interior,restir_level0,motion_resolution_level1,1,restir,level0,motion_resolution,level1,5.2417
yaru,marbles,motion_noise_level0,stutter_level0,1,motion_noise,level0,stutter,level0,6.1167
yaru,classroom,judder_level0,dlss_rr_level0,1,judder,level0,dlss_rr,level0,3.0417
yaru,classroom,stutter_level0,motion_resolution_level0,1,stutter,level0,motion_resolution,level0,4.0000
yaru,landscape,motion_resolution_level0,restir_level0,1,motion_resolution,level0,restir,level0,5.4375
yaru,attic,noise_colors_level0,noise_colors_level2,1,noise_colors,level0,noise_colors,level2,3.2542
yaru,pink_room,noise_colors_level2,stutter_level2,0,noise_colors,level2,stutter,level2,3.5334
yaru,bistro_exterior,judder_level0,judder_level1,0,judder,level0,judder,level1,13.9384
yaru,marbles,motion_resolution_level0,duration_flicker_level2,1,motion_resolution,level0,duration_flicker,level2,7.5095
yaru,subway,dlss_rr_level1,judder_level0,0,dlss_rr,level1,judder,level0,2.8128
yaru,subway,duration_flicker_level1,motion_noise_level0,0,duration_flicker,level1,motion_noise,level0,2.4750
yaru,marbles,motion_resolution_level0,duration_flicker_level1,0,motion_resolution,level0,duration_flicker,level1,4.4505
yaru,pink_room,noise_colors_level2,dlss_rr_level1,0,noise_colors,level2,dlss_rr,level1,2.6792
yaru,bistro_exterior,dlss_rr_level1,stutter_level1,0,dlss_rr,level1,stutter,level1,3.3129
yaru,pink_room,motion_resolution_level0,motion_noise_level0,0,motion_resolution,level0,motion_noise,level0,3.9545
yaru,pink_room,stutter_level2,duration_flicker_level0,0,stutter,level2,duration_flicker,level0,6.4800
yaru,landscape,judder_level2,temporal-resolution-multiplexing_level2,1,judder,level2,temporal-resolution-multiplexing,level2,2.2880
yaru,pink_room,motion_resolution_level2,dlss_rr_level0,0,motion_resolution,level2,dlss_rr,level0,1.7625
yaru,marbles,stutter_level0,temporal-resolution-multiplexing_level0,1,stutter,level0,temporal-resolution-multiplexing,level0,4.4963
yaru,pink_room,duration_flicker_level1,duration_flicker_level2,1,duration_flicker,level1,duration_flicker,level2,11.4837
yaru,zeroday,stutter_level1,judder_level1,1,stutter,level1,judder,level1,3.2625
yaru,bistro_exterior,duration_flicker_level2,dlss_rr_level1,0,duration_flicker,level2,dlss_rr,level1,2.3586
yaru,pink_room,motion_resolution_level0,motion_noise_level1,0,motion_resolution,level0,motion_noise,level1,4.8334
yaru,subway,motion_noise_level1,stutter_level2,1,motion_noise,level1,stutter,level2,6.9709
yaru,attic,stutter_level2,restir_level2,1,stutter,level2,restir,level2,5.8172
yaru,classroom,restir_level1,dlss_rr_level1,0,restir,level1,dlss_rr,level1,1.8169
yaru,bistro_exterior,restir_level1,judder_level0,0,restir,level1,judder,level0,5.0542
yaru,bistro_interior,judder_level1,duration_flicker_level0,1,judder,level1,duration_flicker,level0,6.1045
yaru,zeroday,temporal-resolution-multiplexing_level2,duration_flicker_level1,0,temporal-resolution-multiplexing,level2,duration_flicker,level1,1.5542
yaru,bistro_exterior,noise_colors_level2,stutter_level2,0,noise_colors,level2,stutter,level2,3.8673
yaru,landscape,motion_resolution_level0,duration_flicker_level1,1,motion_resolution,level0,duration_flicker,level1,2.2875
yaru,classroom,duration_flicker_level1,motion_resolution_level2,1,duration_flicker,level1,motion_resolution,level2,1.3295
yaru,bistro_exterior,motion_resolution_level0,dlss_rr_level1,1,motion_resolution,level0,dlss_rr,level1,9.0508
yaru,bistro_exterior,judder_level0,noise_colors_level1,0,judder,level0,noise_colors,level1,2.2795
yaru,bistro_interior,noise_colors_level0,motion_noise_level0,0,noise_colors,level0,motion_noise,level0,4.6589
yaru,marbles,restir_level0,motion_noise_level1,1,restir,level0,motion_noise,level1,4.2214
yaru,pink_room,duration_flicker_level1,stutter_level2,0,duration_flicker,level1,stutter,level2,9.1095
yaru,attic,stutter_level0,motion_resolution_level0,0,stutter,level0,motion_resolution,level0,9.0630
yaru,zeroday,noise_colors_level2,duration_flicker_level1,1,noise_colors,level2,duration_flicker,level1,2.9792
yaru,subway,temporal-resolution-multiplexing_level0,stutter_level1,1,temporal-resolution-multiplexing,level0,stutter,level1,3.1459
yaru,landscape,duration_flicker_level0,judder_level2,0,duration_flicker,level0,judder,level2,8.1500
yaru,zeroday,dlss_rr_level0,noise_colors_level2,0,dlss_rr,level0,noise_colors,level2,4.5006
yaru,zeroday,motion_noise_level2,duration_flicker_level1,0,motion_noise,level2,duration_flicker,level1,6.2510
yaru,subway,duration_flicker_level2,dlss_rr_level2,0,duration_flicker,level2,dlss_rr,level2,3.7589
yaru,bistro_interior,stutter_level2,restir_level1,1,stutter,level2,restir,level1,1.9543
yaru,classroom,judder_level2,judder_level1,1,judder,level2,judder,level1,8.5167
yaru,marbles,judder_level2,motion_noise_level1,0,judder,level2,motion_noise,level1,7.1918
yaru,subway,motion_noise_level0,duration_flicker_level0,1,motion_noise,level0,duration_flicker,level0,6.2961
yaru,landscape,temporal-resolution-multiplexing_level2,motion_resolution_level0,0,temporal-resolution-multiplexing,level2,motion_resolution,level0,2.7005
yaru,attic,motion_noise_level1,judder_level0,1,motion_noise,level1,judder,level0,8.1000
yaru,marbles,stutter_level1,restir_level0,1,stutter,level1,restir,level0,8.0751
yaru,classroom,stutter_level2,restir_level2,1,stutter,level2,restir,level2,2.4505
yaru,subway,motion_noise_level0,motion_resolution_level1,0,motion_noise,level0,motion_resolution,level1,3.0755
yaru,pink_room,motion_resolution_level0,temporal-resolution-multiplexing_level0,0,motion_resolution,level0,temporal-resolution-multiplexing,level0,2.8917
yaru,attic,judder_level2,motion_noise_level2,0,judder,level2,motion_noise,level2,3.7042
yaru,classroom,restir_level0,motion_resolution_level0,1,restir,level0,motion_resolution,level0,4.2209
yaru,marbles,restir_level1,duration_flicker_level1,0,restir,level1,duration_flicker,level1,2.3462
yaru,marbles,motion_noise_level1,dlss_rr_level2,1,motion_noise,level1,dlss_rr,level2,5.0209
yaru,pink_room,judder_level1,motion_noise_level0,0,judder,level1,motion_noise,level0,3.4542
yaru,pink_room,judder_level2,motion_resolution_level0,0,judder,level2,motion_resolution,level0,2.4792
yaru,classroom,judder_level2,temporal-resolution-multiplexing_level2,1,judder,level2,temporal-resolution-multiplexing,level2,4.1042
yaru,classroom,motion_resolution_level0,dlss_rr_level0,1,motion_resolution,level0,dlss_rr,level0,4.8500
yaru,landscape,duration_flicker_level2,temporal-resolution-multiplexing_level2,0,duration_flicker,level2,temporal-resolution-multiplexing,level2,2.1834
yaru,landscape,restir_level2,motion_noise_level1,0,restir,level2,motion_noise,level1,7.9384
yaru,pink_room,stutter_level2,noise_colors_level1,1,stutter,level2,noise_colors,level1,3.0792
yaru,marbles,motion_noise_level1,dlss_rr_level1,1,motion_noise,level1,dlss_rr,level1,6.2135
yaru,classroom,judder_level2,temporal-resolution-multiplexing_level1,0,judder,level2,temporal-resolution-multiplexing,level1,1.9920
yaru,bistro_exterior,motion_noise_level2,motion_resolution_level0,1,motion_noise,level2,motion_resolution,level0,14.4395
yaru,bistro_exterior,restir_level1,temporal-resolution-multiplexing_level0,1,restir,level1,temporal-resolution-multiplexing,level0,15.7563
yaru,classroom,judder_level2,dlss_rr_level2,1,judder,level2,dlss_rr,level2,2.9755
yaru,bistro_exterior,duration_flicker_level1,judder_level0,0,duration_flicker,level1,judder,level0,2.3750
yaru,bistro_exterior,temporal-resolution-multiplexing_level0,stutter_level0,0,temporal-resolution-multiplexing,level0,stutter,level0,4.1756
yaru,subway,stutter_level2,dlss_rr_level2,1,stutter,level2,dlss_rr,level2,3.0255
yaru,zeroday,judder_level0,noise_colors_level2,1,judder,level0,noise_colors,level2,4.3335
yaru,landscape,motion_resolution_level1,motion_resolution_level0,0,motion_resolution,level1,motion_resolution,level0,5.7841
yaru,classroom,duration_flicker_level0,judder_level2,0,duration_flicker,level0,judder,level2,2.1459
yaru,zeroday,noise_colors_level0,judder_level0,1,noise_colors,level0,judder,level0,3.9422
yaru,zeroday,stutter_level1,stutter_level0,0,stutter,level1,stutter,level0,5.5339
yaru,pink_room,stutter_level2,dlss_rr_level2,1,stutter,level2,dlss_rr,level2,3.8632
yaru,pink_room,duration_flicker_level1,dlss_rr_level0,0,duration_flicker,level1,dlss_rr,level0,3.8169
yaru,classroom,restir_level1,motion_resolution_level0,0,restir,level1,motion_resolution,level0,4.1257
yaru,bistro_interior,dlss_rr_level2,motion_resolution_level1,1,dlss_rr,level2,motion_resolution,level1,3.0921
yaru,pink_room,restir_level0,motion_resolution_level0,1,restir,level0,motion_resolution,level0,1.5503
yaru,attic,restir_level0,motion_resolution_level1,1,restir,level0,motion_resolution,level1,5.8167
yaru,classroom,judder_level2,stutter_level2,1,judder,level2,stutter,level2,2.9709
yaru,landscape,noise_colors_level0,temporal-resolution-multiplexing_level1,1,noise_colors,level0,temporal-resolution-multiplexing,level1,2.3125
yaru,subway,duration_flicker_level1,temporal-resolution-multiplexing_level1,1,duration_flicker,level1,temporal-resolution-multiplexing,level1,3.0668
yaru,bistro_interior,temporal-resolution-multiplexing_level2,dlss_rr_level0,0,temporal-resolution-multiplexing,level2,dlss_rr,level0,4.2756
yaru,marbles,dlss_rr_level1,duration_flicker_level1,1,dlss_rr,level1,duration_flicker,level1,7.6343
yaru,pink_room,motion_resolution_level1,dlss_rr_level0,0,motion_resolution,level1,dlss_rr,level0,1.2835
yaru,pink_room,temporal-resolution-multiplexing_level1,stutter_level2,1,temporal-resolution-multiplexing,level1,stutter,level2,1.7961
yaru,landscape,noise_colors_level0,motion_noise_level2,1,noise_colors,level0,motion_noise,level2,1.8375
yaru,marbles,temporal-resolution-multiplexing_level2,duration_flicker_level2,0,temporal-resolution-multiplexing,level2,duration_flicker,level2,3.4750
yaru,marbles,noise_colors_level2,motion_resolution_level1,1,noise_colors,level2,motion_resolution,level1,2.4169
yaru,pink_room,stutter_level2,temporal-resolution-multiplexing_level2,1,stutter,level2,temporal-resolution-multiplexing,level2,4.7042
yaru,bistro_interior,judder_level1,temporal-resolution-multiplexing_level1,1,judder,level1,temporal-resolution-multiplexing,level1,3.2547
yaru,zeroday,temporal-resolution-multiplexing_level1,restir_level0,1,temporal-resolution-multiplexing,level1,restir,level0,5.1423
yaru,landscape,noise_colors_level0,motion_noise_level0,0,noise_colors,level0,motion_noise,level0,7.5967
yaru,landscape,dlss_rr_level1,temporal-resolution-multiplexing_level2,0,dlss_rr,level1,temporal-resolution-multiplexing,level2,4.5209
yaru,marbles,stutter_level0,judder_level0,0,stutter,level0,judder,level0,5.0875
yaru,classroom,noise_colors_level1,judder_level2,0,noise_colors,level1,judder,level2,3.1667
yaru,classroom,stutter_level2,duration_flicker_level2,1,stutter,level2,duration_flicker,level2,1.7702
yaru,landscape,motion_resolution_level2,stutter_level2,1,motion_resolution,level2,stutter,level2,5.2380
yaru,attic,motion_noise_level1,motion_noise_level0,1,motion_noise,level1,motion_noise,level0,3.8000
yaru,bistro_interior,motion_resolution_level0,dlss_rr_level2,0,motion_resolution,level0,dlss_rr,level2,3.1750
yaru,bistro_interior,noise_colors_level0,temporal-resolution-multiplexing_level0,0,noise_colors,level0,temporal-resolution-multiplexing,level0,8.1301
yaru,landscape,noise_colors_level0,stutter_level1,0,noise_colors,level0,stutter,level1,4.8673
yaru,subway,dlss_rr_level1,motion_noise_level0,1,dlss_rr,level1,motion_noise,level0,11.9305
yaru,marbles,motion_noise_level1,dlss_rr_level0,1,motion_noise,level1,dlss_rr,level0,4.2339
yaru,marbles,duration_flicker_level1,duration_flicker_level0,0,duration_flicker,level1,duration_flicker,level0,3.3713
yaru,landscape,motion_noise_level1,judder_level1,1,motion_noise,level1,judder,level1,6.9718
yaru,bistro_interior,dlss_rr_level0,motion_noise_level2,0,dlss_rr,level0,motion_noise,level2,4.4839
yaru,classroom,judder_level2,motion_noise_level2,1,judder,level2,motion_noise,level2,2.5709
yaru,bistro_exterior,stutter_level2,restir_level2,0,stutter,level2,restir,level2,1.8919
yaru,classroom,motion_noise_level0,dlss_rr_level0,1,motion_noise,level0,dlss_rr,level0,3.4459
yaru,subway,restir_level2,restir_level1,0,restir,level2,restir,level1,2.2459
yaru,bistro_exterior,judder_level2,dlss_rr_level2,0,judder,level2,dlss_rr,level2,4.1127
yaru,landscape,temporal-resolution-multiplexing_level2,stutter_level2,1,temporal-resolution-multiplexing,level2,stutter,level2,3.1253
yaru,bistro_interior,motion_resolution_level2,restir_level0,0,motion_resolution,level2,restir,level0,1.3417
yaru,marbles,motion_noise_level1,judder_level0,0,motion_noise,level1,judder,level0,10.7625
yaru,marbles,temporal-resolution-multiplexing_level1,restir_level0,0,temporal-resolution-multiplexing,level1,restir,level0,2.2459
yaru,classroom,judder_level2,dlss_rr_level1,0,judder,level2,dlss_rr,level1,3.2046
yaru,bistro_exterior,restir_level0,restir_level1,1,restir,level0,restir,level1,3.4214
yaru,marbles,duration_flicker_level2,motion_resolution_level1,1,duration_flicker,level2,motion_resolution,level1,8.5054
yaru,marbles,motion_noise_level2,motion_noise_level1,1,motion_noise,level2,motion_noise,level1,2.2712
yaru,bistro_exterior,motion_resolution_level2,temporal-resolution-multiplexing_level1,0,motion_resolution,level2,temporal-resolution-multiplexing,level1,3.7834
yaru,bistro_interior,dlss_rr_level0,noise_colors_level1,0,dlss_rr,level0,noise_colors,level1,6.6177
yaru,bistro_interior,motion_resolution_level1,stutter_level2,0,motion_resolution,level1,stutter,level2,1.7418
yaru,pink_room,restir_level2,motion_resolution_level0,0,restir,level2,motion_resolution,level0,3.6881
yaru,bistro_exterior,temporal-resolution-multiplexing_level0,motion_noise_level1,0,temporal-resolution-multiplexing,level0,motion_noise,level1,1.8753
yaru,landscape,duration_flicker_level2,dlss_rr_level0,0,duration_flicker,level2,dlss_rr,level0,1.6127
yaru,attic,judder_level1,noise_colors_level0,0,judder,level1,noise_colors,level0,6.4375
yaru,zeroday,motion_resolution_level1,judder_level2,0,motion_resolution,level1,judder,level2,2.7462
yaru,zeroday,stutter_level1,motion_noise_level0,0,stutter,level1,motion_noise,level0,10.0638
yaru,bistro_interior,duration_flicker_level2,duration_flicker_level1,1,duration_flicker,level2,duration_flicker,level1,4.5213
yaru,subway,temporal-resolution-multiplexing_level0,judder_level0,1,temporal-resolution-multiplexing,level0,judder,level0,5.7550
yaru,marbles,judder_level1,duration_flicker_level1,1,judder,level1,duration_flicker,level1,2.7795
yaru,zeroday,noise_colors_level1,noise_colors_level2,0,noise_colors,level1,noise_colors,level2,3.8838
yaru,bistro_interior,dlss_rr_level0,dlss_rr_level1,0,dlss_rr,level0,dlss_rr,level1,7.5634
yaru,bistro_interior,duration_flicker_level1,dlss_rr_level0,1,duration_flicker,level1,dlss_rr,level0,10.0848
yaru,zeroday,motion_resolution_level0,duration_flicker_level1,0,motion_resolution,level0,duration_flicker,level1,3.0420
yaru,attic,motion_resolution_level2,restir_level2,0,motion_resolution,level2,restir,level2,3.6959
yaru,bistro_interior,restir_level2,dlss_rr_level2,0,restir,level2,dlss_rr,level2,6.5584
yaru,bistro_interior,judder_level0,dlss_rr_level0,0,judder,level0,dlss_rr,level0,5.3084
yaru,subway,restir_level0,restir_level1,1,restir,level0,restir,level1,3.4838
yaru,bistro_interior,dlss_rr_level0,motion_noise_level1,0,dlss_rr,level0,motion_noise,level1,2.0501
yaru,attic,judder_level0,motion_noise_level2,0,judder,level0,motion_noise,level2,4.5750
yaru,bistro_interior,dlss_rr_level0,stutter_level0,0,dlss_rr,level0,stutter,level0,2.1503
yaru,zeroday,judder_level1,noise_colors_level0,0,judder,level1,noise_colors,level0,9.4917
yaru,zeroday,duration_flicker_level0,duration_flicker_level1,0,duration_flicker,level0,duration_flicker,level1,1.8167
yaru,bistro_interior,motion_noise_level0,stutter_level1,1,motion_noise,level0,stutter,level1,15.2341
yaru,subway,judder_level1,stutter_level0,0,judder,level1,stutter,level0,7.6051
yaru,attic,restir_level1,restir_level2,1,restir,level1,restir,level2,3.0042
yaru,subway,noise_colors_level2,stutter_level2,0,noise_colors,level2,stutter,level2,2.9920
yaru,subway,judder_level2,dlss_rr_level2,1,judder,level2,dlss_rr,level2,3.3087
yaru,zeroday,dlss_rr_level1,duration_flicker_level1,0,dlss_rr,level1,duration_flicker,level1,3.9959
yaru,subway,judder_level1,stutter_level1,0,judder,level1,stutter,level1,7.6512
yaru,subway,motion_noise_level0,dlss_rr_level0,1,motion_noise,level0,dlss_rr,level0,4.5131
yaru,attic,motion_noise_level2,stutter_level1,1,motion_noise,level2,stutter,level1,4.4500
yaru,attic,restir_level2,temporal-resolution-multiplexing_level2,1,restir,level2,temporal-resolution-multiplexing,level2,4.6459
yaru,subway,motion_resolution_level0,noise_colors_level1,1,motion_resolution,level0,noise_colors,level1,12.4306
yaru,zeroday,restir_level1,duration_flicker_level1,0,restir,level1,duration_flicker,level1,9.0472
yaru,attic,stutter_level0,judder_level0,0,stutter,level0,judder,level0,4.1464
yaru,attic,stutter_level0,noise_colors_level1,0,stutter,level0,noise_colors,level1,2.7334
yaru,subway,duration_flicker_level0,noise_colors_level0,0,duration_flicker,level0,noise_colors,level0,2.4959
yaru,zeroday,noise_colors_level2,motion_noise_level1,1,noise_colors,level2,motion_noise,level1,3.7255
yaru,attic,motion_noise_level2,noise_colors_level2,1,motion_noise,level2,noise_colors,level2,3.7167
yaru,attic,motion_noise_level2,temporal-resolution-multiplexing_level1,0,motion_noise,level2,temporal-resolution-multiplexing,level1,3.7125
yaru,zeroday,judder_level2,restir_level2,1,judder,level2,restir,level2,1.4250
yaru,zeroday,motion_resolution_level1,motion_resolution_level2,1,motion_resolution,level1,motion_resolution,level2,1.6500
yaru,attic,motion_noise_level2,duration_flicker_level0,1,motion_noise,level2,duration_flicker,level0,10.6974
yaru,zeroday,temporal-resolution-multiplexing_level0,noise_colors_level1,1,temporal-resolution-multiplexing,level0,noise_colors,level1,5.3716
yaru,attic,dlss_rr_level1,restir_level0,0,dlss_rr,level1,restir,level0,1.9792
yaru,attic,duration_flicker_level2,restir_level0,0,duration_flicker,level2,restir,level0,1.7667
yaru,attic,restir_level1,restir_level0,0,restir,level1,restir,level0,2.2000
yz1,pink_room,temporal-resolution-multiplexing_level2,duration_flicker_level0,0,temporal-resolution-multiplexing,level2,duration_flicker,level0,45.6227
yz1,pink_room,noise_colors_level2,restir_level0,0,noise_colors,level2,restir,level0,7.1167
yz1,subway,restir_level2,restir_level1,1,restir,level2,restir,level1,23.7674
yz1,subway,noise_colors_level0,temporal-resolution-multiplexing_level0,1,noise_colors,level0,temporal-resolution-multiplexing,level0,25.5459
yz1,bistro_interior,temporal-resolution-multiplexing_level1,duration_flicker_level0,1,temporal-resolution-multiplexing,level1,duration_flicker,level0,19.0275
yz1,classroom,temporal-resolution-multiplexing_level0,judder_level1,1,temporal-resolution-multiplexing,level0,judder,level1,24.0251
yz1,pink_room,duration_flicker_level0,dlss_rr_level0,1,duration_flicker,level0,dlss_rr,level0,9.2335
yz1,bistro_interior,restir_level1,motion_resolution_level0,1,restir,level1,motion_resolution,level0,33.9703
yz1,bistro_interior,dlss_rr_level1,motion_resolution_level0,1,dlss_rr,level1,motion_resolution,level0,3.1959
yz1,attic,motion_resolution_level0,duration_flicker_level1,1,motion_resolution,level0,duration_flicker,level1,12.5709
yz1,bistro_exterior,duration_flicker_level1,stutter_level2,1,duration_flicker,level1,stutter,level2,3.9923
yz1,attic,motion_noise_level2,motion_resolution_level0,1,motion_noise,level2,motion_resolution,level0,15.2521
yz1,bistro_exterior,restir_level1,motion_noise_level1,1,restir,level1,motion_noise,level1,7.4548
yz1,bistro_interior,judder_level1,stutter_level1,1,judder,level1,stutter,level1,20.8818
yz1,attic,noise_colors_level1,duration_flicker_level1,1,noise_colors,level1,duration_flicker,level1,6.2759
yz1,subway,dlss_rr_level1,judder_level2,1,dlss_rr,level1,judder,level2,8.2250
yz1,classroom,judder_level2,noise_colors_level0,0,judder,level2,noise_colors,level0,26.4479
yz1,bistro_exterior,duration_flicker_level2,motion_resolution_level1,1,duration_flicker,level2,motion_resolution,level1,3.1918
yz1,landscape,judder_level0,temporal-resolution-multiplexing_level1,0,judder,level0,temporal-resolution-multiplexing,level1,12.1709
yz1,classroom,duration_flicker_level2,motion_resolution_level2,1,duration_flicker,level2,motion_resolution,level2,7.2923
yz1,bistro_interior,duration_flicker_level2,motion_noise_level2,1,duration_flicker,level2,motion_noise,level2,15.4142
yz1,marbles,temporal-resolution-multiplexing_level1,duration_flicker_level2,1,temporal-resolution-multiplexing,level1,duration_flicker,level2,22.5314
yz1,zeroday,motion_resolution_level1,dlss_rr_level2,0,motion_resolution,level1,dlss_rr,level2,15.4709
yz1,attic,motion_resolution_level0,judder_level0,0,motion_resolution,level0,judder,level0,28.7270
yz1,bistro_interior,judder_level2,noise_colors_level2,1,judder,level2,noise_colors,level2,4.9000
yz1,landscape,stutter_level2,motion_resolution_level0,1,stutter,level2,motion_resolution,level0,18.0834
yz1,attic,duration_flicker_level1,dlss_rr_level1,1,duration_flicker,level1,dlss_rr,level1,5.1709
yz1,bistro_exterior,dlss_rr_level1,restir_level1,0,dlss_rr,level1,restir,level1,22.2528
yz1,marbles,noise_colors_level2,motion_resolution_level2,1,noise_colors,level2,motion_resolution,level2,1.8001
yz1,pink_room,duration_flicker_level0,duration_flicker_level1,0,duration_flicker,level0,duration_flicker,level1,29.2875
yz1,marbles,restir_level2,motion_resolution_level2,1,restir,level2,motion_resolution,level2,6.7885
yz1,classroom,temporal-resolution-multiplexing_level0,judder_level2,1,temporal-resolution-multiplexing,level0,judder,level2,10.6972
yz1,marbles,motion_noise_level2,motion_resolution_level0,1,motion_noise,level2,motion_resolution,level0,5.5050
yz1,attic,motion_resolution_level0,stutter_level0,1,motion_resolution,level0,stutter,level0,24.7667
yz1,bistro_interior,motion_resolution_level1,dlss_rr_level2,0,motion_resolution,level1,dlss_rr,level2,4.4212
yz1,classroom,restir_level2,duration_flicker_level2,0,restir,level2,duration_flicker,level2,19.7334
yz1,subway,noise_colors_level2,motion_resolution_level2,1,noise_colors,level2,motion_resolution,level2,11.8584
yz1,bistro_interior,motion_resolution_level0,restir_level0,0,motion_resolution,level0,restir,level0,11.4640
yz1,zeroday,motion_resolution_level1,duration_flicker_level1,0,motion_resolution,level1,duration_flicker,level1,7.8667
yz1,bistro_interior,temporal-resolution-multiplexing_level1,temporal-resolution-multiplexing_level2,1,temporal-resolution-multiplexing,level1,temporal-resolution-multiplexing,level2,5.5542
yz1,bistro_exterior,judder_level0,judder_level1,1,judder,level0,judder,level1,13.4433
yz1,bistro_exterior,temporal-resolution-multiplexing_level0,restir_level0,1,temporal-resolution-multiplexing,level0,restir,level0,10.6461
yz1,bistro_interior,motion_resolution_level1,motion_resolution_level2,1,motion_resolution,level1,motion_resolution,level2,11.1500
yz1,landscape,judder_level0,dlss_rr_level0,0,judder,level0,dlss_rr,level0,19.3604
yz1,pink_room,noise_colors_level0,judder_level1,0,noise_colors,level0,judder,level1,28.5116
yz1,bistro_exterior,judder_level2,noise_colors_level2,1,judder,level2,noise_colors,level2,2.7003
yz1,pink_room,stutter_level0,restir_level0,0,stutter,level0,restir,level0,29.6751
yz1,zeroday,duration_flicker_level0,temporal-resolution-multiplexing_level1,0,duration_flicker,level0,temporal-resolution-multiplexing,level1,36.1286
yz1,attic,reference,judder_level0,1,reference,reference,judder,level0,29.5467
yz1,zeroday,motion_noise_level1,judder_level2,1,motion_noise,level1,judder,level2,17.8842
yz1,subway,stutter_level2,duration_flicker_level1,1,stutter,level2,duration_flicker,level1,9.2667
yz1,bistro_interior,noise_colors_level1,temporal-resolution-multiplexing_level1,1,noise_colors,level1,temporal-resolution-multiplexing,level1,8.7003
yz1,attic,noise_colors_level2,dlss_rr_level1,0,noise_colors,level2,dlss_rr,level1,6.1459
yz1,bistro_interior,temporal-resolution-multiplexing_level1,judder_level1,1,temporal-resolution-multiplexing,level1,judder,level1,14.9060
yz1,attic,duration_flicker_level0,judder_level1,0,duration_flicker,level0,judder,level1,20.3483
yz1,landscape,restir_level0,restir_level1,0,restir,level0,restir,level1,4.1709
yz1,bistro_interior,restir_level0,duration_flicker_level2,0,restir,level0,duration_flicker,level2,6.8758
yz1,bistro_exterior,judder_level0,dlss_rr_level0,1,judder,level0,dlss_rr,level0,8.6888
yz1,bistro_interior,restir_level2,motion_resolution_level1,1,restir,level2,motion_resolution,level1,3.3792
yz1,classroom,duration_flicker_level2,temporal-resolution-multiplexing_level2,1,duration_flicker,level2,temporal-resolution-multiplexing,level2,6.0385
yz1,bistro_interior,duration_flicker_level2,judder_level2,1,duration_flicker,level2,judder,level2,5.0091
yz1,pink_room,dlss_rr_level2,duration_flicker_level2,1,dlss_rr,level2,duration_flicker,level2,11.6350
yz1,classroom,dlss_rr_level1,judder_level2,1,dlss_rr,level1,judder,level2,5.1800
yz1,zeroday,stutter_level2,temporal-resolution-multiplexing_level1,0,stutter,level2,temporal-resolution-multiplexing,level1,15.9292
yz1,marbles,stutter_level2,motion_resolution_level1,1,stutter,level2,motion_resolution,level1,4.0209
yz1,pink_room,restir_level2,motion_resolution_level0,0,restir,level2,motion_resolution,level0,5.0755
yz1,pink_room,stutter_level2,noise_colors_level2,1,stutter,level2,noise_colors,level2,5.6459
yz1,classroom,motion_noise_level0,judder_level0,0,motion_noise,level0,judder,level0,20.2377
yz1,attic,motion_noise_level1,stutter_level1,1,motion_noise,level1,stutter,level1,9.0552
yz1,marbles,motion_noise_level1,dlss_rr_level0,1,motion_noise,level1,dlss_rr,level0,5.3960
yz1,attic,temporal-resolution-multiplexing_level1,restir_level1,0,temporal-resolution-multiplexing,level1,restir,level1,5.1339
yz1,subway,motion_resolution_level1,duration_flicker_level2,0,motion_resolution,level1,duration_flicker,level2,7.5709
yz1,zeroday,stutter_level1,temporal-resolution-multiplexing_level1,1,stutter,level1,temporal-resolution-multiplexing,level1,19.0634
yz1,pink_room,motion_noise_level0,judder_level0,1,motion_noise,level0,judder,level0,3.1167
yz1,attic,judder_level2,motion_resolution_level0,1,judder,level2,motion_resolution,level0,9.6917
yz1,landscape,stutter_level1,reference,0,stutter,level1,reference,reference,13.2042
yz1,bistro_exterior,judder_level2,motion_noise_level2,1,judder,level2,motion_noise,level2,17.1974
yz1,subway,motion_noise_level2,noise_colors_level2,1,motion_noise,level2,noise_colors,level2,3.5875
yz1,classroom,motion_resolution_level0,judder_level2,1,motion_resolution,level0,judder,level2,5.0042
yz1,pink_room,temporal-resolution-multiplexing_level0,stutter_level0,1,temporal-resolution-multiplexing,level0,stutter,level0,8.8250
yz1,marbles,judder_level2,duration_flicker_level1,0,judder,level2,duration_flicker,level1,9.1334
yz1,bistro_interior,motion_resolution_level0,stutter_level2,0,motion_resolution,level0,stutter,level2,8.4877
yz1,marbles,motion_noise_level1,reference,0,motion_noise,level1,reference,reference,10.0170
yz1,classroom,dlss_rr_level2,temporal-resolution-multiplexing_level1,0,dlss_rr,level2,temporal-resolution-multiplexing,level1,3.6667
yz1,bistro_interior,temporal-resolution-multiplexing_level0,noise_colors_level0,0,temporal-resolution-multiplexing,level0,noise_colors,level0,19.7819
yz1,marbles,restir_level1,restir_level0,0,restir,level1,restir,level0,8.0252
yz1,pink_room,stutter_level2,judder_level2,1,stutter,level2,judder,level2,17.0185
yz1,marbles,temporal-resolution-multiplexing_level1,duration_flicker_level1,0,temporal-resolution-multiplexing,level1,duration_flicker,level1,8.0635
yz1,classroom,motion_noise_level1,temporal-resolution-multiplexing_level2,1,motion_noise,level1,temporal-resolution-multiplexing,level2,1.8545
yz1,attic,motion_resolution_level2,temporal-resolution-multiplexing_level2,1,motion_resolution,level2,temporal-resolution-multiplexing,level2,4.0418
yz1,bistro_exterior,stutter_level1,judder_level0,1,stutter,level1,judder,level0,7.2051
yz1,marbles,motion_resolution_level2,dlss_rr_level2,0,motion_resolution,level2,dlss_rr,level2,4.7548
yz1,subway,duration_flicker_level2,noise_colors_level2,1,duration_flicker,level2,noise_colors,level2,3.4543
yz1,attic,temporal-resolution-multiplexing_level1,motion_resolution_level2,1,temporal-resolution-multiplexing,level1,motion_resolution,level2,3.8881
yz1,bistro_interior,motion_noise_level2,motion_noise_level1,0,motion_noise,level2,motion_noise,level1,8.8795
yz1,attic,dlss_rr_level1,motion_resolution_level1,1,dlss_rr,level1,motion_resolution,level1,2.6253
yz1,attic,dlss_rr_level0,stutter_level2,1,dlss_rr,level0,stutter,level2,16.1750
yz1,landscape,judder_level2,restir_level2,0,judder,level2,restir,level2,5.2375
yz1,classroom,dlss_rr_level2,noise_colors_level1,0,dlss_rr,level2,noise_colors,level1,3.6085
yz1,marbles,dlss_rr_level0,stutter_level1,0,dlss_rr,level0,stutter,level1,13.3724
yz1,bistro_interior,restir_level1,motion_resolution_level1,1,restir,level1,motion_resolution,level1,2.8671
yz1,attic,restir_level0,duration_flicker_level1,0,restir,level0,duration_flicker,level1,8.0209
yz1,zeroday,motion_noise_level2,duration_flicker_level2,1,motion_noise,level2,duration_flicker,level2,7.3584
yz1,bistro_exterior,stutter_level0,restir_level0,1,stutter,level0,restir,level0,17.7814
yz1,zeroday,stutter_level0,temporal-resolution-multiplexing_level0,1,stutter,level0,temporal-resolution-multiplexing,level0,17.5042
yz1,classroom,duration_flicker_level1,noise_colors_level2,1,duration_flicker,level1,noise_colors,level2,3.3377
yz1,zeroday,motion_noise_level2,dlss_rr_level1,0,motion_noise,level2,dlss_rr,level1,3.8292
yz1,bistro_exterior,motion_noise_level2,dlss_rr_level2,1,motion_noise,level2,dlss_rr,level2,1.5417
yz1,bistro_exterior,motion_noise_level2,restir_level2,1,motion_noise,level2,restir,level2,2.8042
yz1,landscape,judder_level0,temporal-resolution-multiplexing_level2,1,judder,level0,temporal-resolution-multiplexing,level2,22.3810
yz1,classroom,judder_level0,judder_level2,1,judder,level0,judder,level2,8.5084
yz1,landscape,judder_level0,judder_level1,0,judder,level0,judder,level1,9.7292
yz1,bistro_interior,dlss_rr_level0,judder_level2,1,dlss_rr,level0,judder,level2,3.7709
yz1,bistro_exterior,judder_level2,stutter_level2,1,judder,level2,stutter,level2,7.2417
yz1,marbles,noise_colors_level1,motion_noise_level2,1,noise_colors,level1,motion_noise,level2,2.3378
yz1,classroom,motion_resolution_level1,motion_resolution_level2,1,motion_resolution,level1,motion_resolution,level2,1.3125
yz1,attic,stutter_level1,noise_colors_level0,1,stutter,level1,noise_colors,level0,12.4680
yz1,bistro_interior,stutter_level0,temporal-resolution-multiplexing_level0,0,stutter,level0,temporal-resolution-multiplexing,level0,22.2278
yz1,pink_room,motion_resolution_level2,duration_flicker_level1,0,motion_resolution,level2,duration_flicker,level1,1.5667
yz1,attic,motion_noise_level0,motion_noise_level2,0,motion_noise,level0,motion_noise,level2,6.9719
yz1,landscape,stutter_level1,temporal-resolution-multiplexing_level0,0,stutter,level1,temporal-resolution-multiplexing,level0,3.7459
yz1,bistro_exterior,temporal-resolution-multiplexing_level1,restir_level1,0,temporal-resolution-multiplexing,level1,restir,level1,3.9750
yz1,pink_room,judder_level0,restir_level0,0,judder,level0,restir,level0,11.8840
yz1,bistro_interior,motion_noise_level0,temporal-resolution-multiplexing_level0,0,motion_noise,level0,temporal-resolution-multiplexing,level0,8.1418
yz1,bistro_exterior,restir_level2,temporal-resolution-multiplexing_level2,1,restir,level2,temporal-resolution-multiplexing,level2,1.2834
yz1,bistro_interior,temporal-resolution-multiplexing_level0,temporal-resolution-multiplexing_level1,1,temporal-resolution-multiplexing,level0,temporal-resolution-multiplexing,level1,2.5667
yz1,bistro_exterior,motion_resolution_level2,motion_resolution_level1,0,motion_resolution,level2,motion_resolution,level1,2.8417
yz1,bistro_exterior,stutter_level0,noise_colors_level0,1,stutter,level0,noise_colors,level0,15.3767
yz1,bistro_interior,judder_level0,temporal-resolution-multiplexing_level2,1,judder,level0,temporal-resolution-multiplexing,level2,3.4172
yz1,subway,duration_flicker_level1,duration_flicker_level0,1,duration_flicker,level1,duration_flicker,level0,20.0792
yz1,classroom,dlss_rr_level1,restir_level1,1,dlss_rr,level1,restir,level1,2.6793
yz1,bistro_interior,reference,temporal-resolution-multiplexing_level0,1,reference,reference,temporal-resolution-multiplexing,level0,24.2792
yz1,bistro_exterior,temporal-resolution-multiplexing_level1,motion_resolution_level0,1,temporal-resolution-multiplexing,level1,motion_resolution,level0,3.7709
yz1,subway,motion_resolution_level0,motion_noise_level1,1,motion_resolution,level0,motion_noise,level1,6.5750
yz1,pink_room,dlss_rr_level0,motion_noise_level2,0,dlss_rr,level0,motion_noise,level2,3.5505
yz1,pink_room,temporal-resolution-multiplexing_level1,motion_noise_level2,1,temporal-resolution-multiplexing,level1,motion_noise,level2,2.4292
yz1,marbles,dlss_rr_level1,motion_resolution_level0,1,dlss_rr,level1,motion_resolution,level0,3.8917
yz1,zeroday,motion_resolution_level0,motion_noise_level2,0,motion_resolution,level0,motion_noise,level2,3.8709
yz1,marbles,stutter_level1,judder_level1,1,stutter,level1,judder,level1,16.0500
yz1,landscape,noise_colors_level1,dlss_rr_level0,1,noise_colors,level1,dlss_rr,level0,27.9807
yz1,marbles,reference,temporal-resolution-multiplexing_level0,0,reference,reference,temporal-resolution-multiplexing,level0,10.2500
yz1,classroom,dlss_rr_level0,motion_resolution_level0,0,dlss_rr,level0,motion_resolution,level0,7.5126
yz1,classroom,dlss_rr_level1,restir_level0,0,dlss_rr,level1,restir,level0,3.5709
yz1,bistro_interior,duration_flicker_level2,duration_flicker_level1,1,duration_flicker,level2,duration_flicker,level1,9.7515
yz1,classroom,motion_noise_level2,duration_flicker_level1,1,motion_noise,level2,duration_flicker,level1,4.3917
yz1,attic,duration_flicker_level2,duration_flicker_level0,0,duration_flicker,level2,duration_flicker,level0,7.4838
yz1,marbles,noise_colors_level0,reference,0,noise_colors,level0,reference,reference,14.0959
yz1,classroom,noise_colors_level0,stutter_level1,1,noise_colors,level0,stutter,level1,9.3800
yz1,zeroday,restir_level2,motion_resolution_level2,1,restir,level2,motion_resolution,level2,1.9084
yz1,landscape,motion_resolution_level0,duration_flicker_level2,1,motion_resolution,level0,duration_flicker,level2,2.3920
yz1,pink_room,dlss_rr_level2,motion_resolution_level0,0,dlss_rr,level2,motion_resolution,level0,3.8250
yz1,landscape,judder_level0,restir_level0,0,judder,level0,restir,level0,12.7130
yz1,pink_room,reference,temporal-resolution-multiplexing_level0,0,reference,reference,temporal-resolution-multiplexing,level0,7.9834
yz1,attic,dlss_rr_level1,dlss_rr_level2,1,dlss_rr,level1,dlss_rr,level2,4.4917
yz1,marbles,stutter_level2,duration_flicker_level1,1,stutter,level2,duration_flicker,level1,5.1003
yz1,attic,temporal-resolution-multiplexing_level1,motion_resolution_level1,1,temporal-resolution-multiplexing,level1,motion_resolution,level1,1.5960
yz1,bistro_interior,temporal-resolution-multiplexing_level2,duration_flicker_level2,0,temporal-resolution-multiplexing,level2,duration_flicker,level2,3.4170
yz1,zeroday,temporal-resolution-multiplexing_level1,temporal-resolution-multiplexing_level0,0,temporal-resolution-multiplexing,level1,temporal-resolution-multiplexing,level0,11.6375
yz1,bistro_exterior,duration_flicker_level0,temporal-resolution-multiplexing_level1,1,duration_flicker,level0,temporal-resolution-multiplexing,level1,5.2792
yz4,landscape,judder_level1,motion_noise_level1,0,judder,level1,motion_noise,level1,9.4057
yz4,landscape,motion_resolution_level1,dlss_rr_level0,0,motion_resolution,level1,dlss_rr,level0,2.3959
yz4,subway,temporal-resolution-multiplexing_level0,motion_noise_level1,1,temporal-resolution-multiplexing,level0,motion_noise,level1,8.7667
yz4,pink_room,restir_level0,restir_level1,1,restir,level0,restir,level1,9.6303
yz4,subway,reference,judder_level0,1,reference,reference,judder,level0,33.7962
yz4,marbles,stutter_level1,restir_level0,0,stutter,level1,restir,level0,20.5470
yz4,landscape,dlss_rr_level2,stutter_level0,0,dlss_rr,level2,stutter,level0,3.6126
yz4,attic,judder_level1,judder_level0,1,judder,level1,judder,level0,7.3168
yz4,landscape,judder_level0,motion_resolution_level0,1,judder,level0,motion_resolution,level0,3.7632
yz4,landscape,restir_level0,stutter_level0,0,restir,level0,stutter,level0,13.1559
yz4,bistro_interior,motion_noise_level2,temporal-resolution-multiplexing_level2,0,motion_noise,level2,temporal-resolution-multiplexing,level2,4.6876
yz4,marbles,duration_flicker_level0,judder_level0,0,duration_flicker,level0,judder,level0,3.2714
yz4,marbles,judder_level1,stutter_level0,0,judder,level1,stutter,level0,9.4223
yz4,landscape,temporal-resolution-multiplexing_level0,motion_noise_level1,0,temporal-resolution-multiplexing,level0,motion_noise,level1,10.0167
yz4,zeroday,noise_colors_level1,dlss_rr_level2,1,noise_colors,level1,dlss_rr,level2,2.2625
yz4,subway,motion_resolution_level2,motion_noise_level2,0,motion_resolution,level2,motion_noise,level2,3.0375
yz4,landscape,stutter_level1,noise_colors_level2,1,stutter,level1,noise_colors,level2,1.6000
yz4,landscape,temporal-resolution-multiplexing_level2,noise_colors_level1,0,temporal-resolution-multiplexing,level2,noise_colors,level1,2.2959
yz4,attic,duration_flicker_level1,duration_flicker_level2,1,duration_flicker,level1,duration_flicker,level2,3.5417
yz4,bistro_exterior,motion_resolution_level2,motion_resolution_level1,0,motion_resolution,level2,motion_resolution,level1,7.5920
yz4,marbles,dlss_rr_level2,judder_level2,0,dlss_rr,level2,judder,level2,9.7264
yz4,bistro_exterior,motion_resolution_level2,temporal-resolution-multiplexing_level2,1,motion_resolution,level2,temporal-resolution-multiplexing,level2,2.2544
yz4,bistro_interior,dlss_rr_level2,stutter_level2,0,dlss_rr,level2,stutter,level2,7.9344
yz4,zeroday,restir_level1,motion_resolution_level2,1,restir,level1,motion_resolution,level2,1.1584
yz4,pink_room,judder_level2,restir_level1,0,judder,level2,restir,level1,2.1584
yz4,attic,dlss_rr_level1,duration_flicker_level2,1,dlss_rr,level1,duration_flicker,level2,2.2626
yz4,bistro_interior,motion_noise_level0,temporal-resolution-multiplexing_level0,0,motion_noise,level0,temporal-resolution-multiplexing,level0,14.3430
yz4,pink_room,motion_noise_level2,judder_level1,0,motion_noise,level2,judder,level1,2.5959
yz4,bistro_exterior,dlss_rr_level1,motion_noise_level2,1,dlss_rr,level1,motion_noise,level2,1.4417
yz4,pink_room,duration_flicker_level1,duration_flicker_level0,0,duration_flicker,level1,duration_flicker,level0,9.3168
yz4,marbles,motion_resolution_level1,duration_flicker_level2,0,motion_resolution,level1,duration_flicker,level2,1.8419
yz4,pink_room,motion_resolution_level0,restir_level0,0,motion_resolution,level0,restir,level0,18.1750
yz4,pink_room,motion_resolution_level1,dlss_rr_level2,1,motion_resolution,level1,dlss_rr,level2,4.6042
yz4,bistro_exterior,restir_level1,stutter_level0,1,restir,level1,stutter,level0,13.2433
yz4,zeroday,stutter_level1,judder_level2,0,stutter,level1,judder,level2,10.0667
yz4,bistro_interior,dlss_rr_level1,restir_level2,1,dlss_rr,level1,restir,level2,1.2334
yz4,classroom,motion_resolution_level2,restir_level2,0,motion_resolution,level2,restir,level2,1.1500
yz4,bistro_exterior,stutter_level2,restir_level2,0,stutter,level2,restir,level2,3.2167
yz4,landscape,motion_noise_level1,temporal-resolution-multiplexing_level2,1,motion_noise,level1,temporal-resolution-multiplexing,level2,11.0000
yz4,subway,dlss_rr_level0,judder_level2,0,dlss_rr,level0,judder,level2,12.5084
yz4,classroom,duration_flicker_level0,noise_colors_level2,1,duration_flicker,level0,noise_colors,level2,3.6418
yz4,zeroday,noise_colors_level0,temporal-resolution-multiplexing_level0,1,noise_colors,level0,temporal-resolution-multiplexing,level0,9.3292
yz4,bistro_exterior,motion_noise_level0,duration_flicker_level0,1,motion_noise,level0,duration_flicker,level0,4.2713
yz4,attic,noise_colors_level2,stutter_level2,0,noise_colors,level2,stutter,level2,3.1587
yz4,attic,dlss_rr_level2,restir_level1,0,dlss_rr,level2,restir,level1,11.0792
yz4,zeroday,motion_noise_level1,reference,1,motion_noise,level1,reference,reference,7.0417
yz4,landscape,duration_flicker_level0,dlss_rr_level1,0,duration_flicker,level0,dlss_rr,level1,2.8501
yz4,pink_room,duration_flicker_level0,noise_colors_level2,1,duration_flicker,level0,noise_colors,level2,6.1959
yz4,subway,duration_flicker_level1,temporal-resolution-multiplexing_level1,1,duration_flicker,level1,temporal-resolution-multiplexing,level1,6.4671
yz4,pink_room,motion_noise_level0,reference,0,motion_noise,level0,reference,reference,15.6084
yz4,zeroday,dlss_rr_level2,duration_flicker_level0,0,dlss_rr,level2,duration_flicker,level0,5.1750
yz4,subway,judder_level0,stutter_level2,1,judder,level0,stutter,level2,2.3250
yz4,landscape,motion_noise_level1,noise_colors_level0,1,motion_noise,level1,noise_colors,level0,8.1500
yz4,subway,duration_flicker_level2,dlss_rr_level0,0,duration_flicker,level2,dlss_rr,level0,9.7252
yz4,zeroday,dlss_rr_level2,motion_noise_level2,1,dlss_rr,level2,motion_noise,level2,3.0500
yz4,attic,restir_level1,temporal-resolution-multiplexing_level1,1,restir,level1,temporal-resolution-multiplexing,level1,4.4375
yz4,marbles,dlss_rr_level1,temporal-resolution-multiplexing_level0,0,dlss_rr,level1,temporal-resolution-multiplexing,level0,5.3834
yz4,pink_room,stutter_level0,judder_level0,1,stutter,level0,judder,level0,2.3209
yz4,classroom,judder_level2,motion_noise_level1,1,judder,level2,motion_noise,level1,1.1209
yz4,classroom,motion_noise_level0,dlss_rr_level2,1,motion_noise,level0,dlss_rr,level2,1.8000
yz4,pink_room,duration_flicker_level0,motion_noise_level2,0,duration_flicker,level0,motion_noise,level2,3.7001
yz4,zeroday,stutter_level0,temporal-resolution-multiplexing_level0,0,stutter,level0,temporal-resolution-multiplexing,level0,17.4709
yz4,attic,stutter_level1,stutter_level0,0,stutter,level1,stutter,level0,3.1837
yz4,bistro_exterior,judder_level2,duration_flicker_level1,1,judder,level2,duration_flicker,level1,2.6337
yz4,zeroday,motion_resolution_level0,motion_noise_level2,0,motion_resolution,level0,motion_noise,level2,2.6125
yz4,bistro_exterior,motion_resolution_level1,restir_level2,0,motion_resolution,level1,restir,level2,2.5292
yz4,landscape,noise_colors_level0,motion_noise_level0,0,noise_colors,level0,motion_noise,level0,7.5845
yz4,bistro_interior,reference,duration_flicker_level0,1,reference,reference,duration_flicker,level0,3.4375
yz4,bistro_interior,motion_noise_level2,restir_level0,1,motion_noise,level2,restir,level0,2.6709
yz4,marbles,judder_level2,noise_colors_level1,1,judder,level2,noise_colors,level1,5.7299
yz4,landscape,duration_flicker_level0,duration_flicker_level1,1,duration_flicker,level0,duration_flicker,level1,3.4794
yz4,attic,stutter_level1,duration_flicker_level0,0,stutter,level1,duration_flicker,level0,3.9087
yz4,zeroday,dlss_rr_level2,restir_level0,0,dlss_rr,level2,restir,level0,6.1750
yz4,landscape,stutter_level2,dlss_rr_level2,1,stutter,level2,dlss_rr,level2,2.7084
yz4,attic,motion_noise_level0,judder_level1,1,motion_noise,level0,judder,level1,3.5542
yz4,subway,dlss_rr_level0,motion_noise_level0,1,dlss_rr,level0,motion_noise,level0,7.8500
yz4,classroom,dlss_rr_level1,motion_noise_level1,1,dlss_rr,level1,motion_noise,level1,1.7959
yz4,bistro_interior,noise_colors_level1,noise_colors_level0,0,noise_colors,level1,noise_colors,level0,6.6709
yz4,attic,restir_level2,motion_resolution_level2,1,restir,level2,motion_resolution,level2,1.4917
yz4,pink_room,stutter_level2,restir_level0,0,stutter,level2,restir,level0,8.7750
yz4,bistro_interior,temporal-resolution-multiplexing_level1,judder_level1,1,temporal-resolution-multiplexing,level1,judder,level1,11.2307
yz4,bistro_interior,dlss_rr_level2,judder_level2,0,dlss_rr,level2,judder,level2,3.3713
yz4,subway,temporal-resolution-multiplexing_level1,motion_resolution_level2,1,temporal-resolution-multiplexing,level1,motion_resolution,level2,1.5667
yz4,subway,restir_level1,temporal-resolution-multiplexing_level2,1,restir,level1,temporal-resolution-multiplexing,level2,2.8459
yz4,pink_room,temporal-resolution-multiplexing_level2,dlss_rr_level2,0,temporal-resolution-multiplexing,level2,dlss_rr,level2,2.6167
yz4,zeroday,judder_level2,temporal-resolution-multiplexing_level0,0,judder,level2,temporal-resolution-multiplexing,level0,9.8375
yz4,marbles,judder_level0,motion_noise_level1,1,judder,level0,motion_noise,level1,6.4251
yz4,pink_room,temporal-resolution-multiplexing_level1,stutter_level0,0,temporal-resolution-multiplexing,level1,stutter,level0,5.7834
yz4,pink_room,stutter_level1,reference,0,stutter,level1,reference,reference,7.0383
yz4,marbles,temporal-resolution-multiplexing_level1,judder_level2,0,temporal-resolution-multiplexing,level1,judder,level2,2.9833
yz4,marbles,stutter_level2,dlss_rr_level2,1,stutter,level2,dlss_rr,level2,2.3001
yz4,classroom,stutter_level0,noise_colors_level0,0,stutter,level0,noise_colors,level0,12.3309
yz4,bistro_exterior,restir_level0,judder_level0,1,restir,level0,judder,level0,8.0096
yz4,subway,motion_noise_level0,duration_flicker_level0,1,motion_noise,level0,duration_flicker,level0,8.9591
yz4,landscape,duration_flicker_level2,stutter_level2,1,duration_flicker,level2,stutter,level2,3.6750
yz4,subway,stutter_level1,motion_noise_level0,1,stutter,level1,motion_noise,level0,21.9625
yz4,bistro_interior,motion_resolution_level1,dlss_rr_level1,0,motion_resolution,level1,dlss_rr,level1,4.5750
yz4,landscape,motion_noise_level1,noise_colors_level2,1,motion_noise,level1,noise_colors,level2,4.9334
yz4,bistro_interior,dlss_rr_level2,temporal-resolution-multiplexing_level2,1,dlss_rr,level2,temporal-resolution-multiplexing,level2,6.7334
yz4,bistro_interior,duration_flicker_level1,duration_flicker_level0,0,duration_flicker,level1,duration_flicker,level0,12.0932
yz4,bistro_exterior,stutter_level1,temporal-resolution-multiplexing_level1,0,stutter,level1,temporal-resolution-multiplexing,level1,3.7298
yz4,landscape,duration_flicker_level2,motion_resolution_level1,1,duration_flicker,level2,motion_resolution,level1,2.6709
yz4,attic,duration_flicker_level0,noise_colors_level0,1,duration_flicker,level0,noise_colors,level0,7.8923
yz4,subway,duration_flicker_level0,judder_level1,1,duration_flicker,level0,judder,level1,16.8689
yz4,attic,dlss_rr_level0,motion_noise_level2,0,dlss_rr,level0,motion_noise,level2,6.6092
yz4,attic,motion_noise_level2,restir_level0,1,motion_noise,level2,restir,level0,2.7084
yz4,marbles,motion_resolution_level2,duration_flicker_level2,0,motion_resolution,level2,duration_flicker,level2,2.6084
yz4,subway,restir_level2,restir_level1,0,restir,level2,restir,level1,11.6167
yz4,bistro_interior,judder_level2,restir_level2,1,judder,level2,restir,level2,7.0167
yz4,subway,motion_noise_level2,motion_noise_level1,1,motion_noise,level2,motion_noise,level1,2.7125
yz4,pink_room,noise_colors_level0,stutter_level0,1,noise_colors,level0,stutter,level0,15.4421
yz4,bistro_interior,duration_flicker_level0,judder_level0,0,duration_flicker,level0,judder,level0,10.0222
yz4,bistro_exterior,motion_noise_level0,judder_level1,1,motion_noise,level0,judder,level1,8.5177
yz4,marbles,restir_level0,duration_flicker_level0,1,restir,level0,duration_flicker,level0,6.8417
yz4,bistro_interior,motion_resolution_level0,dlss_rr_level2,0,motion_resolution,level0,dlss_rr,level2,10.0625
yz4,classroom,duration_flicker_level0,noise_colors_level1,0,duration_flicker,level0,noise_colors,level1,2.3459
yz4,attic,restir_level1,judder_level2,0,restir,level1,judder,level2,2.4710
yz4,landscape,restir_level0,noise_colors_level2,1,restir,level0,noise_colors,level2,5.3175
yz4,landscape,motion_noise_level2,motion_noise_level1,1,motion_noise,level2,motion_noise,level1,8.6250
yz4,classroom,temporal-resolution-multiplexing_level2,restir_level1,0,temporal-resolution-multiplexing,level2,restir,level1,1.3171
yz4,bistro_interior,stutter_level0,judder_level1,1,stutter,level0,judder,level1,12.4292
yz4,subway,motion_resolution_level2,dlss_rr_level2,1,motion_resolution,level2,dlss_rr,level2,7.9593
yz4,landscape,temporal-resolution-multiplexing_level1,restir_level0,0,temporal-resolution-multiplexing,level1,restir,level0,16.6834
yz4,landscape,judder_level0,restir_level2,1,judder,level0,restir,level2,1.6042
yz4,subway,motion_resolution_level2,restir_level0,1,motion_resolution,level2,restir,level0,1.5417
yz4,subway,dlss_rr_level0,motion_resolution_level1,1,dlss_rr,level0,motion_resolution,level1,2.3167
yz4,bistro_interior,motion_resolution_level2,motion_resolution_level1,0,motion_resolution,level2,motion_resolution,level1,5.1834
yz4,classroom,reference,dlss_rr_level0,1,reference,reference,dlss_rr,level0,6.6385
yz4,zeroday,temporal-resolution-multiplexing_level1,stutter_level1,0,temporal-resolution-multiplexing,level1,stutter,level1,15.7042
yz4,attic,duration_flicker_level2,noise_colors_level2,1,duration_flicker,level2,noise_colors,level2,2.8542
yz4,pink_room,noise_colors_level0,reference,1,noise_colors,level0,reference,reference,19.5253
yz4,marbles,motion_noise_level1,motion_noise_level0,0,motion_noise,level1,motion_noise,level0,3.2340
yz4,bistro_interior,judder_level1,motion_noise_level2,1,judder,level1,motion_noise,level2,5.0211
yz4,subway,dlss_rr_level0,stutter_level2,1,dlss_rr,level0,stutter,level2,12.0584
yz4,landscape,reference,motion_noise_level1,1,reference,reference,motion_noise,level1,7.3459
yz4,zeroday,motion_noise_level0,noise_colors_level2,1,motion_noise,level0,noise_colors,level2,10.7293
yz4,pink_room,temporal-resolution-multiplexing_level2,dlss_rr_level1,1,temporal-resolution-multiplexing,level2,dlss_rr,level1,3.0251
yz4,bistro_interior,noise_colors_level2,motion_noise_level1,0,noise_colors,level2,motion_noise,level1,12.6393
yz4,zeroday,reference,judder_level1,1,reference,reference,judder,level1,10.6792
yz4,zeroday,restir_level1,motion_resolution_level1,1,restir,level1,motion_resolution,level1,3.3375
yz4,marbles,duration_flicker_level1,duration_flicker_level2,1,duration_flicker,level1,duration_flicker,level2,9.8763
yz4,bistro_exterior,temporal-resolution-multiplexing_level0,reference,1,temporal-resolution-multiplexing,level0,reference,reference,20.5084
yz4,zeroday,duration_flicker_level0,duration_flicker_level1,1,duration_flicker,level0,duration_flicker,level1,9.9125
yz4,classroom,noise_colors_level2,restir_level2,1,noise_colors,level2,restir,level2,10.3751
yz4,classroom,noise_colors_level2,duration_flicker_level1,0,noise_colors,level2,duration_flicker,level1,12.4834
yz4,subway,dlss_rr_level2,noise_colors_level2,0,dlss_rr,level2,noise_colors,level2,10.1174
yz4,attic,stutter_level0,duration_flicker_level2,1,stutter,level0,duration_flicker,level2,2.5544
yz4,pink_room,noise_colors_level2,dlss_rr_level0,0,noise_colors,level2,dlss_rr,level0,2.7834
yz4,pink_room,restir_level1,judder_level0,1,restir,level1,judder,level0,7.4417
yz4,bistro_interior,duration_flicker_level1,motion_noise_level2,0,duration_flicker,level1,motion_noise,level2,12.2840
yz4,bistro_exterior,stutter_level1,restir_level0,1,stutter,level1,restir,level0,6.1000
yz4,subway,dlss_rr_level0,motion_noise_level1,1,dlss_rr,level0,motion_noise,level1,3.0125
yz4,attic,temporal-resolution-multiplexing_level2,motion_resolution_level1,0,temporal-resolution-multiplexing,level2,motion_resolution,level1,2.3917
yz4,bistro_interior,motion_noise_level1,stutter_level1,1,motion_noise,level1,stutter,level1,7.1468
yz4,bistro_exterior,judder_level2,dlss_rr_level0,0,judder,level2,dlss_rr,level0,3.3006
yz4,landscape,motion_resolution_level2,duration_flicker_level2,0,motion_resolution,level2,duration_flicker,level2,2.6209
yz4,bistro_exterior,dlss_rr_level0,dlss_rr_level1,1,dlss_rr,level0,dlss_rr,level1,7.4625
yz4,marbles,motion_resolution_level0,noise_colors_level2,0,motion_resolution,level0,noise_colors,level2,20.4317
yz4,attic,motion_resolution_level2,temporal-resolution-multiplexing_level1,0,motion_resolution,level2,temporal-resolution-multiplexing,level1,3.8254
yz4,pink_room,dlss_rr_level2,duration_flicker_level0,0,dlss_rr,level2,duration_flicker,level0,3.6208
yz4,bistro_exterior,judder_level0,restir_level1,1,judder,level0,restir,level1,9.4750
yz4,zeroday,restir_level2,duration_flicker_level2,0,restir,level2,duration_flicker,level2,1.9709
yz4,pink_room,restir_level1,noise_colors_level2,1,restir,level1,noise_colors,level2,5.7000
yz4,classroom,noise_colors_level2,duration_flicker_level2,0,noise_colors,level2,duration_flicker,level2,8.6126
yz4,landscape,noise_colors_level1,judder_level0,0,noise_colors,level1,judder,level0,21.7385
yz4,bistro_exterior,restir_level1,motion_noise_level0,0,restir,level1,motion_noise,level0,4.8375
yz4,bistro_interior,temporal-resolution-multiplexing_level1,motion_noise_level1,1,temporal-resolution-multiplexing,level1,motion_noise,level1,4.1000
yz4,pink_room,noise_colors_level1,restir_level2,1,noise_colors,level1,restir,level2,2.8959
yz4,classroom,dlss_rr_level1,dlss_rr_level0,1,dlss_rr,level1,dlss_rr,level0,6.8716
yz4,attic,judder_level1,temporal-resolution-multiplexing_level0,1,judder,level1,temporal-resolution-multiplexing,level0,16.0979
yz4,bistro_interior,duration_flicker_level1,dlss_rr_level0,1,duration_flicker,level1,dlss_rr,level0,5.4049
yz4,bistro_exterior,stutter_level1,motion_noise_level1,0,stutter,level1,motion_noise,level1,3.2588
yz4,landscape,duration_flicker_level0,duration_flicker_level2,1,duration_flicker,level0,duration_flicker,level2,8.6463
yz4,pink_room,duration_flicker_level1,motion_resolution_level2,1,duration_flicker,level1,motion_resolution,level2,1.5417
yz4,marbles,duration_flicker_level1,dlss_rr_level2,1,duration_flicker,level1,dlss_rr,level2,8.3042
yz4,classroom,stutter_level0,judder_level0,0,stutter,level0,judder,level0,11.5682
yz4,subway,motion_noise_level0,noise_colors_level1,0,motion_noise,level0,noise_colors,level1,12.1250
yz4,pink_room,noise_colors_level0,temporal-resolution-multiplexing_level0,0,noise_colors,level0,temporal-resolution-multiplexing,level0,19.8768
yz4,subway,dlss_rr_level0,dlss_rr_level1,1,dlss_rr,level0,dlss_rr,level1,17.2250
yz4,bistro_interior,restir_level1,judder_level2,1,restir,level1,judder,level2,8.9917
yz4,classroom,dlss_rr_level2,duration_flicker_level0,0,dlss_rr,level2,duration_flicker,level0,8.7795
yz4,marbles,restir_level1,temporal-resolution-multiplexing_level0,1,restir,level1,temporal-resolution-multiplexing,level0,12.4256
yz4,bistro_exterior,restir_level2,motion_resolution_level0,1,restir,level2,motion_resolution,level0,8.2042
yz4,bistro_exterior,restir_level2,dlss_rr_level1,1,restir,level2,dlss_rr,level1,5.8463
yz4,landscape,restir_level1,motion_noise_level1,0,restir,level1,motion_noise,level1,6.6667
yz4,subway,noise_colors_level0,duration_flicker_level0,1,noise_colors,level0,duration_flicker,level0,2.7500
yz4,subway,judder_level0,stutter_level0,1,judder,level0,stutter,level0,8.6794
yz4,classroom,dlss_rr_level0,judder_level1,0,dlss_rr,level0,judder,level1,3.8171
yz4,zeroday,duration_flicker_level1,dlss_rr_level0,0,duration_flicker,level1,dlss_rr,level0,2.2042
yz4,pink_room,duration_flicker_level2,motion_resolution_level2,1,duration_flicker,level2,motion_resolution,level2,1.5000
yz4,pink_room,restir_level1,restir_level2,1,restir,level1,restir,level2,3.2209
yz4,attic,duration_flicker_level0,motion_noise_level1,0,duration_flicker,level0,motion_noise,level1,7.1884
yz4,bistro_interior,noise_colors_level0,motion_noise_level0,0,noise_colors,level0,motion_noise,level0,14.1559
yz4,classroom,stutter_level1,temporal-resolution-multiplexing_level0,0,stutter,level1,temporal-resolution-multiplexing,level0,7.3175
yz4,zeroday,noise_colors_level0,dlss_rr_level1,1,noise_colors,level0,dlss_rr,level1,1.5875
yz4,pink_room,restir_level1,motion_noise_level1,0,restir,level1,motion_noise,level1,9.2667
yz4,landscape,judder_level2,stutter_level2,1,judder,level2,stutter,level2,6.7667
yz4,bistro_interior,stutter_level0,motion_noise_level0,1,stutter,level0,motion_noise,level0,3.3546
yz4,marbles,temporal-resolution-multiplexing_level2,stutter_level2,1,temporal-resolution-multiplexing,level2,stutter,level2,10.3848
yz4,bistro_exterior,dlss_rr_level0,duration_flicker_level2,1,dlss_rr,level0,duration_flicker,level2,2.9459
yz4,subway,restir_level1,motion_resolution_level2,1,restir,level1,motion_resolution,level2,1.8959
yz4,marbles,dlss_rr_level1,reference,0,dlss_rr,level1,reference,reference,9.1334
yz4,bistro_interior,motion_noise_level2,duration_flicker_level2,1,motion_noise,level2,duration_flicker,level2,2.1459
yz4,bistro_exterior,temporal-resolution-multiplexing_level0,noise_colors_level1,1,temporal-resolution-multiplexing,level0,noise_colors,level1,15.0936
yz4,bistro_exterior,judder_level1,reference,0,judder,level1,reference,reference,17.9834
yz4,marbles,duration_flicker_level0,restir_level1,0,duration_flicker,level0,restir,level1,2.5170
yz4,marbles,dlss_rr_level0,reference,0,dlss_rr,level0,reference,reference,5.8584
yz4,bistro_exterior,motion_noise_level2,noise_colors_level2,1,motion_noise,level2,noise_colors,level2,1.3504
yz4,attic,noise_colors_level2,motion_resolution_level1,1,noise_colors,level2,motion_resolution,level1,6.4417
yz4,zeroday,judder_level1,motion_noise_level0,1,judder,level1,motion_noise,level0,3.3500
yz4,zeroday,dlss_rr_level2,restir_level2,1,dlss_rr,level2,restir,level2,1.2500
yz4,attic,motion_resolution_level0,restir_level1,1,motion_resolution,level0,restir,level1,4.3125
yz4,subway,judder_level1,motion_resolution_level0,1,judder,level1,motion_resolution,level0,12.3500
yz4,marbles,restir_level2,temporal-resolution-multiplexing_level2,1,restir,level2,temporal-resolution-multiplexing,level2,1.5292
yz4,classroom,temporal-resolution-multiplexing_level0,judder_level0,1,temporal-resolution-multiplexing,level0,judder,level0,9.3500
yz4,bistro_exterior,judder_level1,noise_colors_level0,1,judder,level1,noise_colors,level0,7.4917
yz4,zeroday,stutter_level2,dlss_rr_level2,1,stutter,level2,dlss_rr,level2,1.6168
yz4,marbles,temporal-resolution-multiplexing_level0,noise_colors_level0,1,temporal-resolution-multiplexing,level0,noise_colors,level0,11.4848
yz4,zeroday,judder_level0,restir_level0,0,judder,level0,restir,level0,20.7709
yz4,attic,judder_level1,noise_colors_level1,1,judder,level1,noise_colors,level1,19.8335
yz4,bistro_exterior,temporal-resolution-multiplexing_level1,judder_level2,0,temporal-resolution-multiplexing,level1,judder,level2,2.5625
yz4,classroom,stutter_level2,dlss_rr_level1,1,stutter,level2,dlss_rr,level1,4.1459
yz4,bistro_exterior,dlss_rr_level1,dlss_rr_level2,1,dlss_rr,level1,dlss_rr,level2,2.3543
yz4,classroom,duration_flicker_level0,motion_noise_level2,0,duration_flicker,level0,motion_noise,level2,7.0966
yz4,classroom,duration_flicker_level0,motion_resolution_level1,1,duration_flicker,level0,motion_resolution,level1,1.0709
yz4,marbles,noise_colors_level1,motion_noise_level2,1,noise_colors,level1,motion_noise,level2,2.3295
yz4,marbles,temporal-resolution-multiplexing_level0,stutter_level0,0,temporal-resolution-multiplexing,level0,stutter,level0,17.9598
yz4,classroom,restir_level0,motion_resolution_level0,1,restir,level0,motion_resolution,level0,7.2927
yz4,marbles,dlss_rr_level2,motion_resolution_level0,0,dlss_rr,level2,motion_resolution,level0,5.0625
yz4,zeroday,duration_flicker_level1,motion_resolution_level1,1,duration_flicker,level1,motion_resolution,level1,3.7209
yz4,zeroday,temporal-resolution-multiplexing_level2,restir_level1,1,temporal-resolution-multiplexing,level2,restir,level1,1.4500
yz4,marbles,judder_level2,restir_level1,1,judder,level2,restir,level1,5.2625
yz4,attic,dlss_rr_level1,restir_level1,1,dlss_rr,level1,restir,level1,11.4264
yz4,attic,stutter_level1,reference,1,stutter,level1,reference,reference,15.7125
yz4,classroom,judder_level2,motion_noise_level2,1,judder,level2,motion_noise,level2,6.0250
yz4,classroom,duration_flicker_level0,temporal-resolution-multiplexing_level1,0,duration_flicker,level0,temporal-resolution-multiplexing,level1,3.5959
yz4,zeroday,dlss_rr_level0,temporal-resolution-multiplexing_level1,0,dlss_rr,level0,temporal-resolution-multiplexing,level1,6.9676
yz4,attic,judder_level1,motion_noise_level1,0,judder,level1,motion_noise,level1,11.7723
yz4,zeroday,dlss_rr_level1,motion_noise_level0,0,dlss_rr,level1,motion_noise,level0,6.0007
yz4,attic,restir_level0,duration_flicker_level2,1,restir,level0,duration_flicker,level2,3.2250
yz4,classroom,dlss_rr_level1,motion_resolution_level0,0,dlss_rr,level1,motion_resolution,level0,4.0417
yz4,classroom,restir_level1,judder_level2,0,restir,level1,judder,level2,3.2712
yz4,classroom,motion_resolution_level0,stutter_level1,0,motion_resolution,level0,stutter,level1,11.5141
