TrialNumber,SubjectID,Scene,RefFilename,RefPath,LeftCondition,LeftFilename,LeftMetric,LeftLevel,LeftPath,RightCondition,RightFilename,RightMetric,RightLevel,RightPath
1,Jorge2,bistro_exterior,video0.rgb,/mnt/wdblack2tb/all_sequences_new_lossless_raw/bistro_exterior/reference/video0.rgb,bistro_exterior:duration_flicker_level2,bistro_exterior/duration_flicker/level2/video0.rgb,duration_flicker,level2,/mnt/wdblack2tb/all_sequences_new_lossless_raw/bistro_exterior/duration_flicker/level2/video0.rgb,bistro_exterior:noise_colors_level1,bistro_exterior/noise_colors/level1/video0.rgb,noise_colors,level1,/mnt/wdblack2tb/all_sequences_new_lossless_raw/bistro_exterior/noise_colors/level1/video0.rgb
2,Jorge2,attic,video0.rgb,/mnt/wdblack2tb/all_sequences_new_lossless_raw/attic/reference/video0.rgb,attic:duration_flicker_level2,attic/duration_flicker/level2/video0.rgb,duration_flicker,level2,/mnt/wdblack2tb/all_sequences_new_lossless_raw/attic/duration_flicker/level2/video0.rgb,attic:motion_resolution_level0,attic/motion_resolution/level0/video0.rgb,motion_resolution,level0,/mnt/wdblack2tb/all_sequences_new_lossless_raw/attic/motion_resolution/level0/video0.rgb
3,Jorge2,bistro_interior,video0.rgb,/mnt/wdblack2tb/all_sequences_new_lossless_raw/bistro_interior/reference/video0.rgb,bistro_interior:dlss_rr_level2,bistro_interior/dlss_rr/level2/video0.rgb,dlss_rr,level2,/mnt/wdblack2tb/all_sequences_new_lossless_raw/bistro_interior/dlss_rr/level2/video0.rgb,bistro_interior:noise_colors_level1,bistro_interior/noise_colors/level1/video0.rgb,noise_colors,level1,/mnt/wdblack2tb/all_sequences_new_lossless_raw/bistro_interior/noise_colors/level1/video0.rgb
4,Jorge2,classroom,video0.rgb,/mnt/wdblack2tb/all_sequences_new_lossless_raw/classroom/reference/video0.rgb,classroom:noise_colors_level1,classroom/noise_colors/level1/video0.rgb,noise_colors,level1,/mnt/wdblack2tb/all_sequences_new_lossless_raw/classroom/noise_colors/level1/video0.rgb,classroom:motion_noise_level0,classroom/motion_noise/level0/video0.rgb,motion_noise,level0,/mnt/wdblack2tb/all_sequences_new_lossless_raw/classroom/motion_noise/level0/video0.rgb
5,Jorge2,pink_room,video0.rgb,/mnt/wdblack2tb/all_sequences_new_lossless_raw/pink_room/reference/video0.rgb,pink_room:stutter_level2,pink_room/stutter/level2/video0.rgb,stutter,level2,/mnt/wdblack2tb/all_sequences_new_lossless_raw/pink_room/stutter/level2/video0.rgb,pink_room:dlss_rr_level1,pink_room/dlss_rr/level1/video0.rgb,dlss_rr,level1,/mnt/wdblack2tb/all_sequences_new_lossless_raw/pink_room/dlss_rr/level1/video0.rgb
6,Jorge2,pink_room,video0.rgb,/mnt/wdblack2tb/all_sequences_new_lossless_raw/pink_room/reference/video0.rgb,pink_room:motion_resolution_level0,pink_room/motion_resolution/level0/video0.rgb,motion_resolution,level0,/mnt/wdblack2tb/all_sequences_new_lossless_raw/pink_room/motion_resolution/level0/video0.rgb,pink_room:noise_colors_level0,pink_room/noise_colors/level0/video0.rgb,noise_colors,level0,/mnt/wdblack2tb/all_sequences_new_lossless_raw/pink_room/noise_colors/level0/video0.rgb
7,Jorge2,marbles,video0.rgb,/mnt/wdblack2tb/all_sequences_new_lossless_raw/marbles/reference/video0.rgb,marbles:judder_level2,marbles/judder/level2/video0.rgb,judder,level2,/mnt/wdblack2tb/all_sequences_new_lossless_raw/marbles/judder/level2/video0.rgb,marbles:motion_resolution_level1,marbles/motion_resolution/level1/video0.rgb,motion_resolution,level1,/mnt/wdblack2tb/all_sequences_new_lossless_raw/marbles/motion_resolution/level1/video0.rgb
8,Jorge2,zeroday,video0.rgb,/mnt/wdblack2tb/all_sequences_new_lossless_raw/zeroday/reference/video0.rgb,zeroday:restir_level1,zeroday/restir/level1/video0.rgb,restir,level1,/mnt/wdblack2tb/all_sequences_new_lossless_raw/zeroday/restir/level1/video0.rgb,zeroday:motion_noise_level0,zeroday/motion_noise/level0/video0.rgb,motion_noise,level0,/mnt/wdblack2tb/all_sequences_new_lossless_raw/zeroday/motion_noise/level0/video0.rgb
9,Jorge2,marbles,video0.rgb,/mnt/wdblack2tb/all_sequences_new_lossless_raw/marbles/reference/video0.rgb,marbles:motion_resolution_level2,marbles/motion_resolution/level2/video0.rgb,motion_resolution,level2,/mnt/wdblack2tb/all_sequences_new_lossless_raw/marbles/motion_resolution/level2/video0.rgb,marbles:duration_flicker_level2,marbles/duration_flicker/level2/video0.rgb,duration_flicker,level2,/mnt/wdblack2tb/all_sequences_new_lossless_raw/marbles/duration_flicker/level2/video0.rgb
10,Jorge2,classroom,video0.rgb,/mnt/wdblack2tb/all_sequences_new_lossless_raw/classroom/reference/video0.rgb,classroom:restir_level1,classroom/restir/level1/video0.rgb,restir,level1,/mnt/wdblack2tb/all_sequences_new_lossless_raw/classroom/restir/level1/video0.rgb,classroom:stutter_level2,classroom/stutter/level2/video0.rgb,stutter,level2,/mnt/wdblack2tb/all_sequences_new_lossless_raw/classroom/stutter/level2/video0.rgb
11,Jorge2,bistro_interior,video0.rgb,/mnt/wdblack2tb/all_sequences_new_lossless_raw/bistro_interior/reference/video0.rgb,bistro_interior:dlss_rr_level0,bistro_interior/dlss_rr/level0/video0.rgb,dlss_rr,level0,/mnt/wdblack2tb/all_sequences_new_lossless_raw/bistro_interior/dlss_rr/level0/video0.rgb,bistro_interior:duration_flicker_level0,bistro_interior/duration_flicker/level0/video0.rgb,duration_flicker,level0,/mnt/wdblack2tb/all_sequences_new_lossless_raw/bistro_interior/duration_flicker/level0/video0.rgb
12,Jorge2,landscape,video0.rgb,/mnt/wdblack2tb/all_sequences_new_lossless_raw/landscape/reference/video0.rgb,landscape:judder_level2,landscape/judder/level2/video0.rgb,judder,level2,/mnt/wdblack2tb/all_sequences_new_lossless_raw/landscape/judder/level2/video0.rgb,landscape:stutter_level2,landscape/stutter/level2/video0.rgb,stutter,level2,/mnt/wdblack2tb/all_sequences_new_lossless_raw/landscape/stutter/level2/video0.rgb
13,Jorge2,zeroday,video0.rgb,/mnt/wdblack2tb/all_sequences_new_lossless_raw/zeroday/reference/video0.rgb,zeroday:duration_flicker_level1,zeroday/duration_flicker/level1/video0.rgb,duration_flicker,level1,/mnt/wdblack2tb/all_sequences_new_lossless_raw/zeroday/duration_flicker/level1/video0.rgb,zeroday:dlss_rr_level0,zeroday/dlss_rr/level0/video0.rgb,dlss_rr,level0,/mnt/wdblack2tb/all_sequences_new_lossless_raw/zeroday/dlss_rr/level0/video0.rgb
14,Jorge2,pink_room,video0.rgb,/mnt/wdblack2tb/all_sequences_new_lossless_raw/pink_room/reference/video0.rgb,pink_room:judder_level1,pink_room/judder/level1/video0.rgb,judder,level1,/mnt/wdblack2tb/all_sequences_new_lossless_raw/pink_room/judder/level1/video0.rgb,pink_room:temporal-resolution-multiplexing_level0,pink_room/temporal-resolution-multiplexing/level0/video0.rgb,temporal-resolution-multiplexing,level0,/mnt/wdblack2tb/all_sequences_new_lossless_raw/pink_room/temporal-resolution-multiplexing/level0/video0.rgb
15,Jorge2,pink_room,video0.rgb,/mnt/wdblack2tb/all_sequences_new_lossless_raw/pink_room/reference/video0.rgb,pink_room:judder_level0,pink_room/judder/level0/video0.rgb,judder,level0,/mnt/wdblack2tb/all_sequences_new_lossless_raw/pink_room/judder/level0/video0.rgb,pink_room:noise_colors_level0,pink_room/noise_colors/level0/video0.rgb,noise_colors,level0,/mnt/wdblack2tb/all_sequences_new_lossless_raw/pink_room/noise_colors/level0/video0.rgb
16,Jorge2,attic,video0.rgb,/mnt/wdblack2tb/all_sequences_new_lossless_raw/attic/reference/video0.rgb,attic:dlss_rr_level2,attic/dlss_rr/level2/video0.rgb,dlss_rr,level2,/mnt/wdblack2tb/all_sequences_new_lossless_raw/attic/dlss_rr/level2/video0.rgb,attic:stutter_level1,attic/stutter/level1/video0.rgb,stutter,level1,/mnt/wdblack2tb/all_sequences_new_lossless_raw/attic/stutter/level1/video0.rgb
17,Jorge2,subway,video0.rgb,/mnt/wdblack2tb/all_sequences_new_lossless_raw/subway/reference/video0.rgb,subway:restir_level1,subway/restir/level1/video0.rgb,restir,level1,/mnt/wdblack2tb/all_sequences_new_lossless_raw/subway/restir/level1/video0.rgb,subway:judder_level1,subway/judder/level1/video0.rgb,judder,level1,/mnt/wdblack2tb/all_sequences_new_lossless_raw/subway/judder/level1/video0.rgb
18,Jorge2,bistro_exterior,video0.rgb,/mnt/wdblack2tb/all_sequences_new_lossless_raw/bistro_exterior/reference/video0.rgb,bistro_exterior:motion_noise_level2,bistro_exterior/motion_noise/level2/video0.rgb,motion_noise,level2,/mnt/wdblack2tb/all_sequences_new_lossless_raw/bistro_exterior/motion_noise/level2/video0.rgb,bistro_exterior:judder_level2,bistro_exterior/judder/level2/video0.rgb,judder,level2,/mnt/wdblack2tb/all_sequences_new_lossless_raw/bistro_exterior/judder/level2/video0.rgb
19,Jorge2,bistro_exterior,video0.rgb,/mnt/wdblack2tb/all_sequences_new_lossless_raw/bistro_exterior/reference/video0.rgb,bistro_exterior:motion_resolution_level2,bistro_exterior/motion_resolution/level2/video0.rgb,motion_resolution,level2,/mnt/wdblack2tb/all_sequences_new_lossless_raw/bistro_exterior/motion_resolution/level2/video0.rgb,bistro_exterior:temporal-resolution-multiplexing_level2,bistro_exterior/temporal-resolution-multiplexing/level2/video0.rgb,temporal-resolution-multiplexing,level2,/mnt/wdblack2tb/all_sequences_new_lossless_raw/bistro_exterior/temporal-resolution-multiplexing/level2/video0.rgb
20,Jorge2,bistro_interior,video0.rgb,/mnt/wdblack2tb/all_sequences_new_lossless_raw/bistro_interior/reference/video0.rgb,bistro_interior:motion_resolution_level2,bistro_interior/motion_resolution/level2/video0.rgb,motion_resolution,level2,/mnt/wdblack2tb/all_sequences_new_lossless_raw/bistro_interior/motion_resolution/level2/video0.rgb,bistro_interior:temporal-resolution-multiplexing_level1,bistro_interior/temporal-resolution-multiplexing/level1/video0.rgb,temporal-resolution-multiplexing,level1,/mnt/wdblack2tb/all_sequences_new_lossless_raw/bistro_interior/temporal-resolution-multiplexing/level1/video0.rgb
21,Jorge2,zeroday,video0.rgb,/mnt/wdblack2tb/all_sequences_new_lossless_raw/zeroday/reference/video0.rgb,zeroday:noise_colors_level2,zeroday/noise_colors/level2/video0.rgb,noise_colors,level2,/mnt/wdblack2tb/all_sequences_new_lossless_raw/zeroday/noise_colors/level2/video0.rgb,zeroday:dlss_rr_level1,zeroday/dlss_rr/level1/video0.rgb,dlss_rr,level1,/mnt/wdblack2tb/all_sequences_new_lossless_raw/zeroday/dlss_rr/level1/video0.rgb
22,Jorge2,classroom,video0.rgb,/mnt/wdblack2tb/all_sequences_new_lossless_raw/classroom/reference/video0.rgb,classroom:judder_level0,classroom/judder/level0/video0.rgb,judder,level0,/mnt/wdblack2tb/all_sequences_new_lossless_raw/classroom/judder/level0/video0.rgb,classroom:temporal-resolution-multiplexing_level0,classroom/temporal-resolution-multiplexing/level0/video0.rgb,temporal-resolution-multiplexing,level0,/mnt/wdblack2tb/all_sequences_new_lossless_raw/classroom/temporal-resolution-multiplexing/level0/video0.rgb
23,Jorge2,subway,video0.rgb,/mnt/wdblack2tb/all_sequences_new_lossless_raw/subway/reference/video0.rgb,subway:restir_level2,subway/restir/level2/video0.rgb,restir,level2,/mnt/wdblack2tb/all_sequences_new_lossless_raw/subway/restir/level2/video0.rgb,subway:duration_flicker_level1,subway/duration_flicker/level1/video0.rgb,duration_flicker,level1,/mnt/wdblack2tb/all_sequences_new_lossless_raw/subway/duration_flicker/level1/video0.rgb
24,Jorge2,subway,video0.rgb,/mnt/wdblack2tb/all_sequences_new_lossless_raw/subway/reference/video0.rgb,subway:motion_resolution_level2,subway/motion_resolution/level2/video0.rgb,motion_resolution,level2,/mnt/wdblack2tb/all_sequences_new_lossless_raw/subway/motion_resolution/level2/video0.rgb,subway:stutter_level2,subway/stutter/level2/video0.rgb,stutter,level2,/mnt/wdblack2tb/all_sequences_new_lossless_raw/subway/stutter/level2/video0.rgb
25,Jorge2,landscape,video0.rgb,/mnt/wdblack2tb/all_sequences_new_lossless_raw/landscape/reference/video0.rgb,landscape:motion_resolution_level2,landscape/motion_resolution/level2/video0.rgb,motion_resolution,level2,/mnt/wdblack2tb/all_sequences_new_lossless_raw/landscape/motion_resolution/level2/video0.rgb,landscape:judder_level0,landscape/judder/level0/video0.rgb,judder,level0,/mnt/wdblack2tb/all_sequences_new_lossless_raw/landscape/judder/level0/video0.rgb
26,Jorge2,bistro_exterior,video0.rgb,/mnt/wdblack2tb/all_sequences_new_lossless_raw/bistro_exterior/reference/video0.rgb,bistro_exterior:duration_flicker_level1,bistro_exterior/duration_flicker/level1/video0.rgb,duration_flicker,level1,/mnt/wdblack2tb/all_sequences_new_lossless_raw/bistro_exterior/duration_flicker/level1/video0.rgb,bistro_exterior:temporal-resolution-multiplexing_level2,bistro_exterior/temporal-resolution-multiplexing/level2/video0.rgb,temporal-resolution-multiplexing,level2,/mnt/wdblack2tb/all_sequences_new_lossless_raw/bistro_exterior/temporal-resolution-multiplexing/level2/video0.rgb
27,Jorge2,bistro_exterior,video0.rgb,/mnt/wdblack2tb/all_sequences_new_lossless_raw/bistro_exterior/reference/video0.rgb,bistro_exterior:temporal-resolution-multiplexing_level0,bistro_exterior/temporal-resolution-multiplexing/level0/video0.rgb,temporal-resolution-multiplexing,level0,/mnt/wdblack2tb/all_sequences_new_lossless_raw/bistro_exterior/temporal-resolution-multiplexing/level0/video0.rgb,bistro_exterior:restir_level2,bistro_exterior/restir/level2/video0.rgb,restir,level2,/mnt/wdblack2tb/all_sequences_new_lossless_raw/bistro_exterior/restir/level2/video0.rgb
28,Jorge2,attic,video0.rgb,/mnt/wdblack2tb/all_sequences_new_lossless_raw/attic/reference/video0.rgb,attic:stutter_level1,attic/stutter/level1/video0.rgb,stutter,level1,/mnt/wdblack2tb/all_sequences_new_lossless_raw/attic/stutter/level1/video0.rgb,attic:restir_level2,attic/restir/level2/video0.rgb,restir,level2,/mnt/wdblack2tb/all_sequences_new_lossless_raw/attic/restir/level2/video0.rgb
29,Jorge2,zeroday,video0.rgb,/mnt/wdblack2tb/all_sequences_new_lossless_raw/zeroday/reference/video0.rgb,zeroday:dlss_rr_level1,zeroday/dlss_rr/level1/video0.rgb,dlss_rr,level1,/mnt/wdblack2tb/all_sequences_new_lossless_raw/zeroday/dlss_rr/level1/video0.rgb,zeroday:motion_resolution_level1,zeroday/motion_resolution/level1/video0.rgb,motion_resolution,level1,/mnt/wdblack2tb/all_sequences_new_lossless_raw/zeroday/motion_resolution/level1/video0.rgb
30,Jorge2,classroom,video0.rgb,/mnt/wdblack2tb/all_sequences_new_lossless_raw/classroom/reference/video0.rgb,classroom:noise_colors_level1,classroom/noise_colors/level1/video0.rgb,noise_colors,level1,/mnt/wdblack2tb/all_sequences_new_lossless_raw/classroom/noise_colors/level1/video0.rgb,classroom:stutter_level2,classroom/stutter/level2/video0.rgb,stutter,level2,/mnt/wdblack2tb/all_sequences_new_lossless_raw/classroom/stutter/level2/video0.rgb
31,Jorge2,pink_room,video0.rgb,/mnt/wdblack2tb/all_sequences_new_lossless_raw/pink_room/reference/video0.rgb,pink_room:restir_level2,pink_room/restir/level2/video0.rgb,restir,level2,/mnt/wdblack2tb/all_sequences_new_lossless_raw/pink_room/restir/level2/video0.rgb,pink_room:dlss_rr_level2,pink_room/dlss_rr/level2/video0.rgb,dlss_rr,level2,/mnt/wdblack2tb/all_sequences_new_lossless_raw/pink_room/dlss_rr/level2/video0.rgb
32,Jorge2,landscape,video0.rgb,/mnt/wdblack2tb/all_sequences_new_lossless_raw/landscape/reference/video0.rgb,landscape:stutter_level1,landscape/stutter/level1/video0.rgb,stutter,level1,/mnt/wdblack2tb/all_sequences_new_lossless_raw/landscape/stutter/level1/video0.rgb,landscape:duration_flicker_level0,landscape/duration_flicker/level0/video0.rgb,duration_flicker,level0,/mnt/wdblack2tb/all_sequences_new_lossless_raw/landscape/duration_flicker/level0/video0.rgb
33,Jorge2,landscape,video0.rgb,/mnt/wdblack2tb/all_sequences_new_lossless_raw/landscape/reference/video0.rgb,landscape:stutter_level2,landscape/stutter/level2/video0.rgb,stutter,level2,/mnt/wdblack2tb/all_sequences_new_lossless_raw/landscape/stutter/level2/video0.rgb,landscape:motion_resolution_level1,landscape/motion_resolution/level1/video0.rgb,motion_resolution,level1,/mnt/wdblack2tb/all_sequences_new_lossless_raw/landscape/motion_resolution/level1/video0.rgb
34,Jorge2,zeroday,video0.rgb,/mnt/wdblack2tb/all_sequences_new_lossless_raw/zeroday/reference/video0.rgb,zeroday:temporal-resolution-multiplexing_level0,zeroday/temporal-resolution-multiplexing/level0/video0.rgb,temporal-resolution-multiplexing,level0,/mnt/wdblack2tb/all_sequences_new_lossless_raw/zeroday/temporal-resolution-multiplexing/level0/video0.rgb,zeroday:motion_resolution_level1,zeroday/motion_resolution/level1/video0.rgb,motion_resolution,level1,/mnt/wdblack2tb/all_sequences_new_lossless_raw/zeroday/motion_resolution/level1/video0.rgb
35,Jorge2,marbles,video0.rgb,/mnt/wdblack2tb/all_sequences_new_lossless_raw/marbles/reference/video0.rgb,marbles:dlss_rr_level1,marbles/dlss_rr/level1/video0.rgb,dlss_rr,level1,/mnt/wdblack2tb/all_sequences_new_lossless_raw/marbles/dlss_rr/level1/video0.rgb,marbles:motion_resolution_level1,marbles/motion_resolution/level1/video0.rgb,motion_resolution,level1,/mnt/wdblack2tb/all_sequences_new_lossless_raw/marbles/motion_resolution/level1/video0.rgb
36,Jorge2,marbles,video0.rgb,/mnt/wdblack2tb/all_sequences_new_lossless_raw/marbles/reference/video0.rgb,marbles:motion_noise_level2,marbles/motion_noise/level2/video0.rgb,motion_noise,level2,/mnt/wdblack2tb/all_sequences_new_lossless_raw/marbles/motion_noise/level2/video0.rgb,marbles:noise_colors_level0,marbles/noise_colors/level0/video0.rgb,noise_colors,level0,/mnt/wdblack2tb/all_sequences_new_lossless_raw/marbles/noise_colors/level0/video0.rgb
37,Jorge2,landscape,video0.rgb,/mnt/wdblack2tb/all_sequences_new_lossless_raw/landscape/reference/video0.rgb,landscape:restir_level2,landscape/restir/level2/video0.rgb,restir,level2,/mnt/wdblack2tb/all_sequences_new_lossless_raw/landscape/restir/level2/video0.rgb,landscape:stutter_level2,landscape/stutter/level2/video0.rgb,stutter,level2,/mnt/wdblack2tb/all_sequences_new_lossless_raw/landscape/stutter/level2/video0.rgb
38,Jorge2,pink_room,video0.rgb,/mnt/wdblack2tb/all_sequences_new_lossless_raw/pink_room/reference/video0.rgb,pink_room:noise_colors_level0,pink_room/noise_colors/level0/video0.rgb,noise_colors,level0,/mnt/wdblack2tb/all_sequences_new_lossless_raw/pink_room/noise_colors/level0/video0.rgb,pink_room:noise_colors_level2,pink_room/noise_colors/level2/video0.rgb,noise_colors,level2,/mnt/wdblack2tb/all_sequences_new_lossless_raw/pink_room/noise_colors/level2/video0.rgb
39,Jorge2,marbles,video0.rgb,/mnt/wdblack2tb/all_sequences_new_lossless_raw/marbles/reference/video0.rgb,marbles:judder_level1,marbles/judder/level1/video0.rgb,judder,level1,/mnt/wdblack2tb/all_sequences_new_lossless_raw/marbles/judder/level1/video0.rgb,marbles:motion_noise_level2,marbles/motion_noise/level2/video0.rgb,motion_noise,level2,/mnt/wdblack2tb/all_sequences_new_lossless_raw/marbles/motion_noise/level2/video0.rgb
40,Jorge2,pink_room,video0.rgb,/mnt/wdblack2tb/all_sequences_new_lossless_raw/pink_room/reference/video0.rgb,pink_room:judder_level0,pink_room/judder/level0/video0.rgb,judder,level0,/mnt/wdblack2tb/all_sequences_new_lossless_raw/pink_room/judder/level0/video0.rgb,pink_room:restir_level1,pink_room/restir/level1/video0.rgb,restir,level1,/mnt/wdblack2tb/all_sequences_new_lossless_raw/pink_room/restir/level1/video0.rgb
41,Jorge2,bistro_interior,video0.rgb,/mnt/wdblack2tb/all_sequences_new_lossless_raw/bistro_interior/reference/video0.rgb,bistro_interior:noise_colors_level2,bistro_interior/noise_colors/level2/video0.rgb,noise_colors,level2,/mnt/wdblack2tb/all_sequences_new_lossless_raw/bistro_interior/noise_colors/level2/video0.rgb,bistro_interior:motion_noise_level2,bistro_interior/motion_noise/level2/video0.rgb,motion_noise,level2,/mnt/wdblack2tb/all_sequences_new_lossless_raw/bistro_interior/motion_noise/level2/video0.rgb
42,Jorge2,subway,video0.rgb,/mnt/wdblack2tb/all_sequences_new_lossless_raw/subway/reference/video0.rgb,subway:temporal-resolution-multiplexing_level1,subway/temporal-resolution-multiplexing/level1/video0.rgb,temporal-resolution-multiplexing,level1,/mnt/wdblack2tb/all_sequences_new_lossless_raw/subway/temporal-resolution-multiplexing/level1/video0.rgb,subway:noise_colors_level2,subway/noise_colors/level2/video0.rgb,noise_colors,level2,/mnt/wdblack2tb/all_sequences_new_lossless_raw/subway/noise_colors/level2/video0.rgb
43,Jorge2,landscape,video0.rgb,/mnt/wdblack2tb/all_sequences_new_lossless_raw/landscape/reference/video0.rgb,landscape:duration_flicker_level0,landscape/duration_flicker/level0/video0.rgb,duration_flicker,level0,/mnt/wdblack2tb/all_sequences_new_lossless_raw/landscape/duration_flicker/level0/video0.rgb,landscape:temporal-resolution-multiplexing_level1,landscape/temporal-resolution-multiplexing/level1/video0.rgb,temporal-resolution-multiplexing,level1,/mnt/wdblack2tb/all_sequences_new_lossless_raw/landscape/temporal-resolution-multiplexing/level1/video0.rgb
44,Jorge2,subway,video0.rgb,/mnt/wdblack2tb/all_sequences_new_lossless_raw/subway/reference/video0.rgb,subway:stutter_level1,subway/stutter/level1/video0.rgb,stutter,level1,/mnt/wdblack2tb/all_sequences_new_lossless_raw/subway/stutter/level1/video0.rgb,subway:restir_level1,subway/restir/level1/video0.rgb,restir,level1,/mnt/wdblack2tb/all_sequences_new_lossless_raw/subway/restir/level1/video0.rgb
45,Jorge2,subway,video0.rgb,/mnt/wdblack2tb/all_sequences_new_lossless_raw/subway/reference/video0.rgb,subway:noise_colors_level1,subway/noise_colors/level1/video0.rgb,noise_colors,level1,/mnt/wdblack2tb/all_sequences_new_lossless_raw/subway/noise_colors/level1/video0.rgb,subway:restir_level1,subway/restir/level1/video0.rgb,restir,level1,/mnt/wdblack2tb/all_sequences_new_lossless_raw/subway/restir/level1/video0.rgb
46,Jorge2,pink_room,video0.rgb,/mnt/wdblack2tb/all_sequences_new_lossless_raw/pink_room/reference/video0.rgb,pink_room:restir_level0,pink_room/restir/level0/video0.rgb,restir,level0,/mnt/wdblack2tb/all_sequences_new_lossless_raw/pink_room/restir/level0/video0.rgb,pink_room:motion_noise_level0,pink_room/motion_noise/level0/video0.rgb,motion_noise,level0,/mnt/wdblack2tb/all_sequences_new_lossless_raw/pink_room/motion_noise/level0/video0.rgb
47,Jorge2,bistro_interior,video0.rgb,/mnt/wdblack2tb/all_sequences_new_lossless_raw/bistro_interior/reference/video0.rgb,bistro_interior:temporal-resolution-multiplexing_level1,bistro_interior/temporal-resolution-multiplexing/level1/video0.rgb,temporal-resolution-multiplexing,level1,/mnt/wdblack2tb/all_sequences_new_lossless_raw/bistro_interior/temporal-resolution-multiplexing/level1/video0.rgb,bistro_interior:stutter_level1,bistro_interior/stutter/level1/video0.rgb,stutter,level1,/mnt/wdblack2tb/all_sequences_new_lossless_raw/bistro_interior/stutter/level1/video0.rgb
48,Jorge2,pink_room,video0.rgb,/mnt/wdblack2tb/all_sequences_new_lossless_raw/pink_room/reference/video0.rgb,pink_room:temporal-resolution-multiplexing_level1,pink_room/temporal-resolution-multiplexing/level1/video0.rgb,temporal-resolution-multiplexing,level1,/mnt/wdblack2tb/all_sequences_new_lossless_raw/pink_room/temporal-resolution-multiplexing/level1/video0.rgb,pink_room:dlss_rr_level1,pink_room/dlss_rr/level1/video0.rgb,dlss_rr,level1,/mnt/wdblack2tb/all_sequences_new_lossless_raw/pink_room/dlss_rr/level1/video0.rgb
49,Jorge2,zeroday,video0.rgb,/mnt/wdblack2tb/all_sequences_new_lossless_raw/zeroday/reference/video0.rgb,zeroday:dlss_rr_level0,zeroday/dlss_rr/level0/video0.rgb,dlss_rr,level0,/mnt/wdblack2tb/all_sequences_new_lossless_raw/zeroday/dlss_rr/level0/video0.rgb,zeroday:judder_level1,zeroday/judder/level1/video0.rgb,judder,level1,/mnt/wdblack2tb/all_sequences_new_lossless_raw/zeroday/judder/level1/video0.rgb
50,Jorge2,classroom,video0.rgb,/mnt/wdblack2tb/all_sequences_new_lossless_raw/classroom/reference/video0.rgb,classroom:restir_level2,classroom/restir/level2/video0.rgb,restir,level2,/mnt/wdblack2tb/all_sequences_new_lossless_raw/classroom/restir/level2/video0.rgb,classroom:noise_colors_level1,classroom/noise_colors/level1/video0.rgb,noise_colors,level1,/mnt/wdblack2tb/all_sequences_new_lossless_raw/classroom/noise_colors/level1/video0.rgb
51,Jorge2,subway,video0.rgb,/mnt/wdblack2tb/all_sequences_new_lossless_raw/subway/reference/video0.rgb,subway:duration_flicker_level1,subway/duration_flicker/level1/video0.rgb,duration_flicker,level1,/mnt/wdblack2tb/all_sequences_new_lossless_raw/subway/duration_flicker/level1/video0.rgb,subway:stutter_level2,subway/stutter/level2/video0.rgb,stutter,level2,/mnt/wdblack2tb/all_sequences_new_lossless_raw/subway/stutter/level2/video0.rgb
52,Jorge2,pink_room,video0.rgb,/mnt/wdblack2tb/all_sequences_new_lossless_raw/pink_room/reference/video0.rgb,pink_room:dlss_rr_level1,pink_room/dlss_rr/level1/video0.rgb,dlss_rr,level1,/mnt/wdblack2tb/all_sequences_new_lossless_raw/pink_room/dlss_rr/level1/video0.rgb,pink_room:motion_resolution_level1,pink_room/motion_resolution/level1/video0.rgb,motion_resolution,level1,/mnt/wdblack2tb/all_sequences_new_lossless_raw/pink_room/motion_resolution/level1/video0.rgb
53,Jorge2,bistro_interior,video0.rgb,/mnt/wdblack2tb/all_sequences_new_lossless_raw/bistro_interior/reference/video0.rgb,bistro_interior:judder_level0,bistro_interior/judder/level0/video0.rgb,judder,level0,/mnt/wdblack2tb/all_sequences_new_lossless_raw/bistro_interior/judder/level0/video0.rgb,bistro_interior:motion_noise_level1,bistro_interior/motion_noise/level1/video0.rgb,motion_noise,level1,/mnt/wdblack2tb/all_sequences_new_lossless_raw/bistro_interior/motion_noise/level1/video0.rgb
54,Jorge2,bistro_interior,video0.rgb,/mnt/wdblack2tb/all_sequences_new_lossless_raw/bistro_interior/reference/video0.rgb,bistro_interior:noise_colors_level2,bistro_interior/noise_colors/level2/video0.rgb,noise_colors,level2,/mnt/wdblack2tb/all_sequences_new_lossless_raw/bistro_interior/noise_colors/level2/video0.rgb,bistro_interior:stutter_level0,bistro_interior/stutter/level0/video0.rgb,stutter,level0,/mnt/wdblack2tb/all_sequences_new_lossless_raw/bistro_interior/stutter/level0/video0.rgb
55,Jorge2,subway,video0.rgb,/mnt/wdblack2tb/all_sequences_new_lossless_raw/subway/reference/video0.rgb,subway:restir_level1,subway/restir/level1/video0.rgb,restir,level1,/mnt/wdblack2tb/all_sequences_new_lossless_raw/subway/restir/level1/video0.rgb,subway:dlss_rr_level1,subway/dlss_rr/level1/video0.rgb,dlss_rr,level1,/mnt/wdblack2tb/all_sequences_new_lossless_raw/subway/dlss_rr/level1/video0.rgb
56,Jorge2,bistro_interior,video0.rgb,/mnt/wdblack2tb/all_sequences_new_lossless_raw/bistro_interior/reference/video0.rgb,bistro_interior:motion_resolution_level2,bistro_interior/motion_resolution/level2/video0.rgb,motion_resolution,level2,/mnt/wdblack2tb/all_sequences_new_lossless_raw/bistro_interior/motion_resolution/level2/video0.rgb,bistro_interior:noise_colors_level1,bistro_interior/noise_colors/level1/video0.rgb,noise_colors,level1,/mnt/wdblack2tb/all_sequences_new_lossless_raw/bistro_interior/noise_colors/level1/video0.rgb
57,Jorge2,attic,video0.rgb,/mnt/wdblack2tb/all_sequences_new_lossless_raw/attic/reference/video0.rgb,attic:stutter_level1,attic/stutter/level1/video0.rgb,stutter,level1,/mnt/wdblack2tb/all_sequences_new_lossless_raw/attic/stutter/level1/video0.rgb,attic:restir_level1,attic/restir/level1/video0.rgb,restir,level1,/mnt/wdblack2tb/all_sequences_new_lossless_raw/attic/restir/level1/video0.rgb
58,Jorge2,bistro_exterior,video0.rgb,/mnt/wdblack2tb/all_sequences_new_lossless_raw/bistro_exterior/reference/video0.rgb,bistro_exterior:dlss_rr_level1,bistro_exterior/dlss_rr/level1/video0.rgb,dlss_rr,level1,/mnt/wdblack2tb/all_sequences_new_lossless_raw/bistro_exterior/dlss_rr/level1/video0.rgb,bistro_exterior:duration_flicker_level0,bistro_exterior/duration_flicker/level0/video0.rgb,duration_flicker,level0,/mnt/wdblack2tb/all_sequences_new_lossless_raw/bistro_exterior/duration_flicker/level0/video0.rgb
59,Jorge2,marbles,video0.rgb,/mnt/wdblack2tb/all_sequences_new_lossless_raw/marbles/reference/video0.rgb,marbles:restir_level2,marbles/restir/level2/video0.rgb,restir,level2,/mnt/wdblack2tb/all_sequences_new_lossless_raw/marbles/restir/level2/video0.rgb,marbles:motion_resolution_level1,marbles/motion_resolution/level1/video0.rgb,motion_resolution,level1,/mnt/wdblack2tb/all_sequences_new_lossless_raw/marbles/motion_resolution/level1/video0.rgb
60,Jorge2,subway,video0.rgb,/mnt/wdblack2tb/all_sequences_new_lossless_raw/subway/reference/video0.rgb,subway:motion_resolution_level1,subway/motion_resolution/level1/video0.rgb,motion_resolution,level1,/mnt/wdblack2tb/all_sequences_new_lossless_raw/subway/motion_resolution/level1/video0.rgb,subway:temporal-resolution-multiplexing_level2,subway/temporal-resolution-multiplexing/level2/video0.rgb,temporal-resolution-multiplexing,level2,/mnt/wdblack2tb/all_sequences_new_lossless_raw/subway/temporal-resolution-multiplexing/level2/video0.rgb
61,Jorge2,attic,video0.rgb,/mnt/wdblack2tb/all_sequences_new_lossless_raw/attic/reference/video0.rgb,attic:motion_resolution_level0,attic/motion_resolution/level0/video0.rgb,motion_resolution,level0,/mnt/wdblack2tb/all_sequences_new_lossless_raw/attic/motion_resolution/level0/video0.rgb,attic:motion_noise_level1,attic/motion_noise/level1/video0.rgb,motion_noise,level1,/mnt/wdblack2tb/all_sequences_new_lossless_raw/attic/motion_noise/level1/video0.rgb
62,Jorge2,subway,video0.rgb,/mnt/wdblack2tb/all_sequences_new_lossless_raw/subway/reference/video0.rgb,subway:duration_flicker_level2,subway/duration_flicker/level2/video0.rgb,duration_flicker,level2,/mnt/wdblack2tb/all_sequences_new_lossless_raw/subway/duration_flicker/level2/video0.rgb,subway:noise_colors_level2,subway/noise_colors/level2/video0.rgb,noise_colors,level2,/mnt/wdblack2tb/all_sequences_new_lossless_raw/subway/noise_colors/level2/video0.rgb
63,Jorge2,landscape,video0.rgb,/mnt/wdblack2tb/all_sequences_new_lossless_raw/landscape/reference/video0.rgb,landscape:stutter_level2,landscape/stutter/level2/video0.rgb,stutter,level2,/mnt/wdblack2tb/all_sequences_new_lossless_raw/landscape/stutter/level2/video0.rgb,landscape:judder_level0,landscape/judder/level0/video0.rgb,judder,level0,/mnt/wdblack2tb/all_sequences_new_lossless_raw/landscape/judder/level0/video0.rgb
64,Jorge2,landscape,video0.rgb,/mnt/wdblack2tb/all_sequences_new_lossless_raw/landscape/reference/video0.rgb,landscape:stutter_level0,landscape/stutter/level0/video0.rgb,stutter,level0,/mnt/wdblack2tb/all_sequences_new_lossless_raw/landscape/stutter/level0/video0.rgb,landscape:noise_colors_level1,landscape/noise_colors/level1/video0.rgb,noise_colors,level1,/mnt/wdblack2tb/all_sequences_new_lossless_raw/landscape/noise_colors/level1/video0.rgb
65,Jorge2,zeroday,video0.rgb,/mnt/wdblack2tb/all_sequences_new_lossless_raw/zeroday/reference/video0.rgb,zeroday:motion_resolution_level2,zeroday/motion_resolution/level2/video0.rgb,motion_resolution,level2,/mnt/wdblack2tb/all_sequences_new_lossless_raw/zeroday/motion_resolution/level2/video0.rgb,zeroday:duration_flicker_level2,zeroday/duration_flicker/level2/video0.rgb,duration_flicker,level2,/mnt/wdblack2tb/all_sequences_new_lossless_raw/zeroday/duration_flicker/level2/video0.rgb
66,Jorge2,attic,video0.rgb,/mnt/wdblack2tb/all_sequences_new_lossless_raw/attic/reference/video0.rgb,attic:motion_resolution_level2,attic/motion_resolution/level2/video0.rgb,motion_resolution,level2,/mnt/wdblack2tb/all_sequences_new_lossless_raw/attic/motion_resolution/level2/video0.rgb,attic:stutter_level1,attic/stutter/level1/video0.rgb,stutter,level1,/mnt/wdblack2tb/all_sequences_new_lossless_raw/attic/stutter/level1/video0.rgb
67,Jorge2,landscape,video0.rgb,/mnt/wdblack2tb/all_sequences_new_lossless_raw/landscape/reference/video0.rgb,landscape:temporal-resolution-multiplexing_level1,landscape/temporal-resolution-multiplexing/level1/video0.rgb,temporal-resolution-multiplexing,level1,/mnt/wdblack2tb/all_sequences_new_lossless_raw/landscape/temporal-resolution-multiplexing/level1/video0.rgb,landscape:temporal-resolution-multiplexing_level0,landscape/temporal-resolution-multiplexing/level0/video0.rgb,temporal-resolution-multiplexing,level0,/mnt/wdblack2tb/all_sequences_new_lossless_raw/landscape/temporal-resolution-multiplexing/level0/video0.rgb
68,Jorge2,marbles,video0.rgb,/mnt/wdblack2tb/all_sequences_new_lossless_raw/marbles/reference/video0.rgb,marbles:motion_noise_level2,marbles/motion_noise/level2/video0.rgb,motion_noise,level2,/mnt/wdblack2tb/all_sequences_new_lossless_raw/marbles/motion_noise/level2/video0.rgb,marbles:stutter_level1,marbles/stutter/level1/video0.rgb,stutter,level1,/mnt/wdblack2tb/all_sequences_new_lossless_raw/marbles/stutter/level1/video0.rgb
69,Jorge2,bistro_exterior,video0.rgb,/mnt/wdblack2tb/all_sequences_new_lossless_raw/bistro_exterior/reference/video0.rgb,bistro_exterior:temporal-resolution-multiplexing_level2,bistro_exterior/temporal-resolution-multiplexing/level2/video0.rgb,temporal-resolution-multiplexing,level2,/mnt/wdblack2tb/all_sequences_new_lossless_raw/bistro_exterior/temporal-resolution-multiplexing/level2/video0.rgb,bistro_exterior:noise_colors_level2,bistro_exterior/noise_colors/level2/video0.rgb,noise_colors,level2,/mnt/wdblack2tb/all_sequences_new_lossless_raw/bistro_exterior/noise_colors/level2/video0.rgb
70,Jorge2,subway,video0.rgb,/mnt/wdblack2tb/all_sequences_new_lossless_raw/subway/reference/video0.rgb,subway:judder_level0,subway/judder/level0/video0.rgb,judder,level0,/mnt/wdblack2tb/all_sequences_new_lossless_raw/subway/judder/level0/video0.rgb,subway:judder_level1,subway/judder/level1/video0.rgb,judder,level1,/mnt/wdblack2tb/all_sequences_new_lossless_raw/subway/judder/level1/video0.rgb
71,Jorge2,attic,video0.rgb,/mnt/wdblack2tb/all_sequences_new_lossless_raw/attic/reference/video0.rgb,attic:stutter_level1,attic/stutter/level1/video0.rgb,stutter,level1,/mnt/wdblack2tb/all_sequences_new_lossless_raw/attic/stutter/level1/video0.rgb,attic:judder_level2,attic/judder/level2/video0.rgb,judder,level2,/mnt/wdblack2tb/all_sequences_new_lossless_raw/attic/judder/level2/video0.rgb
72,Jorge2,zeroday,video0.rgb,/mnt/wdblack2tb/all_sequences_new_lossless_raw/zeroday/reference/video0.rgb,zeroday:dlss_rr_level2,zeroday/dlss_rr/level2/video0.rgb,dlss_rr,level2,/mnt/wdblack2tb/all_sequences_new_lossless_raw/zeroday/dlss_rr/level2/video0.rgb,zeroday:restir_level2,zeroday/restir/level2/video0.rgb,restir,level2,/mnt/wdblack2tb/all_sequences_new_lossless_raw/zeroday/restir/level2/video0.rgb
73,Jorge2,classroom,video0.rgb,/mnt/wdblack2tb/all_sequences_new_lossless_raw/classroom/reference/video0.rgb,classroom:motion_noise_level1,classroom/motion_noise/level1/video0.rgb,motion_noise,level1,/mnt/wdblack2tb/all_sequences_new_lossless_raw/classroom/motion_noise/level1/video0.rgb,classroom:temporal-resolution-multiplexing_level0,classroom/temporal-resolution-multiplexing/level0/video0.rgb,temporal-resolution-multiplexing,level0,/mnt/wdblack2tb/all_sequences_new_lossless_raw/classroom/temporal-resolution-multiplexing/level0/video0.rgb
74,Jorge2,attic,video0.rgb,/mnt/wdblack2tb/all_sequences_new_lossless_raw/attic/reference/video0.rgb,attic:motion_resolution_level0,attic/motion_resolution/level0/video0.rgb,motion_resolution,level0,/mnt/wdblack2tb/all_sequences_new_lossless_raw/attic/motion_resolution/level0/video0.rgb,attic:noise_colors_level0,attic/noise_colors/level0/video0.rgb,noise_colors,level0,/mnt/wdblack2tb/all_sequences_new_lossless_raw/attic/noise_colors/level0/video0.rgb
75,Jorge2,marbles,video0.rgb,/mnt/wdblack2tb/all_sequences_new_lossless_raw/marbles/reference/video0.rgb,marbles:duration_flicker_level1,marbles/duration_flicker/level1/video0.rgb,duration_flicker,level1,/mnt/wdblack2tb/all_sequences_new_lossless_raw/marbles/duration_flicker/level1/video0.rgb,marbles:temporal-resolution-multiplexing_level0,marbles/temporal-resolution-multiplexing/level0/video0.rgb,temporal-resolution-multiplexing,level0,/mnt/wdblack2tb/all_sequences_new_lossless_raw/marbles/temporal-resolution-multiplexing/level0/video0.rgb
76,Jorge2,subway,video0.rgb,/mnt/wdblack2tb/all_sequences_new_lossless_raw/subway/reference/video0.rgb,subway:duration_flicker_level1,subway/duration_flicker/level1/video0.rgb,duration_flicker,level1,/mnt/wdblack2tb/all_sequences_new_lossless_raw/subway/duration_flicker/level1/video0.rgb,subway:motion_noise_level2,subway/motion_noise/level2/video0.rgb,motion_noise,level2,/mnt/wdblack2tb/all_sequences_new_lossless_raw/subway/motion_noise/level2/video0.rgb
77,Jorge2,bistro_interior,video0.rgb,/mnt/wdblack2tb/all_sequences_new_lossless_raw/bistro_interior/reference/video0.rgb,bistro_interior:stutter_level2,bistro_interior/stutter/level2/video0.rgb,stutter,level2,/mnt/wdblack2tb/all_sequences_new_lossless_raw/bistro_interior/stutter/level2/video0.rgb,bistro_interior:noise_colors_level1,bistro_interior/noise_colors/level1/video0.rgb,noise_colors,level1,/mnt/wdblack2tb/all_sequences_new_lossless_raw/bistro_interior/noise_colors/level1/video0.rgb
78,Jorge2,attic,video0.rgb,/mnt/wdblack2tb/all_sequences_new_lossless_raw/attic/reference/video0.rgb,attic:noise_colors_level1,attic/noise_colors/level1/video0.rgb,noise_colors,level1,/mnt/wdblack2tb/all_sequences_new_lossless_raw/attic/noise_colors/level1/video0.rgb,attic:motion_resolution_level0,attic/motion_resolution/level0/video0.rgb,motion_resolution,level0,/mnt/wdblack2tb/all_sequences_new_lossless_raw/attic/motion_resolution/level0/video0.rgb
79,Jorge2,bistro_exterior,video0.rgb,/mnt/wdblack2tb/all_sequences_new_lossless_raw/bistro_exterior/reference/video0.rgb,bistro_exterior:judder_level2,bistro_exterior/judder/level2/video0.rgb,judder,level2,/mnt/wdblack2tb/all_sequences_new_lossless_raw/bistro_exterior/judder/level2/video0.rgb,bistro_exterior:judder_level0,bistro_exterior/judder/level0/video0.rgb,judder,level0,/mnt/wdblack2tb/all_sequences_new_lossless_raw/bistro_exterior/judder/level0/video0.rgb
80,Jorge2,zeroday,video0.rgb,/mnt/wdblack2tb/all_sequences_new_lossless_raw/zeroday/reference/video0.rgb,zeroday:stutter_level0,zeroday/stutter/level0/video0.rgb,stutter,level0,/mnt/wdblack2tb/all_sequences_new_lossless_raw/zeroday/stutter/level0/video0.rgb,zeroday:dlss_rr_level0,zeroday/dlss_rr/level0/video0.rgb,dlss_rr,level0,/mnt/wdblack2tb/all_sequences_new_lossless_raw/zeroday/dlss_rr/level0/video0.rgb
81,Jorge2,attic,video0.rgb,/mnt/wdblack2tb/all_sequences_new_lossless_raw/attic/reference/video0.rgb,attic:stutter_level0,attic/stutter/level0/video0.rgb,stutter,level0,/mnt/wdblack2tb/all_sequences_new_lossless_raw/attic/stutter/level0/video0.rgb,attic:duration_flicker_level0,attic/duration_flicker/level0/video0.rgb,duration_flicker,level0,/mnt/wdblack2tb/all_sequences_new_lossless_raw/attic/duration_flicker/level0/video0.rgb
82,Jorge2,bistro_exterior,video0.rgb,/mnt/wdblack2tb/all_sequences_new_lossless_raw/bistro_exterior/reference/video0.rgb,bistro_exterior:temporal-resolution-multiplexing_level1,bistro_exterior/temporal-resolution-multiplexing/level1/video0.rgb,temporal-resolution-multiplexing,level1,/mnt/wdblack2tb/all_sequences_new_lossless_raw/bistro_exterior/temporal-resolution-multiplexing/level1/video0.rgb,bistro_exterior:dlss_rr_level1,bistro_exterior/dlss_rr/level1/video0.rgb,dlss_rr,level1,/mnt/wdblack2tb/all_sequences_new_lossless_raw/bistro_exterior/dlss_rr/level1/video0.rgb
83,Jorge2,subway,video0.rgb,/mnt/wdblack2tb/all_sequences_new_lossless_raw/subway/reference/video0.rgb,subway:dlss_rr_level2,subway/dlss_rr/level2/video0.rgb,dlss_rr,level2,/mnt/wdblack2tb/all_sequences_new_lossless_raw/subway/dlss_rr/level2/video0.rgb,subway:noise_colors_level2,subway/noise_colors/level2/video0.rgb,noise_colors,level2,/mnt/wdblack2tb/all_sequences_new_lossless_raw/subway/noise_colors/level2/video0.rgb
84,Jorge2,marbles,video0.rgb,/mnt/wdblack2tb/all_sequences_new_lossless_raw/marbles/reference/video0.rgb,marbles:judder_level1,marbles/judder/level1/video0.rgb,judder,level1,/mnt/wdblack2tb/all_sequences_new_lossless_raw/marbles/judder/level1/video0.rgb,marbles:stutter_level0,marbles/stutter/level0/video0.rgb,stutter,level0,/mnt/wdblack2tb/all_sequences_new_lossless_raw/marbles/stutter/level0/video0.rgb
85,Jorge2,pink_room,video0.rgb,/mnt/wdblack2tb/all_sequences_new_lossless_raw/pink_room/reference/video0.rgb,pink_room:motion_resolution_level2,pink_room/motion_resolution/level2/video0.rgb,motion_resolution,level2,/mnt/wdblack2tb/all_sequences_new_lossless_raw/pink_room/motion_resolution/level2/video0.rgb,pink_room:restir_level2,pink_room/restir/level2/video0.rgb,restir,level2,/mnt/wdblack2tb/all_sequences_new_lossless_raw/pink_room/restir/level2/video0.rgb
86,Jorge2,attic,video0.rgb,/mnt/wdblack2tb/all_sequences_new_lossless_raw/attic/reference/video0.rgb,attic:duration_flicker_level0,attic/duration_flicker/level0/video0.rgb,duration_flicker,level0,/mnt/wdblack2tb/all_sequences_new_lossless_raw/attic/duration_flicker/level0/video0.rgb,attic:noise_colors_level0,attic/noise_colors/level0/video0.rgb,noise_colors,level0,/mnt/wdblack2tb/all_sequences_new_lossless_raw/attic/noise_colors/level0/video0.rgb
87,Jorge2,bistro_interior,video0.rgb,/mnt/wdblack2tb/all_sequences_new_lossless_raw/bistro_interior/reference/video0.rgb,bistro_interior:duration_flicker_level0,bistro_interior/duration_flicker/level0/video0.rgb,duration_flicker,level0,/mnt/wdblack2tb/all_sequences_new_lossless_raw/bistro_interior/duration_flicker/level0/video0.rgb,bistro_interior:noise_colors_level2,bistro_interior/noise_colors/level2/video0.rgb,noise_colors,level2,/mnt/wdblack2tb/all_sequences_new_lossless_raw/bistro_interior/noise_colors/level2/video0.rgb
88,Jorge2,bistro_interior,video0.rgb,/mnt/wdblack2tb/all_sequences_new_lossless_raw/bistro_interior/reference/video0.rgb,bistro_interior:duration_flicker_level2,bistro_interior/duration_flicker/level2/video0.rgb,duration_flicker,level2,/mnt/wdblack2tb/all_sequences_new_lossless_raw/bistro_interior/duration_flicker/level2/video0.rgb,bistro_interior:duration_flicker_level0,bistro_interior/duration_flicker/level0/video0.rgb,duration_flicker,level0,/mnt/wdblack2tb/all_sequences_new_lossless_raw/bistro_interior/duration_flicker/level0/video0.rgb
89,Jorge2,attic,video0.rgb,/mnt/wdblack2tb/all_sequences_new_lossless_raw/attic/reference/video0.rgb,attic:judder_level1,attic/judder/level1/video0.rgb,judder,level1,/mnt/wdblack2tb/all_sequences_new_lossless_raw/attic/judder/level1/video0.rgb,attic:motion_resolution_level1,attic/motion_resolution/level1/video0.rgb,motion_resolution,level1,/mnt/wdblack2tb/all_sequences_new_lossless_raw/attic/motion_resolution/level1/video0.rgb
90,Jorge2,attic,video0.rgb,/mnt/wdblack2tb/all_sequences_new_lossless_raw/attic/reference/video0.rgb,attic:motion_resolution_level0,attic/motion_resolution/level0/video0.rgb,motion_resolution,level0,/mnt/wdblack2tb/all_sequences_new_lossless_raw/attic/motion_resolution/level0/video0.rgb,attic:stutter_level1,attic/stutter/level1/video0.rgb,stutter,level1,/mnt/wdblack2tb/all_sequences_new_lossless_raw/attic/stutter/level1/video0.rgb
91,Jorge2,bistro_interior,video0.rgb,/mnt/wdblack2tb/all_sequences_new_lossless_raw/bistro_interior/reference/video0.rgb,bistro_interior:duration_flicker_level1,bistro_interior/duration_flicker/level1/video0.rgb,duration_flicker,level1,/mnt/wdblack2tb/all_sequences_new_lossless_raw/bistro_interior/duration_flicker/level1/video0.rgb,bistro_interior:duration_flicker_level0,bistro_interior/duration_flicker/level0/video0.rgb,duration_flicker,level0,/mnt/wdblack2tb/all_sequences_new_lossless_raw/bistro_interior/duration_flicker/level0/video0.rgb
92,Jorge2,bistro_exterior,video0.rgb,/mnt/wdblack2tb/all_sequences_new_lossless_raw/bistro_exterior/reference/video0.rgb,bistro_exterior:noise_colors_level2,bistro_exterior/noise_colors/level2/video0.rgb,noise_colors,level2,/mnt/wdblack2tb/all_sequences_new_lossless_raw/bistro_exterior/noise_colors/level2/video0.rgb,bistro_exterior:motion_resolution_level0,bistro_exterior/motion_resolution/level0/video0.rgb,motion_resolution,level0,/mnt/wdblack2tb/all_sequences_new_lossless_raw/bistro_exterior/motion_resolution/level0/video0.rgb
93,Jorge2,attic,video0.rgb,/mnt/wdblack2tb/all_sequences_new_lossless_raw/attic/reference/video0.rgb,attic:restir_level2,attic/restir/level2/video0.rgb,restir,level2,/mnt/wdblack2tb/all_sequences_new_lossless_raw/attic/restir/level2/video0.rgb,attic:stutter_level2,attic/stutter/level2/video0.rgb,stutter,level2,/mnt/wdblack2tb/all_sequences_new_lossless_raw/attic/stutter/level2/video0.rgb
94,Jorge2,bistro_interior,video0.rgb,/mnt/wdblack2tb/all_sequences_new_lossless_raw/bistro_interior/reference/video0.rgb,bistro_interior:noise_colors_level1,bistro_interior/noise_colors/level1/video0.rgb,noise_colors,level1,/mnt/wdblack2tb/all_sequences_new_lossless_raw/bistro_interior/noise_colors/level1/video0.rgb,bistro_interior:judder_level2,bistro_interior/judder/level2/video0.rgb,judder,level2,/mnt/wdblack2tb/all_sequences_new_lossless_raw/bistro_interior/judder/level2/video0.rgb
95,Jorge2,landscape,video0.rgb,/mnt/wdblack2tb/all_sequences_new_lossless_raw/landscape/reference/video0.rgb,landscape:temporal-resolution-multiplexing_level2,landscape/temporal-resolution-multiplexing/level2/video0.rgb,temporal-resolution-multiplexing,level2,/mnt/wdblack2tb/all_sequences_new_lossless_raw/landscape/temporal-resolution-multiplexing/level2/video0.rgb,landscape:duration_flicker_level0,landscape/duration_flicker/level0/video0.rgb,duration_flicker,level0,/mnt/wdblack2tb/all_sequences_new_lossless_raw/landscape/duration_flicker/level0/video0.rgb
96,Jorge2,attic,video0.rgb,/mnt/wdblack2tb/all_sequences_new_lossless_raw/attic/reference/video0.rgb,attic:motion_resolution_level1,attic/motion_resolution/level1/video0.rgb,motion_resolution,level1,/mnt/wdblack2tb/all_sequences_new_lossless_raw/attic/motion_resolution/level1/video0.rgb,attic:noise_colors_level0,attic/noise_colors/level0/video0.rgb,noise_colors,level0,/mnt/wdblack2tb/all_sequences_new_lossless_raw/attic/noise_colors/level0/video0.rgb
97,Jorge2,subway,video0.rgb,/mnt/wdblack2tb/all_sequences_new_lossless_raw/subway/reference/video0.rgb,subway:motion_resolution_level1,subway/motion_resolution/level1/video0.rgb,motion_resolution,level1,/mnt/wdblack2tb/all_sequences_new_lossless_raw/subway/motion_resolution/level1/video0.rgb,subway:noise_colors_level2,subway/noise_colors/level2/video0.rgb,noise_colors,level2,/mnt/wdblack2tb/all_sequences_new_lossless_raw/subway/noise_colors/level2/video0.rgb
98,Jorge2,subway,video0.rgb,/mnt/wdblack2tb/all_sequences_new_lossless_raw/subway/reference/video0.rgb,subway:motion_noise_level0,subway/motion_noise/level0/video0.rgb,motion_noise,level0,/mnt/wdblack2tb/all_sequences_new_lossless_raw/subway/motion_noise/level0/video0.rgb,subway:restir_level1,subway/restir/level1/video0.rgb,restir,level1,/mnt/wdblack2tb/all_sequences_new_lossless_raw/subway/restir/level1/video0.rgb
99,Jorge2,bistro_interior,video0.rgb,/mnt/wdblack2tb/all_sequences_new_lossless_raw/bistro_interior/reference/video0.rgb,bistro_interior:motion_noise_level0,bistro_interior/motion_noise/level0/video0.rgb,motion_noise,level0,/mnt/wdblack2tb/all_sequences_new_lossless_raw/bistro_interior/motion_noise/level0/video0.rgb,bistro_interior:judder_level0,bistro_interior/judder/level0/video0.rgb,judder,level0,/mnt/wdblack2tb/all_sequences_new_lossless_raw/bistro_interior/judder/level0/video0.rgb
100,Jorge2,attic,video0.rgb,/mnt/wdblack2tb/all_sequences_new_lossless_raw/attic/reference/video0.rgb,attic:temporal-resolution-multiplexing_level0,attic/temporal-resolution-multiplexing/level0/video0.rgb,temporal-resolution-multiplexing,level0,/mnt/wdblack2tb/all_sequences_new_lossless_raw/attic/temporal-resolution-multiplexing/level0/video0.rgb,attic:motion_resolution_level1,attic/motion_resolution/level1/video0.rgb,motion_resolution,level1,/mnt/wdblack2tb/all_sequences_new_lossless_raw/attic/motion_resolution/level1/video0.rgb
101,Jorge2,pink_room,video0.rgb,/mnt/wdblack2tb/all_sequences_new_lossless_raw/pink_room/reference/video0.rgb,pink_room:dlss_rr_level1,pink_room/dlss_rr/level1/video0.rgb,dlss_rr,level1,/mnt/wdblack2tb/all_sequences_new_lossless_raw/pink_room/dlss_rr/level1/video0.rgb,pink_room:duration_flicker_level0,pink_room/duration_flicker/level0/video0.rgb,duration_flicker,level0,/mnt/wdblack2tb/all_sequences_new_lossless_raw/pink_room/duration_flicker/level0/video0.rgb
102,Jorge2,attic,video0.rgb,/mnt/wdblack2tb/all_sequences_new_lossless_raw/attic/reference/video0.rgb,attic:stutter_level1,attic/stutter/level1/video0.rgb,stutter,level1,/mnt/wdblack2tb/all_sequences_new_lossless_raw/attic/stutter/level1/video0.rgb,attic:temporal-resolution-multiplexing_level2,attic/temporal-resolution-multiplexing/level2/video0.rgb,temporal-resolution-multiplexing,level2,/mnt/wdblack2tb/all_sequences_new_lossless_raw/attic/temporal-resolution-multiplexing/level2/video0.rgb
103,Jorge2,classroom,video0.rgb,/mnt/wdblack2tb/all_sequences_new_lossless_raw/classroom/reference/video0.rgb,classroom:dlss_rr_level1,classroom/dlss_rr/level1/video0.rgb,dlss_rr,level1,/mnt/wdblack2tb/all_sequences_new_lossless_raw/classroom/dlss_rr/level1/video0.rgb,classroom:noise_colors_level1,classroom/noise_colors/level1/video0.rgb,noise_colors,level1,/mnt/wdblack2tb/all_sequences_new_lossless_raw/classroom/noise_colors/level1/video0.rgb
104,Jorge2,attic,video0.rgb,/mnt/wdblack2tb/all_sequences_new_lossless_raw/attic/reference/video0.rgb,attic:dlss_rr_level0,attic/dlss_rr/level0/video0.rgb,dlss_rr,level0,/mnt/wdblack2tb/all_sequences_new_lossless_raw/attic/dlss_rr/level0/video0.rgb,attic:motion_resolution_level0,attic/motion_resolution/level0/video0.rgb,motion_resolution,level0,/mnt/wdblack2tb/all_sequences_new_lossless_raw/attic/motion_resolution/level0/video0.rgb
105,Jorge2,marbles,video0.rgb,/mnt/wdblack2tb/all_sequences_new_lossless_raw/marbles/reference/video0.rgb,marbles:temporal-resolution-multiplexing_level0,marbles/temporal-resolution-multiplexing/level0/video0.rgb,temporal-resolution-multiplexing,level0,/mnt/wdblack2tb/all_sequences_new_lossless_raw/marbles/temporal-resolution-multiplexing/level0/video0.rgb,marbles:temporal-resolution-multiplexing_level2,marbles/temporal-resolution-multiplexing/level2/video0.rgb,temporal-resolution-multiplexing,level2,/mnt/wdblack2tb/all_sequences_new_lossless_raw/marbles/temporal-resolution-multiplexing/level2/video0.rgb
106,Jorge2,subway,video0.rgb,/mnt/wdblack2tb/all_sequences_new_lossless_raw/subway/reference/video0.rgb,subway:restir_level1,subway/restir/level1/video0.rgb,restir,level1,/mnt/wdblack2tb/all_sequences_new_lossless_raw/subway/restir/level1/video0.rgb,subway:temporal-resolution-multiplexing_level0,subway/temporal-resolution-multiplexing/level0/video0.rgb,temporal-resolution-multiplexing,level0,/mnt/wdblack2tb/all_sequences_new_lossless_raw/subway/temporal-resolution-multiplexing/level0/video0.rgb
107,Jorge2,bistro_exterior,video0.rgb,/mnt/wdblack2tb/all_sequences_new_lossless_raw/bistro_exterior/reference/video0.rgb,bistro_exterior:motion_resolution_level1,bistro_exterior/motion_resolution/level1/video0.rgb,motion_resolution,level1,/mnt/wdblack2tb/all_sequences_new_lossless_raw/bistro_exterior/motion_resolution/level1/video0.rgb,bistro_exterior:stutter_level2,bistro_exterior/stutter/level2/video0.rgb,stutter,level2,/mnt/wdblack2tb/all_sequences_new_lossless_raw/bistro_exterior/stutter/level2/video0.rgb
108,Jorge2,attic,video0.rgb,/mnt/wdblack2tb/all_sequences_new_lossless_raw/attic/reference/video0.rgb,attic:motion_noise_level0,attic/motion_noise/level0/video0.rgb,motion_noise,level0,/mnt/wdblack2tb/all_sequences_new_lossless_raw/attic/motion_noise/level0/video0.rgb,attic:motion_resolution_level0,attic/motion_resolution/level0/video0.rgb,motion_resolution,level0,/mnt/wdblack2tb/all_sequences_new_lossless_raw/attic/motion_resolution/level0/video0.rgb
109,Jorge2,marbles,video0.rgb,/mnt/wdblack2tb/all_sequences_new_lossless_raw/marbles/reference/video0.rgb,marbles:motion_noise_level2,marbles/motion_noise/level2/video0.rgb,motion_noise,level2,/mnt/wdblack2tb/all_sequences_new_lossless_raw/marbles/motion_noise/level2/video0.rgb,marbles:temporal-resolution-multiplexing_level0,marbles/temporal-resolution-multiplexing/level0/video0.rgb,temporal-resolution-multiplexing,level0,/mnt/wdblack2tb/all_sequences_new_lossless_raw/marbles/temporal-resolution-multiplexing/level0/video0.rgb
110,Jorge2,landscape,video0.rgb,/mnt/wdblack2tb/all_sequences_new_lossless_raw/landscape/reference/video0.rgb,landscape:motion_noise_level0,landscape/motion_noise/level0/video0.rgb,motion_noise,level0,/mnt/wdblack2tb/all_sequences_new_lossless_raw/landscape/motion_noise/level0/video0.rgb,landscape:noise_colors_level1,landscape/noise_colors/level1/video0.rgb,noise_colors,level1,/mnt/wdblack2tb/all_sequences_new_lossless_raw/landscape/noise_colors/level1/video0.rgb
111,Jorge2,classroom,video0.rgb,/mnt/wdblack2tb/all_sequences_new_lossless_raw/classroom/reference/video0.rgb,classroom:temporal-resolution-multiplexing_level2,classroom/temporal-resolution-multiplexing/level2/video0.rgb,temporal-resolution-multiplexing,level2,/mnt/wdblack2tb/all_sequences_new_lossless_raw/classroom/temporal-resolution-multiplexing/level2/video0.rgb,classroom:motion_resolution_level0,classroom/motion_resolution/level0/video0.rgb,motion_resolution,level0,/mnt/wdblack2tb/all_sequences_new_lossless_raw/classroom/motion_resolution/level0/video0.rgb
112,Jorge2,attic,video0.rgb,/mnt/wdblack2tb/all_sequences_new_lossless_raw/attic/reference/video0.rgb,attic:motion_noise_level2,attic/motion_noise/level2/video0.rgb,motion_noise,level2,/mnt/wdblack2tb/all_sequences_new_lossless_raw/attic/motion_noise/level2/video0.rgb,attic:noise_colors_level0,attic/noise_colors/level0/video0.rgb,noise_colors,level0,/mnt/wdblack2tb/all_sequences_new_lossless_raw/attic/noise_colors/level0/video0.rgb
113,Jorge2,zeroday,video0.rgb,/mnt/wdblack2tb/all_sequences_new_lossless_raw/zeroday/reference/video0.rgb,zeroday:temporal-resolution-multiplexing_level2,zeroday/temporal-resolution-multiplexing/level2/video0.rgb,temporal-resolution-multiplexing,level2,/mnt/wdblack2tb/all_sequences_new_lossless_raw/zeroday/temporal-resolution-multiplexing/level2/video0.rgb,zeroday:restir_level0,zeroday/restir/level0/video0.rgb,restir,level0,/mnt/wdblack2tb/all_sequences_new_lossless_raw/zeroday/restir/level0/video0.rgb
114,Jorge2,bistro_interior,video0.rgb,/mnt/wdblack2tb/all_sequences_new_lossless_raw/bistro_interior/reference/video0.rgb,bistro_interior:motion_resolution_level0,bistro_interior/motion_resolution/level0/video0.rgb,motion_resolution,level0,/mnt/wdblack2tb/all_sequences_new_lossless_raw/bistro_interior/motion_resolution/level0/video0.rgb,bistro_interior:restir_level0,bistro_interior/restir/level0/video0.rgb,restir,level0,/mnt/wdblack2tb/all_sequences_new_lossless_raw/bistro_interior/restir/level0/video0.rgb
115,Jorge2,marbles,video0.rgb,/mnt/wdblack2tb/all_sequences_new_lossless_raw/marbles/reference/video0.rgb,marbles:noise_colors_level2,marbles/noise_colors/level2/video0.rgb,noise_colors,level2,/mnt/wdblack2tb/all_sequences_new_lossless_raw/marbles/noise_colors/level2/video0.rgb,marbles:motion_resolution_level1,marbles/motion_resolution/level1/video0.rgb,motion_resolution,level1,/mnt/wdblack2tb/all_sequences_new_lossless_raw/marbles/motion_resolution/level1/video0.rgb
116,Jorge2,marbles,video0.rgb,/mnt/wdblack2tb/all_sequences_new_lossless_raw/marbles/reference/video0.rgb,marbles:motion_noise_level2,marbles/motion_noise/level2/video0.rgb,motion_noise,level2,/mnt/wdblack2tb/all_sequences_new_lossless_raw/marbles/motion_noise/level2/video0.rgb,marbles:restir_level1,marbles/restir/level1/video0.rgb,restir,level1,/mnt/wdblack2tb/all_sequences_new_lossless_raw/marbles/restir/level1/video0.rgb
117,Jorge2,landscape,video0.rgb,/mnt/wdblack2tb/all_sequences_new_lossless_raw/landscape/reference/video0.rgb,landscape:restir_level1,landscape/restir/level1/video0.rgb,restir,level1,/mnt/wdblack2tb/all_sequences_new_lossless_raw/landscape/restir/level1/video0.rgb,landscape:temporal-resolution-multiplexing_level1,landscape/temporal-resolution-multiplexing/level1/video0.rgb,temporal-resolution-multiplexing,level1,/mnt/wdblack2tb/all_sequences_new_lossless_raw/landscape/temporal-resolution-multiplexing/level1/video0.rgb
118,Jorge2,marbles,video0.rgb,/mnt/wdblack2tb/all_sequences_new_lossless_raw/marbles/reference/video0.rgb,marbles:noise_colors_level1,marbles/noise_colors/level1/video0.rgb,noise_colors,level1,/mnt/wdblack2tb/all_sequences_new_lossless_raw/marbles/noise_colors/level1/video0.rgb,marbles:duration_flicker_level2,marbles/duration_flicker/level2/video0.rgb,duration_flicker,level2,/mnt/wdblack2tb/all_sequences_new_lossless_raw/marbles/duration_flicker/level2/video0.rgb
119,Jorge2,classroom,video0.rgb,/mnt/wdblack2tb/all_sequences_new_lossless_raw/classroom/reference/video0.rgb,classroom:duration_flicker_level2,classroom/duration_flicker/level2/video0.rgb,duration_flicker,level2,/mnt/wdblack2tb/all_sequences_new_lossless_raw/classroom/duration_flicker/level2/video0.rgb,classroom:motion_resolution_level1,classroom/motion_resolution/level1/video0.rgb,motion_resolution,level1,/mnt/wdblack2tb/all_sequences_new_lossless_raw/classroom/motion_resolution/level1/video0.rgb
120,Jorge2,classroom,video0.rgb,/mnt/wdblack2tb/all_sequences_new_lossless_raw/classroom/reference/video0.rgb,classroom:motion_resolution_level2,classroom/motion_resolution/level2/video0.rgb,motion_resolution,level2,/mnt/wdblack2tb/all_sequences_new_lossless_raw/classroom/motion_resolution/level2/video0.rgb,classroom:motion_resolution_level0,classroom/motion_resolution/level0/video0.rgb,motion_resolution,level0,/mnt/wdblack2tb/all_sequences_new_lossless_raw/classroom/motion_resolution/level0/video0.rgb
121,Jorge2,bistro_exterior,video0.rgb,/mnt/wdblack2tb/all_sequences_new_lossless_raw/bistro_exterior/reference/video0.rgb,bistro_exterior:noise_colors_level0,bistro_exterior/noise_colors/level0/video0.rgb,noise_colors,level0,/mnt/wdblack2tb/all_sequences_new_lossless_raw/bistro_exterior/noise_colors/level0/video0.rgb,bistro_exterior:dlss_rr_level1,bistro_exterior/dlss_rr/level1/video0.rgb,dlss_rr,level1,/mnt/wdblack2tb/all_sequences_new_lossless_raw/bistro_exterior/dlss_rr/level1/video0.rgb
122,Jorge2,attic,video0.rgb,/mnt/wdblack2tb/all_sequences_new_lossless_raw/attic/reference/video0.rgb,attic:stutter_level1,attic/stutter/level1/video0.rgb,stutter,level1,/mnt/wdblack2tb/all_sequences_new_lossless_raw/attic/stutter/level1/video0.rgb,attic:restir_level0,attic/restir/level0/video0.rgb,restir,level0,/mnt/wdblack2tb/all_sequences_new_lossless_raw/attic/restir/level0/video0.rgb
123,Jorge2,marbles,video0.rgb,/mnt/wdblack2tb/all_sequences_new_lossless_raw/marbles/reference/video0.rgb,marbles:motion_resolution_level0,marbles/motion_resolution/level0/video0.rgb,motion_resolution,level0,/mnt/wdblack2tb/all_sequences_new_lossless_raw/marbles/motion_resolution/level0/video0.rgb,marbles:motion_resolution_level1,marbles/motion_resolution/level1/video0.rgb,motion_resolution,level1,/mnt/wdblack2tb/all_sequences_new_lossless_raw/marbles/motion_resolution/level1/video0.rgb
124,Jorge2,bistro_exterior,video0.rgb,/mnt/wdblack2tb/all_sequences_new_lossless_raw/bistro_exterior/reference/video0.rgb,bistro_exterior:restir_level0,bistro_exterior/restir/level0/video0.rgb,restir,level0,/mnt/wdblack2tb/all_sequences_new_lossless_raw/bistro_exterior/restir/level0/video0.rgb,bistro_exterior:stutter_level0,bistro_exterior/stutter/level0/video0.rgb,stutter,level0,/mnt/wdblack2tb/all_sequences_new_lossless_raw/bistro_exterior/stutter/level0/video0.rgb
125,Jorge2,attic,video0.rgb,/mnt/wdblack2tb/all_sequences_new_lossless_raw/attic/reference/video0.rgb,attic:stutter_level1,attic/stutter/level1/video0.rgb,stutter,level1,/mnt/wdblack2tb/all_sequences_new_lossless_raw/attic/stutter/level1/video0.rgb,attic:noise_colors_level2,attic/noise_colors/level2/video0.rgb,noise_colors,level2,/mnt/wdblack2tb/all_sequences_new_lossless_raw/attic/noise_colors/level2/video0.rgb
126,Jorge2,pink_room,video0.rgb,/mnt/wdblack2tb/all_sequences_new_lossless_raw/pink_room/reference/video0.rgb,pink_room:motion_resolution_level0,pink_room/motion_resolution/level0/video0.rgb,motion_resolution,level0,/mnt/wdblack2tb/all_sequences_new_lossless_raw/pink_room/motion_resolution/level0/video0.rgb,pink_room:noise_colors_level1,pink_room/noise_colors/level1/video0.rgb,noise_colors,level1,/mnt/wdblack2tb/all_sequences_new_lossless_raw/pink_room/noise_colors/level1/video0.rgb
127,Jorge2,marbles,video0.rgb,/mnt/wdblack2tb/all_sequences_new_lossless_raw/marbles/reference/video0.rgb,marbles:temporal-resolution-multiplexing_level0,marbles/temporal-resolution-multiplexing/level0/video0.rgb,temporal-resolution-multiplexing,level0,/mnt/wdblack2tb/all_sequences_new_lossless_raw/marbles/temporal-resolution-multiplexing/level0/video0.rgb,marbles:motion_resolution_level1,marbles/motion_resolution/level1/video0.rgb,motion_resolution,level1,/mnt/wdblack2tb/all_sequences_new_lossless_raw/marbles/motion_resolution/level1/video0.rgb
128,Jorge2,attic,video0.rgb,/mnt/wdblack2tb/all_sequences_new_lossless_raw/attic/reference/video0.rgb,attic:temporal-resolution-multiplexing_level1,attic/temporal-resolution-multiplexing/level1/video0.rgb,temporal-resolution-multiplexing,level1,/mnt/wdblack2tb/all_sequences_new_lossless_raw/attic/temporal-resolution-multiplexing/level1/video0.rgb,attic:motion_resolution_level1,attic/motion_resolution/level1/video0.rgb,motion_resolution,level1,/mnt/wdblack2tb/all_sequences_new_lossless_raw/attic/motion_resolution/level1/video0.rgb
129,Jorge2,bistro_exterior,video0.rgb,/mnt/wdblack2tb/all_sequences_new_lossless_raw/bistro_exterior/reference/video0.rgb,bistro_exterior:motion_noise_level1,bistro_exterior/motion_noise/level1/video0.rgb,motion_noise,level1,/mnt/wdblack2tb/all_sequences_new_lossless_raw/bistro_exterior/motion_noise/level1/video0.rgb,bistro_exterior:stutter_level0,bistro_exterior/stutter/level0/video0.rgb,stutter,level0,/mnt/wdblack2tb/all_sequences_new_lossless_raw/bistro_exterior/stutter/level0/video0.rgb
130,Jorge2,marbles,video0.rgb,/mnt/wdblack2tb/all_sequences_new_lossless_raw/marbles/reference/video0.rgb,marbles:dlss_rr_level0,marbles/dlss_rr/level0/video0.rgb,dlss_rr,level0,/mnt/wdblack2tb/all_sequences_new_lossless_raw/marbles/dlss_rr/level0/video0.rgb,marbles:judder_level1,marbles/judder/level1/video0.rgb,judder,level1,/mnt/wdblack2tb/all_sequences_new_lossless_raw/marbles/judder/level1/video0.rgb
131,Jorge2,bistro_interior,video0.rgb,/mnt/wdblack2tb/all_sequences_new_lossless_raw/bistro_interior/reference/video0.rgb,bistro_interior:judder_level1,bistro_interior/judder/level1/video0.rgb,judder,level1,/mnt/wdblack2tb/all_sequences_new_lossless_raw/bistro_interior/judder/level1/video0.rgb,bistro_interior:temporal-resolution-multiplexing_level2,bistro_interior/temporal-resolution-multiplexing/level2/video0.rgb,temporal-resolution-multiplexing,level2,/mnt/wdblack2tb/all_sequences_new_lossless_raw/bistro_interior/temporal-resolution-multiplexing/level2/video0.rgb
132,Jorge2,bistro_exterior,video0.rgb,/mnt/wdblack2tb/all_sequences_new_lossless_raw/bistro_exterior/reference/video0.rgb,bistro_exterior:temporal-resolution-multiplexing_level2,bistro_exterior/temporal-resolution-multiplexing/level2/video0.rgb,temporal-resolution-multiplexing,level2,/mnt/wdblack2tb/all_sequences_new_lossless_raw/bistro_exterior/temporal-resolution-multiplexing/level2/video0.rgb,bistro_exterior:motion_resolution_level1,bistro_exterior/motion_resolution/level1/video0.rgb,motion_resolution,level1,/mnt/wdblack2tb/all_sequences_new_lossless_raw/bistro_exterior/motion_resolution/level1/video0.rgb
133,Jorge2,landscape,video0.rgb,/mnt/wdblack2tb/all_sequences_new_lossless_raw/landscape/reference/video0.rgb,landscape:duration_flicker_level1,landscape/duration_flicker/level1/video0.rgb,duration_flicker,level1,/mnt/wdblack2tb/all_sequences_new_lossless_raw/landscape/duration_flicker/level1/video0.rgb,landscape:temporal-resolution-multiplexing_level1,landscape/temporal-resolution-multiplexing/level1/video0.rgb,temporal-resolution-multiplexing,level1,/mnt/wdblack2tb/all_sequences_new_lossless_raw/landscape/temporal-resolution-multiplexing/level1/video0.rgb
134,Jorge2,classroom,video0.rgb,/mnt/wdblack2tb/all_sequences_new_lossless_raw/classroom/reference/video0.rgb,classroom:motion_noise_level2,classroom/motion_noise/level2/video0.rgb,motion_noise,level2,/mnt/wdblack2tb/all_sequences_new_lossless_raw/classroom/motion_noise/level2/video0.rgb,classroom:dlss_rr_level2,classroom/dlss_rr/level2/video0.rgb,dlss_rr,level2,/mnt/wdblack2tb/all_sequences_new_lossless_raw/classroom/dlss_rr/level2/video0.rgb
135,Jorge2,marbles,video0.rgb,/mnt/wdblack2tb/all_sequences_new_lossless_raw/marbles/reference/video0.rgb,marbles:duration_flicker_level2,marbles/duration_flicker/level2/video0.rgb,duration_flicker,level2,/mnt/wdblack2tb/all_sequences_new_lossless_raw/marbles/duration_flicker/level2/video0.rgb,marbles:stutter_level2,marbles/stutter/level2/video0.rgb,stutter,level2,/mnt/wdblack2tb/all_sequences_new_lossless_raw/marbles/stutter/level2/video0.rgb
136,Jorge2,zeroday,video0.rgb,/mnt/wdblack2tb/all_sequences_new_lossless_raw/zeroday/reference/video0.rgb,zeroday:motion_resolution_level1,zeroday/motion_resolution/level1/video0.rgb,motion_resolution,level1,/mnt/wdblack2tb/all_sequences_new_lossless_raw/zeroday/motion_resolution/level1/video0.rgb,zeroday:motion_resolution_level0,zeroday/motion_resolution/level0/video0.rgb,motion_resolution,level0,/mnt/wdblack2tb/all_sequences_new_lossless_raw/zeroday/motion_resolution/level0/video0.rgb
137,Jorge2,marbles,video0.rgb,/mnt/wdblack2tb/all_sequences_new_lossless_raw/marbles/reference/video0.rgb,marbles:restir_level0,marbles/restir/level0/video0.rgb,restir,level0,/mnt/wdblack2tb/all_sequences_new_lossless_raw/marbles/restir/level0/video0.rgb,marbles:motion_noise_level2,marbles/motion_noise/level2/video0.rgb,motion_noise,level2,/mnt/wdblack2tb/all_sequences_new_lossless_raw/marbles/motion_noise/level2/video0.rgb
138,Jorge2,bistro_exterior,video0.rgb,/mnt/wdblack2tb/all_sequences_new_lossless_raw/bistro_exterior/reference/video0.rgb,bistro_exterior:duration_flicker_level2,bistro_exterior/duration_flicker/level2/video0.rgb,duration_flicker,level2,/mnt/wdblack2tb/all_sequences_new_lossless_raw/bistro_exterior/duration_flicker/level2/video0.rgb,bistro_exterior:stutter_level0,bistro_exterior/stutter/level0/video0.rgb,stutter,level0,/mnt/wdblack2tb/all_sequences_new_lossless_raw/bistro_exterior/stutter/level0/video0.rgb
139,Jorge2,subway,video0.rgb,/mnt/wdblack2tb/all_sequences_new_lossless_raw/subway/reference/video0.rgb,subway:judder_level2,subway/judder/level2/video0.rgb,judder,level2,/mnt/wdblack2tb/all_sequences_new_lossless_raw/subway/judder/level2/video0.rgb,subway:noise_colors_level2,subway/noise_colors/level2/video0.rgb,noise_colors,level2,/mnt/wdblack2tb/all_sequences_new_lossless_raw/subway/noise_colors/level2/video0.rgb
140,Jorge2,subway,video0.rgb,/mnt/wdblack2tb/all_sequences_new_lossless_raw/subway/reference/video0.rgb,subway:restir_level0,subway/restir/level0/video0.rgb,restir,level0,/mnt/wdblack2tb/all_sequences_new_lossless_raw/subway/restir/level0/video0.rgb,subway:dlss_rr_level2,subway/dlss_rr/level2/video0.rgb,dlss_rr,level2,/mnt/wdblack2tb/all_sequences_new_lossless_raw/subway/dlss_rr/level2/video0.rgb
141,Jorge2,zeroday,video0.rgb,/mnt/wdblack2tb/all_sequences_new_lossless_raw/zeroday/reference/video0.rgb,zeroday:dlss_rr_level1,zeroday/dlss_rr/level1/video0.rgb,dlss_rr,level1,/mnt/wdblack2tb/all_sequences_new_lossless_raw/zeroday/dlss_rr/level1/video0.rgb,zeroday:motion_noise_level2,zeroday/motion_noise/level2/video0.rgb,motion_noise,level2,/mnt/wdblack2tb/all_sequences_new_lossless_raw/zeroday/motion_noise/level2/video0.rgb
142,Jorge2,classroom,video0.rgb,/mnt/wdblack2tb/all_sequences_new_lossless_raw/classroom/reference/video0.rgb,classroom:stutter_level1,classroom/stutter/level1/video0.rgb,stutter,level1,/mnt/wdblack2tb/all_sequences_new_lossless_raw/classroom/stutter/level1/video0.rgb,classroom:temporal-resolution-multiplexing_level0,classroom/temporal-resolution-multiplexing/level0/video0.rgb,temporal-resolution-multiplexing,level0,/mnt/wdblack2tb/all_sequences_new_lossless_raw/classroom/temporal-resolution-multiplexing/level0/video0.rgb
143,Jorge2,marbles,video0.rgb,/mnt/wdblack2tb/all_sequences_new_lossless_raw/marbles/reference/video0.rgb,marbles:motion_noise_level1,marbles/motion_noise/level1/video0.rgb,motion_noise,level1,/mnt/wdblack2tb/all_sequences_new_lossless_raw/marbles/motion_noise/level1/video0.rgb,marbles:judder_level1,marbles/judder/level1/video0.rgb,judder,level1,/mnt/wdblack2tb/all_sequences_new_lossless_raw/marbles/judder/level1/video0.rgb
144,Jorge2,attic,video0.rgb,/mnt/wdblack2tb/all_sequences_new_lossless_raw/attic/reference/video0.rgb,attic:judder_level0,attic/judder/level0/video0.rgb,judder,level0,/mnt/wdblack2tb/all_sequences_new_lossless_raw/attic/judder/level0/video0.rgb,attic:duration_flicker_level0,attic/duration_flicker/level0/video0.rgb,duration_flicker,level0,/mnt/wdblack2tb/all_sequences_new_lossless_raw/attic/duration_flicker/level0/video0.rgb
145,Jorge2,marbles,video0.rgb,/mnt/wdblack2tb/all_sequences_new_lossless_raw/marbles/reference/video0.rgb,marbles:judder_level0,marbles/judder/level0/video0.rgb,judder,level0,/mnt/wdblack2tb/all_sequences_new_lossless_raw/marbles/judder/level0/video0.rgb,marbles:judder_level1,marbles/judder/level1/video0.rgb,judder,level1,/mnt/wdblack2tb/all_sequences_new_lossless_raw/marbles/judder/level1/video0.rgb
146,Jorge2,landscape,video0.rgb,/mnt/wdblack2tb/all_sequences_new_lossless_raw/landscape/reference/video0.rgb,landscape:stutter_level2,landscape/stutter/level2/video0.rgb,stutter,level2,/mnt/wdblack2tb/all_sequences_new_lossless_raw/landscape/stutter/level2/video0.rgb,landscape:noise_colors_level2,landscape/noise_colors/level2/video0.rgb,noise_colors,level2,/mnt/wdblack2tb/all_sequences_new_lossless_raw/landscape/noise_colors/level2/video0.rgb
147,Jorge2,pink_room,video0.rgb,/mnt/wdblack2tb/all_sequences_new_lossless_raw/pink_room/reference/video0.rgb,pink_room:motion_noise_level2,pink_room/motion_noise/level2/video0.rgb,motion_noise,level2,/mnt/wdblack2tb/all_sequences_new_lossless_raw/pink_room/motion_noise/level2/video0.rgb,pink_room:duration_flicker_level2,pink_room/duration_flicker/level2/video0.rgb,duration_flicker,level2,/mnt/wdblack2tb/all_sequences_new_lossless_raw/pink_room/duration_flicker/level2/video0.rgb
148,Jorge2,subway,video0.rgb,/mnt/wdblack2tb/all_sequences_new_lossless_raw/subway/reference/video0.rgb,subway:restir_level1,subway/restir/level1/video0.rgb,restir,level1,/mnt/wdblack2tb/all_sequences_new_lossless_raw/subway/restir/level1/video0.rgb,subway:noise_colors_level0,subway/noise_colors/level0/video0.rgb,noise_colors,level0,/mnt/wdblack2tb/all_sequences_new_lossless_raw/subway/noise_colors/level0/video0.rgb
149,Jorge2,zeroday,video0.rgb,/mnt/wdblack2tb/all_sequences_new_lossless_raw/zeroday/reference/video0.rgb,zeroday:motion_resolution_level1,zeroday/motion_resolution/level1/video0.rgb,motion_resolution,level1,/mnt/wdblack2tb/all_sequences_new_lossless_raw/zeroday/motion_resolution/level1/video0.rgb,zeroday:duration_flicker_level0,zeroday/duration_flicker/level0/video0.rgb,duration_flicker,level0,/mnt/wdblack2tb/all_sequences_new_lossless_raw/zeroday/duration_flicker/level0/video0.rgb
150,Jorge2,bistro_interior,video0.rgb,/mnt/wdblack2tb/all_sequences_new_lossless_raw/bistro_interior/reference/video0.rgb,bistro_interior:judder_level1,bistro_interior/judder/level1/video0.rgb,judder,level1,/mnt/wdblack2tb/all_sequences_new_lossless_raw/bistro_interior/judder/level1/video0.rgb,bistro_interior:motion_resolution_level1,bistro_interior/motion_resolution/level1/video0.rgb,motion_resolution,level1,/mnt/wdblack2tb/all_sequences_new_lossless_raw/bistro_interior/motion_resolution/level1/video0.rgb
151,Jorge2,landscape,video0.rgb,/mnt/wdblack2tb/all_sequences_new_lossless_raw/landscape/reference/video0.rgb,landscape:dlss_rr_level0,landscape/dlss_rr/level0/video0.rgb,dlss_rr,level0,/mnt/wdblack2tb/all_sequences_new_lossless_raw/landscape/dlss_rr/level0/video0.rgb,landscape:stutter_level2,landscape/stutter/level2/video0.rgb,stutter,level2,/mnt/wdblack2tb/all_sequences_new_lossless_raw/landscape/stutter/level2/video0.rgb
152,Jorge2,bistro_exterior,video0.rgb,/mnt/wdblack2tb/all_sequences_new_lossless_raw/bistro_exterior/reference/video0.rgb,bistro_exterior:dlss_rr_level1,bistro_exterior/dlss_rr/level1/video0.rgb,dlss_rr,level1,/mnt/wdblack2tb/all_sequences_new_lossless_raw/bistro_exterior/dlss_rr/level1/video0.rgb,bistro_exterior:stutter_level0,bistro_exterior/stutter/level0/video0.rgb,stutter,level0,/mnt/wdblack2tb/all_sequences_new_lossless_raw/bistro_exterior/stutter/level0/video0.rgb
153,Jorge2,zeroday,video0.rgb,/mnt/wdblack2tb/all_sequences_new_lossless_raw/zeroday/reference/video0.rgb,zeroday:motion_resolution_level2,zeroday/motion_resolution/level2/video0.rgb,motion_resolution,level2,/mnt/wdblack2tb/all_sequences_new_lossless_raw/zeroday/motion_resolution/level2/video0.rgb,zeroday:motion_noise_level1,zeroday/motion_noise/level1/video0.rgb,motion_noise,level1,/mnt/wdblack2tb/all_sequences_new_lossless_raw/zeroday/motion_noise/level1/video0.rgb
154,Jorge2,bistro_exterior,video0.rgb,/mnt/wdblack2tb/all_sequences_new_lossless_raw/bistro_exterior/reference/video0.rgb,bistro_exterior:stutter_level1,bistro_exterior/stutter/level1/video0.rgb,stutter,level1,/mnt/wdblack2tb/all_sequences_new_lossless_raw/bistro_exterior/stutter/level1/video0.rgb,bistro_exterior:judder_level2,bistro_exterior/judder/level2/video0.rgb,judder,level2,/mnt/wdblack2tb/all_sequences_new_lossless_raw/bistro_exterior/judder/level2/video0.rgb
155,Jorge2,attic,video0.rgb,/mnt/wdblack2tb/all_sequences_new_lossless_raw/attic/reference/video0.rgb,attic:dlss_rr_level1,attic/dlss_rr/level1/video0.rgb,dlss_rr,level1,/mnt/wdblack2tb/all_sequences_new_lossless_raw/attic/dlss_rr/level1/video0.rgb,attic:judder_level2,attic/judder/level2/video0.rgb,judder,level2,/mnt/wdblack2tb/all_sequences_new_lossless_raw/attic/judder/level2/video0.rgb
156,Jorge2,classroom,video0.rgb,/mnt/wdblack2tb/all_sequences_new_lossless_raw/classroom/reference/video0.rgb,classroom:temporal-resolution-multiplexing_level0,classroom/temporal-resolution-multiplexing/level0/video0.rgb,temporal-resolution-multiplexing,level0,/mnt/wdblack2tb/all_sequences_new_lossless_raw/classroom/temporal-resolution-multiplexing/level0/video0.rgb,classroom:noise_colors_level0,classroom/noise_colors/level0/video0.rgb,noise_colors,level0,/mnt/wdblack2tb/all_sequences_new_lossless_raw/classroom/noise_colors/level0/video0.rgb
157,Jorge2,classroom,video0.rgb,/mnt/wdblack2tb/all_sequences_new_lossless_raw/classroom/reference/video0.rgb,classroom:temporal-resolution-multiplexing_level0,classroom/temporal-resolution-multiplexing/level0/video0.rgb,temporal-resolution-multiplexing,level0,/mnt/wdblack2tb/all_sequences_new_lossless_raw/classroom/temporal-resolution-multiplexing/level0/video0.rgb,classroom:temporal-resolution-multiplexing_level1,classroom/temporal-resolution-multiplexing/level1/video0.rgb,temporal-resolution-multiplexing,level1,/mnt/wdblack2tb/all_sequences_new_lossless_raw/classroom/temporal-resolution-multiplexing/level1/video0.rgb
158,Jorge2,bistro_exterior,video0.rgb,/mnt/wdblack2tb/all_sequences_new_lossless_raw/bistro_exterior/reference/video0.rgb,bistro_exterior:dlss_rr_level0,bistro_exterior/dlss_rr/level0/video0.rgb,dlss_rr,level0,/mnt/wdblack2tb/all_sequences_new_lossless_raw/bistro_exterior/dlss_rr/level0/video0.rgb,bistro_exterior:dlss_rr_level2,bistro_exterior/dlss_rr/level2/video0.rgb,dlss_rr,level2,/mnt/wdblack2tb/all_sequences_new_lossless_raw/bistro_exterior/dlss_rr/level2/video0.rgb
159,Jorge2,landscape,video0.rgb,/mnt/wdblack2tb/all_sequences_new_lossless_raw/landscape/reference/video0.rgb,landscape:dlss_rr_level1,landscape/dlss_rr/level1/video0.rgb,dlss_rr,level1,/mnt/wdblack2tb/all_sequences_new_lossless_raw/landscape/dlss_rr/level1/video0.rgb,landscape:stutter_level2,landscape/stutter/level2/video0.rgb,stutter,level2,/mnt/wdblack2tb/all_sequences_new_lossless_raw/landscape/stutter/level2/video0.rgb
160,Jorge2,landscape,video0.rgb,/mnt/wdblack2tb/all_sequences_new_lossless_raw/landscape/reference/video0.rgb,landscape:duration_flicker_level0,landscape/duration_flicker/level0/video0.rgb,duration_flicker,level0,/mnt/wdblack2tb/all_sequences_new_lossless_raw/landscape/duration_flicker/level0/video0.rgb,landscape:motion_resolution_level0,landscape/motion_resolution/level0/video0.rgb,motion_resolution,level0,/mnt/wdblack2tb/all_sequences_new_lossless_raw/landscape/motion_resolution/level0/video0.rgb
161,Jorge2,bistro_exterior,video0.rgb,/mnt/wdblack2tb/all_sequences_new_lossless_raw/bistro_exterior/reference/video0.rgb,bistro_exterior:dlss_rr_level0,bistro_exterior/dlss_rr/level0/video0.rgb,dlss_rr,level0,/mnt/wdblack2tb/all_sequences_new_lossless_raw/bistro_exterior/dlss_rr/level0/video0.rgb,bistro_exterior:duration_flicker_level1,bistro_exterior/duration_flicker/level1/video0.rgb,duration_flicker,level1,/mnt/wdblack2tb/all_sequences_new_lossless_raw/bistro_exterior/duration_flicker/level1/video0.rgb
162,Jorge2,subway,video0.rgb,/mnt/wdblack2tb/all_sequences_new_lossless_raw/subway/reference/video0.rgb,subway:motion_resolution_level1,subway/motion_resolution/level1/video0.rgb,motion_resolution,level1,/mnt/wdblack2tb/all_sequences_new_lossless_raw/subway/motion_resolution/level1/video0.rgb,subway:dlss_rr_level0,subway/dlss_rr/level0/video0.rgb,dlss_rr,level0,/mnt/wdblack2tb/all_sequences_new_lossless_raw/subway/dlss_rr/level0/video0.rgb
163,Jorge2,bistro_exterior,video0.rgb,/mnt/wdblack2tb/all_sequences_new_lossless_raw/bistro_exterior/reference/video0.rgb,bistro_exterior:restir_level2,bistro_exterior/restir/level2/video0.rgb,restir,level2,/mnt/wdblack2tb/all_sequences_new_lossless_raw/bistro_exterior/restir/level2/video0.rgb,bistro_exterior:dlss_rr_level1,bistro_exterior/dlss_rr/level1/video0.rgb,dlss_rr,level1,/mnt/wdblack2tb/all_sequences_new_lossless_raw/bistro_exterior/dlss_rr/level1/video0.rgb
164,Jorge2,landscape,video0.rgb,/mnt/wdblack2tb/all_sequences_new_lossless_raw/landscape/reference/video0.rgb,landscape:noise_colors_level1,landscape/noise_colors/level1/video0.rgb,noise_colors,level1,/mnt/wdblack2tb/all_sequences_new_lossless_raw/landscape/noise_colors/level1/video0.rgb,landscape:judder_level1,landscape/judder/level1/video0.rgb,judder,level1,/mnt/wdblack2tb/all_sequences_new_lossless_raw/landscape/judder/level1/video0.rgb
165,Jorge2,classroom,video0.rgb,/mnt/wdblack2tb/all_sequences_new_lossless_raw/classroom/reference/video0.rgb,classroom:dlss_rr_level0,classroom/dlss_rr/level0/video0.rgb,dlss_rr,level0,/mnt/wdblack2tb/all_sequences_new_lossless_raw/classroom/dlss_rr/level0/video0.rgb,classroom:motion_noise_level1,classroom/motion_noise/level1/video0.rgb,motion_noise,level1,/mnt/wdblack2tb/all_sequences_new_lossless_raw/classroom/motion_noise/level1/video0.rgb
166,Jorge2,classroom,video0.rgb,/mnt/wdblack2tb/all_sequences_new_lossless_raw/classroom/reference/video0.rgb,classroom:temporal-resolution-multiplexing_level0,classroom/temporal-resolution-multiplexing/level0/video0.rgb,temporal-resolution-multiplexing,level0,/mnt/wdblack2tb/all_sequences_new_lossless_raw/classroom/temporal-resolution-multiplexing/level0/video0.rgb,classroom:judder_level1,classroom/judder/level1/video0.rgb,judder,level1,/mnt/wdblack2tb/all_sequences_new_lossless_raw/classroom/judder/level1/video0.rgb
167,Jorge2,zeroday,video0.rgb,/mnt/wdblack2tb/all_sequences_new_lossless_raw/zeroday/reference/video0.rgb,zeroday:dlss_rr_level0,zeroday/dlss_rr/level0/video0.rgb,dlss_rr,level0,/mnt/wdblack2tb/all_sequences_new_lossless_raw/zeroday/dlss_rr/level0/video0.rgb,zeroday:dlss_rr_level1,zeroday/dlss_rr/level1/video0.rgb,dlss_rr,level1,/mnt/wdblack2tb/all_sequences_new_lossless_raw/zeroday/dlss_rr/level1/video0.rgb
168,Jorge2,pink_room,video0.rgb,/mnt/wdblack2tb/all_sequences_new_lossless_raw/pink_room/reference/video0.rgb,pink_room:dlss_rr_level1,pink_room/dlss_rr/level1/video0.rgb,dlss_rr,level1,/mnt/wdblack2tb/all_sequences_new_lossless_raw/pink_room/dlss_rr/level1/video0.rgb,pink_room:dlss_rr_level2,pink_room/dlss_rr/level2/video0.rgb,dlss_rr,level2,/mnt/wdblack2tb/all_sequences_new_lossless_raw/pink_room/dlss_rr/level2/video0.rgb
169,Jorge2,zeroday,video0.rgb,/mnt/wdblack2tb/all_sequences_new_lossless_raw/zeroday/reference/video0.rgb,zeroday:noise_colors_level1,zeroday/noise_colors/level1/video0.rgb,noise_colors,level1,/mnt/wdblack2tb/all_sequences_new_lossless_raw/zeroday/noise_colors/level1/video0.rgb,zeroday:duration_flicker_level0,zeroday/duration_flicker/level0/video0.rgb,duration_flicker,level0,/mnt/wdblack2tb/all_sequences_new_lossless_raw/zeroday/duration_flicker/level0/video0.rgb
170,Jorge2,bistro_interior,video0.rgb,/mnt/wdblack2tb/all_sequences_new_lossless_raw/bistro_interior/reference/video0.rgb,bistro_interior:motion_resolution_level1,bistro_interior/motion_resolution/level1/video0.rgb,motion_resolution,level1,/mnt/wdblack2tb/all_sequences_new_lossless_raw/bistro_interior/motion_resolution/level1/video0.rgb,bistro_interior:restir_level2,bistro_interior/restir/level2/video0.rgb,restir,level2,/mnt/wdblack2tb/all_sequences_new_lossless_raw/bistro_interior/restir/level2/video0.rgb
171,Jorge2,subway,video0.rgb,/mnt/wdblack2tb/all_sequences_new_lossless_raw/subway/reference/video0.rgb,subway:motion_noise_level1,subway/motion_noise/level1/video0.rgb,motion_noise,level1,/mnt/wdblack2tb/all_sequences_new_lossless_raw/subway/motion_noise/level1/video0.rgb,subway:duration_flicker_level1,subway/duration_flicker/level1/video0.rgb,duration_flicker,level1,/mnt/wdblack2tb/all_sequences_new_lossless_raw/subway/duration_flicker/level1/video0.rgb
172,Jorge2,bistro_exterior,video0.rgb,/mnt/wdblack2tb/all_sequences_new_lossless_raw/bistro_exterior/reference/video0.rgb,bistro_exterior:motion_noise_level0,bistro_exterior/motion_noise/level0/video0.rgb,motion_noise,level0,/mnt/wdblack2tb/all_sequences_new_lossless_raw/bistro_exterior/motion_noise/level0/video0.rgb,bistro_exterior:restir_level2,bistro_exterior/restir/level2/video0.rgb,restir,level2,/mnt/wdblack2tb/all_sequences_new_lossless_raw/bistro_exterior/restir/level2/video0.rgb
173,Jorge2,zeroday,video0.rgb,/mnt/wdblack2tb/all_sequences_new_lossless_raw/zeroday/reference/video0.rgb,zeroday:judder_level0,zeroday/judder/level0/video0.rgb,judder,level0,/mnt/wdblack2tb/all_sequences_new_lossless_raw/zeroday/judder/level0/video0.rgb,zeroday:restir_level0,zeroday/restir/level0/video0.rgb,restir,level0,/mnt/wdblack2tb/all_sequences_new_lossless_raw/zeroday/restir/level0/video0.rgb
174,Jorge2,landscape,video0.rgb,/mnt/wdblack2tb/all_sequences_new_lossless_raw/landscape/reference/video0.rgb,landscape:duration_flicker_level0,landscape/duration_flicker/level0/video0.rgb,duration_flicker,level0,/mnt/wdblack2tb/all_sequences_new_lossless_raw/landscape/duration_flicker/level0/video0.rgb,landscape:restir_level0,landscape/restir/level0/video0.rgb,restir,level0,/mnt/wdblack2tb/all_sequences_new_lossless_raw/landscape/restir/level0/video0.rgb
175,Jorge2,subway,video0.rgb,/mnt/wdblack2tb/all_sequences_new_lossless_raw/subway/reference/video0.rgb,subway:dlss_rr_level2,subway/dlss_rr/level2/video0.rgb,dlss_rr,level2,/mnt/wdblack2tb/all_sequences_new_lossless_raw/subway/dlss_rr/level2/video0.rgb,subway:duration_flicker_level1,subway/duration_flicker/level1/video0.rgb,duration_flicker,level1,/mnt/wdblack2tb/all_sequences_new_lossless_raw/subway/duration_flicker/level1/video0.rgb
176,Jorge2,bistro_exterior,video0.rgb,/mnt/wdblack2tb/all_sequences_new_lossless_raw/bistro_exterior/reference/video0.rgb,bistro_exterior:judder_level2,bistro_exterior/judder/level2/video0.rgb,judder,level2,/mnt/wdblack2tb/all_sequences_new_lossless_raw/bistro_exterior/judder/level2/video0.rgb,bistro_exterior:temporal-resolution-multiplexing_level2,bistro_exterior/temporal-resolution-multiplexing/level2/video0.rgb,temporal-resolution-multiplexing,level2,/mnt/wdblack2tb/all_sequences_new_lossless_raw/bistro_exterior/temporal-resolution-multiplexing/level2/video0.rgb
177,Jorge2,attic,video0.rgb,/mnt/wdblack2tb/all_sequences_new_lossless_raw/attic/reference/video0.rgb,attic:motion_resolution_level0,attic/motion_resolution/level0/video0.rgb,motion_resolution,level0,/mnt/wdblack2tb/all_sequences_new_lossless_raw/attic/motion_resolution/level0/video0.rgb,attic:duration_flicker_level1,attic/duration_flicker/level1/video0.rgb,duration_flicker,level1,/mnt/wdblack2tb/all_sequences_new_lossless_raw/attic/duration_flicker/level1/video0.rgb
178,Jorge2,bistro_interior,video0.rgb,/mnt/wdblack2tb/all_sequences_new_lossless_raw/bistro_interior/reference/video0.rgb,bistro_interior:noise_colors_level1,bistro_interior/noise_colors/level1/video0.rgb,noise_colors,level1,/mnt/wdblack2tb/all_sequences_new_lossless_raw/bistro_interior/noise_colors/level1/video0.rgb,bistro_interior:restir_level1,bistro_interior/restir/level1/video0.rgb,restir,level1,/mnt/wdblack2tb/all_sequences_new_lossless_raw/bistro_interior/restir/level1/video0.rgb
179,Jorge2,zeroday,video0.rgb,/mnt/wdblack2tb/all_sequences_new_lossless_raw/zeroday/reference/video0.rgb,zeroday:duration_flicker_level0,zeroday/duration_flicker/level0/video0.rgb,duration_flicker,level0,/mnt/wdblack2tb/all_sequences_new_lossless_raw/zeroday/duration_flicker/level0/video0.rgb,zeroday:dlss_rr_level2,zeroday/dlss_rr/level2/video0.rgb,dlss_rr,level2,/mnt/wdblack2tb/all_sequences_new_lossless_raw/zeroday/dlss_rr/level2/video0.rgb
180,Jorge2,classroom,video0.rgb,/mnt/wdblack2tb/all_sequences_new_lossless_raw/classroom/reference/video0.rgb,classroom:motion_resolution_level0,classroom/motion_resolution/level0/video0.rgb,motion_resolution,level0,/mnt/wdblack2tb/all_sequences_new_lossless_raw/classroom/motion_resolution/level0/video0.rgb,classroom:duration_flicker_level1,classroom/duration_flicker/level1/video0.rgb,duration_flicker,level1,/mnt/wdblack2tb/all_sequences_new_lossless_raw/classroom/duration_flicker/level1/video0.rgb
181,Jorge2,landscape,video0.rgb,/mnt/wdblack2tb/all_sequences_new_lossless_raw/landscape/reference/video0.rgb,landscape:judder_level0,landscape/judder/level0/video0.rgb,judder,level0,/mnt/wdblack2tb/all_sequences_new_lossless_raw/landscape/judder/level0/video0.rgb,landscape:duration_flicker_level2,landscape/duration_flicker/level2/video0.rgb,duration_flicker,level2,/mnt/wdblack2tb/all_sequences_new_lossless_raw/landscape/duration_flicker/level2/video0.rgb
182,Jorge2,subway,video0.rgb,/mnt/wdblack2tb/all_sequences_new_lossless_raw/subway/reference/video0.rgb,subway:restir_level1,subway/restir/level1/video0.rgb,restir,level1,/mnt/wdblack2tb/all_sequences_new_lossless_raw/subway/restir/level1/video0.rgb,subway:motion_resolution_level0,subway/motion_resolution/level0/video0.rgb,motion_resolution,level0,/mnt/wdblack2tb/all_sequences_new_lossless_raw/subway/motion_resolution/level0/video0.rgb
183,Jorge2,bistro_exterior,video0.rgb,/mnt/wdblack2tb/all_sequences_new_lossless_raw/bistro_exterior/reference/video0.rgb,bistro_exterior:restir_level1,bistro_exterior/restir/level1/video0.rgb,restir,level1,/mnt/wdblack2tb/all_sequences_new_lossless_raw/bistro_exterior/restir/level1/video0.rgb,bistro_exterior:noise_colors_level2,bistro_exterior/noise_colors/level2/video0.rgb,noise_colors,level2,/mnt/wdblack2tb/all_sequences_new_lossless_raw/bistro_exterior/noise_colors/level2/video0.rgb
184,Jorge2,pink_room,video0.rgb,/mnt/wdblack2tb/all_sequences_new_lossless_raw/pink_room/reference/video0.rgb,pink_room:duration_flicker_level1,pink_room/duration_flicker/level1/video0.rgb,duration_flicker,level1,/mnt/wdblack2tb/all_sequences_new_lossless_raw/pink_room/duration_flicker/level1/video0.rgb,pink_room:restir_level2,pink_room/restir/level2/video0.rgb,restir,level2,/mnt/wdblack2tb/all_sequences_new_lossless_raw/pink_room/restir/level2/video0.rgb
185,Jorge2,classroom,video0.rgb,/mnt/wdblack2tb/all_sequences_new_lossless_raw/classroom/reference/video0.rgb,classroom:temporal-resolution-multiplexing_level0,classroom/temporal-resolution-multiplexing/level0/video0.rgb,temporal-resolution-multiplexing,level0,/mnt/wdblack2tb/all_sequences_new_lossless_raw/classroom/temporal-resolution-multiplexing/level0/video0.rgb,classroom:restir_level0,classroom/restir/level0/video0.rgb,restir,level0,/mnt/wdblack2tb/all_sequences_new_lossless_raw/classroom/restir/level0/video0.rgb
186,Jorge2,subway,video0.rgb,/mnt/wdblack2tb/all_sequences_new_lossless_raw/subway/reference/video0.rgb,subway:duration_flicker_level0,subway/duration_flicker/level0/video0.rgb,duration_flicker,level0,/mnt/wdblack2tb/all_sequences_new_lossless_raw/subway/duration_flicker/level0/video0.rgb,subway:restir_level1,subway/restir/level1/video0.rgb,restir,level1,/mnt/wdblack2tb/all_sequences_new_lossless_raw/subway/restir/level1/video0.rgb
187,Jorge2,classroom,video0.rgb,/mnt/wdblack2tb/all_sequences_new_lossless_raw/classroom/reference/video0.rgb,classroom:noise_colors_level1,classroom/noise_colors/level1/video0.rgb,noise_colors,level1,/mnt/wdblack2tb/all_sequences_new_lossless_raw/classroom/noise_colors/level1/video0.rgb,classroom:dlss_rr_level2,classroom/dlss_rr/level2/video0.rgb,dlss_rr,level2,/mnt/wdblack2tb/all_sequences_new_lossless_raw/classroom/dlss_rr/level2/video0.rgb
188,Jorge2,classroom,video0.rgb,/mnt/wdblack2tb/all_sequences_new_lossless_raw/classroom/reference/video0.rgb,classroom:noise_colors_level1,classroom/noise_colors/level1/video0.rgb,noise_colors,level1,/mnt/wdblack2tb/all_sequences_new_lossless_raw/classroom/noise_colors/level1/video0.rgb,classroom:duration_flicker_level0,classroom/duration_flicker/level0/video0.rgb,duration_flicker,level0,/mnt/wdblack2tb/all_sequences_new_lossless_raw/classroom/duration_flicker/level0/video0.rgb
189,Jorge2,subway,video0.rgb,/mnt/wdblack2tb/all_sequences_new_lossless_raw/subway/reference/video0.rgb,subway:stutter_level0,subway/stutter/level0/video0.rgb,stutter,level0,/mnt/wdblack2tb/all_sequences_new_lossless_raw/subway/stutter/level0/video0.rgb,subway:stutter_level1,subway/stutter/level1/video0.rgb,stutter,level1,/mnt/wdblack2tb/all_sequences_new_lossless_raw/subway/stutter/level1/video0.rgb
190,Jorge2,landscape,video0.rgb,/mnt/wdblack2tb/all_sequences_new_lossless_raw/landscape/reference/video0.rgb,landscape:noise_colors_level0,landscape/noise_colors/level0/video0.rgb,noise_colors,level0,/mnt/wdblack2tb/all_sequences_new_lossless_raw/landscape/noise_colors/level0/video0.rgb,landscape:noise_colors_level2,landscape/noise_colors/level2/video0.rgb,noise_colors,level2,/mnt/wdblack2tb/all_sequences_new_lossless_raw/landscape/noise_colors/level2/video0.rgb
191,Jorge2,bistro_exterior,video0.rgb,/mnt/wdblack2tb/all_sequences_new_lossless_raw/bistro_exterior/reference/video0.rgb,bistro_exterior:motion_noise_level2,bistro_exterior/motion_noise/level2/video0.rgb,motion_noise,level2,/mnt/wdblack2tb/all_sequences_new_lossless_raw/bistro_exterior/motion_noise/level2/video0.rgb,bistro_exterior:stutter_level0,bistro_exterior/stutter/level0/video0.rgb,stutter,level0,/mnt/wdblack2tb/all_sequences_new_lossless_raw/bistro_exterior/stutter/level0/video0.rgb
192,Jorge2,landscape,video0.rgb,/mnt/wdblack2tb/all_sequences_new_lossless_raw/landscape/reference/video0.rgb,landscape:temporal-resolution-multiplexing_level1,landscape/temporal-resolution-multiplexing/level1/video0.rgb,temporal-resolution-multiplexing,level1,/mnt/wdblack2tb/all_sequences_new_lossless_raw/landscape/temporal-resolution-multiplexing/level1/video0.rgb,landscape:noise_colors_level1,landscape/noise_colors/level1/video0.rgb,noise_colors,level1,/mnt/wdblack2tb/all_sequences_new_lossless_raw/landscape/noise_colors/level1/video0.rgb
193,Jorge2,bistro_interior,video0.rgb,/mnt/wdblack2tb/all_sequences_new_lossless_raw/bistro_interior/reference/video0.rgb,bistro_interior:judder_level1,bistro_interior/judder/level1/video0.rgb,judder,level1,/mnt/wdblack2tb/all_sequences_new_lossless_raw/bistro_interior/judder/level1/video0.rgb,bistro_interior:dlss_rr_level1,bistro_interior/dlss_rr/level1/video0.rgb,dlss_rr,level1,/mnt/wdblack2tb/all_sequences_new_lossless_raw/bistro_interior/dlss_rr/level1/video0.rgb
194,Jorge2,marbles,video0.rgb,/mnt/wdblack2tb/all_sequences_new_lossless_raw/marbles/reference/video0.rgb,marbles:temporal-resolution-multiplexing_level0,marbles/temporal-resolution-multiplexing/level0/video0.rgb,temporal-resolution-multiplexing,level0,/mnt/wdblack2tb/all_sequences_new_lossless_raw/marbles/temporal-resolution-multiplexing/level0/video0.rgb,marbles:motion_noise_level0,marbles/motion_noise/level0/video0.rgb,motion_noise,level0,/mnt/wdblack2tb/all_sequences_new_lossless_raw/marbles/motion_noise/level0/video0.rgb
195,Jorge2,marbles,video0.rgb,/mnt/wdblack2tb/all_sequences_new_lossless_raw/marbles/reference/video0.rgb,marbles:duration_flicker_level0,marbles/duration_flicker/level0/video0.rgb,duration_flicker,level0,/mnt/wdblack2tb/all_sequences_new_lossless_raw/marbles/duration_flicker/level0/video0.rgb,marbles:stutter_level2,marbles/stutter/level2/video0.rgb,stutter,level2,/mnt/wdblack2tb/all_sequences_new_lossless_raw/marbles/stutter/level2/video0.rgb
196,Jorge2,classroom,video0.rgb,/mnt/wdblack2tb/all_sequences_new_lossless_raw/classroom/reference/video0.rgb,classroom:noise_colors_level1,classroom/noise_colors/level1/video0.rgb,noise_colors,level1,/mnt/wdblack2tb/all_sequences_new_lossless_raw/classroom/noise_colors/level1/video0.rgb,classroom:motion_resolution_level0,classroom/motion_resolution/level0/video0.rgb,motion_resolution,level0,/mnt/wdblack2tb/all_sequences_new_lossless_raw/classroom/motion_resolution/level0/video0.rgb
197,Jorge2,subway,video0.rgb,/mnt/wdblack2tb/all_sequences_new_lossless_raw/subway/reference/video0.rgb,subway:motion_resolution_level0,subway/motion_resolution/level0/video0.rgb,motion_resolution,level0,/mnt/wdblack2tb/all_sequences_new_lossless_raw/subway/motion_resolution/level0/video0.rgb,subway:dlss_rr_level2,subway/dlss_rr/level2/video0.rgb,dlss_rr,level2,/mnt/wdblack2tb/all_sequences_new_lossless_raw/subway/dlss_rr/level2/video0.rgb
198,Jorge2,pink_room,video0.rgb,/mnt/wdblack2tb/all_sequences_new_lossless_raw/pink_room/reference/video0.rgb,pink_room:temporal-resolution-multiplexing_level0,pink_room/temporal-resolution-multiplexing/level0/video0.rgb,temporal-resolution-multiplexing,level0,/mnt/wdblack2tb/all_sequences_new_lossless_raw/pink_room/temporal-resolution-multiplexing/level0/video0.rgb,pink_room:noise_colors_level0,pink_room/noise_colors/level0/video0.rgb,noise_colors,level0,/mnt/wdblack2tb/all_sequences_new_lossless_raw/pink_room/noise_colors/level0/video0.rgb
199,Jorge2,classroom,video0.rgb,/mnt/wdblack2tb/all_sequences_new_lossless_raw/classroom/reference/video0.rgb,classroom:temporal-resolution-multiplexing_level0,classroom/temporal-resolution-multiplexing/level0/video0.rgb,temporal-resolution-multiplexing,level0,/mnt/wdblack2tb/all_sequences_new_lossless_raw/classroom/temporal-resolution-multiplexing/level0/video0.rgb,classroom:dlss_rr_level2,classroom/dlss_rr/level2/video0.rgb,dlss_rr,level2,/mnt/wdblack2tb/all_sequences_new_lossless_raw/classroom/dlss_rr/level2/video0.rgb
200,Jorge2,pink_room,video0.rgb,/mnt/wdblack2tb/all_sequences_new_lossless_raw/pink_room/reference/video0.rgb,pink_room:temporal-resolution-multiplexing_level2,pink_room/temporal-resolution-multiplexing/level2/video0.rgb,temporal-resolution-multiplexing,level2,/mnt/wdblack2tb/all_sequences_new_lossless_raw/pink_room/temporal-resolution-multiplexing/level2/video0.rgb,pink_room:restir_level2,pink_room/restir/level2/video0.rgb,restir,level2,/mnt/wdblack2tb/all_sequences_new_lossless_raw/pink_room/restir/level2/video0.rgb
201,Jorge2,marbles,video0.rgb,/mnt/wdblack2tb/all_sequences_new_lossless_raw/marbles/reference/video0.rgb,marbles:stutter_level2,marbles/stutter/level2/video0.rgb,stutter,level2,/mnt/wdblack2tb/all_sequences_new_lossless_raw/marbles/stutter/level2/video0.rgb,marbles:temporal-resolution-multiplexing_level1,marbles/temporal-resolution-multiplexing/level1/video0.rgb,temporal-resolution-multiplexing,level1,/mnt/wdblack2tb/all_sequences_new_lossless_raw/marbles/temporal-resolution-multiplexing/level1/video0.rgb
202,Jorge2,pink_room,video0.rgb,/mnt/wdblack2tb/all_sequences_new_lossless_raw/pink_room/reference/video0.rgb,pink_room:motion_resolution_level0,pink_room/motion_resolution/level0/video0.rgb,motion_resolution,level0,/mnt/wdblack2tb/all_sequences_new_lossless_raw/pink_room/motion_resolution/level0/video0.rgb,pink_room:motion_noise_level2,pink_room/motion_noise/level2/video0.rgb,motion_noise,level2,/mnt/wdblack2tb/all_sequences_new_lossless_raw/pink_room/motion_noise/level2/video0.rgb
203,Jorge2,marbles,video0.rgb,/mnt/wdblack2tb/all_sequences_new_lossless_raw/marbles/reference/video0.rgb,marbles:stutter_level2,marbles/stutter/level2/video0.rgb,stutter,level2,/mnt/wdblack2tb/all_sequences_new_lossless_raw/marbles/stutter/level2/video0.rgb,marbles:motion_resolution_level1,marbles/motion_resolution/level1/video0.rgb,motion_resolution,level1,/mnt/wdblack2tb/all_sequences_new_lossless_raw/marbles/motion_resolution/level1/video0.rgb
204,Jorge2,bistro_interior,video0.rgb,/mnt/wdblack2tb/all_sequences_new_lossless_raw/bistro_interior/reference/video0.rgb,bistro_interior:motion_resolution_level0,bistro_interior/motion_resolution/level0/video0.rgb,motion_resolution,level0,/mnt/wdblack2tb/all_sequences_new_lossless_raw/bistro_interior/motion_resolution/level0/video0.rgb,bistro_interior:noise_colors_level2,bistro_interior/noise_colors/level2/video0.rgb,noise_colors,level2,/mnt/wdblack2tb/all_sequences_new_lossless_raw/bistro_interior/noise_colors/level2/video0.rgb
205,Jorge2,bistro_interior,video0.rgb,/mnt/wdblack2tb/all_sequences_new_lossless_raw/bistro_interior/reference/video0.rgb,bistro_interior:motion_resolution_level2,bistro_interior/motion_resolution/level2/video0.rgb,motion_resolution,level2,/mnt/wdblack2tb/all_sequences_new_lossless_raw/bistro_interior/motion_resolution/level2/video0.rgb,bistro_interior:motion_resolution_level0,bistro_interior/motion_resolution/level0/video0.rgb,motion_resolution,level0,/mnt/wdblack2tb/all_sequences_new_lossless_raw/bistro_interior/motion_resolution/level0/video0.rgb
206,Jorge2,landscape,video0.rgb,/mnt/wdblack2tb/all_sequences_new_lossless_raw/landscape/reference/video0.rgb,landscape:stutter_level2,landscape/stutter/level2/video0.rgb,stutter,level2,/mnt/wdblack2tb/all_sequences_new_lossless_raw/landscape/stutter/level2/video0.rgb,landscape:duration_flicker_level0,landscape/duration_flicker/level0/video0.rgb,duration_flicker,level0,/mnt/wdblack2tb/all_sequences_new_lossless_raw/landscape/duration_flicker/level0/video0.rgb
207,Jorge2,bistro_exterior,video0.rgb,/mnt/wdblack2tb/all_sequences_new_lossless_raw/bistro_exterior/reference/video0.rgb,bistro_exterior:judder_level1,bistro_exterior/judder/level1/video0.rgb,judder,level1,/mnt/wdblack2tb/all_sequences_new_lossless_raw/bistro_exterior/judder/level1/video0.rgb,bistro_exterior:duration_flicker_level0,bistro_exterior/duration_flicker/level0/video0.rgb,duration_flicker,level0,/mnt/wdblack2tb/all_sequences_new_lossless_raw/bistro_exterior/duration_flicker/level0/video0.rgb
208,Jorge2,zeroday,video0.rgb,/mnt/wdblack2tb/all_sequences_new_lossless_raw/zeroday/reference/video0.rgb,zeroday:stutter_level1,zeroday/stutter/level1/video0.rgb,stutter,level1,/mnt/wdblack2tb/all_sequences_new_lossless_raw/zeroday/stutter/level1/video0.rgb,zeroday:dlss_rr_level0,zeroday/dlss_rr/level0/video0.rgb,dlss_rr,level0,/mnt/wdblack2tb/all_sequences_new_lossless_raw/zeroday/dlss_rr/level0/video0.rgb
209,Jorge2,bistro_interior,video0.rgb,/mnt/wdblack2tb/all_sequences_new_lossless_raw/bistro_interior/reference/video0.rgb,bistro_interior:noise_colors_level1,bistro_interior/noise_colors/level1/video0.rgb,noise_colors,level1,/mnt/wdblack2tb/all_sequences_new_lossless_raw/bistro_interior/noise_colors/level1/video0.rgb,bistro_interior:judder_level1,bistro_interior/judder/level1/video0.rgb,judder,level1,/mnt/wdblack2tb/all_sequences_new_lossless_raw/bistro_interior/judder/level1/video0.rgb
210,Jorge2,landscape,video0.rgb,/mnt/wdblack2tb/all_sequences_new_lossless_raw/landscape/reference/video0.rgb,landscape:motion_noise_level1,landscape/motion_noise/level1/video0.rgb,motion_noise,level1,/mnt/wdblack2tb/all_sequences_new_lossless_raw/landscape/motion_noise/level1/video0.rgb,landscape:stutter_level2,landscape/stutter/level2/video0.rgb,stutter,level2,/mnt/wdblack2tb/all_sequences_new_lossless_raw/landscape/stutter/level2/video0.rgb
211,Jorge2,landscape,video0.rgb,/mnt/wdblack2tb/all_sequences_new_lossless_raw/landscape/reference/video0.rgb,landscape:judder_level0,landscape/judder/level0/video0.rgb,judder,level0,/mnt/wdblack2tb/all_sequences_new_lossless_raw/landscape/judder/level0/video0.rgb,landscape:dlss_rr_level2,landscape/dlss_rr/level2/video0.rgb,dlss_rr,level2,/mnt/wdblack2tb/all_sequences_new_lossless_raw/landscape/dlss_rr/level2/video0.rgb
212,Jorge2,pink_room,video0.rgb,/mnt/wdblack2tb/all_sequences_new_lossless_raw/pink_room/reference/video0.rgb,pink_room:motion_noise_level1,pink_room/motion_noise/level1/video0.rgb,motion_noise,level1,/mnt/wdblack2tb/all_sequences_new_lossless_raw/pink_room/motion_noise/level1/video0.rgb,pink_room:stutter_level0,pink_room/stutter/level0/video0.rgb,stutter,level0,/mnt/wdblack2tb/all_sequences_new_lossless_raw/pink_room/stutter/level0/video0.rgb
213,Jorge2,zeroday,video0.rgb,/mnt/wdblack2tb/all_sequences_new_lossless_raw/zeroday/reference/video0.rgb,zeroday:duration_flicker_level0,zeroday/duration_flicker/level0/video0.rgb,duration_flicker,level0,/mnt/wdblack2tb/all_sequences_new_lossless_raw/zeroday/duration_flicker/level0/video0.rgb,zeroday:motion_resolution_level2,zeroday/motion_resolution/level2/video0.rgb,motion_resolution,level2,/mnt/wdblack2tb/all_sequences_new_lossless_raw/zeroday/motion_resolution/level2/video0.rgb
214,Jorge2,landscape,video0.rgb,/mnt/wdblack2tb/all_sequences_new_lossless_raw/landscape/reference/video0.rgb,landscape:temporal-resolution-multiplexing_level1,landscape/temporal-resolution-multiplexing/level1/video0.rgb,temporal-resolution-multiplexing,level1,/mnt/wdblack2tb/all_sequences_new_lossless_raw/landscape/temporal-resolution-multiplexing/level1/video0.rgb,landscape:motion_noise_level2,landscape/motion_noise/level2/video0.rgb,motion_noise,level2,/mnt/wdblack2tb/all_sequences_new_lossless_raw/landscape/motion_noise/level2/video0.rgb
215,Jorge2,bistro_interior,video0.rgb,/mnt/wdblack2tb/all_sequences_new_lossless_raw/bistro_interior/reference/video0.rgb,bistro_interior:judder_level0,bistro_interior/judder/level0/video0.rgb,judder,level0,/mnt/wdblack2tb/all_sequences_new_lossless_raw/bistro_interior/judder/level0/video0.rgb,bistro_interior:duration_flicker_level0,bistro_interior/duration_flicker/level0/video0.rgb,duration_flicker,level0,/mnt/wdblack2tb/all_sequences_new_lossless_raw/bistro_interior/duration_flicker/level0/video0.rgb
216,Jorge2,pink_room,video0.rgb,/mnt/wdblack2tb/all_sequences_new_lossless_raw/pink_room/reference/video0.rgb,pink_room:dlss_rr_level0,pink_room/dlss_rr/level0/video0.rgb,dlss_rr,level0,/mnt/wdblack2tb/all_sequences_new_lossless_raw/pink_room/dlss_rr/level0/video0.rgb,pink_room:motion_noise_level2,pink_room/motion_noise/level2/video0.rgb,motion_noise,level2,/mnt/wdblack2tb/all_sequences_new_lossless_raw/pink_room/motion_noise/level2/video0.rgb
217,Jorge2,pink_room,video0.rgb,/mnt/wdblack2tb/all_sequences_new_lossless_raw/pink_room/reference/video0.rgb,pink_room:stutter_level1,pink_room/stutter/level1/video0.rgb,stutter,level1,/mnt/wdblack2tb/all_sequences_new_lossless_raw/pink_room/stutter/level1/video0.rgb,pink_room:motion_noise_level1,pink_room/motion_noise/level1/video0.rgb,motion_noise,level1,/mnt/wdblack2tb/all_sequences_new_lossless_raw/pink_room/motion_noise/level1/video0.rgb
218,Jorge2,bistro_interior,video0.rgb,/mnt/wdblack2tb/all_sequences_new_lossless_raw/bistro_interior/reference/video0.rgb,bistro_interior:noise_colors_level0,bistro_interior/noise_colors/level0/video0.rgb,noise_colors,level0,/mnt/wdblack2tb/all_sequences_new_lossless_raw/bistro_interior/noise_colors/level0/video0.rgb,bistro_interior:motion_noise_level1,bistro_interior/motion_noise/level1/video0.rgb,motion_noise,level1,/mnt/wdblack2tb/all_sequences_new_lossless_raw/bistro_interior/motion_noise/level1/video0.rgb
219,Jorge2,zeroday,video0.rgb,/mnt/wdblack2tb/all_sequences_new_lossless_raw/zeroday/reference/video0.rgb,zeroday:motion_resolution_level1,zeroday/motion_resolution/level1/video0.rgb,motion_resolution,level1,/mnt/wdblack2tb/all_sequences_new_lossless_raw/zeroday/motion_resolution/level1/video0.rgb,zeroday:temporal-resolution-multiplexing_level1,zeroday/temporal-resolution-multiplexing/level1/video0.rgb,temporal-resolution-multiplexing,level1,/mnt/wdblack2tb/all_sequences_new_lossless_raw/zeroday/temporal-resolution-multiplexing/level1/video0.rgb
220,Jorge2,pink_room,video0.rgb,/mnt/wdblack2tb/all_sequences_new_lossless_raw/pink_room/reference/video0.rgb,pink_room:motion_noise_level2,pink_room/motion_noise/level2/video0.rgb,motion_noise,level2,/mnt/wdblack2tb/all_sequences_new_lossless_raw/pink_room/motion_noise/level2/video0.rgb,pink_room:restir_level2,pink_room/restir/level2/video0.rgb,restir,level2,/mnt/wdblack2tb/all_sequences_new_lossless_raw/pink_room/restir/level2/video0.rgb
221,Jorge2,bistro_interior,video0.rgb,/mnt/wdblack2tb/all_sequences_new_lossless_raw/bistro_interior/reference/video0.rgb,bistro_interior:temporal-resolution-multiplexing_level0,bistro_interior/temporal-resolution-multiplexing/level0/video0.rgb,temporal-resolution-multiplexing,level0,/mnt/wdblack2tb/all_sequences_new_lossless_raw/bistro_interior/temporal-resolution-multiplexing/level0/video0.rgb,bistro_interior:judder_level0,bistro_interior/judder/level0/video0.rgb,judder,level0,/mnt/wdblack2tb/all_sequences_new_lossless_raw/bistro_interior/judder/level0/video0.rgb
222,Jorge2,zeroday,video0.rgb,/mnt/wdblack2tb/all_sequences_new_lossless_raw/zeroday/reference/video0.rgb,zeroday:dlss_rr_level0,zeroday/dlss_rr/level0/video0.rgb,dlss_rr,level0,/mnt/wdblack2tb/all_sequences_new_lossless_raw/zeroday/dlss_rr/level0/video0.rgb,zeroday:noise_colors_level0,zeroday/noise_colors/level0/video0.rgb,noise_colors,level0,/mnt/wdblack2tb/all_sequences_new_lossless_raw/zeroday/noise_colors/level0/video0.rgb
223,Jorge2,classroom,video0.rgb,/mnt/wdblack2tb/all_sequences_new_lossless_raw/classroom/reference/video0.rgb,classroom:dlss_rr_level2,classroom/dlss_rr/level2/video0.rgb,dlss_rr,level2,/mnt/wdblack2tb/all_sequences_new_lossless_raw/classroom/dlss_rr/level2/video0.rgb,classroom:stutter_level0,classroom/stutter/level0/video0.rgb,stutter,level0,/mnt/wdblack2tb/all_sequences_new_lossless_raw/classroom/stutter/level0/video0.rgb
224,Jorge2,marbles,video0.rgb,/mnt/wdblack2tb/all_sequences_new_lossless_raw/marbles/reference/video0.rgb,marbles:dlss_rr_level2,marbles/dlss_rr/level2/video0.rgb,dlss_rr,level2,/mnt/wdblack2tb/all_sequences_new_lossless_raw/marbles/dlss_rr/level2/video0.rgb,marbles:judder_level1,marbles/judder/level1/video0.rgb,judder,level1,/mnt/wdblack2tb/all_sequences_new_lossless_raw/marbles/judder/level1/video0.rgb
225,Jorge2,pink_room,video0.rgb,/mnt/wdblack2tb/all_sequences_new_lossless_raw/pink_room/reference/video0.rgb,pink_room:judder_level2,pink_room/judder/level2/video0.rgb,judder,level2,/mnt/wdblack2tb/all_sequences_new_lossless_raw/pink_room/judder/level2/video0.rgb,pink_room:restir_level2,pink_room/restir/level2/video0.rgb,restir,level2,/mnt/wdblack2tb/all_sequences_new_lossless_raw/pink_room/restir/level2/video0.rgb
226,Jorge2,zeroday,video0.rgb,/mnt/wdblack2tb/all_sequences_new_lossless_raw/zeroday/reference/video0.rgb,zeroday:stutter_level2,zeroday/stutter/level2/video0.rgb,stutter,level2,/mnt/wdblack2tb/all_sequences_new_lossless_raw/zeroday/stutter/level2/video0.rgb,zeroday:noise_colors_level1,zeroday/noise_colors/level1/video0.rgb,noise_colors,level1,/mnt/wdblack2tb/all_sequences_new_lossless_raw/zeroday/noise_colors/level1/video0.rgb
227,Jorge2,zeroday,video0.rgb,/mnt/wdblack2tb/all_sequences_new_lossless_raw/zeroday/reference/video0.rgb,zeroday:dlss_rr_level1,zeroday/dlss_rr/level1/video0.rgb,dlss_rr,level1,/mnt/wdblack2tb/all_sequences_new_lossless_raw/zeroday/dlss_rr/level1/video0.rgb,zeroday:motion_noise_level0,zeroday/motion_noise/level0/video0.rgb,motion_noise,level0,/mnt/wdblack2tb/all_sequences_new_lossless_raw/zeroday/motion_noise/level0/video0.rgb
228,Jorge2,classroom,video0.rgb,/mnt/wdblack2tb/all_sequences_new_lossless_raw/classroom/reference/video0.rgb,classroom:stutter_level2,classroom/stutter/level2/video0.rgb,stutter,level2,/mnt/wdblack2tb/all_sequences_new_lossless_raw/classroom/stutter/level2/video0.rgb,classroom:motion_resolution_level1,classroom/motion_resolution/level1/video0.rgb,motion_resolution,level1,/mnt/wdblack2tb/all_sequences_new_lossless_raw/classroom/motion_resolution/level1/video0.rgb
229,Jorge2,classroom,video0.rgb,/mnt/wdblack2tb/all_sequences_new_lossless_raw/classroom/reference/video0.rgb,classroom:judder_level2,classroom/judder/level2/video0.rgb,judder,level2,/mnt/wdblack2tb/all_sequences_new_lossless_raw/classroom/judder/level2/video0.rgb,classroom:noise_colors_level1,classroom/noise_colors/level1/video0.rgb,noise_colors,level1,/mnt/wdblack2tb/all_sequences_new_lossless_raw/classroom/noise_colors/level1/video0.rgb
230,Jorge2,pink_room,video0.rgb,/mnt/wdblack2tb/all_sequences_new_lossless_raw/pink_room/reference/video0.rgb,pink_room:noise_colors_level0,pink_room/noise_colors/level0/video0.rgb,noise_colors,level0,/mnt/wdblack2tb/all_sequences_new_lossless_raw/pink_room/noise_colors/level0/video0.rgb,pink_room:motion_noise_level1,pink_room/motion_noise/level1/video0.rgb,motion_noise,level1,/mnt/wdblack2tb/all_sequences_new_lossless_raw/pink_room/motion_noise/level1/video0.rgb
231,Jorge2,zeroday,video0.rgb,/mnt/wdblack2tb/all_sequences_new_lossless_raw/zeroday/reference/video0.rgb,zeroday:judder_level0,zeroday/judder/level0/video0.rgb,judder,level0,/mnt/wdblack2tb/all_sequences_new_lossless_raw/zeroday/judder/level0/video0.rgb,zeroday:duration_flicker_level0,zeroday/duration_flicker/level0/video0.rgb,duration_flicker,level0,/mnt/wdblack2tb/all_sequences_new_lossless_raw/zeroday/duration_flicker/level0/video0.rgb
232,Jorge2,zeroday,video0.rgb,/mnt/wdblack2tb/all_sequences_new_lossless_raw/zeroday/reference/video0.rgb,zeroday:judder_level2,zeroday/judder/level2/video0.rgb,judder,level2,/mnt/wdblack2tb/all_sequences_new_lossless_raw/zeroday/judder/level2/video0.rgb,zeroday:noise_colors_level1,zeroday/noise_colors/level1/video0.rgb,noise_colors,level1,/mnt/wdblack2tb/all_sequences_new_lossless_raw/zeroday/noise_colors/level1/video0.rgb
233,Jorge2,classroom,video0.rgb,/mnt/wdblack2tb/all_sequences_new_lossless_raw/classroom/reference/video0.rgb,classroom:noise_colors_level2,classroom/noise_colors/level2/video0.rgb,noise_colors,level2,/mnt/wdblack2tb/all_sequences_new_lossless_raw/classroom/noise_colors/level2/video0.rgb,classroom:noise_colors_level1,classroom/noise_colors/level1/video0.rgb,noise_colors,level1,/mnt/wdblack2tb/all_sequences_new_lossless_raw/classroom/noise_colors/level1/video0.rgb
234,Jorge2,pink_room,video0.rgb,/mnt/wdblack2tb/all_sequences_new_lossless_raw/pink_room/reference/video0.rgb,pink_room:restir_level0,pink_room/restir/level0/video0.rgb,restir,level0,/mnt/wdblack2tb/all_sequences_new_lossless_raw/pink_room/restir/level0/video0.rgb,pink_room:noise_colors_level0,pink_room/noise_colors/level0/video0.rgb,noise_colors,level0,/mnt/wdblack2tb/all_sequences_new_lossless_raw/pink_room/noise_colors/level0/video0.rgb
