SubjectID,TrialIndex,MasterTrialID,TotalTrials,ComparisonType,Scene,LeftMetric,LeftLevel,LeftVideo,RightMetric,RightLevel,RightVideo,ChosenSide,ChosenMetric,ChosenLevel,ChosenVideo,RejectedMetric,RejectedLevel,RejectedVideo,ResponseTime_sec,PresentationFPS
Jorge,1,509,720,INTER-DISTORTION,pink_room,dlss_rr,level1,pink_room_dlss_rr_level1.mp4,motion_resolution,level1,pink_room_motion_resolution_level1.mp4,RIGHT,motion_resolution,level1,pink_room_motion_resolution_level1.mp4,dlss_rr,level1,pink_room_dlss_rr_level1.mp4,2.8708,239.98
Jorge,2,413,720,INTRA-DISTORTION,marbles,noise_colors,level0,marbles_noise_colors_level0.mp4,noise_colors,level1,marbles_noise_colors_level1.mp4,LEFT,noise_colors,level0,marbles_noise_colors_level0.mp4,noise_colors,level1,marbles_noise_colors_level1.mp4,3.2167,239.99
Jorge,3,556,720,INTER-DISTORTION,pink_room,restir,level2,pink_room_restir_level2.mp4,stutter,level2,pink_room_stutter_level2.mp4,RIGHT,stutter,level2,pink_room_stutter_level2.mp4,restir,level2,pink_room_restir_level2.mp4,8.0583,239.99
Jorge,4,52,720,INTER-DISTORTION,attic,motion_noise,level2,attic_motion_noise_level2.mp4,motion_resolution,level2,attic_motion_resolution_level2.mp4,LEFT,motion_noise,level2,attic_motion_noise_level2.mp4,motion_resolution,level2,attic_motion_resolution_level2.mp4,2.9542,240.0
Jorge,5,428,720,INTER-DISTORTION,marbles,dlss_rr,level2,marbles_dlss_rr_level2.mp4,motion_noise,level2,marbles_motion_noise_level2.mp4,RIGHT,motion_noise,level2,marbles_motion_noise_level2.mp4,dlss_rr,level2,marbles_dlss_rr_level2.mp4,4.8417,239.99
Jorge,6,668,720,INTER-DISTORTION,zeroday,motion_noise,level2,zeroday_motion_noise_level2.mp4,dlss_rr,level2,zeroday_dlss_rr_level2.mp4,LEFT,motion_noise,level2,zeroday_motion_noise_level2.mp4,dlss_rr,level2,zeroday_dlss_rr_level2.mp4,4.8042,240.0
Jorge,7,567,720,INTRA-DISTORTION,subway,motion_noise,level1,subway_motion_noise_level1.mp4,motion_noise,level0,subway_motion_noise_level0.mp4,LEFT,motion_noise,level1,subway_motion_noise_level1.mp4,motion_noise,level0,subway_motion_noise_level0.mp4,5.525,239.98
Jorge,8,460,720,INTER-DISTORTION,marbles,temporal-resolution-multiplexing,level2,marbles_temporal-resolution-multiplexing_level2.mp4,motion_noise,level2,marbles_motion_noise_level2.mp4,RIGHT,motion_noise,level2,marbles_motion_noise_level2.mp4,temporal-resolution-multiplexing,level2,marbles_temporal-resolution-multiplexing_level2.mp4,3.3583,240.01
Jorge,9,127,720,INTER-DISTORTION,bistro_exterior,stutter,level1,bistro_exterior_stutter_level1.mp4,judder,level1,bistro_exterior_judder_level1.mp4,LEFT,stutter,level1,bistro_exterior_stutter_level1.mp4,judder,level1,bistro_exterior_judder_level1.mp4,6.3958,239.99
Jorge,10,682,720,INTER-DISTORTION,zeroday,motion_resolution,level2,zeroday_motion_resolution_level2.mp4,judder,level2,zeroday_judder_level2.mp4,RIGHT,judder,level2,zeroday_judder_level2.mp4,motion_resolution,level2,zeroday_motion_resolution_level2.mp4,1.9583,239.99
Jorge,11,462,720,INTER-DISTORTION,marbles,noise_colors,level2,marbles_noise_colors_level2.mp4,motion_resolution,level2,marbles_motion_resolution_level2.mp4,LEFT,noise_colors,level2,marbles_noise_colors_level2.mp4,motion_resolution,level2,marbles_motion_resolution_level2.mp4,7.775,240.0
Jorge,12,19,720,INTRA-DISTORTION,attic,stutter,level0,attic_stutter_level0.mp4,stutter,level1,attic_stutter_level1.mp4,RIGHT,stutter,level1,attic_stutter_level1.mp4,stutter,level0,attic_stutter_level0.mp4,5.6958,240.0
Jorge,13,489,720,INTRA-DISTORTION,pink_room,motion_noise,level2,pink_room_motion_noise_level2.mp4,motion_noise,level0,pink_room_motion_noise_level0.mp4,RIGHT,motion_noise,level0,pink_room_motion_noise_level0.mp4,motion_noise,level2,pink_room_motion_noise_level2.mp4,4.075,239.99
Jorge,14,523,720,INTER-DISTORTION,pink_room,judder,level1,pink_room_judder_level1.mp4,noise_colors,level1,pink_room_noise_colors_level1.mp4,LEFT,judder,level1,pink_room_judder_level1.mp4,noise_colors,level1,pink_room_noise_colors_level1.mp4,3.2958,240.02
Jorge,15,270,720,INTER-DISTORTION,classroom,dlss_rr,level2,classroom_dlss_rr_level2.mp4,motion_resolution,level2,classroom_motion_resolution_level2.mp4,LEFT,dlss_rr,level2,classroom_dlss_rr_level2.mp4,motion_resolution,level2,classroom_motion_resolution_level2.mp4,4.4458,239.99
Jorge,16,542,720,INTER-DISTORTION,pink_room,noise_colors,level2,pink_room_noise_colors_level2.mp4,motion_resolution,level2,pink_room_motion_resolution_level2.mp4,LEFT,noise_colors,level2,pink_room_noise_colors_level2.mp4,motion_resolution,level2,pink_room_motion_resolution_level2.mp4,5.8125,239.99
Jorge,17,252,720,INTRA-DISTORTION,classroom,motion_resolution,level2,classroom_motion_resolution_level2.mp4,motion_resolution,level0,classroom_motion_resolution_level0.mp4,RIGHT,motion_resolution,level0,classroom_motion_resolution_level0.mp4,motion_resolution,level2,classroom_motion_resolution_level2.mp4,3.6,239.99
Jorge,18,553,720,INTER-DISTORTION,pink_room,temporal-resolution-multiplexing,level1,pink_room_temporal-resolution-multiplexing_level1.mp4,noise_colors,level1,pink_room_noise_colors_level1.mp4,LEFT,temporal-resolution-multiplexing,level1,pink_room_temporal-resolution-multiplexing_level1.mp4,noise_colors,level1,pink_room_noise_colors_level1.mp4,3.5458,239.99
Jorge,19,163,720,INTRA-DISTORTION,bistro_interior,dlss_rr,level0,bistro_interior_dlss_rr_level0.mp4,dlss_rr,level2,bistro_interior_dlss_rr_level2.mp4,LEFT,dlss_rr,level0,bistro_interior_dlss_rr_level0.mp4,dlss_rr,level2,bistro_interior_dlss_rr_level2.mp4,6.1917,239.99
Jorge,20,66,720,INTER-DISTORTION,attic,stutter,level2,attic_stutter_level2.mp4,motion_resolution,level2,attic_motion_resolution_level2.mp4,LEFT,stutter,level2,attic_stutter_level2.mp4,motion_resolution,level2,attic_motion_resolution_level2.mp4,4.8125,240.0
Jorge,21,153,720,INTER-DISTORTION,bistro_exterior,noise_colors,level1,bistro_exterior_noise_colors_level1.mp4,temporal-resolution-multiplexing,level1,bistro_exterior_temporal-resolution-multiplexing_level1.mp4,LEFT,noise_colors,level1,bistro_exterior_noise_colors_level1.mp4,temporal-resolution-multiplexing,level1,bistro_exterior_temporal-resolution-multiplexing_level1.mp4,8.5208,239.99
Jorge,22,687,720,INTER-DISTORTION,zeroday,stutter,level1,zeroday_stutter_level1.mp4,judder,level1,zeroday_judder_level1.mp4,RIGHT,judder,level1,zeroday_judder_level1.mp4,stutter,level1,zeroday_stutter_level1.mp4,7.9333,240.0
Jorge,23,615,720,INTER-DISTORTION,subway,restir,level1,subway_restir_level1.mp4,motion_noise,level1,subway_motion_noise_level1.mp4,RIGHT,motion_noise,level1,subway_motion_noise_level1.mp4,restir,level1,subway_restir_level1.mp4,2.9833,239.98
Jorge,24,588,720,INTER-DISTORTION,subway,dlss_rr,level2,subway_dlss_rr_level2.mp4,motion_noise,level2,subway_motion_noise_level2.mp4,LEFT,dlss_rr,level2,subway_dlss_rr_level2.mp4,motion_noise,level2,subway_motion_noise_level2.mp4,6.6083,239.99
Jorge,25,430,720,INTER-DISTORTION,marbles,motion_resolution,level2,marbles_motion_resolution_level2.mp4,dlss_rr,level2,marbles_dlss_rr_level2.mp4,RIGHT,dlss_rr,level2,marbles_dlss_rr_level2.mp4,motion_resolution,level2,marbles_motion_resolution_level2.mp4,4.5292,239.98
Jorge,26,226,720,INTER-DISTORTION,bistro_interior,stutter,level2,bistro_interior_stutter_level2.mp4,motion_resolution,level2,bistro_interior_motion_resolution_level2.mp4,LEFT,stutter,level2,bistro_interior_stutter_level2.mp4,motion_resolution,level2,bistro_interior_motion_resolution_level2.mp4,4.6625,240.0
Jorge,27,148,720,INTER-DISTORTION,bistro_exterior,motion_resolution,level2,bistro_exterior_motion_resolution_level2.mp4,temporal-resolution-multiplexing,level2,bistro_exterior_temporal-resolution-multiplexing_level2.mp4,RIGHT,temporal-resolution-multiplexing,level2,bistro_exterior_temporal-resolution-multiplexing_level2.mp4,motion_resolution,level2,bistro_exterior_motion_resolution_level2.mp4,7.6494,239.86
Jorge,28,547,720,INTER-DISTORTION,pink_room,temporal-resolution-multiplexing,level1,pink_room_temporal-resolution-multiplexing_level1.mp4,motion_resolution,level1,pink_room_motion_resolution_level1.mp4,LEFT,temporal-resolution-multiplexing,level1,pink_room_temporal-resolution-multiplexing_level1.mp4,motion_resolution,level1,pink_room_motion_resolution_level1.mp4,7.375,240.0
Jorge,29,683,720,INTER-DISTORTION,zeroday,judder,level1,zeroday_judder_level1.mp4,noise_colors,level1,zeroday_noise_colors_level1.mp4,LEFT,judder,level1,zeroday_judder_level1.mp4,noise_colors,level1,zeroday_noise_colors_level1.mp4,7.2417,239.99
Jorge,30,598,720,INTER-DISTORTION,subway,temporal-resolution-multiplexing,level2,subway_temporal-resolution-multiplexing_level2.mp4,dlss_rr,level2,subway_dlss_rr_level2.mp4,RIGHT,dlss_rr,level2,subway_dlss_rr_level2.mp4,temporal-resolution-multiplexing,level2,subway_temporal-resolution-multiplexing_level2.mp4,5.5792,240.01
Jorge,31,144,720,INTER-DISTORTION,bistro_exterior,restir,level2,bistro_exterior_restir_level2.mp4,motion_resolution,level2,bistro_exterior_motion_resolution_level2.mp4,LEFT,restir,level2,bistro_exterior_restir_level2.mp4,motion_resolution,level2,bistro_exterior_motion_resolution_level2.mp4,5.9792,239.98
Jorge,32,596,720,INTER-DISTORTION,subway,stutter,level2,subway_stutter_level2.mp4,dlss_rr,level2,subway_dlss_rr_level2.mp4,RIGHT,dlss_rr,level2,subway_dlss_rr_level2.mp4,stutter,level2,subway_stutter_level2.mp4,3.8,240.01
Jorge,33,717,720,INTER-DISTORTION,zeroday,restir,level1,zeroday_restir_level1.mp4,temporal-resolution-multiplexing,level1,zeroday_temporal-resolution-multiplexing_level1.mp4,RIGHT,temporal-resolution-multiplexing,level1,zeroday_temporal-resolution-multiplexing_level1.mp4,restir,level1,zeroday_restir_level1.mp4,7.8468,239.94
Jorge,34,237,720,INTER-DISTORTION,bistro_interior,restir,level1,bistro_interior_restir_level1.mp4,temporal-resolution-multiplexing,level1,bistro_interior_temporal-resolution-multiplexing_level1.mp4,RIGHT,temporal-resolution-multiplexing,level1,bistro_interior_temporal-resolution-multiplexing_level1.mp4,restir,level1,bistro_interior_restir_level1.mp4,3.9083,239.99
Jorge,35,175,720,INTRA-DISTORTION,bistro_interior,noise_colors,level0,bistro_interior_noise_colors_level0.mp4,noise_colors,level2,bistro_interior_noise_colors_level2.mp4,LEFT,noise_colors,level0,bistro_interior_noise_colors_level0.mp4,noise_colors,level2,bistro_interior_noise_colors_level2.mp4,5.7339,239.95
Jorge,36,264,720,INTRA-DISTORTION,classroom,temporal-resolution-multiplexing,level0,classroom_temporal-resolution-multiplexing_level0.mp4,temporal-resolution-multiplexing,level2,classroom_temporal-resolution-multiplexing_level2.mp4,LEFT,temporal-resolution-multiplexing,level0,classroom_temporal-resolution-multiplexing_level0.mp4,temporal-resolution-multiplexing,level2,classroom_temporal-resolution-multiplexing_level2.mp4,3.6,239.99
Jorge,37,528,720,INTER-DISTORTION,pink_room,stutter,level2,pink_room_stutter_level2.mp4,judder,level2,pink_room_judder_level2.mp4,RIGHT,judder,level2,pink_room_judder_level2.mp4,stutter,level2,pink_room_stutter_level2.mp4,6.9083,240.0
Jorge,38,183,720,INTRA-DISTORTION,bistro_interior,temporal-resolution-multiplexing,level1,bistro_interior_temporal-resolution-multiplexing_level1.mp4,temporal-resolution-multiplexing,level2,bistro_interior_temporal-resolution-multiplexing_level2.mp4,LEFT,temporal-resolution-multiplexing,level1,bistro_interior_temporal-resolution-multiplexing_level1.mp4,temporal-resolution-multiplexing,level2,bistro_interior_temporal-resolution-multiplexing_level2.mp4,2.8542,240.0
Jorge,39,212,720,INTER-DISTORTION,bistro_interior,motion_resolution,level2,bistro_interior_motion_resolution_level2.mp4,motion_noise,level2,bistro_interior_motion_noise_level2.mp4,RIGHT,motion_noise,level2,bistro_interior_motion_noise_level2.mp4,motion_resolution,level2,bistro_interior_motion_resolution_level2.mp4,3.1458,239.99
Jorge,40,443,720,INTER-DISTORTION,marbles,noise_colors,level1,marbles_noise_colors_level1.mp4,judder,level1,marbles_judder_level1.mp4,RIGHT,judder,level1,marbles_judder_level1.mp4,noise_colors,level1,marbles_noise_colors_level1.mp4,5.1542,240.0
Jorge,41,645,720,INTRA-DISTORTION,zeroday,judder,level2,zeroday_judder_level2.mp4,judder,level1,zeroday_judder_level1.mp4,RIGHT,judder,level1,zeroday_judder_level1.mp4,judder,level2,zeroday_judder_level2.mp4,6.4917,239.99
Jorge,42,449,720,INTER-DISTORTION,marbles,temporal-resolution-multiplexing,level1,marbles_temporal-resolution-multiplexing_level1.mp4,judder,level1,marbles_judder_level1.mp4,RIGHT,judder,level1,marbles_judder_level1.mp4,temporal-resolution-multiplexing,level1,marbles_temporal-resolution-multiplexing_level1.mp4,4.2042,240.0
Jorge,43,185,720,INTER-DISTORTION,bistro_interior,judder,level1,bistro_interior_judder_level1.mp4,dlss_rr,level1,bistro_interior_dlss_rr_level1.mp4,LEFT,judder,level1,bistro_interior_judder_level1.mp4,dlss_rr,level1,bistro_interior_dlss_rr_level1.mp4,4.0667,240.1
Jorge,44,401,720,INTRA-DISTORTION,marbles,dlss_rr,level0,marbles_dlss_rr_level0.mp4,dlss_rr,level1,marbles_dlss_rr_level1.mp4,LEFT,dlss_rr,level0,marbles_dlss_rr_level0.mp4,dlss_rr,level1,marbles_dlss_rr_level1.mp4,3.6542,240.0
Jorge,45,539,720,INTER-DISTORTION,pink_room,temporal-resolution-multiplexing,level1,pink_room_temporal-resolution-multiplexing_level1.mp4,motion_noise,level1,pink_room_motion_noise_level1.mp4,RIGHT,motion_noise,level1,pink_room_motion_noise_level1.mp4,temporal-resolution-multiplexing,level1,pink_room_temporal-resolution-multiplexing_level1.mp4,7.3417,240.0
Jorge,46,513,720,INTER-DISTORTION,pink_room,dlss_rr,level1,pink_room_dlss_rr_level1.mp4,restir,level1,pink_room_restir_level1.mp4,LEFT,dlss_rr,level1,pink_room_dlss_rr_level1.mp4,restir,level1,pink_room_restir_level1.mp4,8.375,240.0
Jorge,47,349,720,INTER-DISTORTION,landscape,motion_resolution,level1,landscape_motion_resolution_level1.mp4,dlss_rr,level1,landscape_dlss_rr_level1.mp4,LEFT,motion_resolution,level1,landscape_motion_resolution_level1.mp4,dlss_rr,level1,landscape_dlss_rr_level1.mp4,5.1833,239.99
Jorge,48,160,720,INTER-DISTORTION,bistro_exterior,stutter,level2,bistro_exterior_stutter_level2.mp4,temporal-resolution-multiplexing,level2,bistro_exterior_temporal-resolution-multiplexing_level2.mp4,LEFT,stutter,level2,bistro_exterior_stutter_level2.mp4,temporal-resolution-multiplexing,level2,bistro_exterior_temporal-resolution-multiplexing_level2.mp4,7.8792,239.99
Jorge,49,662,720,INTRA-DISTORTION,zeroday,temporal-resolution-multiplexing,level0,zeroday_temporal-resolution-multiplexing_level0.mp4,temporal-resolution-multiplexing,level1,zeroday_temporal-resolution-multiplexing_level1.mp4,LEFT,temporal-resolution-multiplexing,level0,zeroday_temporal-resolution-multiplexing_level0.mp4,temporal-resolution-multiplexing,level1,zeroday_temporal-resolution-multiplexing_level1.mp4,3.2833,239.97
Jorge,50,268,720,INTER-DISTORTION,classroom,motion_noise,level2,classroom_motion_noise_level2.mp4,dlss_rr,level2,classroom_dlss_rr_level2.mp4,LEFT,motion_noise,level2,classroom_motion_noise_level2.mp4,dlss_rr,level2,classroom_dlss_rr_level2.mp4,5.0625,240.0
Jorge,51,379,720,INTER-DISTORTION,landscape,motion_noise,level1,landscape_motion_noise_level1.mp4,temporal-resolution-multiplexing,level1,landscape_temporal-resolution-multiplexing_level1.mp4,LEFT,motion_noise,level1,landscape_motion_noise_level1.mp4,temporal-resolution-multiplexing,level1,landscape_temporal-resolution-multiplexing_level1.mp4,2.9667,239.99
Jorge,52,651,720,INTRA-DISTORTION,zeroday,motion_resolution,level1,zeroday_motion_resolution_level1.mp4,motion_resolution,level2,zeroday_motion_resolution_level2.mp4,LEFT,motion_resolution,level1,zeroday_motion_resolution_level1.mp4,motion_resolution,level2,zeroday_motion_resolution_level2.mp4,2.6542,239.99
Jorge,53,214,720,INTER-DISTORTION,bistro_interior,motion_noise,level2,bistro_interior_motion_noise_level2.mp4,noise_colors,level2,bistro_interior_noise_colors_level2.mp4,RIGHT,noise_colors,level2,bistro_interior_noise_colors_level2.mp4,motion_noise,level2,bistro_interior_motion_noise_level2.mp4,2.9917,239.98
Jorge,54,560,720,INTER-DISTORTION,pink_room,stutter,level2,pink_room_stutter_level2.mp4,temporal-resolution-multiplexing,level2,pink_room_temporal-resolution-multiplexing_level2.mp4,RIGHT,temporal-resolution-multiplexing,level2,pink_room_temporal-resolution-multiplexing_level2.mp4,stutter,level2,pink_room_stutter_level2.mp4,5.4917,240.02
Jorge,55,705,720,INTER-DISTORTION,zeroday,motion_resolution,level1,zeroday_motion_resolution_level1.mp4,stutter,level1,zeroday_stutter_level1.mp4,RIGHT,stutter,level1,zeroday_stutter_level1.mp4,motion_resolution,level1,zeroday_motion_resolution_level1.mp4,3.1625,239.99
Jorge,56,647,720,INTRA-DISTORTION,zeroday,motion_noise,level1,zeroday_motion_noise_level1.mp4,motion_noise,level0,zeroday_motion_noise_level0.mp4,LEFT,motion_noise,level1,zeroday_motion_noise_level1.mp4,motion_noise,level0,zeroday_motion_noise_level0.mp4,5.2542,240.01
Jorge,57,703,720,INTER-DISTORTION,zeroday,restir,level1,zeroday_restir_level1.mp4,motion_resolution,level1,zeroday_motion_resolution_level1.mp4,LEFT,restir,level1,zeroday_restir_level1.mp4,motion_resolution,level1,zeroday_motion_resolution_level1.mp4,4.5,239.99
Jorge,58,459,720,INTER-DISTORTION,marbles,motion_noise,level1,marbles_motion_noise_level1.mp4,temporal-resolution-multiplexing,level1,marbles_temporal-resolution-multiplexing_level1.mp4,LEFT,motion_noise,level1,marbles_motion_noise_level1.mp4,temporal-resolution-multiplexing,level1,marbles_temporal-resolution-multiplexing_level1.mp4,3.4375,240.0
Jorge,59,465,720,INTER-DISTORTION,marbles,motion_resolution,level1,marbles_motion_resolution_level1.mp4,stutter,level1,marbles_stutter_level1.mp4,RIGHT,stutter,level1,marbles_stutter_level1.mp4,motion_resolution,level1,marbles_motion_resolution_level1.mp4,4.0667,240.0
Jorge,60,532,720,INTER-DISTORTION,pink_room,motion_resolution,level2,pink_room_motion_resolution_level2.mp4,motion_noise,level2,pink_room_motion_noise_level2.mp4,RIGHT,motion_noise,level2,pink_room_motion_noise_level2.mp4,motion_resolution,level2,pink_room_motion_resolution_level2.mp4,3.6208,240.0
Jorge,61,571,720,INTRA-DISTORTION,subway,motion_resolution,level1,subway_motion_resolution_level1.mp4,motion_resolution,level2,subway_motion_resolution_level2.mp4,LEFT,motion_resolution,level1,subway_motion_resolution_level1.mp4,motion_resolution,level2,subway_motion_resolution_level2.mp4,6.4208,239.99
Jorge,62,216,720,INTER-DISTORTION,bistro_interior,restir,level2,bistro_interior_restir_level2.mp4,motion_noise,level2,bistro_interior_motion_noise_level2.mp4,RIGHT,motion_noise,level2,bistro_interior_motion_noise_level2.mp4,restir,level2,bistro_interior_restir_level2.mp4,2.8292,240.0
Jorge,63,169,720,INTRA-DISTORTION,bistro_interior,motion_noise,level0,bistro_interior_motion_noise_level0.mp4,motion_noise,level2,bistro_interior_motion_noise_level2.mp4,LEFT,motion_noise,level0,bistro_interior_motion_noise_level0.mp4,motion_noise,level2,bistro_interior_motion_noise_level2.mp4,4.0583,240.0
Jorge,64,329,720,INTRA-DISTORTION,landscape,motion_noise,level0,landscape_motion_noise_level0.mp4,motion_noise,level2,landscape_motion_noise_level2.mp4,LEFT,motion_noise,level0,landscape_motion_noise_level0.mp4,motion_noise,level2,landscape_motion_noise_level2.mp4,7.9958,240.0
Jorge,65,697,720,INTER-DISTORTION,zeroday,stutter,level1,zeroday_stutter_level1.mp4,motion_noise,level1,zeroday_motion_noise_level1.mp4,LEFT,stutter,level1,zeroday_stutter_level1.mp4,motion_noise,level1,zeroday_motion_noise_level1.mp4,6.2417,239.99
Jorge,66,464,720,INTER-DISTORTION,marbles,motion_resolution,level2,marbles_motion_resolution_level2.mp4,restir,level2,marbles_restir_level2.mp4,RIGHT,restir,level2,marbles_restir_level2.mp4,motion_resolution,level2,marbles_motion_resolution_level2.mp4,4.2083,239.99
Jorge,67,424,720,INTRA-DISTORTION,marbles,temporal-resolution-multiplexing,level2,marbles_temporal-resolution-multiplexing_level2.mp4,temporal-resolution-multiplexing,level0,marbles_temporal-resolution-multiplexing_level0.mp4,RIGHT,temporal-resolution-multiplexing,level0,marbles_temporal-resolution-multiplexing_level0.mp4,temporal-resolution-multiplexing,level2,marbles_temporal-resolution-multiplexing_level2.mp4,3.3417,239.99
Jorge,68,587,720,INTER-DISTORTION,subway,dlss_rr,level1,subway_dlss_rr_level1.mp4,motion_noise,level1,subway_motion_noise_level1.mp4,LEFT,dlss_rr,level1,subway_dlss_rr_level1.mp4,motion_noise,level1,subway_motion_noise_level1.mp4,3.6333,240.0
Jorge,69,134,720,INTER-DISTORTION,bistro_exterior,noise_colors,level2,bistro_exterior_noise_colors_level2.mp4,motion_noise,level2,bistro_exterior_motion_noise_level2.mp4,RIGHT,motion_noise,level2,bistro_exterior_motion_noise_level2.mp4,noise_colors,level2,bistro_exterior_noise_colors_level2.mp4,5.65,239.99
Jorge,70,383,720,INTER-DISTORTION,landscape,restir,level1,landscape_restir_level1.mp4,motion_resolution,level1,landscape_motion_resolution_level1.mp4,LEFT,restir,level1,landscape_restir_level1.mp4,motion_resolution,level1,landscape_motion_resolution_level1.mp4,4.2125,240.02
Jorge,71,35,720,INTER-DISTORTION,attic,dlss_rr,level1,attic_dlss_rr_level1.mp4,stutter,level1,attic_stutter_level1.mp4,RIGHT,stutter,level1,attic_stutter_level1.mp4,dlss_rr,level1,attic_dlss_rr_level1.mp4,4.7625,239.99
Jorge,72,436,720,INTER-DISTORTION,marbles,stutter,level2,marbles_stutter_level2.mp4,dlss_rr,level2,marbles_dlss_rr_level2.mp4,RIGHT,dlss_rr,level2,marbles_dlss_rr_level2.mp4,stutter,level2,marbles_stutter_level2.mp4,3.4583,240.0
Jorge,73,84,720,INTRA-DISTORTION,bistro_exterior,judder,level0,bistro_exterior_judder_level0.mp4,judder,level1,bistro_exterior_judder_level1.mp4,RIGHT,judder,level1,bistro_exterior_judder_level1.mp4,judder,level0,bistro_exterior_judder_level0.mp4,5.3042,240.01
Jorge,74,554,720,INTER-DISTORTION,pink_room,temporal-resolution-multiplexing,level2,pink_room_temporal-resolution-multiplexing_level2.mp4,noise_colors,level2,pink_room_noise_colors_level2.mp4,RIGHT,noise_colors,level2,pink_room_noise_colors_level2.mp4,temporal-resolution-multiplexing,level2,pink_room_temporal-resolution-multiplexing_level2.mp4,5.9583,240.0
Jorge,75,629,720,INTER-DISTORTION,subway,restir,level1,subway_restir_level1.mp4,noise_colors,level1,subway_noise_colors_level1.mp4,RIGHT,noise_colors,level1,subway_noise_colors_level1.mp4,restir,level1,subway_restir_level1.mp4,2.7583,239.97
Jorge,76,71,720,INTER-DISTORTION,attic,stutter,level1,attic_stutter_level1.mp4,noise_colors,level1,attic_noise_colors_level1.mp4,LEFT,stutter,level1,attic_stutter_level1.mp4,noise_colors,level1,attic_noise_colors_level1.mp4,3.6542,239.99
Jorge,77,650,720,INTRA-DISTORTION,zeroday,motion_resolution,level1,zeroday_motion_resolution_level1.mp4,motion_resolution,level0,zeroday_motion_resolution_level0.mp4,RIGHT,motion_resolution,level0,zeroday_motion_resolution_level0.mp4,motion_resolution,level1,zeroday_motion_resolution_level1.mp4,4.2292,239.98
Jorge,78,689,720,INTER-DISTORTION,zeroday,judder,level1,zeroday_judder_level1.mp4,temporal-resolution-multiplexing,level1,zeroday_temporal-resolution-multiplexing_level1.mp4,LEFT,judder,level1,zeroday_judder_level1.mp4,temporal-resolution-multiplexing,level1,zeroday_temporal-resolution-multiplexing_level1.mp4,4.625,239.99
Jorge,79,280,720,INTER-DISTORTION,classroom,motion_noise,level2,classroom_motion_noise_level2.mp4,judder,level2,classroom_judder_level2.mp4,LEFT,motion_noise,level2,classroom_motion_noise_level2.mp4,judder,level2,classroom_judder_level2.mp4,6.4375,240.01
Jorge,80,198,720,INTER-DISTORTION,bistro_interior,temporal-resolution-multiplexing,level2,bistro_interior_temporal-resolution-multiplexing_level2.mp4,dlss_rr,level2,bistro_interior_dlss_rr_level2.mp4,LEFT,temporal-resolution-multiplexing,level2,bistro_interior_temporal-resolution-multiplexing_level2.mp4,dlss_rr,level2,bistro_interior_dlss_rr_level2.mp4,3.6417,240.0
Jorge,81,698,720,INTER-DISTORTION,zeroday,stutter,level2,zeroday_stutter_level2.mp4,motion_noise,level2,zeroday_motion_noise_level2.mp4,RIGHT,motion_noise,level2,zeroday_motion_noise_level2.mp4,stutter,level2,zeroday_stutter_level2.mp4,3.8792,239.97
Jorge,82,51,720,INTER-DISTORTION,attic,motion_resolution,level1,attic_motion_resolution_level1.mp4,motion_noise,level1,attic_motion_noise_level1.mp4,RIGHT,motion_noise,level1,attic_motion_noise_level1.mp4,motion_resolution,level1,attic_motion_resolution_level1.mp4,2.9667,240.0
Jorge,83,266,720,INTER-DISTORTION,classroom,dlss_rr,level2,classroom_dlss_rr_level2.mp4,judder,level2,classroom_judder_level2.mp4,LEFT,dlss_rr,level2,classroom_dlss_rr_level2.mp4,judder,level2,classroom_judder_level2.mp4,4.5583,239.99
Jorge,84,141,720,INTER-DISTORTION,bistro_exterior,motion_resolution,level1,bistro_exterior_motion_resolution_level1.mp4,noise_colors,level1,bistro_exterior_noise_colors_level1.mp4,RIGHT,noise_colors,level1,bistro_exterior_noise_colors_level1.mp4,motion_resolution,level1,bistro_exterior_motion_resolution_level1.mp4,3.4083,240.02
Jorge,85,135,720,INTER-DISTORTION,bistro_exterior,motion_noise,level1,bistro_exterior_motion_noise_level1.mp4,restir,level1,bistro_exterior_restir_level1.mp4,LEFT,motion_noise,level1,bistro_exterior_motion_noise_level1.mp4,restir,level1,bistro_exterior_restir_level1.mp4,5.1458,239.99
Jorge,86,67,720,INTER-DISTORTION,attic,motion_resolution,level1,attic_motion_resolution_level1.mp4,temporal-resolution-multiplexing,level1,attic_temporal-resolution-multiplexing_level1.mp4,LEFT,motion_resolution,level1,attic_motion_resolution_level1.mp4,temporal-resolution-multiplexing,level1,attic_temporal-resolution-multiplexing_level1.mp4,6.4667,240.0
Jorge,87,131,720,INTER-DISTORTION,bistro_exterior,motion_resolution,level1,bistro_exterior_motion_resolution_level1.mp4,motion_noise,level1,bistro_exterior_motion_noise_level1.mp4,RIGHT,motion_noise,level1,bistro_exterior_motion_noise_level1.mp4,motion_resolution,level1,bistro_exterior_motion_resolution_level1.mp4,3.8375,239.98
Jorge,88,484,720,INTRA-DISTORTION,pink_room,judder,level1,pink_room_judder_level1.mp4,judder,level0,pink_room_judder_level0.mp4,LEFT,judder,level1,pink_room_judder_level1.mp4,judder,level0,pink_room_judder_level0.mp4,5.4042,240.0
Jorge,89,654,720,INTRA-DISTORTION,zeroday,noise_colors,level2,zeroday_noise_colors_level2.mp4,noise_colors,level1,zeroday_noise_colors_level1.mp4,LEFT,noise_colors,level2,zeroday_noise_colors_level2.mp4,noise_colors,level1,zeroday_noise_colors_level1.mp4,7.8375,239.99
Jorge,90,496,720,INTRA-DISTORTION,pink_room,restir,level0,pink_room_restir_level0.mp4,restir,level1,pink_room_restir_level1.mp4,LEFT,restir,level0,pink_room_restir_level0.mp4,restir,level1,pink_room_restir_level1.mp4,5.2625,240.0
Jorge,91,292,720,INTER-DISTORTION,classroom,motion_resolution,level2,classroom_motion_resolution_level2.mp4,motion_noise,level2,classroom_motion_noise_level2.mp4,RIGHT,motion_noise,level2,classroom_motion_noise_level2.mp4,motion_resolution,level2,classroom_motion_resolution_level2.mp4,3.875,239.98
Jorge,92,583,720,INTRA-DISTORTION,subway,temporal-resolution-multiplexing,level2,subway_temporal-resolution-multiplexing_level2.mp4,temporal-resolution-multiplexing,level1,subway_temporal-resolution-multiplexing_level1.mp4,RIGHT,temporal-resolution-multiplexing,level1,subway_temporal-resolution-multiplexing_level1.mp4,temporal-resolution-multiplexing,level2,subway_temporal-resolution-multiplexing_level2.mp4,6.6417,240.01
Jorge,93,259,720,INTRA-DISTORTION,classroom,stutter,level1,classroom_stutter_level1.mp4,stutter,level0,classroom_stutter_level0.mp4,RIGHT,stutter,level0,classroom_stutter_level0.mp4,stutter,level1,classroom_stutter_level1.mp4,6.6708,240.0
Jorge,94,68,720,INTER-DISTORTION,attic,temporal-resolution-multiplexing,level2,attic_temporal-resolution-multiplexing_level2.mp4,motion_resolution,level2,attic_motion_resolution_level2.mp4,LEFT,temporal-resolution-multiplexing,level2,attic_temporal-resolution-multiplexing_level2.mp4,motion_resolution,level2,attic_motion_resolution_level2.mp4,7.7792,240.0
Jorge,95,296,720,INTER-DISTORTION,classroom,restir,level2,classroom_restir_level2.mp4,motion_noise,level2,classroom_motion_noise_level2.mp4,RIGHT,motion_noise,level2,classroom_motion_noise_level2.mp4,restir,level2,classroom_restir_level2.mp4,4.225,239.99
Jorge,96,102,720,INTRA-DISTORTION,bistro_exterior,temporal-resolution-multiplexing,level0,bistro_exterior_temporal-resolution-multiplexing_level0.mp4,temporal-resolution-multiplexing,level1,bistro_exterior_temporal-resolution-multiplexing_level1.mp4,LEFT,temporal-resolution-multiplexing,level0,bistro_exterior_temporal-resolution-multiplexing_level0.mp4,temporal-resolution-multiplexing,level1,bistro_exterior_temporal-resolution-multiplexing_level1.mp4,5.0042,240.0
Jorge,97,86,720,INTRA-DISTORTION,bistro_exterior,judder,level0,bistro_exterior_judder_level0.mp4,judder,level2,bistro_exterior_judder_level2.mp4,LEFT,judder,level0,bistro_exterior_judder_level0.mp4,judder,level2,bistro_exterior_judder_level2.mp4,5.6667,240.0
Jorge,98,114,720,INTER-DISTORTION,bistro_exterior,dlss_rr,level2,bistro_exterior_dlss_rr_level2.mp4,restir,level2,bistro_exterior_restir_level2.mp4,RIGHT,restir,level2,bistro_exterior_restir_level2.mp4,dlss_rr,level2,bistro_exterior_dlss_rr_level2.mp4,7.4708,240.0
Jorge,99,274,720,INTER-DISTORTION,classroom,restir,level2,classroom_restir_level2.mp4,dlss_rr,level2,classroom_dlss_rr_level2.mp4,RIGHT,dlss_rr,level2,classroom_dlss_rr_level2.mp4,restir,level2,classroom_restir_level2.mp4,4.7833,240.0
Jorge,100,434,720,INTER-DISTORTION,marbles,restir,level2,marbles_restir_level2.mp4,dlss_rr,level2,marbles_dlss_rr_level2.mp4,RIGHT,dlss_rr,level2,marbles_dlss_rr_level2.mp4,restir,level2,marbles_restir_level2.mp4,3.275,240.0
Jorge,101,59,720,INTER-DISTORTION,attic,temporal-resolution-multiplexing,level1,attic_temporal-resolution-multiplexing_level1.mp4,motion_noise,level1,attic_motion_noise_level1.mp4,RIGHT,motion_noise,level1,attic_motion_noise_level1.mp4,temporal-resolution-multiplexing,level1,attic_temporal-resolution-multiplexing_level1.mp4,2.8375,239.98
Jorge,102,156,720,INTER-DISTORTION,bistro_exterior,restir,level2,bistro_exterior_restir_level2.mp4,stutter,level2,bistro_exterior_stutter_level2.mp4,LEFT,restir,level2,bistro_exterior_restir_level2.mp4,stutter,level2,bistro_exterior_stutter_level2.mp4,2.8458,240.0
Jorge,103,181,720,INTRA-DISTORTION,bistro_interior,stutter,level2,bistro_interior_stutter_level2.mp4,stutter,level0,bistro_interior_stutter_level0.mp4,RIGHT,stutter,level0,bistro_interior_stutter_level0.mp4,stutter,level2,bistro_interior_stutter_level2.mp4,3.7292,239.98
Jorge,104,330,720,INTRA-DISTORTION,landscape,motion_resolution,level0,landscape_motion_resolution_level0.mp4,motion_resolution,level1,landscape_motion_resolution_level1.mp4,LEFT,motion_resolution,level0,landscape_motion_resolution_level0.mp4,motion_resolution,level1,landscape_motion_resolution_level1.mp4,2.9458,239.99
Jorge,105,638,720,INTER-DISTORTION,subway,restir,level2,subway_restir_level2.mp4,temporal-resolution-multiplexing,level2,subway_temporal-resolution-multiplexing_level2.mp4,RIGHT,temporal-resolution-multiplexing,level2,subway_temporal-resolution-multiplexing_level2.mp4,restir,level2,subway_restir_level2.mp4,2.8583,239.98
Jorge,106,176,720,INTRA-DISTORTION,bistro_interior,restir,level0,bistro_interior_restir_level0.mp4,restir,level1,bistro_interior_restir_level1.mp4,LEFT,restir,level0,bistro_interior_restir_level0.mp4,restir,level1,bistro_interior_restir_level1.mp4,6.6375,240.0
Jorge,107,704,720,INTER-DISTORTION,zeroday,motion_resolution,level2,zeroday_motion_resolution_level2.mp4,restir,level2,zeroday_restir_level2.mp4,RIGHT,restir,level2,zeroday_restir_level2.mp4,motion_resolution,level2,zeroday_motion_resolution_level2.mp4,5.6,239.99
Jorge,108,157,720,INTER-DISTORTION,bistro_exterior,temporal-resolution-multiplexing,level1,bistro_exterior_temporal-resolution-multiplexing_level1.mp4,restir,level1,bistro_exterior_restir_level1.mp4,LEFT,temporal-resolution-multiplexing,level1,bistro_exterior_temporal-resolution-multiplexing_level1.mp4,restir,level1,bistro_exterior_restir_level1.mp4,7.0958,240.0
Jorge,109,350,720,INTER-DISTORTION,landscape,dlss_rr,level2,landscape_dlss_rr_level2.mp4,motion_resolution,level2,landscape_motion_resolution_level2.mp4,LEFT,dlss_rr,level2,landscape_dlss_rr_level2.mp4,motion_resolution,level2,landscape_motion_resolution_level2.mp4,5.7083,239.99
Jorge,110,48,720,INTER-DISTORTION,attic,stutter,level2,attic_stutter_level2.mp4,judder,level2,attic_judder_level2.mp4,RIGHT,judder,level2,attic_judder_level2.mp4,stutter,level2,attic_stutter_level2.mp4,7.15,240.0
Jorge,111,250,720,INTRA-DISTORTION,classroom,motion_resolution,level0,classroom_motion_resolution_level0.mp4,motion_resolution,level1,classroom_motion_resolution_level1.mp4,LEFT,motion_resolution,level0,classroom_motion_resolution_level0.mp4,motion_resolution,level1,classroom_motion_resolution_level1.mp4,2.8417,240.01
Jorge,112,356,720,INTER-DISTORTION,landscape,stutter,level2,landscape_stutter_level2.mp4,dlss_rr,level2,landscape_dlss_rr_level2.mp4,RIGHT,dlss_rr,level2,landscape_dlss_rr_level2.mp4,stutter,level2,landscape_stutter_level2.mp4,5.35,240.0
Jorge,113,31,720,INTER-DISTORTION,attic,noise_colors,level1,attic_noise_colors_level1.mp4,dlss_rr,level1,attic_dlss_rr_level1.mp4,LEFT,noise_colors,level1,attic_noise_colors_level1.mp4,dlss_rr,level1,attic_dlss_rr_level1.mp4,7.1255,239.95
Jorge,114,204,720,INTER-DISTORTION,bistro_interior,noise_colors,level2,bistro_interior_noise_colors_level2.mp4,judder,level2,bistro_interior_judder_level2.mp4,LEFT,noise_colors,level2,bistro_interior_noise_colors_level2.mp4,judder,level2,bistro_interior_judder_level2.mp4,5.1542,240.0
Jorge,115,380,720,INTER-DISTORTION,landscape,motion_noise,level2,landscape_motion_noise_level2.mp4,temporal-resolution-multiplexing,level2,landscape_temporal-resolution-multiplexing_level2.mp4,LEFT,motion_noise,level2,landscape_motion_noise_level2.mp4,temporal-resolution-multiplexing,level2,landscape_temporal-resolution-multiplexing_level2.mp4,3.2167,239.97
Jorge,116,126,720,INTER-DISTORTION,bistro_exterior,judder,level2,bistro_exterior_judder_level2.mp4,restir,level2,bistro_exterior_restir_level2.mp4,RIGHT,restir,level2,bistro_exterior_restir_level2.mp4,judder,level2,bistro_exterior_judder_level2.mp4,4.2375,240.0
Jorge,117,473,720,INTER-DISTORTION,marbles,temporal-resolution-multiplexing,level1,marbles_temporal-resolution-multiplexing_level1.mp4,noise_colors,level1,marbles_noise_colors_level1.mp4,LEFT,temporal-resolution-multiplexing,level1,marbles_temporal-resolution-multiplexing_level1.mp4,noise_colors,level1,marbles_noise_colors_level1.mp4,9.875,240.0
Jorge,118,191,720,INTER-DISTORTION,bistro_interior,dlss_rr,level1,bistro_interior_dlss_rr_level1.mp4,noise_colors,level1,bistro_interior_noise_colors_level1.mp4,RIGHT,noise_colors,level1,bistro_interior_noise_colors_level1.mp4,dlss_rr,level1,bistro_interior_dlss_rr_level1.mp4,3.9125,239.99
Jorge,119,540,720,INTER-DISTORTION,pink_room,motion_noise,level2,pink_room_motion_noise_level2.mp4,temporal-resolution-multiplexing,level2,pink_room_temporal-resolution-multiplexing_level2.mp4,LEFT,motion_noise,level2,pink_room_motion_noise_level2.mp4,temporal-resolution-multiplexing,level2,pink_room_temporal-resolution-multiplexing_level2.mp4,8.3875,240.0
Jorge,120,618,720,INTER-DISTORTION,subway,motion_noise,level2,subway_motion_noise_level2.mp4,stutter,level2,subway_stutter_level2.mp4,LEFT,motion_noise,level2,subway_motion_noise_level2.mp4,stutter,level2,subway_stutter_level2.mp4,2.4458,240.01
Jorge,121,611,720,INTER-DISTORTION,subway,motion_noise,level1,subway_motion_noise_level1.mp4,motion_resolution,level1,subway_motion_resolution_level1.mp4,LEFT,motion_noise,level1,subway_motion_noise_level1.mp4,motion_resolution,level1,subway_motion_resolution_level1.mp4,3.1346,239.84
Jorge,122,511,720,INTER-DISTORTION,pink_room,noise_colors,level1,pink_room_noise_colors_level1.mp4,dlss_rr,level1,pink_room_dlss_rr_level1.mp4,RIGHT,dlss_rr,level1,pink_room_dlss_rr_level1.mp4,noise_colors,level1,pink_room_noise_colors_level1.mp4,2.6625,240.05
Jorge,123,331,720,INTRA-DISTORTION,landscape,motion_resolution,level2,landscape_motion_resolution_level2.mp4,motion_resolution,level1,landscape_motion_resolution_level1.mp4,RIGHT,motion_resolution,level1,landscape_motion_resolution_level1.mp4,motion_resolution,level2,landscape_motion_resolution_level2.mp4,2.9875,239.96
Jorge,124,301,720,INTER-DISTORTION,classroom,noise_colors,level1,classroom_noise_colors_level1.mp4,motion_resolution,level1,classroom_motion_resolution_level1.mp4,LEFT,noise_colors,level1,classroom_noise_colors_level1.mp4,motion_resolution,level1,classroom_motion_resolution_level1.mp4,4.3417,239.99
Jorge,125,239,720,INTER-DISTORTION,bistro_interior,stutter,level1,bistro_interior_stutter_level1.mp4,temporal-resolution-multiplexing,level1,bistro_interior_temporal-resolution-multiplexing_level1.mp4,RIGHT,temporal-resolution-multiplexing,level1,bistro_interior_temporal-resolution-multiplexing_level1.mp4,stutter,level1,bistro_interior_stutter_level1.mp4,4.5417,239.98
Jorge,126,286,720,INTER-DISTORTION,classroom,judder,level2,classroom_judder_level2.mp4,restir,level2,classroom_restir_level2.mp4,LEFT,judder,level2,classroom_judder_level2.mp4,restir,level2,classroom_restir_level2.mp4,5.3333,240.0
Jorge,127,656,720,INTRA-DISTORTION,zeroday,restir,level1,zeroday_restir_level1.mp4,restir,level0,zeroday_restir_level0.mp4,RIGHT,restir,level0,zeroday_restir_level0.mp4,restir,level1,zeroday_restir_level1.mp4,4.525,239.96
Jorge,128,310,720,INTER-DISTORTION,classroom,noise_colors,level2,classroom_noise_colors_level2.mp4,restir,level2,classroom_restir_level2.mp4,LEFT,noise_colors,level2,classroom_noise_colors_level2.mp4,restir,level2,classroom_restir_level2.mp4,4.0625,239.99
Jorge,129,32,720,INTER-DISTORTION,attic,dlss_rr,level2,attic_dlss_rr_level2.mp4,noise_colors,level2,attic_noise_colors_level2.mp4,LEFT,dlss_rr,level2,attic_dlss_rr_level2.mp4,noise_colors,level2,attic_noise_colors_level2.mp4,5.675,239.99
Jorge,130,223,720,INTER-DISTORTION,bistro_interior,restir,level1,bistro_interior_restir_level1.mp4,motion_resolution,level1,bistro_interior_motion_resolution_level1.mp4,LEFT,restir,level1,bistro_interior_restir_level1.mp4,motion_resolution,level1,bistro_interior_motion_resolution_level1.mp4,2.6625,239.95
Jorge,131,321,720,INTRA-DISTORTION,landscape,dlss_rr,level0,landscape_dlss_rr_level0.mp4,dlss_rr,level1,landscape_dlss_rr_level1.mp4,LEFT,dlss_rr,level0,landscape_dlss_rr_level0.mp4,dlss_rr,level1,landscape_dlss_rr_level1.mp4,4.1792,239.96
Jorge,132,220,720,INTER-DISTORTION,bistro_interior,motion_noise,level2,bistro_interior_motion_noise_level2.mp4,temporal-resolution-multiplexing,level2,bistro_interior_temporal-resolution-multiplexing_level2.mp4,LEFT,motion_noise,level2,bistro_interior_motion_noise_level2.mp4,temporal-resolution-multiplexing,level2,bistro_interior_temporal-resolution-multiplexing_level2.mp4,2.6167,239.97
Jorge,133,15,720,INTRA-DISTORTION,attic,noise_colors,level0,attic_noise_colors_level0.mp4,noise_colors,level2,attic_noise_colors_level2.mp4,LEFT,noise_colors,level0,attic_noise_colors_level0.mp4,noise_colors,level2,attic_noise_colors_level2.mp4,4.4,240.0
Jorge,134,129,720,INTER-DISTORTION,bistro_exterior,judder,level1,bistro_exterior_judder_level1.mp4,temporal-resolution-multiplexing,level1,bistro_exterior_temporal-resolution-multiplexing_level1.mp4,LEFT,judder,level1,bistro_exterior_judder_level1.mp4,temporal-resolution-multiplexing,level1,bistro_exterior_temporal-resolution-multiplexing_level1.mp4,7.8292,240.0
Jorge,135,205,720,INTER-DISTORTION,bistro_interior,judder,level1,bistro_interior_judder_level1.mp4,restir,level1,bistro_interior_restir_level1.mp4,LEFT,judder,level1,bistro_interior_judder_level1.mp4,restir,level1,bistro_interior_restir_level1.mp4,3.1167,239.98
Jorge,136,309,720,INTER-DISTORTION,classroom,restir,level1,classroom_restir_level1.mp4,noise_colors,level1,classroom_noise_colors_level1.mp4,RIGHT,noise_colors,level1,classroom_noise_colors_level1.mp4,restir,level1,classroom_restir_level1.mp4,2.8625,240.0
Jorge,137,377,720,INTER-DISTORTION,landscape,stutter,level1,landscape_stutter_level1.mp4,motion_noise,level1,landscape_motion_noise_level1.mp4,RIGHT,motion_noise,level1,landscape_motion_noise_level1.mp4,stutter,level1,landscape_stutter_level1.mp4,6.1583,240.0
Jorge,138,89,720,INTRA-DISTORTION,bistro_exterior,motion_noise,level2,bistro_exterior_motion_noise_level2.mp4,motion_noise,level0,bistro_exterior_motion_noise_level0.mp4,RIGHT,motion_noise,level0,bistro_exterior_motion_noise_level0.mp4,motion_noise,level2,bistro_exterior_motion_noise_level2.mp4,6.8042,239.99
Jorge,139,45,720,INTER-DISTORTION,attic,judder,level1,attic_judder_level1.mp4,restir,level1,attic_restir_level1.mp4,LEFT,judder,level1,attic_judder_level1.mp4,restir,level1,attic_restir_level1.mp4,3.9792,239.99
Jorge,140,676,720,INTER-DISTORTION,zeroday,stutter,level2,zeroday_stutter_level2.mp4,dlss_rr,level2,zeroday_dlss_rr_level2.mp4,RIGHT,dlss_rr,level2,zeroday_dlss_rr_level2.mp4,stutter,level2,zeroday_stutter_level2.mp4,2.3708,240.02
Jorge,141,527,720,INTER-DISTORTION,pink_room,judder,level1,pink_room_judder_level1.mp4,stutter,level1,pink_room_stutter_level1.mp4,RIGHT,stutter,level1,pink_room_stutter_level1.mp4,judder,level1,pink_room_judder_level1.mp4,4.5467,239.92
Jorge,142,491,720,INTRA-DISTORTION,pink_room,motion_resolution,level2,pink_room_motion_resolution_level2.mp4,motion_resolution,level1,pink_room_motion_resolution_level1.mp4,RIGHT,motion_resolution,level1,pink_room_motion_resolution_level1.mp4,motion_resolution,level2,pink_room_motion_resolution_level2.mp4,3.325,240.01
Jorge,143,254,720,INTRA-DISTORTION,classroom,noise_colors,level1,classroom_noise_colors_level1.mp4,noise_colors,level2,classroom_noise_colors_level2.mp4,LEFT,noise_colors,level1,classroom_noise_colors_level1.mp4,noise_colors,level2,classroom_noise_colors_level2.mp4,4.1333,239.99
Jorge,144,13,720,INTRA-DISTORTION,attic,noise_colors,level0,attic_noise_colors_level0.mp4,noise_colors,level1,attic_noise_colors_level1.mp4,LEFT,noise_colors,level0,attic_noise_colors_level0.mp4,noise_colors,level1,attic_noise_colors_level1.mp4,3.6333,240.02
Jorge,145,442,720,INTER-DISTORTION,marbles,motion_resolution,level2,marbles_motion_resolution_level2.mp4,judder,level2,marbles_judder_level2.mp4,RIGHT,judder,level2,marbles_judder_level2.mp4,motion_resolution,level2,marbles_motion_resolution_level2.mp4,4.0333,239.99
Jorge,146,27,720,INTER-DISTORTION,attic,dlss_rr,level1,attic_dlss_rr_level1.mp4,motion_noise,level1,attic_motion_noise_level1.mp4,RIGHT,motion_noise,level1,attic_motion_noise_level1.mp4,dlss_rr,level1,attic_dlss_rr_level1.mp4,4.75,240.0
Jorge,147,479,720,INTER-DISTORTION,marbles,temporal-resolution-multiplexing,level1,marbles_temporal-resolution-multiplexing_level1.mp4,stutter,level1,marbles_stutter_level1.mp4,RIGHT,stutter,level1,marbles_stutter_level1.mp4,temporal-resolution-multiplexing,level1,marbles_temporal-resolution-multiplexing_level1.mp4,6.4958,239.99
Jorge,148,17,720,INTRA-DISTORTION,attic,restir,level2,attic_restir_level2.mp4,restir,level1,attic_restir_level1.mp4,RIGHT,restir,level1,attic_restir_level1.mp4,restir,level2,attic_restir_level2.mp4,3.975,240.02
Jorge,149,108,720,INTER-DISTORTION,bistro_exterior,motion_noise,level2,bistro_exterior_motion_noise_level2.mp4,dlss_rr,level2,bistro_exterior_dlss_rr_level2.mp4,LEFT,motion_noise,level2,bistro_exterior_motion_noise_level2.mp4,dlss_rr,level2,bistro_exterior_dlss_rr_level2.mp4,2.5625,239.98
Jorge,150,681,720,INTER-DISTORTION,zeroday,motion_resolution,level1,zeroday_motion_resolution_level1.mp4,judder,level1,zeroday_judder_level1.mp4,RIGHT,judder,level1,zeroday_judder_level1.mp4,motion_resolution,level1,zeroday_motion_resolution_level1.mp4,3.5958,240.01
Jorge,151,85,720,INTRA-DISTORTION,bistro_exterior,judder,level1,bistro_exterior_judder_level1.mp4,judder,level2,bistro_exterior_judder_level2.mp4,LEFT,judder,level1,bistro_exterior_judder_level1.mp4,judder,level2,bistro_exterior_judder_level2.mp4,4.0958,240.05
Jorge,152,82,720,INTRA-DISTORTION,bistro_exterior,dlss_rr,level2,bistro_exterior_dlss_rr_level2.mp4,dlss_rr,level1,bistro_exterior_dlss_rr_level1.mp4,RIGHT,dlss_rr,level1,bistro_exterior_dlss_rr_level1.mp4,dlss_rr,level2,bistro_exterior_dlss_rr_level2.mp4,7.5208,240.02
Jorge,153,8,720,INTRA-DISTORTION,attic,motion_noise,level1,attic_motion_noise_level1.mp4,motion_noise,level2,attic_motion_noise_level2.mp4,LEFT,motion_noise,level1,attic_motion_noise_level1.mp4,motion_noise,level2,attic_motion_noise_level2.mp4,5.4958,239.99
Jorge,154,555,720,INTER-DISTORTION,pink_room,stutter,level1,pink_room_stutter_level1.mp4,restir,level1,pink_room_restir_level1.mp4,LEFT,stutter,level1,pink_room_stutter_level1.mp4,restir,level1,pink_room_restir_level1.mp4,4.8875,240.0
Jorge,155,427,720,INTER-DISTORTION,marbles,dlss_rr,level1,marbles_dlss_rr_level1.mp4,motion_noise,level1,marbles_motion_noise_level1.mp4,RIGHT,motion_noise,level1,marbles_motion_noise_level1.mp4,dlss_rr,level1,marbles_dlss_rr_level1.mp4,4.5917,239.99
Jorge,156,445,720,INTER-DISTORTION,marbles,judder,level1,marbles_judder_level1.mp4,restir,level1,marbles_restir_level1.mp4,LEFT,judder,level1,marbles_judder_level1.mp4,restir,level1,marbles_restir_level1.mp4,4.9667,240.0
Jorge,157,463,720,INTER-DISTORTION,marbles,restir,level1,marbles_restir_level1.mp4,motion_resolution,level1,marbles_motion_resolution_level1.mp4,LEFT,restir,level1,marbles_restir_level1.mp4,motion_resolution,level1,marbles_motion_resolution_level1.mp4,4.0167,239.97
Jorge,158,354,720,INTER-DISTORTION,landscape,restir,level2,landscape_restir_level2.mp4,dlss_rr,level2,landscape_dlss_rr_level2.mp4,LEFT,restir,level2,landscape_restir_level2.mp4,dlss_rr,level2,landscape_dlss_rr_level2.mp4,3.0,239.99
Jorge,159,646,720,INTRA-DISTORTION,zeroday,judder,level2,zeroday_judder_level2.mp4,judder,level0,zeroday_judder_level0.mp4,RIGHT,judder,level0,zeroday_judder_level0.mp4,judder,level2,zeroday_judder_level2.mp4,3.7708,239.98
Jorge,160,166,720,INTRA-DISTORTION,bistro_interior,judder,level0,bistro_interior_judder_level0.mp4,judder,level2,bistro_interior_judder_level2.mp4,LEFT,judder,level0,bistro_interior_judder_level0.mp4,judder,level2,bistro_interior_judder_level2.mp4,2.65,240.0
Jorge,161,409,720,INTRA-DISTORTION,marbles,motion_noise,level2,marbles_motion_noise_level2.mp4,motion_noise,level0,marbles_motion_noise_level0.mp4,LEFT,motion_noise,level2,marbles_motion_noise_level2.mp4,motion_noise,level0,marbles_motion_noise_level0.mp4,7.3042,240.0
Jorge,162,209,720,INTER-DISTORTION,bistro_interior,temporal-resolution-multiplexing,level1,bistro_interior_temporal-resolution-multiplexing_level1.mp4,judder,level1,bistro_interior_judder_level1.mp4,LEFT,temporal-resolution-multiplexing,level1,bistro_interior_temporal-resolution-multiplexing_level1.mp4,judder,level1,bistro_interior_judder_level1.mp4,5.2708,240.01
Jorge,163,602,720,INTER-DISTORTION,subway,motion_resolution,level2,subway_motion_resolution_level2.mp4,judder,level2,subway_judder_level2.mp4,RIGHT,judder,level2,subway_judder_level2.mp4,motion_resolution,level2,subway_motion_resolution_level2.mp4,3.2125,239.97
Jorge,164,289,720,INTER-DISTORTION,classroom,judder,level1,classroom_judder_level1.mp4,temporal-resolution-multiplexing,level1,classroom_temporal-resolution-multiplexing_level1.mp4,LEFT,judder,level1,classroom_judder_level1.mp4,temporal-resolution-multiplexing,level1,classroom_temporal-resolution-multiplexing_level1.mp4,4.3708,240.01
Jorge,165,219,720,INTER-DISTORTION,bistro_interior,motion_noise,level1,bistro_interior_motion_noise_level1.mp4,temporal-resolution-multiplexing,level1,bistro_interior_temporal-resolution-multiplexing_level1.mp4,LEFT,motion_noise,level1,bistro_interior_motion_noise_level1.mp4,temporal-resolution-multiplexing,level1,bistro_interior_temporal-resolution-multiplexing_level1.mp4,3.4667,239.99
Jorge,166,437,720,INTER-DISTORTION,marbles,temporal-resolution-multiplexing,level1,marbles_temporal-resolution-multiplexing_level1.mp4,dlss_rr,level1,marbles_dlss_rr_level1.mp4,RIGHT,dlss_rr,level1,marbles_dlss_rr_level1.mp4,temporal-resolution-multiplexing,level1,marbles_temporal-resolution-multiplexing_level1.mp4,8.7167,240.0
Jorge,167,471,720,INTER-DISTORTION,marbles,stutter,level1,marbles_stutter_level1.mp4,noise_colors,level1,marbles_noise_colors_level1.mp4,LEFT,stutter,level1,marbles_stutter_level1.mp4,noise_colors,level1,marbles_noise_colors_level1.mp4,4.4292,239.98
Jorge,168,706,720,INTER-DISTORTION,zeroday,stutter,level2,zeroday_stutter_level2.mp4,motion_resolution,level2,zeroday_motion_resolution_level2.mp4,LEFT,stutter,level2,zeroday_stutter_level2.mp4,motion_resolution,level2,zeroday_motion_resolution_level2.mp4,2.4542,240.13
Jorge,169,54,720,INTER-DISTORTION,attic,motion_noise,level2,attic_motion_noise_level2.mp4,noise_colors,level2,attic_noise_colors_level2.mp4,LEFT,motion_noise,level2,attic_motion_noise_level2.mp4,noise_colors,level2,attic_noise_colors_level2.mp4,3.4055,239.88
Jorge,170,130,720,INTER-DISTORTION,bistro_exterior,judder,level2,bistro_exterior_judder_level2.mp4,temporal-resolution-multiplexing,level2,bistro_exterior_temporal-resolution-multiplexing_level2.mp4,LEFT,judder,level2,bistro_exterior_judder_level2.mp4,temporal-resolution-multiplexing,level2,bistro_exterior_temporal-resolution-multiplexing_level2.mp4,3.9917,239.99
Jorge,171,419,720,INTRA-DISTORTION,marbles,stutter,level1,marbles_stutter_level1.mp4,stutter,level0,marbles_stutter_level0.mp4,RIGHT,stutter,level0,marbles_stutter_level0.mp4,stutter,level1,marbles_stutter_level1.mp4,3.5417,239.99
Jorge,172,368,720,INTER-DISTORTION,landscape,stutter,level2,landscape_stutter_level2.mp4,judder,level2,landscape_judder_level2.mp4,RIGHT,judder,level2,landscape_judder_level2.mp4,stutter,level2,landscape_stutter_level2.mp4,4.775,240.01
Jorge,173,636,720,INTER-DISTORTION,subway,restir,level2,subway_restir_level2.mp4,stutter,level2,subway_stutter_level2.mp4,RIGHT,stutter,level2,subway_stutter_level2.mp4,restir,level2,subway_restir_level2.mp4,3.2167,239.97
Jorge,174,652,720,INTRA-DISTORTION,zeroday,motion_resolution,level0,zeroday_motion_resolution_level0.mp4,motion_resolution,level2,zeroday_motion_resolution_level2.mp4,LEFT,motion_resolution,level0,zeroday_motion_resolution_level0.mp4,motion_resolution,level2,zeroday_motion_resolution_level2.mp4,8.0458,240.0
Jorge,175,291,720,INTER-DISTORTION,classroom,motion_resolution,level1,classroom_motion_resolution_level1.mp4,motion_noise,level1,classroom_motion_noise_level1.mp4,RIGHT,motion_noise,level1,classroom_motion_noise_level1.mp4,motion_resolution,level1,classroom_motion_resolution_level1.mp4,3.1833,239.95
Jorge,176,171,720,INTRA-DISTORTION,bistro_interior,motion_resolution,level1,bistro_interior_motion_resolution_level1.mp4,motion_resolution,level2,bistro_interior_motion_resolution_level2.mp4,LEFT,motion_resolution,level1,bistro_interior_motion_resolution_level1.mp4,motion_resolution,level2,bistro_interior_motion_resolution_level2.mp4,3.5625,240.01
Jorge,177,374,720,INTER-DISTORTION,landscape,noise_colors,level2,landscape_noise_colors_level2.mp4,motion_noise,level2,landscape_motion_noise_level2.mp4,LEFT,noise_colors,level2,landscape_noise_colors_level2.mp4,motion_noise,level2,landscape_motion_noise_level2.mp4,4.1667,239.99
Jorge,178,628,720,INTER-DISTORTION,subway,motion_resolution,level2,subway_motion_resolution_level2.mp4,temporal-resolution-multiplexing,level2,subway_temporal-resolution-multiplexing_level2.mp4,RIGHT,temporal-resolution-multiplexing,level2,subway_temporal-resolution-multiplexing_level2.mp4,motion_resolution,level2,subway_motion_resolution_level2.mp4,3.7792,240.0
Jorge,179,439,720,INTER-DISTORTION,marbles,motion_noise,level1,marbles_motion_noise_level1.mp4,judder,level1,marbles_judder_level1.mp4,LEFT,motion_noise,level1,marbles_motion_noise_level1.mp4,judder,level1,marbles_judder_level1.mp4,3.7333,239.97
Jorge,180,625,720,INTER-DISTORTION,subway,motion_resolution,level1,subway_motion_resolution_level1.mp4,stutter,level1,subway_stutter_level1.mp4,RIGHT,stutter,level1,subway_stutter_level1.mp4,motion_resolution,level1,subway_motion_resolution_level1.mp4,3.4833,240.0
Jorge,181,707,720,INTER-DISTORTION,zeroday,temporal-resolution-multiplexing,level1,zeroday_temporal-resolution-multiplexing_level1.mp4,motion_resolution,level1,zeroday_motion_resolution_level1.mp4,LEFT,temporal-resolution-multiplexing,level1,zeroday_temporal-resolution-multiplexing_level1.mp4,motion_resolution,level1,zeroday_motion_resolution_level1.mp4,3.4917,239.99
Jorge,182,7,720,INTRA-DISTORTION,attic,motion_noise,level0,attic_motion_noise_level0.mp4,motion_noise,level1,attic_motion_noise_level1.mp4,LEFT,motion_noise,level0,attic_motion_noise_level0.mp4,motion_noise,level1,attic_motion_noise_level1.mp4,4.3958,240.01
Jorge,183,90,720,INTRA-DISTORTION,bistro_exterior,motion_resolution,level1,bistro_exterior_motion_resolution_level1.mp4,motion_resolution,level0,bistro_exterior_motion_resolution_level0.mp4,RIGHT,motion_resolution,level0,bistro_exterior_motion_resolution_level0.mp4,motion_resolution,level1,bistro_exterior_motion_resolution_level1.mp4,3.1792,239.98
Jorge,184,447,720,INTER-DISTORTION,marbles,stutter,level1,marbles_stutter_level1.mp4,judder,level1,marbles_judder_level1.mp4,RIGHT,judder,level1,marbles_judder_level1.mp4,stutter,level1,marbles_stutter_level1.mp4,6.5292,240.01
Jorge,185,210,720,INTER-DISTORTION,bistro_interior,judder,level2,bistro_interior_judder_level2.mp4,temporal-resolution-multiplexing,level2,bistro_interior_temporal-resolution-multiplexing_level2.mp4,RIGHT,temporal-resolution-multiplexing,level2,bistro_interior_temporal-resolution-multiplexing_level2.mp4,judder,level2,bistro_interior_judder_level2.mp4,5.2292,239.98
Jorge,186,95,720,INTRA-DISTORTION,bistro_exterior,noise_colors,level2,bistro_exterior_noise_colors_level2.mp4,noise_colors,level0,bistro_exterior_noise_colors_level0.mp4,RIGHT,noise_colors,level0,bistro_exterior_noise_colors_level0.mp4,noise_colors,level2,bistro_exterior_noise_colors_level2.mp4,4.45,240.0
Jorge,187,46,720,INTER-DISTORTION,attic,judder,level2,attic_judder_level2.mp4,restir,level2,attic_restir_level2.mp4,LEFT,judder,level2,attic_judder_level2.mp4,restir,level2,attic_restir_level2.mp4,4.9167,239.99
Jorge,188,466,720,INTER-DISTORTION,marbles,motion_resolution,level2,marbles_motion_resolution_level2.mp4,stutter,level2,marbles_stutter_level2.mp4,RIGHT,stutter,level2,marbles_stutter_level2.mp4,motion_resolution,level2,marbles_motion_resolution_level2.mp4,3.675,240.01
Jorge,189,272,720,INTER-DISTORTION,classroom,dlss_rr,level2,classroom_dlss_rr_level2.mp4,noise_colors,level2,classroom_noise_colors_level2.mp4,LEFT,dlss_rr,level2,classroom_dlss_rr_level2.mp4,noise_colors,level2,classroom_noise_colors_level2.mp4,3.2716,239.91
Jorge,190,99,720,INTRA-DISTORTION,bistro_exterior,stutter,level0,bistro_exterior_stutter_level0.mp4,stutter,level1,bistro_exterior_stutter_level1.mp4,LEFT,stutter,level0,bistro_exterior_stutter_level0.mp4,stutter,level1,bistro_exterior_stutter_level1.mp4,5.4083,240.0
Jorge,191,154,720,INTER-DISTORTION,bistro_exterior,noise_colors,level2,bistro_exterior_noise_colors_level2.mp4,temporal-resolution-multiplexing,level2,bistro_exterior_temporal-resolution-multiplexing_level2.mp4,LEFT,noise_colors,level2,bistro_exterior_noise_colors_level2.mp4,temporal-resolution-multiplexing,level2,bistro_exterior_temporal-resolution-multiplexing_level2.mp4,4.4875,240.0
Jorge,192,644,720,INTRA-DISTORTION,zeroday,judder,level0,zeroday_judder_level0.mp4,judder,level1,zeroday_judder_level1.mp4,LEFT,judder,level0,zeroday_judder_level0.mp4,judder,level1,zeroday_judder_level1.mp4,5.2583,240.0
Jorge,193,299,720,INTER-DISTORTION,classroom,temporal-resolution-multiplexing,level1,classroom_temporal-resolution-multiplexing_level1.mp4,motion_noise,level1,classroom_motion_noise_level1.mp4,LEFT,temporal-resolution-multiplexing,level1,classroom_temporal-resolution-multiplexing_level1.mp4,motion_noise,level1,classroom_motion_noise_level1.mp4,4.9725,239.88
Jorge,194,159,720,INTER-DISTORTION,bistro_exterior,temporal-resolution-multiplexing,level1,bistro_exterior_temporal-resolution-multiplexing_level1.mp4,stutter,level1,bistro_exterior_stutter_level1.mp4,RIGHT,stutter,level1,bistro_exterior_stutter_level1.mp4,temporal-resolution-multiplexing,level1,bistro_exterior_temporal-resolution-multiplexing_level1.mp4,5.7333,240.0
Jorge,195,142,720,INTER-DISTORTION,bistro_exterior,noise_colors,level2,bistro_exterior_noise_colors_level2.mp4,motion_resolution,level2,bistro_exterior_motion_resolution_level2.mp4,LEFT,noise_colors,level2,bistro_exterior_noise_colors_level2.mp4,motion_resolution,level2,bistro_exterior_motion_resolution_level2.mp4,3.2833,239.99
Jorge,196,125,720,INTER-DISTORTION,bistro_exterior,restir,level1,bistro_exterior_restir_level1.mp4,judder,level1,bistro_exterior_judder_level1.mp4,RIGHT,judder,level1,bistro_exterior_judder_level1.mp4,restir,level1,bistro_exterior_restir_level1.mp4,6.8833,240.02
Jorge,197,453,720,INTER-DISTORTION,marbles,motion_noise,level1,marbles_motion_noise_level1.mp4,noise_colors,level1,marbles_noise_colors_level1.mp4,LEFT,motion_noise,level1,marbles_motion_noise_level1.mp4,noise_colors,level1,marbles_noise_colors_level1.mp4,4.3667,239.98
Jorge,198,325,720,INTRA-DISTORTION,landscape,judder,level1,landscape_judder_level1.mp4,judder,level2,landscape_judder_level2.mp4,LEFT,judder,level1,landscape_judder_level1.mp4,judder,level2,landscape_judder_level2.mp4,4.1333,239.99
Jorge,199,561,720,INTRA-DISTORTION,subway,dlss_rr,level0,subway_dlss_rr_level0.mp4,dlss_rr,level1,subway_dlss_rr_level1.mp4,LEFT,dlss_rr,level0,subway_dlss_rr_level0.mp4,dlss_rr,level1,subway_dlss_rr_level1.mp4,4.9708,239.99
Jorge,200,5,720,INTRA-DISTORTION,attic,judder,level2,attic_judder_level2.mp4,judder,level1,attic_judder_level1.mp4,RIGHT,judder,level1,attic_judder_level1.mp4,judder,level2,attic_judder_level2.mp4,2.9292,240.0
Jorge,201,601,720,INTER-DISTORTION,subway,judder,level1,subway_judder_level1.mp4,motion_resolution,level1,subway_motion_resolution_level1.mp4,LEFT,judder,level1,subway_judder_level1.mp4,motion_resolution,level1,subway_motion_resolution_level1.mp4,3.075,239.98
Jorge,202,222,720,INTER-DISTORTION,bistro_interior,noise_colors,level2,bistro_interior_noise_colors_level2.mp4,motion_resolution,level2,bistro_interior_motion_resolution_level2.mp4,LEFT,noise_colors,level2,bistro_interior_noise_colors_level2.mp4,motion_resolution,level2,bistro_interior_motion_resolution_level2.mp4,2.0292,240.02
Jorge,203,606,720,INTER-DISTORTION,subway,restir,level2,subway_restir_level2.mp4,judder,level2,subway_judder_level2.mp4,RIGHT,judder,level2,subway_judder_level2.mp4,restir,level2,subway_restir_level2.mp4,2.1083,239.99
Jorge,204,433,720,INTER-DISTORTION,marbles,restir,level1,marbles_restir_level1.mp4,dlss_rr,level1,marbles_dlss_rr_level1.mp4,RIGHT,dlss_rr,level1,marbles_dlss_rr_level1.mp4,restir,level1,marbles_restir_level1.mp4,2.9167,240.0
Jorge,205,506,720,INTER-DISTORTION,pink_room,judder,level2,pink_room_judder_level2.mp4,dlss_rr,level2,pink_room_dlss_rr_level2.mp4,RIGHT,dlss_rr,level2,pink_room_dlss_rr_level2.mp4,judder,level2,pink_room_judder_level2.mp4,3.9458,239.98
Jorge,206,414,720,INTRA-DISTORTION,marbles,noise_colors,level1,marbles_noise_colors_level1.mp4,noise_colors,level2,marbles_noise_colors_level2.mp4,RIGHT,noise_colors,level2,marbles_noise_colors_level2.mp4,noise_colors,level1,marbles_noise_colors_level1.mp4,9.6833,240.0
Jorge,207,243,720,INTRA-DISTORTION,classroom,dlss_rr,level0,classroom_dlss_rr_level0.mp4,dlss_rr,level2,classroom_dlss_rr_level2.mp4,LEFT,dlss_rr,level0,classroom_dlss_rr_level0.mp4,dlss_rr,level2,classroom_dlss_rr_level2.mp4,3.0875,240.0
Jorge,208,284,720,INTER-DISTORTION,classroom,judder,level2,classroom_judder_level2.mp4,noise_colors,level2,classroom_noise_colors_level2.mp4,RIGHT,noise_colors,level2,classroom_noise_colors_level2.mp4,judder,level2,classroom_judder_level2.mp4,3.1833,240.0
Jorge,209,69,720,INTER-DISTORTION,attic,noise_colors,level1,attic_noise_colors_level1.mp4,restir,level1,attic_restir_level1.mp4,LEFT,noise_colors,level1,attic_noise_colors_level1.mp4,restir,level1,attic_restir_level1.mp4,3.7125,239.99
Jorge,210,512,720,INTER-DISTORTION,pink_room,dlss_rr,level2,pink_room_dlss_rr_level2.mp4,noise_colors,level2,pink_room_noise_colors_level2.mp4,RIGHT,noise_colors,level2,pink_room_noise_colors_level2.mp4,dlss_rr,level2,pink_room_dlss_rr_level2.mp4,5.6792,240.0
Jorge,211,234,720,INTER-DISTORTION,bistro_interior,temporal-resolution-multiplexing,level2,bistro_interior_temporal-resolution-multiplexing_level2.mp4,noise_colors,level2,bistro_interior_noise_colors_level2.mp4,RIGHT,noise_colors,level2,bistro_interior_noise_colors_level2.mp4,temporal-resolution-multiplexing,level2,bistro_interior_temporal-resolution-multiplexing_level2.mp4,2.7792,240.02
Jorge,212,370,720,INTER-DISTORTION,landscape,judder,level2,landscape_judder_level2.mp4,temporal-resolution-multiplexing,level2,landscape_temporal-resolution-multiplexing_level2.mp4,LEFT,judder,level2,landscape_judder_level2.mp4,temporal-resolution-multiplexing,level2,landscape_temporal-resolution-multiplexing_level2.mp4,2.3083,239.99
Jorge,213,627,720,INTER-DISTORTION,subway,temporal-resolution-multiplexing,level1,subway_temporal-resolution-multiplexing_level1.mp4,motion_resolution,level1,subway_motion_resolution_level1.mp4,LEFT,temporal-resolution-multiplexing,level1,subway_temporal-resolution-multiplexing_level1.mp4,motion_resolution,level1,subway_motion_resolution_level1.mp4,3.0833,239.99
Jorge,214,123,720,INTER-DISTORTION,bistro_exterior,judder,level1,bistro_exterior_judder_level1.mp4,noise_colors,level1,bistro_exterior_noise_colors_level1.mp4,RIGHT,noise_colors,level1,bistro_exterior_noise_colors_level1.mp4,judder,level1,bistro_exterior_judder_level1.mp4,4.8333,240.03
Jorge,215,599,720,INTER-DISTORTION,subway,judder,level1,subway_judder_level1.mp4,motion_noise,level1,subway_motion_noise_level1.mp4,LEFT,judder,level1,subway_judder_level1.mp4,motion_noise,level1,subway_motion_noise_level1.mp4,1.775,239.96
Jorge,216,334,720,INTRA-DISTORTION,landscape,noise_colors,level1,landscape_noise_colors_level1.mp4,noise_colors,level2,landscape_noise_colors_level2.mp4,RIGHT,noise_colors,level2,landscape_noise_colors_level2.mp4,noise_colors,level1,landscape_noise_colors_level1.mp4,3.3292,239.99
Jorge,217,324,720,INTRA-DISTORTION,landscape,judder,level1,landscape_judder_level1.mp4,judder,level0,landscape_judder_level0.mp4,LEFT,judder,level1,landscape_judder_level1.mp4,judder,level0,landscape_judder_level0.mp4,5.2958,240.0
Jorge,218,643,720,INTRA-DISTORTION,zeroday,dlss_rr,level2,zeroday_dlss_rr_level2.mp4,dlss_rr,level0,zeroday_dlss_rr_level0.mp4,RIGHT,dlss_rr,level0,zeroday_dlss_rr_level0.mp4,dlss_rr,level2,zeroday_dlss_rr_level2.mp4,4.425,240.0
Jorge,219,357,720,INTER-DISTORTION,landscape,temporal-resolution-multiplexing,level1,landscape_temporal-resolution-multiplexing_level1.mp4,dlss_rr,level1,landscape_dlss_rr_level1.mp4,RIGHT,dlss_rr,level1,landscape_dlss_rr_level1.mp4,temporal-resolution-multiplexing,level1,landscape_temporal-resolution-multiplexing_level1.mp4,3.875,239.99
Jorge,220,311,720,INTER-DISTORTION,classroom,stutter,level1,classroom_stutter_level1.mp4,noise_colors,level1,classroom_noise_colors_level1.mp4,LEFT,stutter,level1,classroom_stutter_level1.mp4,noise_colors,level1,classroom_noise_colors_level1.mp4,5.2667,240.0
Jorge,221,569,720,INTRA-DISTORTION,subway,motion_noise,level0,subway_motion_noise_level0.mp4,motion_noise,level2,subway_motion_noise_level2.mp4,LEFT,motion_noise,level0,subway_motion_noise_level0.mp4,motion_noise,level2,subway_motion_noise_level2.mp4,1.9458,240.02
Jorge,222,337,720,INTRA-DISTORTION,landscape,restir,level1,landscape_restir_level1.mp4,restir,level2,landscape_restir_level2.mp4,RIGHT,restir,level2,landscape_restir_level2.mp4,restir,level1,landscape_restir_level1.mp4,5.9292,239.99
Jorge,223,34,720,INTER-DISTORTION,attic,restir,level2,attic_restir_level2.mp4,dlss_rr,level2,attic_dlss_rr_level2.mp4,RIGHT,dlss_rr,level2,attic_dlss_rr_level2.mp4,restir,level2,attic_restir_level2.mp4,4.3333,240.01
Jorge,224,236,720,INTER-DISTORTION,bistro_interior,restir,level2,bistro_interior_restir_level2.mp4,stutter,level2,bistro_interior_stutter_level2.mp4,RIGHT,stutter,level2,bistro_interior_stutter_level2.mp4,restir,level2,bistro_interior_restir_level2.mp4,6.0917,240.0
Jorge,225,36,720,INTER-DISTORTION,attic,stutter,level2,attic_stutter_level2.mp4,dlss_rr,level2,attic_dlss_rr_level2.mp4,RIGHT,dlss_rr,level2,attic_dlss_rr_level2.mp4,stutter,level2,attic_stutter_level2.mp4,1.0875,239.89
Jorge,226,203,720,INTER-DISTORTION,bistro_interior,judder,level1,bistro_interior_judder_level1.mp4,noise_colors,level1,bistro_interior_noise_colors_level1.mp4,RIGHT,noise_colors,level1,bistro_interior_noise_colors_level1.mp4,judder,level1,bistro_interior_judder_level1.mp4,4.0667,240.0
Jorge,227,659,720,INTRA-DISTORTION,zeroday,stutter,level0,zeroday_stutter_level0.mp4,stutter,level1,zeroday_stutter_level1.mp4,LEFT,stutter,level0,zeroday_stutter_level0.mp4,stutter,level1,zeroday_stutter_level1.mp4,8.2625,240.0
Jorge,228,188,720,INTER-DISTORTION,bistro_interior,motion_noise,level2,bistro_interior_motion_noise_level2.mp4,dlss_rr,level2,bistro_interior_dlss_rr_level2.mp4,LEFT,motion_noise,level2,bistro_interior_motion_noise_level2.mp4,dlss_rr,level2,bistro_interior_dlss_rr_level2.mp4,1.425,239.99
Jorge,229,578,720,INTRA-DISTORTION,subway,restir,level2,subway_restir_level2.mp4,restir,level0,subway_restir_level0.mp4,RIGHT,restir,level0,subway_restir_level0.mp4,restir,level2,subway_restir_level2.mp4,2.3167,240.02
Jorge,230,604,720,INTER-DISTORTION,subway,judder,level2,subway_judder_level2.mp4,noise_colors,level2,subway_noise_colors_level2.mp4,LEFT,judder,level2,subway_judder_level2.mp4,noise_colors,level2,subway_noise_colors_level2.mp4,4.4958,239.98
Jorge,231,192,720,INTER-DISTORTION,bistro_interior,noise_colors,level2,bistro_interior_noise_colors_level2.mp4,dlss_rr,level2,bistro_interior_dlss_rr_level2.mp4,LEFT,noise_colors,level2,bistro_interior_noise_colors_level2.mp4,dlss_rr,level2,bistro_interior_dlss_rr_level2.mp4,1.2917,239.96
Jorge,232,211,720,INTER-DISTORTION,bistro_interior,motion_resolution,level1,bistro_interior_motion_resolution_level1.mp4,motion_noise,level1,bistro_interior_motion_noise_level1.mp4,RIGHT,motion_noise,level1,bistro_interior_motion_noise_level1.mp4,motion_resolution,level1,bistro_interior_motion_resolution_level1.mp4,1.6333,239.99
Jorge,233,423,720,INTRA-DISTORTION,marbles,temporal-resolution-multiplexing,level2,marbles_temporal-resolution-multiplexing_level2.mp4,temporal-resolution-multiplexing,level1,marbles_temporal-resolution-multiplexing_level1.mp4,RIGHT,temporal-resolution-multiplexing,level1,marbles_temporal-resolution-multiplexing_level1.mp4,temporal-resolution-multiplexing,level2,marbles_temporal-resolution-multiplexing_level2.mp4,2.1708,239.94
Jorge,234,261,720,INTRA-DISTORTION,classroom,stutter,level0,classroom_stutter_level0.mp4,stutter,level2,classroom_stutter_level2.mp4,LEFT,stutter,level0,classroom_stutter_level0.mp4,stutter,level2,classroom_stutter_level2.mp4,1.9625,239.99
Jorge,235,444,720,INTER-DISTORTION,marbles,noise_colors,level2,marbles_noise_colors_level2.mp4,judder,level2,marbles_judder_level2.mp4,RIGHT,judder,level2,marbles_judder_level2.mp4,noise_colors,level2,marbles_noise_colors_level2.mp4,5.3917,239.99
Jorge,236,483,720,INTRA-DISTORTION,pink_room,dlss_rr,level0,pink_room_dlss_rr_level0.mp4,dlss_rr,level2,pink_room_dlss_rr_level2.mp4,LEFT,dlss_rr,level0,pink_room_dlss_rr_level0.mp4,dlss_rr,level2,pink_room_dlss_rr_level2.mp4,5.3917,240.0
Jorge,237,505,720,INTER-DISTORTION,pink_room,judder,level1,pink_room_judder_level1.mp4,dlss_rr,level1,pink_room_dlss_rr_level1.mp4,LEFT,judder,level1,pink_room_judder_level1.mp4,dlss_rr,level1,pink_room_dlss_rr_level1.mp4,3.4667,239.99
Jorge,238,194,720,INTER-DISTORTION,bistro_interior,restir,level2,bistro_interior_restir_level2.mp4,dlss_rr,level2,bistro_interior_dlss_rr_level2.mp4,RIGHT,dlss_rr,level2,bistro_interior_dlss_rr_level2.mp4,restir,level2,bistro_interior_restir_level2.mp4,4.5375,240.0
Jorge,239,218,720,INTER-DISTORTION,bistro_interior,stutter,level2,bistro_interior_stutter_level2.mp4,motion_noise,level2,bistro_interior_motion_noise_level2.mp4,RIGHT,motion_noise,level2,bistro_interior_motion_noise_level2.mp4,stutter,level2,bistro_interior_stutter_level2.mp4,1.9958,239.96
Jorge,240,342,720,INTRA-DISTORTION,landscape,temporal-resolution-multiplexing,level1,landscape_temporal-resolution-multiplexing_level1.mp4,temporal-resolution-multiplexing,level0,landscape_temporal-resolution-multiplexing_level0.mp4,RIGHT,temporal-resolution-multiplexing,level0,landscape_temporal-resolution-multiplexing_level0.mp4,temporal-resolution-multiplexing,level1,landscape_temporal-resolution-multiplexing_level1.mp4,3.7083,240.0
Jorge,241,385,720,INTER-DISTORTION,landscape,motion_resolution,level1,landscape_motion_resolution_level1.mp4,stutter,level1,landscape_stutter_level1.mp4,RIGHT,stutter,level1,landscape_stutter_level1.mp4,motion_resolution,level1,landscape_motion_resolution_level1.mp4,5.1833,239.98
Jorge,242,533,720,INTER-DISTORTION,pink_room,noise_colors,level1,pink_room_noise_colors_level1.mp4,motion_noise,level1,pink_room_motion_noise_level1.mp4,RIGHT,motion_noise,level1,pink_room_motion_noise_level1.mp4,noise_colors,level1,pink_room_noise_colors_level1.mp4,4.225,240.0
Jorge,243,559,720,INTER-DISTORTION,pink_room,stutter,level1,pink_room_stutter_level1.mp4,temporal-resolution-multiplexing,level1,pink_room_temporal-resolution-multiplexing_level1.mp4,LEFT,stutter,level1,pink_room_stutter_level1.mp4,temporal-resolution-multiplexing,level1,pink_room_temporal-resolution-multiplexing_level1.mp4,4.7875,239.99
Jorge,244,343,720,INTRA-DISTORTION,landscape,temporal-resolution-multiplexing,level1,landscape_temporal-resolution-multiplexing_level1.mp4,temporal-resolution-multiplexing,level2,landscape_temporal-resolution-multiplexing_level2.mp4,LEFT,temporal-resolution-multiplexing,level1,landscape_temporal-resolution-multiplexing_level1.mp4,temporal-resolution-multiplexing,level2,landscape_temporal-resolution-multiplexing_level2.mp4,5.3542,240.0
Jorge,245,260,720,INTRA-DISTORTION,classroom,stutter,level1,classroom_stutter_level1.mp4,stutter,level2,classroom_stutter_level2.mp4,LEFT,stutter,level1,classroom_stutter_level1.mp4,stutter,level2,classroom_stutter_level2.mp4,2.4625,239.97
Jorge,246,105,720,INTER-DISTORTION,bistro_exterior,judder,level1,bistro_exterior_judder_level1.mp4,dlss_rr,level1,bistro_exterior_dlss_rr_level1.mp4,LEFT,judder,level1,bistro_exterior_judder_level1.mp4,dlss_rr,level1,bistro_exterior_dlss_rr_level1.mp4,4.25,240.01
Jorge,247,678,720,INTER-DISTORTION,zeroday,dlss_rr,level2,zeroday_dlss_rr_level2.mp4,temporal-resolution-multiplexing,level2,zeroday_temporal-resolution-multiplexing_level2.mp4,LEFT,dlss_rr,level2,zeroday_dlss_rr_level2.mp4,temporal-resolution-multiplexing,level2,zeroday_temporal-resolution-multiplexing_level2.mp4,2.8083,239.98
Jorge,248,538,720,INTER-DISTORTION,pink_room,motion_noise,level2,pink_room_motion_noise_level2.mp4,stutter,level2,pink_room_stutter_level2.mp4,LEFT,motion_noise,level2,pink_room_motion_noise_level2.mp4,stutter,level2,pink_room_stutter_level2.mp4,2.9042,240.04
Jorge,249,253,720,INTRA-DISTORTION,classroom,noise_colors,level0,classroom_noise_colors_level0.mp4,noise_colors,level1,classroom_noise_colors_level1.mp4,LEFT,noise_colors,level0,classroom_noise_colors_level0.mp4,noise_colors,level1,classroom_noise_colors_level1.mp4,2.525,239.96
Jorge,250,182,720,INTRA-DISTORTION,bistro_interior,temporal-resolution-multiplexing,level1,bistro_interior_temporal-resolution-multiplexing_level1.mp4,temporal-resolution-multiplexing,level0,bistro_interior_temporal-resolution-multiplexing_level0.mp4,LEFT,temporal-resolution-multiplexing,level1,bistro_interior_temporal-resolution-multiplexing_level1.mp4,temporal-resolution-multiplexing,level0,bistro_interior_temporal-resolution-multiplexing_level0.mp4,5.1458,240.01
Jorge,251,80,720,INTER-DISTORTION,attic,stutter,level2,attic_stutter_level2.mp4,temporal-resolution-multiplexing,level2,attic_temporal-resolution-multiplexing_level2.mp4,LEFT,stutter,level2,attic_stutter_level2.mp4,temporal-resolution-multiplexing,level2,attic_temporal-resolution-multiplexing_level2.mp4,4.2083,240.01
Jorge,252,691,720,INTER-DISTORTION,zeroday,motion_noise,level1,zeroday_motion_noise_level1.mp4,motion_resolution,level1,zeroday_motion_resolution_level1.mp4,LEFT,motion_noise,level1,zeroday_motion_noise_level1.mp4,motion_resolution,level1,zeroday_motion_resolution_level1.mp4,2.0333,239.97
Jorge,253,158,720,INTER-DISTORTION,bistro_exterior,restir,level2,bistro_exterior_restir_level2.mp4,temporal-resolution-multiplexing,level2,bistro_exterior_temporal-resolution-multiplexing_level2.mp4,LEFT,restir,level2,bistro_exterior_restir_level2.mp4,temporal-resolution-multiplexing,level2,bistro_exterior_temporal-resolution-multiplexing_level2.mp4,5.3083,240.0
Jorge,254,710,720,INTER-DISTORTION,zeroday,noise_colors,level2,zeroday_noise_colors_level2.mp4,restir,level2,zeroday_restir_level2.mp4,LEFT,noise_colors,level2,zeroday_noise_colors_level2.mp4,restir,level2,zeroday_restir_level2.mp4,2.1542,240.0
Jorge,255,320,720,INTER-DISTORTION,classroom,stutter,level2,classroom_stutter_level2.mp4,temporal-resolution-multiplexing,level2,classroom_temporal-resolution-multiplexing_level2.mp4,LEFT,stutter,level2,classroom_stutter_level2.mp4,temporal-resolution-multiplexing,level2,classroom_temporal-resolution-multiplexing_level2.mp4,5.2375,239.99
Jorge,256,206,720,INTER-DISTORTION,bistro_interior,restir,level2,bistro_interior_restir_level2.mp4,judder,level2,bistro_interior_judder_level2.mp4,LEFT,restir,level2,bistro_interior_restir_level2.mp4,judder,level2,bistro_interior_judder_level2.mp4,5.3708,240.0
Jorge,257,278,720,INTER-DISTORTION,classroom,dlss_rr,level2,classroom_dlss_rr_level2.mp4,temporal-resolution-multiplexing,level2,classroom_temporal-resolution-multiplexing_level2.mp4,LEFT,dlss_rr,level2,classroom_dlss_rr_level2.mp4,temporal-resolution-multiplexing,level2,classroom_temporal-resolution-multiplexing_level2.mp4,3.1667,239.98
Jorge,258,97,720,INTRA-DISTORTION,bistro_exterior,restir,level2,bistro_exterior_restir_level2.mp4,restir,level1,bistro_exterior_restir_level1.mp4,RIGHT,restir,level1,bistro_exterior_restir_level1.mp4,restir,level2,bistro_exterior_restir_level2.mp4,2.9833,239.98
Jorge,259,355,720,INTER-DISTORTION,landscape,dlss_rr,level1,landscape_dlss_rr_level1.mp4,stutter,level1,landscape_stutter_level1.mp4,RIGHT,stutter,level1,landscape_stutter_level1.mp4,dlss_rr,level1,landscape_dlss_rr_level1.mp4,3.0667,239.98
Jorge,260,79,720,INTER-DISTORTION,attic,stutter,level1,attic_stutter_level1.mp4,temporal-resolution-multiplexing,level1,attic_temporal-resolution-multiplexing_level1.mp4,LEFT,stutter,level1,attic_stutter_level1.mp4,temporal-resolution-multiplexing,level1,attic_temporal-resolution-multiplexing_level1.mp4,4.2583,240.01
Jorge,261,136,720,INTER-DISTORTION,bistro_exterior,restir,level2,bistro_exterior_restir_level2.mp4,motion_noise,level2,bistro_exterior_motion_noise_level2.mp4,RIGHT,motion_noise,level2,bistro_exterior_motion_noise_level2.mp4,restir,level2,bistro_exterior_restir_level2.mp4,6.2958,240.0
Jorge,262,12,720,INTRA-DISTORTION,attic,motion_resolution,level0,attic_motion_resolution_level0.mp4,motion_resolution,level2,attic_motion_resolution_level2.mp4,LEFT,motion_resolution,level0,attic_motion_resolution_level0.mp4,motion_resolution,level2,attic_motion_resolution_level2.mp4,3.4625,240.0
Jorge,263,393,720,INTER-DISTORTION,landscape,temporal-resolution-multiplexing,level1,landscape_temporal-resolution-multiplexing_level1.mp4,noise_colors,level1,landscape_noise_colors_level1.mp4,RIGHT,noise_colors,level1,landscape_noise_colors_level1.mp4,temporal-resolution-multiplexing,level1,landscape_temporal-resolution-multiplexing_level1.mp4,3.9833,239.99
Jorge,264,306,720,INTER-DISTORTION,classroom,motion_resolution,level2,classroom_motion_resolution_level2.mp4,stutter,level2,classroom_stutter_level2.mp4,RIGHT,stutter,level2,classroom_stutter_level2.mp4,motion_resolution,level2,classroom_motion_resolution_level2.mp4,4.6542,240.0
Jorge,265,531,720,INTER-DISTORTION,pink_room,motion_noise,level1,pink_room_motion_noise_level1.mp4,motion_resolution,level1,pink_room_motion_resolution_level1.mp4,LEFT,motion_noise,level1,pink_room_motion_noise_level1.mp4,motion_resolution,level1,pink_room_motion_resolution_level1.mp4,2.875,239.99
Jorge,266,24,720,INTRA-DISTORTION,attic,temporal-resolution-multiplexing,level0,attic_temporal-resolution-multiplexing_level0.mp4,temporal-resolution-multiplexing,level2,attic_temporal-resolution-multiplexing_level2.mp4,LEFT,temporal-resolution-multiplexing,level0,attic_temporal-resolution-multiplexing_level0.mp4,temporal-resolution-multiplexing,level2,attic_temporal-resolution-multiplexing_level2.mp4,2.5375,239.99
Jorge,267,609,720,INTER-DISTORTION,subway,temporal-resolution-multiplexing,level1,subway_temporal-resolution-multiplexing_level1.mp4,judder,level1,subway_judder_level1.mp4,RIGHT,judder,level1,subway_judder_level1.mp4,temporal-resolution-multiplexing,level1,subway_temporal-resolution-multiplexing_level1.mp4,3.6958,239.98
Jorge,268,62,720,INTER-DISTORTION,attic,motion_resolution,level2,attic_motion_resolution_level2.mp4,noise_colors,level2,attic_noise_colors_level2.mp4,RIGHT,noise_colors,level2,attic_noise_colors_level2.mp4,motion_resolution,level2,attic_motion_resolution_level2.mp4,3.0458,240.01
Jorge,269,441,720,INTER-DISTORTION,marbles,motion_resolution,level1,marbles_motion_resolution_level1.mp4,judder,level1,marbles_judder_level1.mp4,RIGHT,judder,level1,marbles_judder_level1.mp4,motion_resolution,level1,marbles_motion_resolution_level1.mp4,4.5417,239.98
Jorge,270,695,720,INTER-DISTORTION,zeroday,motion_noise,level1,zeroday_motion_noise_level1.mp4,restir,level1,zeroday_restir_level1.mp4,LEFT,motion_noise,level1,zeroday_motion_noise_level1.mp4,restir,level1,zeroday_restir_level1.mp4,3.0208,239.99
Jorge,271,328,720,INTRA-DISTORTION,landscape,motion_noise,level2,landscape_motion_noise_level2.mp4,motion_noise,level1,landscape_motion_noise_level1.mp4,RIGHT,motion_noise,level1,landscape_motion_noise_level1.mp4,motion_noise,level2,landscape_motion_noise_level2.mp4,4.1167,240.0
Jorge,272,303,720,INTER-DISTORTION,classroom,restir,level1,classroom_restir_level1.mp4,motion_resolution,level1,classroom_motion_resolution_level1.mp4,LEFT,restir,level1,classroom_restir_level1.mp4,motion_resolution,level1,classroom_motion_resolution_level1.mp4,3.1083,240.0
Jorge,273,685,720,INTER-DISTORTION,zeroday,judder,level1,zeroday_judder_level1.mp4,restir,level1,zeroday_restir_level1.mp4,LEFT,judder,level1,zeroday_judder_level1.mp4,restir,level1,zeroday_restir_level1.mp4,2.4917,239.98
Jorge,274,6,720,INTRA-DISTORTION,attic,judder,level2,attic_judder_level2.mp4,judder,level0,attic_judder_level0.mp4,RIGHT,judder,level0,attic_judder_level0.mp4,judder,level2,attic_judder_level2.mp4,2.5792,239.99
Jorge,275,340,720,INTRA-DISTORTION,landscape,stutter,level2,landscape_stutter_level2.mp4,stutter,level1,landscape_stutter_level1.mp4,RIGHT,stutter,level1,landscape_stutter_level1.mp4,stutter,level2,landscape_stutter_level2.mp4,4.65,240.0
Jorge,276,408,720,INTRA-DISTORTION,marbles,motion_noise,level1,marbles_motion_noise_level1.mp4,motion_noise,level2,marbles_motion_noise_level2.mp4,RIGHT,motion_noise,level2,marbles_motion_noise_level2.mp4,motion_noise,level1,marbles_motion_noise_level1.mp4,4.3417,240.01
Jorge,277,486,720,INTRA-DISTORTION,pink_room,judder,level0,pink_room_judder_level0.mp4,judder,level2,pink_room_judder_level2.mp4,LEFT,judder,level0,pink_room_judder_level0.mp4,judder,level2,pink_room_judder_level2.mp4,2.9502,239.95
Jorge,278,119,720,INTER-DISTORTION,bistro_exterior,judder,level1,bistro_exterior_judder_level1.mp4,motion_noise,level1,bistro_exterior_motion_noise_level1.mp4,LEFT,judder,level1,bistro_exterior_judder_level1.mp4,motion_noise,level1,bistro_exterior_motion_noise_level1.mp4,3.5292,240.0
Jorge,279,382,720,INTER-DISTORTION,landscape,noise_colors,level2,landscape_noise_colors_level2.mp4,motion_resolution,level2,landscape_motion_resolution_level2.mp4,LEFT,noise_colors,level2,landscape_noise_colors_level2.mp4,motion_resolution,level2,landscape_motion_resolution_level2.mp4,2.7667,239.96
Jorge,280,440,720,INTER-DISTORTION,marbles,motion_noise,level2,marbles_motion_noise_level2.mp4,judder,level2,marbles_judder_level2.mp4,LEFT,motion_noise,level2,marbles_motion_noise_level2.mp4,judder,level2,marbles_judder_level2.mp4,2.725,239.99
Jorge,281,170,720,INTRA-DISTORTION,bistro_interior,motion_resolution,level1,bistro_interior_motion_resolution_level1.mp4,motion_resolution,level0,bistro_interior_motion_resolution_level0.mp4,RIGHT,motion_resolution,level0,bistro_interior_motion_resolution_level0.mp4,motion_resolution,level1,bistro_interior_motion_resolution_level1.mp4,3.6708,240.01
Jorge,282,33,720,INTER-DISTORTION,attic,restir,level1,attic_restir_level1.mp4,dlss_rr,level1,attic_dlss_rr_level1.mp4,RIGHT,dlss_rr,level1,attic_dlss_rr_level1.mp4,restir,level1,attic_restir_level1.mp4,4.7458,240.0
Jorge,283,640,720,INTER-DISTORTION,subway,temporal-resolution-multiplexing,level2,subway_temporal-resolution-multiplexing_level2.mp4,stutter,level2,subway_stutter_level2.mp4,LEFT,temporal-resolution-multiplexing,level2,subway_temporal-resolution-multiplexing_level2.mp4,stutter,level2,subway_stutter_level2.mp4,1.8958,239.94
Jorge,284,525,720,INTER-DISTORTION,pink_room,restir,level1,pink_room_restir_level1.mp4,judder,level1,pink_room_judder_level1.mp4,RIGHT,judder,level1,pink_room_judder_level1.mp4,restir,level1,pink_room_restir_level1.mp4,3.1333,240.44
Jorge,285,173,720,INTRA-DISTORTION,bistro_interior,noise_colors,level0,bistro_interior_noise_colors_level0.mp4,noise_colors,level1,bistro_interior_noise_colors_level1.mp4,LEFT,noise_colors,level0,bistro_interior_noise_colors_level0.mp4,noise_colors,level1,bistro_interior_noise_colors_level1.mp4,1.7708,240.01
Jorge,286,75,720,INTER-DISTORTION,attic,restir,level1,attic_restir_level1.mp4,stutter,level1,attic_stutter_level1.mp4,RIGHT,stutter,level1,attic_stutter_level1.mp4,restir,level1,attic_restir_level1.mp4,4.3958,240.01
Jorge,287,458,720,INTER-DISTORTION,marbles,stutter,level2,marbles_stutter_level2.mp4,motion_noise,level2,marbles_motion_noise_level2.mp4,RIGHT,motion_noise,level2,marbles_motion_noise_level2.mp4,stutter,level2,marbles_stutter_level2.mp4,2.375,239.96
Jorge,288,20,720,INTRA-DISTORTION,attic,stutter,level1,attic_stutter_level1.mp4,stutter,level2,attic_stutter_level2.mp4,LEFT,stutter,level1,attic_stutter_level1.mp4,stutter,level2,attic_stutter_level2.mp4,2.6542,239.99
Jorge,289,543,720,INTER-DISTORTION,pink_room,motion_resolution,level1,pink_room_motion_resolution_level1.mp4,restir,level1,pink_room_restir_level1.mp4,RIGHT,restir,level1,pink_room_restir_level1.mp4,motion_resolution,level1,pink_room_motion_resolution_level1.mp4,6.7583,240.0
Jorge,290,101,720,INTRA-DISTORTION,bistro_exterior,stutter,level0,bistro_exterior_stutter_level0.mp4,stutter,level2,bistro_exterior_stutter_level2.mp4,LEFT,stutter,level0,bistro_exterior_stutter_level0.mp4,stutter,level2,bistro_exterior_stutter_level2.mp4,1.8292,240.02
Jorge,291,115,720,INTER-DISTORTION,bistro_exterior,dlss_rr,level1,bistro_exterior_dlss_rr_level1.mp4,stutter,level1,bistro_exterior_stutter_level1.mp4,RIGHT,stutter,level1,bistro_exterior_stutter_level1.mp4,dlss_rr,level1,bistro_exterior_dlss_rr_level1.mp4,1.6333,239.93
Jorge,292,155,720,INTER-DISTORTION,bistro_exterior,stutter,level1,bistro_exterior_stutter_level1.mp4,restir,level1,bistro_exterior_restir_level1.mp4,LEFT,stutter,level1,bistro_exterior_stutter_level1.mp4,restir,level1,bistro_exterior_restir_level1.mp4,5.0,240.01
Jorge,293,456,720,INTER-DISTORTION,marbles,motion_noise,level2,marbles_motion_noise_level2.mp4,restir,level2,marbles_restir_level2.mp4,LEFT,motion_noise,level2,marbles_motion_noise_level2.mp4,restir,level2,marbles_restir_level2.mp4,2.8042,239.98
Jorge,294,391,720,INTER-DISTORTION,landscape,noise_colors,level1,landscape_noise_colors_level1.mp4,stutter,level1,landscape_stutter_level1.mp4,LEFT,noise_colors,level1,landscape_noise_colors_level1.mp4,stutter,level1,landscape_stutter_level1.mp4,3.65,240.0
Jorge,295,492,720,INTRA-DISTORTION,pink_room,motion_resolution,level2,pink_room_motion_resolution_level2.mp4,motion_resolution,level0,pink_room_motion_resolution_level0.mp4,RIGHT,motion_resolution,level0,pink_room_motion_resolution_level0.mp4,motion_resolution,level2,pink_room_motion_resolution_level2.mp4,1.7375,239.96
Jorge,296,468,720,INTER-DISTORTION,marbles,motion_resolution,level2,marbles_motion_resolution_level2.mp4,temporal-resolution-multiplexing,level2,marbles_temporal-resolution-multiplexing_level2.mp4,RIGHT,temporal-resolution-multiplexing,level2,marbles_temporal-resolution-multiplexing_level2.mp4,motion_resolution,level2,marbles_motion_resolution_level2.mp4,4.5792,240.0
Jorge,297,341,720,INTRA-DISTORTION,landscape,stutter,level2,landscape_stutter_level2.mp4,stutter,level0,landscape_stutter_level0.mp4,RIGHT,stutter,level0,landscape_stutter_level0.mp4,stutter,level2,landscape_stutter_level2.mp4,2.0292,239.97
Jorge,298,149,720,INTER-DISTORTION,bistro_exterior,restir,level1,bistro_exterior_restir_level1.mp4,noise_colors,level1,bistro_exterior_noise_colors_level1.mp4,RIGHT,noise_colors,level1,bistro_exterior_noise_colors_level1.mp4,restir,level1,bistro_exterior_restir_level1.mp4,2.3625,240.0
Jorge,299,518,720,INTER-DISTORTION,pink_room,dlss_rr,level2,pink_room_dlss_rr_level2.mp4,temporal-resolution-multiplexing,level2,pink_room_temporal-resolution-multiplexing_level2.mp4,RIGHT,temporal-resolution-multiplexing,level2,pink_room_temporal-resolution-multiplexing_level2.mp4,dlss_rr,level2,pink_room_dlss_rr_level2.mp4,2.8333,239.99
Jorge,300,508,720,INTER-DISTORTION,pink_room,motion_noise,level2,pink_room_motion_noise_level2.mp4,dlss_rr,level2,pink_room_dlss_rr_level2.mp4,LEFT,motion_noise,level2,pink_room_motion_noise_level2.mp4,dlss_rr,level2,pink_room_dlss_rr_level2.mp4,2.6542,239.98
Jorge,301,138,720,INTER-DISTORTION,bistro_exterior,stutter,level2,bistro_exterior_stutter_level2.mp4,motion_noise,level2,bistro_exterior_motion_noise_level2.mp4,RIGHT,motion_noise,level2,bistro_exterior_motion_noise_level2.mp4,stutter,level2,bistro_exterior_stutter_level2.mp4,5.425,240.0
Jorge,302,564,720,INTRA-DISTORTION,subway,judder,level0,subway_judder_level0.mp4,judder,level1,subway_judder_level1.mp4,RIGHT,judder,level1,subway_judder_level1.mp4,judder,level0,subway_judder_level0.mp4,6.5917,240.02
Jorge,303,418,720,INTRA-DISTORTION,marbles,restir,level0,marbles_restir_level0.mp4,restir,level2,marbles_restir_level2.mp4,LEFT,restir,level0,marbles_restir_level0.mp4,restir,level2,marbles_restir_level2.mp4,3.5167,239.98
Jorge,304,41,720,INTER-DISTORTION,attic,judder,level1,attic_judder_level1.mp4,motion_resolution,level1,attic_motion_resolution_level1.mp4,LEFT,judder,level1,attic_judder_level1.mp4,motion_resolution,level1,attic_motion_resolution_level1.mp4,3.7167,240.01
Jorge,305,167,720,INTRA-DISTORTION,bistro_interior,motion_noise,level1,bistro_interior_motion_noise_level1.mp4,motion_noise,level0,bistro_interior_motion_noise_level0.mp4,LEFT,motion_noise,level1,bistro_interior_motion_noise_level1.mp4,motion_noise,level0,bistro_interior_motion_noise_level0.mp4,4.6333,239.99
Jorge,306,326,720,INTRA-DISTORTION,landscape,judder,level0,landscape_judder_level0.mp4,judder,level2,landscape_judder_level2.mp4,LEFT,judder,level0,landscape_judder_level0.mp4,judder,level2,landscape_judder_level2.mp4,4.975,240.0
Jorge,307,18,720,INTRA-DISTORTION,attic,restir,level2,attic_restir_level2.mp4,restir,level0,attic_restir_level0.mp4,RIGHT,restir,level0,attic_restir_level0.mp4,restir,level2,attic_restir_level2.mp4,3.3542,240.0
Jorge,308,120,720,INTER-DISTORTION,bistro_exterior,judder,level2,bistro_exterior_judder_level2.mp4,motion_noise,level2,bistro_exterior_motion_noise_level2.mp4,RIGHT,motion_noise,level2,bistro_exterior_motion_noise_level2.mp4,judder,level2,bistro_exterior_judder_level2.mp4,5.7417,240.0
Jorge,309,28,720,INTER-DISTORTION,attic,motion_noise,level2,attic_motion_noise_level2.mp4,dlss_rr,level2,attic_dlss_rr_level2.mp4,LEFT,motion_noise,level2,attic_motion_noise_level2.mp4,dlss_rr,level2,attic_dlss_rr_level2.mp4,3.5375,239.99
Jorge,310,249,720,INTRA-DISTORTION,classroom,motion_noise,level2,classroom_motion_noise_level2.mp4,motion_noise,level0,classroom_motion_noise_level0.mp4,RIGHT,motion_noise,level0,classroom_motion_noise_level0.mp4,motion_noise,level2,classroom_motion_noise_level2.mp4,3.9083,240.02
Jorge,311,415,720,INTRA-DISTORTION,marbles,noise_colors,level2,marbles_noise_colors_level2.mp4,noise_colors,level0,marbles_noise_colors_level0.mp4,RIGHT,noise_colors,level0,marbles_noise_colors_level0.mp4,noise_colors,level2,marbles_noise_colors_level2.mp4,4.3792,239.99
Jorge,312,55,720,INTER-DISTORTION,attic,motion_noise,level1,attic_motion_noise_level1.mp4,restir,level1,attic_restir_level1.mp4,LEFT,motion_noise,level1,attic_motion_noise_level1.mp4,restir,level1,attic_restir_level1.mp4,2.65,239.98
Jorge,313,197,720,INTER-DISTORTION,bistro_interior,dlss_rr,level1,bistro_interior_dlss_rr_level1.mp4,temporal-resolution-multiplexing,level1,bistro_interior_temporal-resolution-multiplexing_level1.mp4,RIGHT,temporal-resolution-multiplexing,level1,bistro_interior_temporal-resolution-multiplexing_level1.mp4,dlss_rr,level1,bistro_interior_dlss_rr_level1.mp4,2.5458,239.97
Jorge,314,635,720,INTER-DISTORTION,subway,stutter,level1,subway_stutter_level1.mp4,restir,level1,subway_restir_level1.mp4,LEFT,stutter,level1,subway_stutter_level1.mp4,restir,level1,subway_restir_level1.mp4,3.3042,239.96
Jorge,315,111,720,INTER-DISTORTION,bistro_exterior,noise_colors,level1,bistro_exterior_noise_colors_level1.mp4,dlss_rr,level1,bistro_exterior_dlss_rr_level1.mp4,LEFT,noise_colors,level1,bistro_exterior_noise_colors_level1.mp4,dlss_rr,level1,bistro_exterior_dlss_rr_level1.mp4,2.3042,239.97
Jorge,316,121,720,INTER-DISTORTION,bistro_exterior,judder,level1,bistro_exterior_judder_level1.mp4,motion_resolution,level1,bistro_exterior_motion_resolution_level1.mp4,LEFT,judder,level1,bistro_exterior_judder_level1.mp4,motion_resolution,level1,bistro_exterior_motion_resolution_level1.mp4,1.3083,239.99
Jorge,317,431,720,INTER-DISTORTION,marbles,noise_colors,level1,marbles_noise_colors_level1.mp4,dlss_rr,level1,marbles_dlss_rr_level1.mp4,RIGHT,dlss_rr,level1,marbles_dlss_rr_level1.mp4,noise_colors,level1,marbles_noise_colors_level1.mp4,2.3625,239.98
Jorge,318,213,720,INTER-DISTORTION,bistro_interior,noise_colors,level1,bistro_interior_noise_colors_level1.mp4,motion_noise,level1,bistro_interior_motion_noise_level1.mp4,RIGHT,motion_noise,level1,bistro_interior_motion_noise_level1.mp4,noise_colors,level1,bistro_interior_noise_colors_level1.mp4,2.5708,240.01
Jorge,319,305,720,INTER-DISTORTION,classroom,motion_resolution,level1,classroom_motion_resolution_level1.mp4,stutter,level1,classroom_stutter_level1.mp4,RIGHT,stutter,level1,classroom_stutter_level1.mp4,motion_resolution,level1,classroom_motion_resolution_level1.mp4,2.3,239.98
Jorge,320,537,720,INTER-DISTORTION,pink_room,motion_noise,level1,pink_room_motion_noise_level1.mp4,stutter,level1,pink_room_stutter_level1.mp4,RIGHT,stutter,level1,pink_room_stutter_level1.mp4,motion_noise,level1,pink_room_motion_noise_level1.mp4,5.55,240.02
Jorge,321,501,720,INTRA-DISTORTION,pink_room,stutter,level2,pink_room_stutter_level2.mp4,stutter,level0,pink_room_stutter_level0.mp4,RIGHT,stutter,level0,pink_room_stutter_level0.mp4,stutter,level2,pink_room_stutter_level2.mp4,2.7167,239.97
Jorge,322,100,720,INTRA-DISTORTION,bistro_exterior,stutter,level1,bistro_exterior_stutter_level1.mp4,stutter,level2,bistro_exterior_stutter_level2.mp4,LEFT,stutter,level1,bistro_exterior_stutter_level1.mp4,stutter,level2,bistro_exterior_stutter_level2.mp4,3.3,240.01
Jorge,323,499,720,INTRA-DISTORTION,pink_room,stutter,level1,pink_room_stutter_level1.mp4,stutter,level0,pink_room_stutter_level0.mp4,LEFT,stutter,level1,pink_room_stutter_level1.mp4,stutter,level0,pink_room_stutter_level0.mp4,6.363,239.95
Jorge,324,10,720,INTRA-DISTORTION,attic,motion_resolution,level0,attic_motion_resolution_level0.mp4,motion_resolution,level1,attic_motion_resolution_level1.mp4,LEFT,motion_resolution,level0,attic_motion_resolution_level0.mp4,motion_resolution,level1,attic_motion_resolution_level1.mp4,4.5333,239.99
Jorge,325,352,720,INTER-DISTORTION,landscape,noise_colors,level2,landscape_noise_colors_level2.mp4,dlss_rr,level2,landscape_dlss_rr_level2.mp4,LEFT,noise_colors,level2,landscape_noise_colors_level2.mp4,dlss_rr,level2,landscape_dlss_rr_level2.mp4,3.0667,239.98
Jorge,326,29,720,INTER-DISTORTION,attic,dlss_rr,level1,attic_dlss_rr_level1.mp4,motion_resolution,level1,attic_motion_resolution_level1.mp4,LEFT,dlss_rr,level1,attic_dlss_rr_level1.mp4,motion_resolution,level1,attic_motion_resolution_level1.mp4,5.8458,239.99
Jorge,327,366,720,INTER-DISTORTION,landscape,restir,level2,landscape_restir_level2.mp4,judder,level2,landscape_judder_level2.mp4,LEFT,restir,level2,landscape_restir_level2.mp4,judder,level2,landscape_judder_level2.mp4,5.7167,239.99
Jorge,328,693,720,INTER-DISTORTION,zeroday,motion_noise,level1,zeroday_motion_noise_level1.mp4,noise_colors,level1,zeroday_noise_colors_level1.mp4,LEFT,motion_noise,level1,zeroday_motion_noise_level1.mp4,noise_colors,level1,zeroday_noise_colors_level1.mp4,3.3958,240.0
Jorge,329,481,720,INTRA-DISTORTION,pink_room,dlss_rr,level0,pink_room_dlss_rr_level0.mp4,dlss_rr,level1,pink_room_dlss_rr_level1.mp4,LEFT,dlss_rr,level0,pink_room_dlss_rr_level0.mp4,dlss_rr,level1,pink_room_dlss_rr_level1.mp4,8.7375,239.99
Jorge,330,245,720,INTRA-DISTORTION,classroom,judder,level1,classroom_judder_level1.mp4,judder,level2,classroom_judder_level2.mp4,LEFT,judder,level1,classroom_judder_level1.mp4,judder,level2,classroom_judder_level2.mp4,1.9708,239.98
Jorge,331,438,720,INTER-DISTORTION,marbles,dlss_rr,level2,marbles_dlss_rr_level2.mp4,temporal-resolution-multiplexing,level2,marbles_temporal-resolution-multiplexing_level2.mp4,LEFT,dlss_rr,level2,marbles_dlss_rr_level2.mp4,temporal-resolution-multiplexing,level2,marbles_temporal-resolution-multiplexing_level2.mp4,2.975,239.98
Jorge,332,398,720,INTER-DISTORTION,landscape,temporal-resolution-multiplexing,level2,landscape_temporal-resolution-multiplexing_level2.mp4,restir,level2,landscape_restir_level2.mp4,RIGHT,restir,level2,landscape_restir_level2.mp4,temporal-resolution-multiplexing,level2,landscape_temporal-resolution-multiplexing_level2.mp4,2.8125,240.0
Jorge,333,622,720,INTER-DISTORTION,subway,motion_resolution,level2,subway_motion_resolution_level2.mp4,noise_colors,level2,subway_noise_colors_level2.mp4,RIGHT,noise_colors,level2,subway_noise_colors_level2.mp4,motion_resolution,level2,subway_motion_resolution_level2.mp4,3.4833,240.0
Jorge,334,402,720,INTRA-DISTORTION,marbles,dlss_rr,level2,marbles_dlss_rr_level2.mp4,dlss_rr,level1,marbles_dlss_rr_level1.mp4,RIGHT,dlss_rr,level1,marbles_dlss_rr_level1.mp4,dlss_rr,level2,marbles_dlss_rr_level2.mp4,4.4667,240.0
Jorge,335,536,720,INTER-DISTORTION,pink_room,motion_noise,level2,pink_room_motion_noise_level2.mp4,restir,level2,pink_room_restir_level2.mp4,LEFT,motion_noise,level2,pink_room_motion_noise_level2.mp4,restir,level2,pink_room_restir_level2.mp4,3.2458,239.97
Jorge,336,582,720,INTRA-DISTORTION,subway,temporal-resolution-multiplexing,level0,subway_temporal-resolution-multiplexing_level0.mp4,temporal-resolution-multiplexing,level1,subway_temporal-resolution-multiplexing_level1.mp4,LEFT,temporal-resolution-multiplexing,level0,subway_temporal-resolution-multiplexing_level0.mp4,temporal-resolution-multiplexing,level1,subway_temporal-resolution-multiplexing_level1.mp4,4.3848,239.87
Jorge,337,679,720,INTER-DISTORTION,zeroday,judder,level1,zeroday_judder_level1.mp4,motion_noise,level1,zeroday_motion_noise_level1.mp4,LEFT,judder,level1,zeroday_judder_level1.mp4,motion_noise,level1,zeroday_motion_noise_level1.mp4,5.6792,240.01
Jorge,338,504,720,INTRA-DISTORTION,pink_room,temporal-resolution-multiplexing,level2,pink_room_temporal-resolution-multiplexing_level2.mp4,temporal-resolution-multiplexing,level0,pink_room_temporal-resolution-multiplexing_level0.mp4,RIGHT,temporal-resolution-multiplexing,level0,pink_room_temporal-resolution-multiplexing_level0.mp4,temporal-resolution-multiplexing,level2,pink_room_temporal-resolution-multiplexing_level2.mp4,2.6542,240.0
Jorge,339,338,720,INTRA-DISTORTION,landscape,restir,level0,landscape_restir_level0.mp4,restir,level2,landscape_restir_level2.mp4,LEFT,restir,level0,landscape_restir_level0.mp4,restir,level2,landscape_restir_level2.mp4,3.4083,239.97
Jorge,340,563,720,INTRA-DISTORTION,subway,dlss_rr,level2,subway_dlss_rr_level2.mp4,dlss_rr,level0,subway_dlss_rr_level0.mp4,RIGHT,dlss_rr,level0,subway_dlss_rr_level0.mp4,dlss_rr,level2,subway_dlss_rr_level2.mp4,4.55,240.0
Jorge,341,202,720,INTER-DISTORTION,bistro_interior,judder,level2,bistro_interior_judder_level2.mp4,motion_resolution,level2,bistro_interior_motion_resolution_level2.mp4,LEFT,judder,level2,bistro_interior_judder_level2.mp4,motion_resolution,level2,bistro_interior_motion_resolution_level2.mp4,1.5469,239.7
Jorge,342,709,720,INTER-DISTORTION,zeroday,noise_colors,level1,zeroday_noise_colors_level1.mp4,restir,level1,zeroday_restir_level1.mp4,LEFT,noise_colors,level1,zeroday_noise_colors_level1.mp4,restir,level1,zeroday_restir_level1.mp4,2.7375,240.0
Jorge,343,38,720,INTER-DISTORTION,attic,temporal-resolution-multiplexing,level2,attic_temporal-resolution-multiplexing_level2.mp4,dlss_rr,level2,attic_dlss_rr_level2.mp4,RIGHT,dlss_rr,level2,attic_dlss_rr_level2.mp4,temporal-resolution-multiplexing,level2,attic_temporal-resolution-multiplexing_level2.mp4,4.7042,239.98
Jorge,344,660,720,INTRA-DISTORTION,zeroday,stutter,level1,zeroday_stutter_level1.mp4,stutter,level2,zeroday_stutter_level2.mp4,LEFT,stutter,level1,zeroday_stutter_level1.mp4,stutter,level2,zeroday_stutter_level2.mp4,3.0375,239.99
Jorge,345,666,720,INTER-DISTORTION,zeroday,dlss_rr,level2,zeroday_dlss_rr_level2.mp4,judder,level2,zeroday_judder_level2.mp4,RIGHT,judder,level2,zeroday_judder_level2.mp4,dlss_rr,level2,zeroday_dlss_rr_level2.mp4,6.85,239.99
Jorge,346,228,720,INTER-DISTORTION,bistro_interior,temporal-resolution-multiplexing,level2,bistro_interior_temporal-resolution-multiplexing_level2.mp4,motion_resolution,level2,bistro_interior_motion_resolution_level2.mp4,LEFT,temporal-resolution-multiplexing,level2,bistro_interior_temporal-resolution-multiplexing_level2.mp4,motion_resolution,level2,bistro_interior_motion_resolution_level2.mp4,1.1917,239.97
Jorge,347,485,720,INTRA-DISTORTION,pink_room,judder,level1,pink_room_judder_level1.mp4,judder,level2,pink_room_judder_level2.mp4,LEFT,judder,level1,pink_room_judder_level1.mp4,judder,level2,pink_room_judder_level2.mp4,5.0875,240.04
Jorge,348,655,720,INTRA-DISTORTION,zeroday,noise_colors,level0,zeroday_noise_colors_level0.mp4,noise_colors,level2,zeroday_noise_colors_level2.mp4,LEFT,noise_colors,level0,zeroday_noise_colors_level0.mp4,noise_colors,level2,zeroday_noise_colors_level2.mp4,2.9917,240.04
Jorge,349,557,720,INTER-DISTORTION,pink_room,temporal-resolution-multiplexing,level1,pink_room_temporal-resolution-multiplexing_level1.mp4,restir,level1,pink_room_restir_level1.mp4,LEFT,temporal-resolution-multiplexing,level1,pink_room_temporal-resolution-multiplexing_level1.mp4,restir,level1,pink_room_restir_level1.mp4,2.4583,239.98
Jorge,350,696,720,INTER-DISTORTION,zeroday,motion_noise,level2,zeroday_motion_noise_level2.mp4,restir,level2,zeroday_restir_level2.mp4,LEFT,motion_noise,level2,zeroday_motion_noise_level2.mp4,restir,level2,zeroday_restir_level2.mp4,2.0667,240.0
Jorge,351,3,720,INTRA-DISTORTION,attic,dlss_rr,level2,attic_dlss_rr_level2.mp4,dlss_rr,level0,attic_dlss_rr_level0.mp4,RIGHT,dlss_rr,level0,attic_dlss_rr_level0.mp4,dlss_rr,level2,attic_dlss_rr_level2.mp4,3.3875,239.98
Jorge,352,44,720,INTER-DISTORTION,attic,judder,level2,attic_judder_level2.mp4,noise_colors,level2,attic_noise_colors_level2.mp4,RIGHT,noise_colors,level2,attic_noise_colors_level2.mp4,judder,level2,attic_judder_level2.mp4,2.9542,240.0
Jorge,353,480,720,INTER-DISTORTION,marbles,stutter,level2,marbles_stutter_level2.mp4,temporal-resolution-multiplexing,level2,marbles_temporal-resolution-multiplexing_level2.mp4,LEFT,stutter,level2,marbles_stutter_level2.mp4,temporal-resolution-multiplexing,level2,marbles_temporal-resolution-multiplexing_level2.mp4,4.375,239.96
Jorge,354,224,720,INTER-DISTORTION,bistro_interior,restir,level2,bistro_interior_restir_level2.mp4,motion_resolution,level2,bistro_interior_motion_resolution_level2.mp4,LEFT,restir,level2,bistro_interior_restir_level2.mp4,motion_resolution,level2,bistro_interior_motion_resolution_level2.mp4,2.175,240.0
Jorge,355,143,720,INTER-DISTORTION,bistro_exterior,motion_resolution,level1,bistro_exterior_motion_resolution_level1.mp4,restir,level1,bistro_exterior_restir_level1.mp4,RIGHT,restir,level1,bistro_exterior_restir_level1.mp4,motion_resolution,level1,bistro_exterior_motion_resolution_level1.mp4,2.5042,239.92
Jorge,356,150,720,INTER-DISTORTION,bistro_exterior,noise_colors,level2,bistro_exterior_noise_colors_level2.mp4,restir,level2,bistro_exterior_restir_level2.mp4,RIGHT,restir,level2,bistro_exterior_restir_level2.mp4,noise_colors,level2,bistro_exterior_noise_colors_level2.mp4,6.1792,240.0
Jorge,357,616,720,INTER-DISTORTION,subway,motion_noise,level2,subway_motion_noise_level2.mp4,restir,level2,subway_restir_level2.mp4,LEFT,motion_noise,level2,subway_motion_noise_level2.mp4,restir,level2,subway_restir_level2.mp4,2.9208,239.98
Jorge,358,467,720,INTER-DISTORTION,marbles,temporal-resolution-multiplexing,level1,marbles_temporal-resolution-multiplexing_level1.mp4,motion_resolution,level1,marbles_motion_resolution_level1.mp4,LEFT,temporal-resolution-multiplexing,level1,marbles_temporal-resolution-multiplexing_level1.mp4,motion_resolution,level1,marbles_motion_resolution_level1.mp4,3.8458,240.01
Jorge,359,238,720,INTER-DISTORTION,bistro_interior,temporal-resolution-multiplexing,level2,bistro_interior_temporal-resolution-multiplexing_level2.mp4,restir,level2,bistro_interior_restir_level2.mp4,LEFT,temporal-resolution-multiplexing,level2,bistro_interior_temporal-resolution-multiplexing_level2.mp4,restir,level2,bistro_interior_restir_level2.mp4,4.1417,239.99
Jorge,360,621,720,INTER-DISTORTION,subway,noise_colors,level1,subway_noise_colors_level1.mp4,motion_resolution,level1,subway_motion_resolution_level1.mp4,LEFT,noise_colors,level1,subway_noise_colors_level1.mp4,motion_resolution,level1,subway_motion_resolution_level1.mp4,3.1333,240.0
Jorge,361,482,720,INTRA-DISTORTION,pink_room,dlss_rr,level1,pink_room_dlss_rr_level1.mp4,dlss_rr,level2,pink_room_dlss_rr_level2.mp4,LEFT,dlss_rr,level1,pink_room_dlss_rr_level1.mp4,dlss_rr,level2,pink_room_dlss_rr_level2.mp4,4.875,239.99
Jorge,362,495,720,INTRA-DISTORTION,pink_room,noise_colors,level2,pink_room_noise_colors_level2.mp4,noise_colors,level0,pink_room_noise_colors_level0.mp4,RIGHT,noise_colors,level0,pink_room_noise_colors_level0.mp4,noise_colors,level2,pink_room_noise_colors_level2.mp4,3.6042,239.99
Jorge,363,488,720,INTRA-DISTORTION,pink_room,motion_noise,level1,pink_room_motion_noise_level1.mp4,motion_noise,level2,pink_room_motion_noise_level2.mp4,LEFT,motion_noise,level1,pink_room_motion_noise_level1.mp4,motion_noise,level2,pink_room_motion_noise_level2.mp4,7.3042,239.98
Jorge,364,178,720,INTRA-DISTORTION,bistro_interior,restir,level0,bistro_interior_restir_level0.mp4,restir,level2,bistro_interior_restir_level2.mp4,LEFT,restir,level0,bistro_interior_restir_level0.mp4,restir,level2,bistro_interior_restir_level2.mp4,2.1042,240.0
Jorge,365,376,720,INTER-DISTORTION,landscape,motion_noise,level2,landscape_motion_noise_level2.mp4,restir,level2,landscape_restir_level2.mp4,LEFT,motion_noise,level2,landscape_motion_noise_level2.mp4,restir,level2,landscape_restir_level2.mp4,3.825,239.98
Jorge,366,281,720,INTER-DISTORTION,classroom,judder,level1,classroom_judder_level1.mp4,motion_resolution,level1,classroom_motion_resolution_level1.mp4,LEFT,judder,level1,classroom_judder_level1.mp4,motion_resolution,level1,classroom_motion_resolution_level1.mp4,2.7958,240.01
Jorge,367,229,720,INTER-DISTORTION,bistro_interior,noise_colors,level1,bistro_interior_noise_colors_level1.mp4,restir,level1,bistro_interior_restir_level1.mp4,LEFT,noise_colors,level1,bistro_interior_noise_colors_level1.mp4,restir,level1,bistro_interior_restir_level1.mp4,1.7667,239.98
Jorge,368,336,720,INTRA-DISTORTION,landscape,restir,level0,landscape_restir_level0.mp4,restir,level1,landscape_restir_level1.mp4,LEFT,restir,level0,landscape_restir_level0.mp4,restir,level1,landscape_restir_level1.mp4,5.6542,240.0
Jorge,369,327,720,INTRA-DISTORTION,landscape,motion_noise,level1,landscape_motion_noise_level1.mp4,motion_noise,level0,landscape_motion_noise_level0.mp4,LEFT,motion_noise,level1,landscape_motion_noise_level1.mp4,motion_noise,level0,landscape_motion_noise_level0.mp4,7.8,239.99
Jorge,370,257,720,INTRA-DISTORTION,classroom,restir,level1,classroom_restir_level1.mp4,restir,level2,classroom_restir_level2.mp4,LEFT,restir,level1,classroom_restir_level1.mp4,restir,level2,classroom_restir_level2.mp4,3.7167,239.99
Jorge,371,546,720,INTER-DISTORTION,pink_room,motion_resolution,level2,pink_room_motion_resolution_level2.mp4,stutter,level2,pink_room_stutter_level2.mp4,RIGHT,stutter,level2,pink_room_stutter_level2.mp4,motion_resolution,level2,pink_room_motion_resolution_level2.mp4,3.8542,239.98
Jorge,372,344,720,INTRA-DISTORTION,landscape,temporal-resolution-multiplexing,level0,landscape_temporal-resolution-multiplexing_level0.mp4,temporal-resolution-multiplexing,level2,landscape_temporal-resolution-multiplexing_level2.mp4,LEFT,temporal-resolution-multiplexing,level0,landscape_temporal-resolution-multiplexing_level0.mp4,temporal-resolution-multiplexing,level2,landscape_temporal-resolution-multiplexing_level2.mp4,3.9125,240.0
Jorge,373,335,720,INTRA-DISTORTION,landscape,noise_colors,level0,landscape_noise_colors_level0.mp4,noise_colors,level2,landscape_noise_colors_level2.mp4,LEFT,noise_colors,level0,landscape_noise_colors_level0.mp4,noise_colors,level2,landscape_noise_colors_level2.mp4,6.8708,239.98
Jorge,374,617,720,INTER-DISTORTION,subway,motion_noise,level1,subway_motion_noise_level1.mp4,stutter,level1,subway_stutter_level1.mp4,RIGHT,stutter,level1,subway_stutter_level1.mp4,motion_noise,level1,subway_motion_noise_level1.mp4,2.0167,239.99
Jorge,375,378,720,INTER-DISTORTION,landscape,stutter,level2,landscape_stutter_level2.mp4,motion_noise,level2,landscape_motion_noise_level2.mp4,RIGHT,motion_noise,level2,landscape_motion_noise_level2.mp4,stutter,level2,landscape_stutter_level2.mp4,3.675,239.99
Jorge,376,519,720,INTER-DISTORTION,pink_room,judder,level1,pink_room_judder_level1.mp4,motion_noise,level1,pink_room_motion_noise_level1.mp4,LEFT,judder,level1,pink_room_judder_level1.mp4,motion_noise,level1,pink_room_motion_noise_level1.mp4,4.275,240.01
Jorge,377,267,720,INTER-DISTORTION,classroom,motion_noise,level1,classroom_motion_noise_level1.mp4,dlss_rr,level1,classroom_dlss_rr_level1.mp4,RIGHT,dlss_rr,level1,classroom_dlss_rr_level1.mp4,motion_noise,level1,classroom_motion_noise_level1.mp4,4.4125,239.99
Jorge,378,186,720,INTER-DISTORTION,bistro_interior,dlss_rr,level2,bistro_interior_dlss_rr_level2.mp4,judder,level2,bistro_interior_judder_level2.mp4,RIGHT,judder,level2,bistro_interior_judder_level2.mp4,dlss_rr,level2,bistro_interior_dlss_rr_level2.mp4,4.8667,240.0
Jorge,379,407,720,INTRA-DISTORTION,marbles,motion_noise,level1,marbles_motion_noise_level1.mp4,motion_noise,level0,marbles_motion_noise_level0.mp4,RIGHT,motion_noise,level0,marbles_motion_noise_level0.mp4,motion_noise,level1,marbles_motion_noise_level1.mp4,11.2292,239.99
Jorge,380,630,720,INTER-DISTORTION,subway,noise_colors,level2,subway_noise_colors_level2.mp4,restir,level2,subway_restir_level2.mp4,LEFT,noise_colors,level2,subway_noise_colors_level2.mp4,restir,level2,subway_restir_level2.mp4,5.3792,240.0
Jorge,381,161,720,INTRA-DISTORTION,bistro_interior,dlss_rr,level0,bistro_interior_dlss_rr_level0.mp4,dlss_rr,level1,bistro_interior_dlss_rr_level1.mp4,LEFT,dlss_rr,level0,bistro_interior_dlss_rr_level0.mp4,dlss_rr,level1,bistro_interior_dlss_rr_level1.mp4,11.3292,240.0
Jorge,382,389,720,INTER-DISTORTION,landscape,noise_colors,level1,landscape_noise_colors_level1.mp4,restir,level1,landscape_restir_level1.mp4,RIGHT,restir,level1,landscape_restir_level1.mp4,noise_colors,level1,landscape_noise_colors_level1.mp4,5.5417,240.0
Jorge,383,558,720,INTER-DISTORTION,pink_room,restir,level2,pink_room_restir_level2.mp4,temporal-resolution-multiplexing,level2,pink_room_temporal-resolution-multiplexing_level2.mp4,RIGHT,temporal-resolution-multiplexing,level2,pink_room_temporal-resolution-multiplexing_level2.mp4,restir,level2,pink_room_restir_level2.mp4,3.25,240.07
Jorge,384,235,720,INTER-DISTORTION,bistro_interior,stutter,level1,bistro_interior_stutter_level1.mp4,restir,level1,bistro_interior_restir_level1.mp4,LEFT,stutter,level1,bistro_interior_stutter_level1.mp4,restir,level1,bistro_interior_restir_level1.mp4,6.6167,239.99
Jorge,385,39,720,INTER-DISTORTION,attic,motion_noise,level1,attic_motion_noise_level1.mp4,judder,level1,attic_judder_level1.mp4,LEFT,motion_noise,level1,attic_motion_noise_level1.mp4,judder,level1,attic_judder_level1.mp4,4.4333,239.97
Jorge,386,550,720,INTER-DISTORTION,pink_room,noise_colors,level2,pink_room_noise_colors_level2.mp4,restir,level2,pink_room_restir_level2.mp4,LEFT,noise_colors,level2,pink_room_noise_colors_level2.mp4,restir,level2,pink_room_restir_level2.mp4,4.775,240.0
Jorge,387,577,720,INTRA-DISTORTION,subway,restir,level1,subway_restir_level1.mp4,restir,level2,subway_restir_level2.mp4,LEFT,restir,level1,subway_restir_level1.mp4,restir,level2,subway_restir_level2.mp4,4.2917,240.06
Jorge,388,664,720,INTRA-DISTORTION,zeroday,temporal-resolution-multiplexing,level2,zeroday_temporal-resolution-multiplexing_level2.mp4,temporal-resolution-multiplexing,level0,zeroday_temporal-resolution-multiplexing_level0.mp4,RIGHT,temporal-resolution-multiplexing,level0,zeroday_temporal-resolution-multiplexing_level0.mp4,temporal-resolution-multiplexing,level2,zeroday_temporal-resolution-multiplexing_level2.mp4,2.2583,239.99
Jorge,389,673,720,INTER-DISTORTION,zeroday,dlss_rr,level1,zeroday_dlss_rr_level1.mp4,restir,level1,zeroday_restir_level1.mp4,LEFT,dlss_rr,level1,zeroday_dlss_rr_level1.mp4,restir,level1,zeroday_restir_level1.mp4,4.8125,239.99
Jorge,390,719,720,INTER-DISTORTION,zeroday,stutter,level1,zeroday_stutter_level1.mp4,temporal-resolution-multiplexing,level1,zeroday_temporal-resolution-multiplexing_level1.mp4,LEFT,stutter,level1,zeroday_stutter_level1.mp4,temporal-resolution-multiplexing,level1,zeroday_temporal-resolution-multiplexing_level1.mp4,3.8083,239.99
Jorge,391,65,720,INTER-DISTORTION,attic,motion_resolution,level1,attic_motion_resolution_level1.mp4,stutter,level1,attic_stutter_level1.mp4,RIGHT,stutter,level1,attic_stutter_level1.mp4,motion_resolution,level1,attic_motion_resolution_level1.mp4,3.5583,239.99
Jorge,392,373,720,INTER-DISTORTION,landscape,motion_noise,level1,landscape_motion_noise_level1.mp4,noise_colors,level1,landscape_noise_colors_level1.mp4,RIGHT,noise_colors,level1,landscape_noise_colors_level1.mp4,motion_noise,level1,landscape_motion_noise_level1.mp4,6.4083,240.0
Jorge,393,2,720,INTRA-DISTORTION,attic,dlss_rr,level1,attic_dlss_rr_level1.mp4,dlss_rr,level2,attic_dlss_rr_level2.mp4,LEFT,dlss_rr,level1,attic_dlss_rr_level1.mp4,dlss_rr,level2,attic_dlss_rr_level2.mp4,4.6375,239.98
Jorge,394,77,720,INTER-DISTORTION,attic,temporal-resolution-multiplexing,level1,attic_temporal-resolution-multiplexing_level1.mp4,restir,level1,attic_restir_level1.mp4,RIGHT,restir,level1,attic_restir_level1.mp4,temporal-resolution-multiplexing,level1,attic_temporal-resolution-multiplexing_level1.mp4,7.5542,239.99
Jorge,395,174,720,INTRA-DISTORTION,bistro_interior,noise_colors,level2,bistro_interior_noise_colors_level2.mp4,noise_colors,level1,bistro_interior_noise_colors_level1.mp4,LEFT,noise_colors,level2,bistro_interior_noise_colors_level2.mp4,noise_colors,level1,bistro_interior_noise_colors_level1.mp4,2.8708,239.99
Jorge,396,133,720,INTER-DISTORTION,bistro_exterior,motion_noise,level1,bistro_exterior_motion_noise_level1.mp4,noise_colors,level1,bistro_exterior_noise_colors_level1.mp4,LEFT,motion_noise,level1,bistro_exterior_motion_noise_level1.mp4,noise_colors,level1,bistro_exterior_noise_colors_level1.mp4,5.5,240.0
Jorge,397,461,720,INTER-DISTORTION,marbles,noise_colors,level1,marbles_noise_colors_level1.mp4,motion_resolution,level1,marbles_motion_resolution_level1.mp4,LEFT,noise_colors,level1,marbles_noise_colors_level1.mp4,motion_resolution,level1,marbles_motion_resolution_level1.mp4,4.5167,240.0
Jorge,398,4,720,INTRA-DISTORTION,attic,judder,level0,attic_judder_level0.mp4,judder,level1,attic_judder_level1.mp4,LEFT,judder,level0,attic_judder_level0.mp4,judder,level1,attic_judder_level1.mp4,5.2042,240.01
Jorge,399,113,720,INTER-DISTORTION,bistro_exterior,restir,level1,bistro_exterior_restir_level1.mp4,dlss_rr,level1,bistro_exterior_dlss_rr_level1.mp4,LEFT,restir,level1,bistro_exterior_restir_level1.mp4,dlss_rr,level1,bistro_exterior_dlss_rr_level1.mp4,13.1625,239.99
Jorge,400,403,720,INTRA-DISTORTION,marbles,dlss_rr,level2,marbles_dlss_rr_level2.mp4,dlss_rr,level0,marbles_dlss_rr_level0.mp4,LEFT,dlss_rr,level2,marbles_dlss_rr_level2.mp4,dlss_rr,level0,marbles_dlss_rr_level0.mp4,5.5792,240.0
Jorge,401,684,720,INTER-DISTORTION,zeroday,judder,level2,zeroday_judder_level2.mp4,noise_colors,level2,zeroday_noise_colors_level2.mp4,LEFT,judder,level2,zeroday_judder_level2.mp4,noise_colors,level2,zeroday_noise_colors_level2.mp4,8.725,239.99
Jorge,402,177,720,INTRA-DISTORTION,bistro_interior,restir,level2,bistro_interior_restir_level2.mp4,restir,level1,bistro_interior_restir_level1.mp4,RIGHT,restir,level1,bistro_interior_restir_level1.mp4,restir,level2,bistro_interior_restir_level2.mp4,4.0583,239.99
Jorge,403,589,720,INTER-DISTORTION,subway,motion_resolution,level1,subway_motion_resolution_level1.mp4,dlss_rr,level1,subway_dlss_rr_level1.mp4,LEFT,motion_resolution,level1,subway_motion_resolution_level1.mp4,dlss_rr,level1,subway_dlss_rr_level1.mp4,3.1917,239.98
Jorge,404,597,720,INTER-DISTORTION,subway,dlss_rr,level1,subway_dlss_rr_level1.mp4,temporal-resolution-multiplexing,level1,subway_temporal-resolution-multiplexing_level1.mp4,LEFT,dlss_rr,level1,subway_dlss_rr_level1.mp4,temporal-resolution-multiplexing,level1,subway_temporal-resolution-multiplexing_level1.mp4,8.7792,240.0
Jorge,405,241,720,INTRA-DISTORTION,classroom,dlss_rr,level0,classroom_dlss_rr_level0.mp4,dlss_rr,level1,classroom_dlss_rr_level1.mp4,RIGHT,dlss_rr,level1,classroom_dlss_rr_level1.mp4,dlss_rr,level0,classroom_dlss_rr_level0.mp4,6.8875,239.99
Jorge,406,1,720,INTRA-DISTORTION,attic,dlss_rr,level1,attic_dlss_rr_level1.mp4,dlss_rr,level0,attic_dlss_rr_level0.mp4,LEFT,dlss_rr,level1,attic_dlss_rr_level1.mp4,dlss_rr,level0,attic_dlss_rr_level0.mp4,5.4167,240.0
Jorge,407,40,720,INTER-DISTORTION,attic,motion_noise,level2,attic_motion_noise_level2.mp4,judder,level2,attic_judder_level2.mp4,LEFT,motion_noise,level2,attic_motion_noise_level2.mp4,judder,level2,attic_judder_level2.mp4,2.6,239.98
Jorge,408,576,720,INTRA-DISTORTION,subway,restir,level0,subway_restir_level0.mp4,restir,level1,subway_restir_level1.mp4,LEFT,restir,level0,subway_restir_level0.mp4,restir,level1,subway_restir_level1.mp4,3.1958,239.99
Jorge,409,500,720,INTRA-DISTORTION,pink_room,stutter,level1,pink_room_stutter_level1.mp4,stutter,level2,pink_room_stutter_level2.mp4,LEFT,stutter,level1,pink_room_stutter_level1.mp4,stutter,level2,pink_room_stutter_level2.mp4,3.0167,239.96
Jorge,410,63,720,INTER-DISTORTION,attic,motion_resolution,level1,attic_motion_resolution_level1.mp4,restir,level1,attic_restir_level1.mp4,LEFT,motion_resolution,level1,attic_motion_resolution_level1.mp4,restir,level1,attic_restir_level1.mp4,9.7958,239.99
Jorge,411,282,720,INTER-DISTORTION,classroom,judder,level2,classroom_judder_level2.mp4,motion_resolution,level2,classroom_motion_resolution_level2.mp4,LEFT,judder,level2,classroom_judder_level2.mp4,motion_resolution,level2,classroom_motion_resolution_level2.mp4,2.5917,239.98
Jorge,412,568,720,INTRA-DISTORTION,subway,motion_noise,level2,subway_motion_noise_level2.mp4,motion_noise,level1,subway_motion_noise_level1.mp4,RIGHT,motion_noise,level1,subway_motion_noise_level1.mp4,motion_noise,level2,subway_motion_noise_level2.mp4,2.9625,239.99
Jorge,413,388,720,INTER-DISTORTION,landscape,motion_resolution,level2,landscape_motion_resolution_level2.mp4,temporal-resolution-multiplexing,level2,landscape_temporal-resolution-multiplexing_level2.mp4,LEFT,motion_resolution,level2,landscape_motion_resolution_level2.mp4,temporal-resolution-multiplexing,level2,landscape_temporal-resolution-multiplexing_level2.mp4,10.3083,239.99
Jorge,414,420,720,INTRA-DISTORTION,marbles,stutter,level1,marbles_stutter_level1.mp4,stutter,level2,marbles_stutter_level2.mp4,LEFT,stutter,level1,marbles_stutter_level1.mp4,stutter,level2,marbles_stutter_level2.mp4,2.1708,239.99
Jorge,415,670,720,INTER-DISTORTION,zeroday,motion_resolution,level2,zeroday_motion_resolution_level2.mp4,dlss_rr,level2,zeroday_dlss_rr_level2.mp4,RIGHT,dlss_rr,level2,zeroday_dlss_rr_level2.mp4,motion_resolution,level2,zeroday_motion_resolution_level2.mp4,2.8125,239.97
Jorge,416,283,720,INTER-DISTORTION,classroom,judder,level1,classroom_judder_level1.mp4,noise_colors,level1,classroom_noise_colors_level1.mp4,LEFT,judder,level1,classroom_judder_level1.mp4,noise_colors,level1,classroom_noise_colors_level1.mp4,2.3833,239.99
Jorge,417,251,720,INTRA-DISTORTION,classroom,motion_resolution,level2,classroom_motion_resolution_level2.mp4,motion_resolution,level1,classroom_motion_resolution_level1.mp4,RIGHT,motion_resolution,level1,classroom_motion_resolution_level1.mp4,motion_resolution,level2,classroom_motion_resolution_level2.mp4,6.5792,239.99
Jorge,418,369,720,INTER-DISTORTION,landscape,temporal-resolution-multiplexing,level1,landscape_temporal-resolution-multiplexing_level1.mp4,judder,level1,landscape_judder_level1.mp4,RIGHT,judder,level1,landscape_judder_level1.mp4,temporal-resolution-multiplexing,level1,landscape_temporal-resolution-multiplexing_level1.mp4,2.1667,239.99
Jorge,419,446,720,INTER-DISTORTION,marbles,judder,level2,marbles_judder_level2.mp4,restir,level2,marbles_restir_level2.mp4,RIGHT,restir,level2,marbles_restir_level2.mp4,judder,level2,marbles_judder_level2.mp4,9.7833,240.0
Jorge,420,716,720,INTER-DISTORTION,zeroday,restir,level2,zeroday_restir_level2.mp4,stutter,level2,zeroday_stutter_level2.mp4,LEFT,restir,level2,zeroday_restir_level2.mp4,stutter,level2,zeroday_stutter_level2.mp4,5.2833,239.99
Jorge,421,49,720,INTER-DISTORTION,attic,temporal-resolution-multiplexing,level1,attic_temporal-resolution-multiplexing_level1.mp4,judder,level1,attic_judder_level1.mp4,RIGHT,judder,level1,attic_judder_level1.mp4,temporal-resolution-multiplexing,level1,attic_temporal-resolution-multiplexing_level1.mp4,2.1292,239.96
Jorge,422,137,720,INTER-DISTORTION,bistro_exterior,stutter,level1,bistro_exterior_stutter_level1.mp4,motion_noise,level1,bistro_exterior_motion_noise_level1.mp4,LEFT,stutter,level1,bistro_exterior_stutter_level1.mp4,motion_noise,level1,bistro_exterior_motion_noise_level1.mp4,5.225,240.0
Jorge,423,570,720,INTRA-DISTORTION,subway,motion_resolution,level1,subway_motion_resolution_level1.mp4,motion_resolution,level0,subway_motion_resolution_level0.mp4,RIGHT,motion_resolution,level0,subway_motion_resolution_level0.mp4,motion_resolution,level1,subway_motion_resolution_level1.mp4,3.3083,239.98
Jorge,424,399,720,INTER-DISTORTION,landscape,temporal-resolution-multiplexing,level1,landscape_temporal-resolution-multiplexing_level1.mp4,stutter,level1,landscape_stutter_level1.mp4,RIGHT,stutter,level1,landscape_stutter_level1.mp4,temporal-resolution-multiplexing,level1,landscape_temporal-resolution-multiplexing_level1.mp4,3.5375,239.98
Jorge,425,713,720,INTER-DISTORTION,zeroday,noise_colors,level1,zeroday_noise_colors_level1.mp4,temporal-resolution-multiplexing,level1,zeroday_temporal-resolution-multiplexing_level1.mp4,LEFT,noise_colors,level1,zeroday_noise_colors_level1.mp4,temporal-resolution-multiplexing,level1,zeroday_temporal-resolution-multiplexing_level1.mp4,5.1125,239.99
Jorge,426,315,720,INTER-DISTORTION,classroom,restir,level1,classroom_restir_level1.mp4,stutter,level1,classroom_stutter_level1.mp4,RIGHT,stutter,level1,classroom_stutter_level1.mp4,restir,level1,classroom_restir_level1.mp4,2.2625,239.99
Jorge,427,410,720,INTRA-DISTORTION,marbles,motion_resolution,level1,marbles_motion_resolution_level1.mp4,motion_resolution,level0,marbles_motion_resolution_level0.mp4,RIGHT,motion_resolution,level0,marbles_motion_resolution_level0.mp4,motion_resolution,level1,marbles_motion_resolution_level1.mp4,2.2708,239.96
Jorge,428,290,720,INTER-DISTORTION,classroom,judder,level2,classroom_judder_level2.mp4,temporal-resolution-multiplexing,level2,classroom_temporal-resolution-multiplexing_level2.mp4,LEFT,judder,level2,classroom_judder_level2.mp4,temporal-resolution-multiplexing,level2,classroom_temporal-resolution-multiplexing_level2.mp4,3.9833,239.98
Jorge,429,435,720,INTER-DISTORTION,marbles,dlss_rr,level1,marbles_dlss_rr_level1.mp4,stutter,level1,marbles_stutter_level1.mp4,RIGHT,stutter,level1,marbles_stutter_level1.mp4,dlss_rr,level1,marbles_dlss_rr_level1.mp4,3.0042,239.97
Jorge,430,215,720,INTER-DISTORTION,bistro_interior,motion_noise,level1,bistro_interior_motion_noise_level1.mp4,restir,level1,bistro_interior_restir_level1.mp4,LEFT,motion_noise,level1,bistro_interior_motion_noise_level1.mp4,restir,level1,bistro_interior_restir_level1.mp4,1.7833,240.03
Jorge,431,487,720,INTRA-DISTORTION,pink_room,motion_noise,level0,pink_room_motion_noise_level0.mp4,motion_noise,level1,pink_room_motion_noise_level1.mp4,LEFT,motion_noise,level0,pink_room_motion_noise_level0.mp4,motion_noise,level1,pink_room_motion_noise_level1.mp4,4.3958,240.0
Jorge,432,94,720,INTRA-DISTORTION,bistro_exterior,noise_colors,level1,bistro_exterior_noise_colors_level1.mp4,noise_colors,level2,bistro_exterior_noise_colors_level2.mp4,LEFT,noise_colors,level1,bistro_exterior_noise_colors_level1.mp4,noise_colors,level2,bistro_exterior_noise_colors_level2.mp4,3.9292,239.99
Jorge,433,603,720,INTER-DISTORTION,subway,noise_colors,level1,subway_noise_colors_level1.mp4,judder,level1,subway_judder_level1.mp4,RIGHT,judder,level1,subway_judder_level1.mp4,noise_colors,level1,subway_noise_colors_level1.mp4,1.75,240.03
Jorge,434,573,720,INTRA-DISTORTION,subway,noise_colors,level0,subway_noise_colors_level0.mp4,noise_colors,level1,subway_noise_colors_level1.mp4,LEFT,noise_colors,level0,subway_noise_colors_level0.mp4,noise_colors,level1,subway_noise_colors_level1.mp4,3.0417,239.98
Jorge,435,304,720,INTER-DISTORTION,classroom,motion_resolution,level2,classroom_motion_resolution_level2.mp4,restir,level2,classroom_restir_level2.mp4,RIGHT,restir,level2,classroom_restir_level2.mp4,motion_resolution,level2,classroom_motion_resolution_level2.mp4,1.7833,239.97
Jorge,436,474,720,INTER-DISTORTION,marbles,temporal-resolution-multiplexing,level2,marbles_temporal-resolution-multiplexing_level2.mp4,noise_colors,level2,marbles_noise_colors_level2.mp4,RIGHT,noise_colors,level2,marbles_noise_colors_level2.mp4,temporal-resolution-multiplexing,level2,marbles_temporal-resolution-multiplexing_level2.mp4,2.0708,239.98
Jorge,437,595,720,INTER-DISTORTION,subway,stutter,level1,subway_stutter_level1.mp4,dlss_rr,level1,subway_dlss_rr_level1.mp4,LEFT,stutter,level1,subway_stutter_level1.mp4,dlss_rr,level1,subway_dlss_rr_level1.mp4,3.1708,239.97
Jorge,438,386,720,INTER-DISTORTION,landscape,stutter,level2,landscape_stutter_level2.mp4,motion_resolution,level2,landscape_motion_resolution_level2.mp4,LEFT,stutter,level2,landscape_stutter_level2.mp4,motion_resolution,level2,landscape_motion_resolution_level2.mp4,2.7708,239.99
Jorge,439,394,720,INTER-DISTORTION,landscape,temporal-resolution-multiplexing,level2,landscape_temporal-resolution-multiplexing_level2.mp4,noise_colors,level2,landscape_noise_colors_level2.mp4,RIGHT,noise_colors,level2,landscape_noise_colors_level2.mp4,temporal-resolution-multiplexing,level2,landscape_temporal-resolution-multiplexing_level2.mp4,2.9125,239.96
Jorge,440,522,720,INTER-DISTORTION,pink_room,motion_resolution,level2,pink_room_motion_resolution_level2.mp4,judder,level2,pink_room_judder_level2.mp4,RIGHT,judder,level2,pink_room_judder_level2.mp4,motion_resolution,level2,pink_room_motion_resolution_level2.mp4,4.1458,240.0
Jorge,441,631,720,INTER-DISTORTION,subway,noise_colors,level1,subway_noise_colors_level1.mp4,stutter,level1,subway_stutter_level1.mp4,RIGHT,stutter,level1,subway_stutter_level1.mp4,noise_colors,level1,subway_noise_colors_level1.mp4,1.5292,239.88
Jorge,442,669,720,INTER-DISTORTION,zeroday,dlss_rr,level1,zeroday_dlss_rr_level1.mp4,motion_resolution,level1,zeroday_motion_resolution_level1.mp4,LEFT,dlss_rr,level1,zeroday_dlss_rr_level1.mp4,motion_resolution,level1,zeroday_motion_resolution_level1.mp4,2.2417,240.0
Jorge,443,322,720,INTRA-DISTORTION,landscape,dlss_rr,level2,landscape_dlss_rr_level2.mp4,dlss_rr,level1,landscape_dlss_rr_level1.mp4,RIGHT,dlss_rr,level1,landscape_dlss_rr_level1.mp4,dlss_rr,level2,landscape_dlss_rr_level2.mp4,2.4667,239.98
Jorge,444,614,720,INTER-DISTORTION,subway,motion_noise,level2,subway_motion_noise_level2.mp4,noise_colors,level2,subway_noise_colors_level2.mp4,LEFT,motion_noise,level2,subway_motion_noise_level2.mp4,noise_colors,level2,subway_noise_colors_level2.mp4,2.7,240.19
Jorge,445,544,720,INTER-DISTORTION,pink_room,restir,level2,pink_room_restir_level2.mp4,motion_resolution,level2,pink_room_motion_resolution_level2.mp4,LEFT,restir,level2,pink_room_restir_level2.mp4,motion_resolution,level2,pink_room_motion_resolution_level2.mp4,2.4583,240.0
Jorge,446,425,720,INTER-DISTORTION,marbles,judder,level1,marbles_judder_level1.mp4,dlss_rr,level1,marbles_dlss_rr_level1.mp4,LEFT,judder,level1,marbles_judder_level1.mp4,dlss_rr,level1,marbles_dlss_rr_level1.mp4,5.0375,239.99
Jorge,447,200,720,INTER-DISTORTION,bistro_interior,judder,level2,bistro_interior_judder_level2.mp4,motion_noise,level2,bistro_interior_motion_noise_level2.mp4,RIGHT,motion_noise,level2,bistro_interior_motion_noise_level2.mp4,judder,level2,bistro_interior_judder_level2.mp4,2.5167,240.12
Jorge,448,574,720,INTRA-DISTORTION,subway,noise_colors,level1,subway_noise_colors_level1.mp4,noise_colors,level2,subway_noise_colors_level2.mp4,LEFT,noise_colors,level1,subway_noise_colors_level1.mp4,noise_colors,level2,subway_noise_colors_level2.mp4,3.2792,240.01
Jorge,449,452,720,INTER-DISTORTION,marbles,motion_resolution,level2,marbles_motion_resolution_level2.mp4,motion_noise,level2,marbles_motion_noise_level2.mp4,RIGHT,motion_noise,level2,marbles_motion_noise_level2.mp4,motion_resolution,level2,marbles_motion_resolution_level2.mp4,1.8125,239.96
Jorge,450,507,720,INTER-DISTORTION,pink_room,dlss_rr,level1,pink_room_dlss_rr_level1.mp4,motion_noise,level1,pink_room_motion_noise_level1.mp4,RIGHT,motion_noise,level1,pink_room_motion_noise_level1.mp4,dlss_rr,level1,pink_room_dlss_rr_level1.mp4,2.6292,240.0
Jorge,451,671,720,INTER-DISTORTION,zeroday,dlss_rr,level1,zeroday_dlss_rr_level1.mp4,noise_colors,level1,zeroday_noise_colors_level1.mp4,RIGHT,noise_colors,level1,zeroday_noise_colors_level1.mp4,dlss_rr,level1,zeroday_dlss_rr_level1.mp4,2.9375,239.97
Jorge,452,584,720,INTRA-DISTORTION,subway,temporal-resolution-multiplexing,level0,subway_temporal-resolution-multiplexing_level0.mp4,temporal-resolution-multiplexing,level2,subway_temporal-resolution-multiplexing_level2.mp4,LEFT,temporal-resolution-multiplexing,level0,subway_temporal-resolution-multiplexing_level0.mp4,temporal-resolution-multiplexing,level2,subway_temporal-resolution-multiplexing_level2.mp4,2.325,239.99
Jorge,453,57,720,INTER-DISTORTION,attic,stutter,level1,attic_stutter_level1.mp4,motion_noise,level1,attic_motion_noise_level1.mp4,LEFT,stutter,level1,attic_stutter_level1.mp4,motion_noise,level1,attic_motion_noise_level1.mp4,8.1375,240.0
Jorge,454,594,720,INTER-DISTORTION,subway,dlss_rr,level2,subway_dlss_rr_level2.mp4,restir,level2,subway_restir_level2.mp4,LEFT,dlss_rr,level2,subway_dlss_rr_level2.mp4,restir,level2,subway_restir_level2.mp4,2.8958,240.0
Jorge,455,572,720,INTRA-DISTORTION,subway,motion_resolution,level0,subway_motion_resolution_level0.mp4,motion_resolution,level2,subway_motion_resolution_level2.mp4,LEFT,motion_resolution,level0,subway_motion_resolution_level0.mp4,motion_resolution,level2,subway_motion_resolution_level2.mp4,2.3083,239.96
Jorge,456,172,720,INTRA-DISTORTION,bistro_interior,motion_resolution,level2,bistro_interior_motion_resolution_level2.mp4,motion_resolution,level0,bistro_interior_motion_resolution_level0.mp4,RIGHT,motion_resolution,level0,bistro_interior_motion_resolution_level0.mp4,motion_resolution,level2,bistro_interior_motion_resolution_level2.mp4,1.8375,240.01
Jorge,457,145,720,INTER-DISTORTION,bistro_exterior,motion_resolution,level1,bistro_exterior_motion_resolution_level1.mp4,stutter,level1,bistro_exterior_stutter_level1.mp4,RIGHT,stutter,level1,bistro_exterior_stutter_level1.mp4,motion_resolution,level1,bistro_exterior_motion_resolution_level1.mp4,2.7417,239.94
Jorge,458,104,720,INTRA-DISTORTION,bistro_exterior,temporal-resolution-multiplexing,level2,bistro_exterior_temporal-resolution-multiplexing_level2.mp4,temporal-resolution-multiplexing,level0,bistro_exterior_temporal-resolution-multiplexing_level0.mp4,RIGHT,temporal-resolution-multiplexing,level0,bistro_exterior_temporal-resolution-multiplexing_level0.mp4,temporal-resolution-multiplexing,level2,bistro_exterior_temporal-resolution-multiplexing_level2.mp4,2.5875,240.0
Jorge,459,318,720,INTER-DISTORTION,classroom,temporal-resolution-multiplexing,level2,classroom_temporal-resolution-multiplexing_level2.mp4,restir,level2,classroom_restir_level2.mp4,LEFT,temporal-resolution-multiplexing,level2,classroom_temporal-resolution-multiplexing_level2.mp4,restir,level2,classroom_restir_level2.mp4,4.2083,240.05
Jorge,460,552,720,INTER-DISTORTION,pink_room,stutter,level2,pink_room_stutter_level2.mp4,noise_colors,level2,pink_room_noise_colors_level2.mp4,RIGHT,noise_colors,level2,pink_room_noise_colors_level2.mp4,stutter,level2,pink_room_stutter_level2.mp4,2.8167,240.0
Jorge,461,196,720,INTER-DISTORTION,bistro_interior,dlss_rr,level2,bistro_interior_dlss_rr_level2.mp4,stutter,level2,bistro_interior_stutter_level2.mp4,LEFT,dlss_rr,level2,bistro_interior_dlss_rr_level2.mp4,stutter,level2,bistro_interior_stutter_level2.mp4,4.15,239.98
Jorge,462,128,720,INTER-DISTORTION,bistro_exterior,judder,level2,bistro_exterior_judder_level2.mp4,stutter,level2,bistro_exterior_stutter_level2.mp4,LEFT,judder,level2,bistro_exterior_judder_level2.mp4,stutter,level2,bistro_exterior_stutter_level2.mp4,6.375,240.09
Jorge,463,429,720,INTER-DISTORTION,marbles,motion_resolution,level1,marbles_motion_resolution_level1.mp4,dlss_rr,level1,marbles_dlss_rr_level1.mp4,RIGHT,dlss_rr,level1,marbles_dlss_rr_level1.mp4,motion_resolution,level1,marbles_motion_resolution_level1.mp4,2.8542,239.98
Jorge,464,339,720,INTRA-DISTORTION,landscape,stutter,level0,landscape_stutter_level0.mp4,stutter,level1,landscape_stutter_level1.mp4,RIGHT,stutter,level1,landscape_stutter_level1.mp4,stutter,level0,landscape_stutter_level0.mp4,3.4,240.0
Jorge,465,562,720,INTRA-DISTORTION,subway,dlss_rr,level2,subway_dlss_rr_level2.mp4,dlss_rr,level1,subway_dlss_rr_level1.mp4,RIGHT,dlss_rr,level1,subway_dlss_rr_level1.mp4,dlss_rr,level2,subway_dlss_rr_level2.mp4,3.7042,239.99
Jorge,466,47,720,INTER-DISTORTION,attic,judder,level1,attic_judder_level1.mp4,stutter,level1,attic_stutter_level1.mp4,RIGHT,stutter,level1,attic_stutter_level1.mp4,judder,level1,attic_judder_level1.mp4,4.0958,240.0
Jorge,467,411,720,INTRA-DISTORTION,marbles,motion_resolution,level2,marbles_motion_resolution_level2.mp4,motion_resolution,level1,marbles_motion_resolution_level1.mp4,RIGHT,motion_resolution,level1,marbles_motion_resolution_level1.mp4,motion_resolution,level2,marbles_motion_resolution_level2.mp4,6.7708,239.99
Jorge,468,516,720,INTER-DISTORTION,pink_room,dlss_rr,level2,pink_room_dlss_rr_level2.mp4,stutter,level2,pink_room_stutter_level2.mp4,LEFT,dlss_rr,level2,pink_room_dlss_rr_level2.mp4,stutter,level2,pink_room_stutter_level2.mp4,2.2375,239.99
Jorge,469,132,720,INTER-DISTORTION,bistro_exterior,motion_noise,level2,bistro_exterior_motion_noise_level2.mp4,motion_resolution,level2,bistro_exterior_motion_resolution_level2.mp4,LEFT,motion_noise,level2,bistro_exterior_motion_noise_level2.mp4,motion_resolution,level2,bistro_exterior_motion_resolution_level2.mp4,1.4333,239.94
Jorge,470,23,720,INTRA-DISTORTION,attic,temporal-resolution-multiplexing,level2,attic_temporal-resolution-multiplexing_level2.mp4,temporal-resolution-multiplexing,level1,attic_temporal-resolution-multiplexing_level1.mp4,RIGHT,temporal-resolution-multiplexing,level1,attic_temporal-resolution-multiplexing_level1.mp4,temporal-resolution-multiplexing,level2,attic_temporal-resolution-multiplexing_level2.mp4,2.3792,239.98
Jorge,471,285,720,INTER-DISTORTION,classroom,restir,level1,classroom_restir_level1.mp4,judder,level1,classroom_judder_level1.mp4,RIGHT,judder,level1,classroom_judder_level1.mp4,restir,level1,classroom_restir_level1.mp4,1.875,239.94
Jorge,472,25,720,INTER-DISTORTION,attic,judder,level1,attic_judder_level1.mp4,dlss_rr,level1,attic_dlss_rr_level1.mp4,LEFT,judder,level1,attic_judder_level1.mp4,dlss_rr,level1,attic_dlss_rr_level1.mp4,4.1833,239.99
Jorge,473,265,720,INTER-DISTORTION,classroom,dlss_rr,level1,classroom_dlss_rr_level1.mp4,judder,level1,classroom_judder_level1.mp4,RIGHT,judder,level1,classroom_judder_level1.mp4,dlss_rr,level1,classroom_dlss_rr_level1.mp4,3.3042,239.98
Jorge,474,348,720,INTER-DISTORTION,landscape,motion_noise,level2,landscape_motion_noise_level2.mp4,dlss_rr,level2,landscape_dlss_rr_level2.mp4,LEFT,motion_noise,level2,landscape_motion_noise_level2.mp4,dlss_rr,level2,landscape_dlss_rr_level2.mp4,3.3,239.99
Jorge,475,619,720,INTER-DISTORTION,subway,motion_noise,level1,subway_motion_noise_level1.mp4,temporal-resolution-multiplexing,level1,subway_temporal-resolution-multiplexing_level1.mp4,RIGHT,temporal-resolution-multiplexing,level1,subway_temporal-resolution-multiplexing_level1.mp4,motion_noise,level1,subway_motion_noise_level1.mp4,7.0917,239.99
Jorge,476,347,720,INTER-DISTORTION,landscape,motion_noise,level1,landscape_motion_noise_level1.mp4,dlss_rr,level1,landscape_dlss_rr_level1.mp4,LEFT,motion_noise,level1,landscape_motion_noise_level1.mp4,dlss_rr,level1,landscape_dlss_rr_level1.mp4,2.075,240.01
Jorge,477,375,720,INTER-DISTORTION,landscape,motion_noise,level1,landscape_motion_noise_level1.mp4,restir,level1,landscape_restir_level1.mp4,RIGHT,restir,level1,landscape_restir_level1.mp4,motion_noise,level1,landscape_motion_noise_level1.mp4,3.8458,239.99
Jorge,478,600,720,INTER-DISTORTION,subway,motion_noise,level2,subway_motion_noise_level2.mp4,judder,level2,subway_judder_level2.mp4,RIGHT,judder,level2,subway_judder_level2.mp4,motion_noise,level2,subway_motion_noise_level2.mp4,3.4625,240.0
Jorge,479,230,720,INTER-DISTORTION,bistro_interior,noise_colors,level2,bistro_interior_noise_colors_level2.mp4,restir,level2,bistro_interior_restir_level2.mp4,LEFT,noise_colors,level2,bistro_interior_noise_colors_level2.mp4,restir,level2,bistro_interior_restir_level2.mp4,1.1,239.89
Jorge,480,476,720,INTER-DISTORTION,marbles,restir,level2,marbles_restir_level2.mp4,stutter,level2,marbles_stutter_level2.mp4,LEFT,restir,level2,marbles_restir_level2.mp4,stutter,level2,marbles_stutter_level2.mp4,3.3708,240.0
Jorge,481,404,720,INTRA-DISTORTION,marbles,judder,level1,marbles_judder_level1.mp4,judder,level0,marbles_judder_level0.mp4,LEFT,judder,level1,marbles_judder_level1.mp4,judder,level0,marbles_judder_level0.mp4,2.7708,239.96
Jorge,482,712,720,INTER-DISTORTION,zeroday,noise_colors,level2,zeroday_noise_colors_level2.mp4,stutter,level2,zeroday_stutter_level2.mp4,LEFT,noise_colors,level2,zeroday_noise_colors_level2.mp4,stutter,level2,zeroday_stutter_level2.mp4,3.4292,239.98
Jorge,483,124,720,INTER-DISTORTION,bistro_exterior,noise_colors,level2,bistro_exterior_noise_colors_level2.mp4,judder,level2,bistro_exterior_judder_level2.mp4,LEFT,noise_colors,level2,bistro_exterior_noise_colors_level2.mp4,judder,level2,bistro_exterior_judder_level2.mp4,3.3208,239.97
Jorge,484,221,720,INTER-DISTORTION,bistro_interior,motion_resolution,level1,bistro_interior_motion_resolution_level1.mp4,noise_colors,level1,bistro_interior_noise_colors_level1.mp4,RIGHT,noise_colors,level1,bistro_interior_noise_colors_level1.mp4,motion_resolution,level1,bistro_interior_motion_resolution_level1.mp4,1.4333,240.0
Jorge,485,702,720,INTER-DISTORTION,zeroday,noise_colors,level2,zeroday_noise_colors_level2.mp4,motion_resolution,level2,zeroday_motion_resolution_level2.mp4,LEFT,noise_colors,level2,zeroday_noise_colors_level2.mp4,motion_resolution,level2,zeroday_motion_resolution_level2.mp4,1.6417,239.94
Jorge,486,275,720,INTER-DISTORTION,classroom,dlss_rr,level1,classroom_dlss_rr_level1.mp4,stutter,level1,classroom_stutter_level1.mp4,RIGHT,stutter,level1,classroom_stutter_level1.mp4,dlss_rr,level1,classroom_dlss_rr_level1.mp4,4.5625,240.01
Jorge,487,9,720,INTRA-DISTORTION,attic,motion_noise,level0,attic_motion_noise_level0.mp4,motion_noise,level2,attic_motion_noise_level2.mp4,RIGHT,motion_noise,level2,attic_motion_noise_level2.mp4,motion_noise,level0,attic_motion_noise_level0.mp4,7.6958,239.99
Jorge,488,551,720,INTER-DISTORTION,pink_room,noise_colors,level1,pink_room_noise_colors_level1.mp4,stutter,level1,pink_room_stutter_level1.mp4,RIGHT,stutter,level1,pink_room_stutter_level1.mp4,noise_colors,level1,pink_room_noise_colors_level1.mp4,1.2208,239.97
Jorge,489,87,720,INTRA-DISTORTION,bistro_exterior,motion_noise,level1,bistro_exterior_motion_noise_level1.mp4,motion_noise,level0,bistro_exterior_motion_noise_level0.mp4,RIGHT,motion_noise,level0,bistro_exterior_motion_noise_level0.mp4,motion_noise,level1,bistro_exterior_motion_noise_level1.mp4,4.8917,239.99
Jorge,490,426,720,INTER-DISTORTION,marbles,judder,level2,marbles_judder_level2.mp4,dlss_rr,level2,marbles_dlss_rr_level2.mp4,RIGHT,dlss_rr,level2,marbles_dlss_rr_level2.mp4,judder,level2,marbles_judder_level2.mp4,4.3875,240.0
Jorge,491,502,720,INTRA-DISTORTION,pink_room,temporal-resolution-multiplexing,level0,pink_room_temporal-resolution-multiplexing_level0.mp4,temporal-resolution-multiplexing,level1,pink_room_temporal-resolution-multiplexing_level1.mp4,LEFT,temporal-resolution-multiplexing,level0,pink_room_temporal-resolution-multiplexing_level0.mp4,temporal-resolution-multiplexing,level1,pink_room_temporal-resolution-multiplexing_level1.mp4,4.3167,239.98
Jorge,492,332,720,INTRA-DISTORTION,landscape,motion_resolution,level2,landscape_motion_resolution_level2.mp4,motion_resolution,level0,landscape_motion_resolution_level0.mp4,RIGHT,motion_resolution,level0,landscape_motion_resolution_level0.mp4,motion_resolution,level2,landscape_motion_resolution_level2.mp4,2.7125,240.0
Jorge,493,610,720,INTER-DISTORTION,subway,judder,level2,subway_judder_level2.mp4,temporal-resolution-multiplexing,level2,subway_temporal-resolution-multiplexing_level2.mp4,LEFT,judder,level2,subway_judder_level2.mp4,temporal-resolution-multiplexing,level2,subway_temporal-resolution-multiplexing_level2.mp4,2.3417,239.93
Jorge,494,263,720,INTRA-DISTORTION,classroom,temporal-resolution-multiplexing,level1,classroom_temporal-resolution-multiplexing_level1.mp4,temporal-resolution-multiplexing,level2,classroom_temporal-resolution-multiplexing_level2.mp4,LEFT,temporal-resolution-multiplexing,level1,classroom_temporal-resolution-multiplexing_level1.mp4,temporal-resolution-multiplexing,level2,classroom_temporal-resolution-multiplexing_level2.mp4,2.3458,239.94
Jorge,495,701,720,INTER-DISTORTION,zeroday,noise_colors,level1,zeroday_noise_colors_level1.mp4,motion_resolution,level1,zeroday_motion_resolution_level1.mp4,LEFT,noise_colors,level1,zeroday_noise_colors_level1.mp4,motion_resolution,level1,zeroday_motion_resolution_level1.mp4,2.925,239.97
Jorge,496,700,720,INTER-DISTORTION,zeroday,motion_noise,level2,zeroday_motion_noise_level2.mp4,temporal-resolution-multiplexing,level2,zeroday_temporal-resolution-multiplexing_level2.mp4,LEFT,motion_noise,level2,zeroday_motion_noise_level2.mp4,temporal-resolution-multiplexing,level2,zeroday_temporal-resolution-multiplexing_level2.mp4,2.2292,239.99
Jorge,497,242,720,INTRA-DISTORTION,classroom,dlss_rr,level1,classroom_dlss_rr_level1.mp4,dlss_rr,level2,classroom_dlss_rr_level2.mp4,LEFT,dlss_rr,level1,classroom_dlss_rr_level1.mp4,dlss_rr,level2,classroom_dlss_rr_level2.mp4,2.4208,239.97
Jorge,498,384,720,INTER-DISTORTION,landscape,restir,level2,landscape_restir_level2.mp4,motion_resolution,level2,landscape_motion_resolution_level2.mp4,LEFT,restir,level2,landscape_restir_level2.mp4,motion_resolution,level2,landscape_motion_resolution_level2.mp4,2.0708,239.97
Jorge,499,164,720,INTRA-DISTORTION,bistro_interior,judder,level1,bistro_interior_judder_level1.mp4,judder,level0,bistro_interior_judder_level0.mp4,LEFT,judder,level1,bistro_interior_judder_level1.mp4,judder,level0,bistro_interior_judder_level0.mp4,4.575,239.99
Jorge,500,649,720,INTRA-DISTORTION,zeroday,motion_noise,level0,zeroday_motion_noise_level0.mp4,motion_noise,level2,zeroday_motion_noise_level2.mp4,LEFT,motion_noise,level0,zeroday_motion_noise_level0.mp4,motion_noise,level2,zeroday_motion_noise_level2.mp4,7.2125,240.0
Jorge,501,364,720,INTER-DISTORTION,landscape,judder,level2,landscape_judder_level2.mp4,noise_colors,level2,landscape_noise_colors_level2.mp4,LEFT,judder,level2,landscape_judder_level2.mp4,noise_colors,level2,landscape_noise_colors_level2.mp4,3.6542,239.97
Jorge,502,715,720,INTER-DISTORTION,zeroday,restir,level1,zeroday_restir_level1.mp4,stutter,level1,zeroday_stutter_level1.mp4,RIGHT,stutter,level1,zeroday_stutter_level1.mp4,restir,level1,zeroday_restir_level1.mp4,1.5125,239.97
Jorge,503,103,720,INTRA-DISTORTION,bistro_exterior,temporal-resolution-multiplexing,level1,bistro_exterior_temporal-resolution-multiplexing_level1.mp4,temporal-resolution-multiplexing,level2,bistro_exterior_temporal-resolution-multiplexing_level2.mp4,LEFT,temporal-resolution-multiplexing,level1,bistro_exterior_temporal-resolution-multiplexing_level1.mp4,temporal-resolution-multiplexing,level2,bistro_exterior_temporal-resolution-multiplexing_level2.mp4,3.1,239.99
Jorge,504,718,720,INTER-DISTORTION,zeroday,restir,level2,zeroday_restir_level2.mp4,temporal-resolution-multiplexing,level2,zeroday_temporal-resolution-multiplexing_level2.mp4,LEFT,restir,level2,zeroday_restir_level2.mp4,temporal-resolution-multiplexing,level2,zeroday_temporal-resolution-multiplexing_level2.mp4,2.475,239.98
Jorge,505,139,720,INTER-DISTORTION,bistro_exterior,motion_noise,level1,bistro_exterior_motion_noise_level1.mp4,temporal-resolution-multiplexing,level1,bistro_exterior_temporal-resolution-multiplexing_level1.mp4,LEFT,motion_noise,level1,bistro_exterior_motion_noise_level1.mp4,temporal-resolution-multiplexing,level1,bistro_exterior_temporal-resolution-multiplexing_level1.mp4,4.0958,239.98
Jorge,506,624,720,INTER-DISTORTION,subway,restir,level2,subway_restir_level2.mp4,motion_resolution,level2,subway_motion_resolution_level2.mp4,RIGHT,motion_resolution,level2,subway_motion_resolution_level2.mp4,restir,level2,subway_restir_level2.mp4,3.7625,240.01
Jorge,507,308,720,INTER-DISTORTION,classroom,temporal-resolution-multiplexing,level2,classroom_temporal-resolution-multiplexing_level2.mp4,motion_resolution,level2,classroom_motion_resolution_level2.mp4,LEFT,temporal-resolution-multiplexing,level2,classroom_temporal-resolution-multiplexing_level2.mp4,motion_resolution,level2,classroom_motion_resolution_level2.mp4,2.2542,239.99
Jorge,508,83,720,INTRA-DISTORTION,bistro_exterior,dlss_rr,level0,bistro_exterior_dlss_rr_level0.mp4,dlss_rr,level2,bistro_exterior_dlss_rr_level2.mp4,LEFT,dlss_rr,level0,bistro_exterior_dlss_rr_level0.mp4,dlss_rr,level2,bistro_exterior_dlss_rr_level2.mp4,5.4667,240.0
Jorge,509,579,720,INTRA-DISTORTION,subway,stutter,level0,subway_stutter_level0.mp4,stutter,level1,subway_stutter_level1.mp4,LEFT,stutter,level0,subway_stutter_level0.mp4,stutter,level1,subway_stutter_level1.mp4,5.0208,239.99
Jorge,510,641,720,INTRA-DISTORTION,zeroday,dlss_rr,level1,zeroday_dlss_rr_level1.mp4,dlss_rr,level0,zeroday_dlss_rr_level0.mp4,RIGHT,dlss_rr,level0,zeroday_dlss_rr_level0.mp4,dlss_rr,level1,zeroday_dlss_rr_level1.mp4,3.35,240.0
Jorge,511,392,720,INTER-DISTORTION,landscape,stutter,level2,landscape_stutter_level2.mp4,noise_colors,level2,landscape_noise_colors_level2.mp4,LEFT,stutter,level2,landscape_stutter_level2.mp4,noise_colors,level2,landscape_noise_colors_level2.mp4,2.0375,239.97
Jorge,512,510,720,INTER-DISTORTION,pink_room,dlss_rr,level2,pink_room_dlss_rr_level2.mp4,motion_resolution,level2,pink_room_motion_resolution_level2.mp4,LEFT,dlss_rr,level2,pink_room_dlss_rr_level2.mp4,motion_resolution,level2,pink_room_motion_resolution_level2.mp4,2.1292,239.99
Jorge,513,387,720,INTER-DISTORTION,landscape,motion_resolution,level1,landscape_motion_resolution_level1.mp4,temporal-resolution-multiplexing,level1,landscape_temporal-resolution-multiplexing_level1.mp4,LEFT,motion_resolution,level1,landscape_motion_resolution_level1.mp4,temporal-resolution-multiplexing,level1,landscape_temporal-resolution-multiplexing_level1.mp4,3.675,239.97
Jorge,514,293,720,INTER-DISTORTION,classroom,noise_colors,level1,classroom_noise_colors_level1.mp4,motion_noise,level1,classroom_motion_noise_level1.mp4,RIGHT,motion_noise,level1,classroom_motion_noise_level1.mp4,noise_colors,level1,classroom_noise_colors_level1.mp4,2.175,240.01
Jorge,515,60,720,INTER-DISTORTION,attic,motion_noise,level2,attic_motion_noise_level2.mp4,temporal-resolution-multiplexing,level2,attic_temporal-resolution-multiplexing_level2.mp4,LEFT,motion_noise,level2,attic_motion_noise_level2.mp4,temporal-resolution-multiplexing,level2,attic_temporal-resolution-multiplexing_level2.mp4,2.9833,240.01
Jorge,516,346,720,INTER-DISTORTION,landscape,judder,level2,landscape_judder_level2.mp4,dlss_rr,level2,landscape_dlss_rr_level2.mp4,RIGHT,dlss_rr,level2,landscape_dlss_rr_level2.mp4,judder,level2,landscape_judder_level2.mp4,4.5625,240.0
Jorge,517,78,720,INTER-DISTORTION,attic,restir,level2,attic_restir_level2.mp4,temporal-resolution-multiplexing,level2,attic_temporal-resolution-multiplexing_level2.mp4,LEFT,restir,level2,attic_restir_level2.mp4,temporal-resolution-multiplexing,level2,attic_temporal-resolution-multiplexing_level2.mp4,3.2125,239.97
Jorge,518,56,720,INTER-DISTORTION,attic,restir,level2,attic_restir_level2.mp4,motion_noise,level2,attic_motion_noise_level2.mp4,RIGHT,motion_noise,level2,attic_motion_noise_level2.mp4,restir,level2,attic_restir_level2.mp4,1.575,239.99
Jorge,519,187,720,INTER-DISTORTION,bistro_interior,motion_noise,level1,bistro_interior_motion_noise_level1.mp4,dlss_rr,level1,bistro_interior_dlss_rr_level1.mp4,LEFT,motion_noise,level1,bistro_interior_motion_noise_level1.mp4,dlss_rr,level1,bistro_interior_dlss_rr_level1.mp4,2.3625,239.97
Jorge,520,271,720,INTER-DISTORTION,classroom,dlss_rr,level1,classroom_dlss_rr_level1.mp4,noise_colors,level1,classroom_noise_colors_level1.mp4,LEFT,dlss_rr,level1,classroom_dlss_rr_level1.mp4,noise_colors,level1,classroom_noise_colors_level1.mp4,1.5708,239.95
Jorge,521,520,720,INTER-DISTORTION,pink_room,motion_noise,level2,pink_room_motion_noise_level2.mp4,judder,level2,pink_room_judder_level2.mp4,LEFT,motion_noise,level2,pink_room_motion_noise_level2.mp4,judder,level2,pink_room_judder_level2.mp4,4.5292,239.98
Jorge,522,575,720,INTRA-DISTORTION,subway,noise_colors,level0,subway_noise_colors_level0.mp4,noise_colors,level2,subway_noise_colors_level2.mp4,LEFT,noise_colors,level0,subway_noise_colors_level0.mp4,noise_colors,level2,subway_noise_colors_level2.mp4,1.7792,239.97
Jorge,523,207,720,INTER-DISTORTION,bistro_interior,judder,level1,bistro_interior_judder_level1.mp4,stutter,level1,bistro_interior_stutter_level1.mp4,RIGHT,stutter,level1,bistro_interior_stutter_level1.mp4,judder,level1,bistro_interior_judder_level1.mp4,6.425,239.98
Jorge,524,581,720,INTRA-DISTORTION,subway,stutter,level0,subway_stutter_level0.mp4,stutter,level2,subway_stutter_level2.mp4,LEFT,stutter,level0,subway_stutter_level0.mp4,stutter,level2,subway_stutter_level2.mp4,1.7875,239.97
Jorge,525,26,720,INTER-DISTORTION,attic,judder,level2,attic_judder_level2.mp4,dlss_rr,level2,attic_dlss_rr_level2.mp4,LEFT,judder,level2,attic_judder_level2.mp4,dlss_rr,level2,attic_dlss_rr_level2.mp4,1.8583,239.96
Jorge,526,110,720,INTER-DISTORTION,bistro_exterior,motion_resolution,level2,bistro_exterior_motion_resolution_level2.mp4,dlss_rr,level2,bistro_exterior_dlss_rr_level2.mp4,RIGHT,dlss_rr,level2,bistro_exterior_dlss_rr_level2.mp4,motion_resolution,level2,bistro_exterior_motion_resolution_level2.mp4,1.6792,239.99
Jorge,527,661,720,INTRA-DISTORTION,zeroday,stutter,level0,zeroday_stutter_level0.mp4,stutter,level2,zeroday_stutter_level2.mp4,LEFT,stutter,level0,zeroday_stutter_level0.mp4,stutter,level2,zeroday_stutter_level2.mp4,2.85,239.96
Jorge,528,162,720,INTRA-DISTORTION,bistro_interior,dlss_rr,level2,bistro_interior_dlss_rr_level2.mp4,dlss_rr,level1,bistro_interior_dlss_rr_level1.mp4,RIGHT,dlss_rr,level1,bistro_interior_dlss_rr_level1.mp4,dlss_rr,level2,bistro_interior_dlss_rr_level2.mp4,3.85,240.01
Jorge,529,663,720,INTRA-DISTORTION,zeroday,temporal-resolution-multiplexing,level2,zeroday_temporal-resolution-multiplexing_level2.mp4,temporal-resolution-multiplexing,level1,zeroday_temporal-resolution-multiplexing_level1.mp4,RIGHT,temporal-resolution-multiplexing,level1,zeroday_temporal-resolution-multiplexing_level1.mp4,temporal-resolution-multiplexing,level2,zeroday_temporal-resolution-multiplexing_level2.mp4,1.3542,239.98
Jorge,530,351,720,INTER-DISTORTION,landscape,dlss_rr,level1,landscape_dlss_rr_level1.mp4,noise_colors,level1,landscape_noise_colors_level1.mp4,RIGHT,noise_colors,level1,landscape_noise_colors_level1.mp4,dlss_rr,level1,landscape_dlss_rr_level1.mp4,1.3958,240.02
Jorge,531,319,720,INTER-DISTORTION,classroom,temporal-resolution-multiplexing,level1,classroom_temporal-resolution-multiplexing_level1.mp4,stutter,level1,classroom_stutter_level1.mp4,RIGHT,stutter,level1,classroom_stutter_level1.mp4,temporal-resolution-multiplexing,level1,classroom_temporal-resolution-multiplexing_level1.mp4,2.25,239.97
Jorge,532,122,720,INTER-DISTORTION,bistro_exterior,motion_resolution,level2,bistro_exterior_motion_resolution_level2.mp4,judder,level2,bistro_exterior_judder_level2.mp4,RIGHT,judder,level2,bistro_exterior_judder_level2.mp4,motion_resolution,level2,bistro_exterior_motion_resolution_level2.mp4,2.9083,239.99
Jorge,533,199,720,INTER-DISTORTION,bistro_interior,motion_noise,level1,bistro_interior_motion_noise_level1.mp4,judder,level1,bistro_interior_judder_level1.mp4,LEFT,motion_noise,level1,bistro_interior_motion_noise_level1.mp4,judder,level1,bistro_interior_judder_level1.mp4,2.075,239.96
Jorge,534,455,720,INTER-DISTORTION,marbles,motion_noise,level1,marbles_motion_noise_level1.mp4,restir,level1,marbles_restir_level1.mp4,LEFT,motion_noise,level1,marbles_motion_noise_level1.mp4,restir,level1,marbles_restir_level1.mp4,2.5167,239.98
Jorge,535,672,720,INTER-DISTORTION,zeroday,dlss_rr,level2,zeroday_dlss_rr_level2.mp4,noise_colors,level2,zeroday_noise_colors_level2.mp4,RIGHT,noise_colors,level2,zeroday_noise_colors_level2.mp4,dlss_rr,level2,zeroday_dlss_rr_level2.mp4,2.225,239.96
Jorge,536,493,720,INTRA-DISTORTION,pink_room,noise_colors,level1,pink_room_noise_colors_level1.mp4,noise_colors,level0,pink_room_noise_colors_level0.mp4,RIGHT,noise_colors,level0,pink_room_noise_colors_level0.mp4,noise_colors,level1,pink_room_noise_colors_level1.mp4,1.575,239.99
Jorge,537,201,720,INTER-DISTORTION,bistro_interior,motion_resolution,level1,bistro_interior_motion_resolution_level1.mp4,judder,level1,bistro_interior_judder_level1.mp4,RIGHT,judder,level1,bistro_interior_judder_level1.mp4,motion_resolution,level1,bistro_interior_motion_resolution_level1.mp4,1.0292,239.91
Jorge,538,450,720,INTER-DISTORTION,marbles,judder,level2,marbles_judder_level2.mp4,temporal-resolution-multiplexing,level2,marbles_temporal-resolution-multiplexing_level2.mp4,LEFT,judder,level2,marbles_judder_level2.mp4,temporal-resolution-multiplexing,level2,marbles_temporal-resolution-multiplexing_level2.mp4,1.8042,239.98
Jorge,539,70,720,INTER-DISTORTION,attic,noise_colors,level2,attic_noise_colors_level2.mp4,restir,level2,attic_restir_level2.mp4,LEFT,noise_colors,level2,attic_noise_colors_level2.mp4,restir,level2,attic_restir_level2.mp4,2.3458,239.94
Jorge,540,43,720,INTER-DISTORTION,attic,noise_colors,level1,attic_noise_colors_level1.mp4,judder,level1,attic_judder_level1.mp4,LEFT,noise_colors,level1,attic_noise_colors_level1.mp4,judder,level1,attic_judder_level1.mp4,4.5917,240.0
Jorge,541,472,720,INTER-DISTORTION,marbles,stutter,level2,marbles_stutter_level2.mp4,noise_colors,level2,marbles_noise_colors_level2.mp4,RIGHT,noise_colors,level2,marbles_noise_colors_level2.mp4,stutter,level2,marbles_stutter_level2.mp4,2.5125,239.99
Jorge,542,490,720,INTRA-DISTORTION,pink_room,motion_resolution,level0,pink_room_motion_resolution_level0.mp4,motion_resolution,level1,pink_room_motion_resolution_level1.mp4,LEFT,motion_resolution,level0,pink_room_motion_resolution_level0.mp4,motion_resolution,level1,pink_room_motion_resolution_level1.mp4,1.9899,239.62
Jorge,543,140,720,INTER-DISTORTION,bistro_exterior,temporal-resolution-multiplexing,level2,bistro_exterior_temporal-resolution-multiplexing_level2.mp4,motion_noise,level2,bistro_exterior_motion_noise_level2.mp4,RIGHT,motion_noise,level2,bistro_exterior_motion_noise_level2.mp4,temporal-resolution-multiplexing,level2,bistro_exterior_temporal-resolution-multiplexing_level2.mp4,2.7292,239.99
Jorge,544,225,720,INTER-DISTORTION,bistro_interior,stutter,level1,bistro_interior_stutter_level1.mp4,motion_resolution,level1,bistro_interior_motion_resolution_level1.mp4,LEFT,stutter,level1,bistro_interior_stutter_level1.mp4,motion_resolution,level1,bistro_interior_motion_resolution_level1.mp4,1.3875,240.0
Jorge,545,535,720,INTER-DISTORTION,pink_room,restir,level1,pink_room_restir_level1.mp4,motion_noise,level1,pink_room_motion_noise_level1.mp4,RIGHT,motion_noise,level1,pink_room_motion_noise_level1.mp4,restir,level1,pink_room_restir_level1.mp4,1.2333,240.0
Jorge,546,146,720,INTER-DISTORTION,bistro_exterior,stutter,level2,bistro_exterior_stutter_level2.mp4,motion_resolution,level2,bistro_exterior_motion_resolution_level2.mp4,LEFT,stutter,level2,bistro_exterior_stutter_level2.mp4,motion_resolution,level2,bistro_exterior_motion_resolution_level2.mp4,2.4208,240.0
Jorge,547,607,720,INTER-DISTORTION,subway,judder,level1,subway_judder_level1.mp4,stutter,level1,subway_stutter_level1.mp4,RIGHT,stutter,level1,subway_stutter_level1.mp4,judder,level1,subway_judder_level1.mp4,1.8875,240.02
Jorge,548,208,720,INTER-DISTORTION,bistro_interior,judder,level2,bistro_interior_judder_level2.mp4,stutter,level2,bistro_interior_stutter_level2.mp4,RIGHT,stutter,level2,bistro_interior_stutter_level2.mp4,judder,level2,bistro_interior_judder_level2.mp4,5.7083,240.0
Jorge,549,96,720,INTRA-DISTORTION,bistro_exterior,restir,level1,bistro_exterior_restir_level1.mp4,restir,level0,bistro_exterior_restir_level0.mp4,RIGHT,restir,level0,bistro_exterior_restir_level0.mp4,restir,level1,bistro_exterior_restir_level1.mp4,5.2542,240.01
Jorge,550,298,720,INTER-DISTORTION,classroom,stutter,level2,classroom_stutter_level2.mp4,motion_noise,level2,classroom_motion_noise_level2.mp4,RIGHT,motion_noise,level2,classroom_motion_noise_level2.mp4,stutter,level2,classroom_stutter_level2.mp4,3.0542,240.01
Jorge,551,534,720,INTER-DISTORTION,pink_room,noise_colors,level2,pink_room_noise_colors_level2.mp4,motion_noise,level2,pink_room_motion_noise_level2.mp4,RIGHT,motion_noise,level2,pink_room_motion_noise_level2.mp4,noise_colors,level2,pink_room_noise_colors_level2.mp4,2.425,240.0
Jorge,552,367,720,INTER-DISTORTION,landscape,stutter,level1,landscape_stutter_level1.mp4,judder,level1,landscape_judder_level1.mp4,RIGHT,judder,level1,landscape_judder_level1.mp4,stutter,level1,landscape_stutter_level1.mp4,4.2542,240.0
Jorge,553,657,720,INTRA-DISTORTION,zeroday,restir,level2,zeroday_restir_level2.mp4,restir,level1,zeroday_restir_level1.mp4,RIGHT,restir,level1,zeroday_restir_level1.mp4,restir,level2,zeroday_restir_level2.mp4,3.1625,240.01
Jorge,554,633,720,INTER-DISTORTION,subway,temporal-resolution-multiplexing,level1,subway_temporal-resolution-multiplexing_level1.mp4,noise_colors,level1,subway_noise_colors_level1.mp4,RIGHT,noise_colors,level1,subway_noise_colors_level1.mp4,temporal-resolution-multiplexing,level1,subway_temporal-resolution-multiplexing_level1.mp4,4.3958,240.01
Jorge,555,477,720,INTER-DISTORTION,marbles,temporal-resolution-multiplexing,level1,marbles_temporal-resolution-multiplexing_level1.mp4,restir,level1,marbles_restir_level1.mp4,LEFT,temporal-resolution-multiplexing,level1,marbles_temporal-resolution-multiplexing_level1.mp4,restir,level1,marbles_restir_level1.mp4,5.15,240.0
Jorge,556,316,720,INTER-DISTORTION,classroom,restir,level2,classroom_restir_level2.mp4,stutter,level2,classroom_stutter_level2.mp4,RIGHT,stutter,level2,classroom_stutter_level2.mp4,restir,level2,classroom_restir_level2.mp4,4.7292,240.0
Jorge,557,117,720,INTER-DISTORTION,bistro_exterior,dlss_rr,level1,bistro_exterior_dlss_rr_level1.mp4,temporal-resolution-multiplexing,level1,bistro_exterior_temporal-resolution-multiplexing_level1.mp4,LEFT,dlss_rr,level1,bistro_exterior_dlss_rr_level1.mp4,temporal-resolution-multiplexing,level1,bistro_exterior_temporal-resolution-multiplexing_level1.mp4,10.2125,240.01
Jorge,558,193,720,INTER-DISTORTION,bistro_interior,dlss_rr,level1,bistro_interior_dlss_rr_level1.mp4,restir,level1,bistro_interior_restir_level1.mp4,RIGHT,restir,level1,bistro_interior_restir_level1.mp4,dlss_rr,level1,bistro_interior_dlss_rr_level1.mp4,5.6208,240.0
Jorge,559,88,720,INTRA-DISTORTION,bistro_exterior,motion_noise,level1,bistro_exterior_motion_noise_level1.mp4,motion_noise,level2,bistro_exterior_motion_noise_level2.mp4,LEFT,motion_noise,level1,bistro_exterior_motion_noise_level1.mp4,motion_noise,level2,bistro_exterior_motion_noise_level2.mp4,3.2875,240.0
Jorge,560,179,720,INTRA-DISTORTION,bistro_interior,stutter,level0,bistro_interior_stutter_level0.mp4,stutter,level1,bistro_interior_stutter_level1.mp4,LEFT,stutter,level0,bistro_interior_stutter_level0.mp4,stutter,level1,bistro_interior_stutter_level1.mp4,2.1667,239.99
Jorge,561,363,720,INTER-DISTORTION,landscape,noise_colors,level1,landscape_noise_colors_level1.mp4,judder,level1,landscape_judder_level1.mp4,RIGHT,judder,level1,landscape_judder_level1.mp4,noise_colors,level1,landscape_noise_colors_level1.mp4,2.1958,239.99
Jorge,562,416,720,INTRA-DISTORTION,marbles,restir,level1,marbles_restir_level1.mp4,restir,level0,marbles_restir_level0.mp4,RIGHT,restir,level0,marbles_restir_level0.mp4,restir,level1,marbles_restir_level1.mp4,2.4417,239.98
Jorge,563,699,720,INTER-DISTORTION,zeroday,motion_noise,level1,zeroday_motion_noise_level1.mp4,temporal-resolution-multiplexing,level1,zeroday_temporal-resolution-multiplexing_level1.mp4,LEFT,motion_noise,level1,zeroday_motion_noise_level1.mp4,temporal-resolution-multiplexing,level1,zeroday_temporal-resolution-multiplexing_level1.mp4,2.3875,239.98
Jorge,564,605,720,INTER-DISTORTION,subway,judder,level1,subway_judder_level1.mp4,restir,level1,subway_restir_level1.mp4,LEFT,judder,level1,subway_judder_level1.mp4,restir,level1,subway_restir_level1.mp4,1.9542,239.99
Jorge,565,269,720,INTER-DISTORTION,classroom,motion_resolution,level1,classroom_motion_resolution_level1.mp4,dlss_rr,level1,classroom_dlss_rr_level1.mp4,RIGHT,dlss_rr,level1,classroom_dlss_rr_level1.mp4,motion_resolution,level1,classroom_motion_resolution_level1.mp4,1.975,239.97
Jorge,566,548,720,INTER-DISTORTION,pink_room,motion_resolution,level2,pink_room_motion_resolution_level2.mp4,temporal-resolution-multiplexing,level2,pink_room_temporal-resolution-multiplexing_level2.mp4,RIGHT,temporal-resolution-multiplexing,level2,pink_room_temporal-resolution-multiplexing_level2.mp4,motion_resolution,level2,pink_room_motion_resolution_level2.mp4,6.6417,240.0
Jorge,567,277,720,INTER-DISTORTION,classroom,dlss_rr,level1,classroom_dlss_rr_level1.mp4,temporal-resolution-multiplexing,level1,classroom_temporal-resolution-multiplexing_level1.mp4,RIGHT,temporal-resolution-multiplexing,level1,classroom_temporal-resolution-multiplexing_level1.mp4,dlss_rr,level1,classroom_dlss_rr_level1.mp4,4.375,240.0
Jorge,568,165,720,INTRA-DISTORTION,bistro_interior,judder,level2,bistro_interior_judder_level2.mp4,judder,level1,bistro_interior_judder_level1.mp4,RIGHT,judder,level1,bistro_interior_judder_level1.mp4,judder,level2,bistro_interior_judder_level2.mp4,2.4167,240.0
Jorge,569,591,720,INTER-DISTORTION,subway,dlss_rr,level1,subway_dlss_rr_level1.mp4,noise_colors,level1,subway_noise_colors_level1.mp4,RIGHT,noise_colors,level1,subway_noise_colors_level1.mp4,dlss_rr,level1,subway_dlss_rr_level1.mp4,6.2667,240.01
Jorge,570,637,720,INTER-DISTORTION,subway,temporal-resolution-multiplexing,level1,subway_temporal-resolution-multiplexing_level1.mp4,restir,level1,subway_restir_level1.mp4,LEFT,temporal-resolution-multiplexing,level1,subway_temporal-resolution-multiplexing_level1.mp4,restir,level1,subway_restir_level1.mp4,1.9792,240.01
Jorge,571,11,720,INTRA-DISTORTION,attic,motion_resolution,level1,attic_motion_resolution_level1.mp4,motion_resolution,level2,attic_motion_resolution_level2.mp4,LEFT,motion_resolution,level1,attic_motion_resolution_level1.mp4,motion_resolution,level2,attic_motion_resolution_level2.mp4,1.9208,240.02
Jorge,572,42,720,INTER-DISTORTION,attic,judder,level2,attic_judder_level2.mp4,motion_resolution,level2,attic_motion_resolution_level2.mp4,LEFT,judder,level2,attic_judder_level2.mp4,motion_resolution,level2,attic_motion_resolution_level2.mp4,2.6333,240.25
Jorge,573,16,720,INTRA-DISTORTION,attic,restir,level0,attic_restir_level0.mp4,restir,level1,attic_restir_level1.mp4,LEFT,restir,level0,attic_restir_level0.mp4,restir,level1,attic_restir_level1.mp4,3.9917,239.99
Jorge,574,530,720,INTER-DISTORTION,pink_room,temporal-resolution-multiplexing,level2,pink_room_temporal-resolution-multiplexing_level2.mp4,judder,level2,pink_room_judder_level2.mp4,LEFT,temporal-resolution-multiplexing,level2,pink_room_temporal-resolution-multiplexing_level2.mp4,judder,level2,pink_room_judder_level2.mp4,2.7917,240.0
Jorge,575,276,720,INTER-DISTORTION,classroom,stutter,level2,classroom_stutter_level2.mp4,dlss_rr,level2,classroom_dlss_rr_level2.mp4,RIGHT,dlss_rr,level2,classroom_dlss_rr_level2.mp4,stutter,level2,classroom_stutter_level2.mp4,3.1083,240.01
Jorge,576,396,720,INTER-DISTORTION,landscape,restir,level2,landscape_restir_level2.mp4,stutter,level2,landscape_stutter_level2.mp4,RIGHT,stutter,level2,landscape_stutter_level2.mp4,restir,level2,landscape_restir_level2.mp4,3.6167,239.99
Jorge,577,190,720,INTER-DISTORTION,bistro_interior,dlss_rr,level2,bistro_interior_dlss_rr_level2.mp4,motion_resolution,level2,bistro_interior_motion_resolution_level2.mp4,LEFT,dlss_rr,level2,bistro_interior_dlss_rr_level2.mp4,motion_resolution,level2,bistro_interior_motion_resolution_level2.mp4,1.9167,239.98
Jorge,578,168,720,INTRA-DISTORTION,bistro_interior,motion_noise,level1,bistro_interior_motion_noise_level1.mp4,motion_noise,level2,bistro_interior_motion_noise_level2.mp4,LEFT,motion_noise,level1,bistro_interior_motion_noise_level1.mp4,motion_noise,level2,bistro_interior_motion_noise_level2.mp4,3.9958,240.0
Jorge,579,457,720,INTER-DISTORTION,marbles,motion_noise,level1,marbles_motion_noise_level1.mp4,stutter,level1,marbles_stutter_level1.mp4,LEFT,motion_noise,level1,marbles_motion_noise_level1.mp4,stutter,level1,marbles_stutter_level1.mp4,4.4583,239.99
Jorge,580,64,720,INTER-DISTORTION,attic,motion_resolution,level2,attic_motion_resolution_level2.mp4,restir,level2,attic_restir_level2.mp4,RIGHT,restir,level2,attic_restir_level2.mp4,motion_resolution,level2,attic_motion_resolution_level2.mp4,5.8625,240.01
Jorge,581,323,720,INTRA-DISTORTION,landscape,dlss_rr,level2,landscape_dlss_rr_level2.mp4,dlss_rr,level0,landscape_dlss_rr_level0.mp4,RIGHT,dlss_rr,level0,landscape_dlss_rr_level0.mp4,dlss_rr,level2,landscape_dlss_rr_level2.mp4,6.2417,239.99
Jorge,582,50,720,INTER-DISTORTION,attic,temporal-resolution-multiplexing,level2,attic_temporal-resolution-multiplexing_level2.mp4,judder,level2,attic_judder_level2.mp4,RIGHT,judder,level2,attic_judder_level2.mp4,temporal-resolution-multiplexing,level2,attic_temporal-resolution-multiplexing_level2.mp4,1.4375,239.96
Jorge,583,680,720,INTER-DISTORTION,zeroday,motion_noise,level2,zeroday_motion_noise_level2.mp4,judder,level2,zeroday_judder_level2.mp4,RIGHT,judder,level2,zeroday_judder_level2.mp4,motion_noise,level2,zeroday_motion_noise_level2.mp4,7.2792,240.0
Jorge,584,312,720,INTER-DISTORTION,classroom,noise_colors,level2,classroom_noise_colors_level2.mp4,stutter,level2,classroom_stutter_level2.mp4,RIGHT,stutter,level2,classroom_stutter_level2.mp4,noise_colors,level2,classroom_noise_colors_level2.mp4,4.9667,240.0
Jorge,585,566,720,INTRA-DISTORTION,subway,judder,level0,subway_judder_level0.mp4,judder,level2,subway_judder_level2.mp4,LEFT,judder,level0,subway_judder_level0.mp4,judder,level2,subway_judder_level2.mp4,2.4792,239.98
Jorge,586,361,720,INTER-DISTORTION,landscape,judder,level1,landscape_judder_level1.mp4,motion_resolution,level1,landscape_motion_resolution_level1.mp4,RIGHT,motion_resolution,level1,landscape_motion_resolution_level1.mp4,judder,level1,landscape_judder_level1.mp4,3.3505,239.92
Jorge,587,362,720,INTER-DISTORTION,landscape,motion_resolution,level2,landscape_motion_resolution_level2.mp4,judder,level2,landscape_judder_level2.mp4,RIGHT,judder,level2,landscape_judder_level2.mp4,motion_resolution,level2,landscape_motion_resolution_level2.mp4,1.65,239.94
Jorge,588,690,720,INTER-DISTORTION,zeroday,judder,level2,zeroday_judder_level2.mp4,temporal-resolution-multiplexing,level2,zeroday_temporal-resolution-multiplexing_level2.mp4,LEFT,judder,level2,zeroday_judder_level2.mp4,temporal-resolution-multiplexing,level2,zeroday_temporal-resolution-multiplexing_level2.mp4,1.5625,239.99
Jorge,589,658,720,INTRA-DISTORTION,zeroday,restir,level2,zeroday_restir_level2.mp4,restir,level0,zeroday_restir_level0.mp4,RIGHT,restir,level0,zeroday_restir_level0.mp4,restir,level2,zeroday_restir_level2.mp4,1.6417,240.0
Jorge,590,21,720,INTRA-DISTORTION,attic,stutter,level0,attic_stutter_level0.mp4,stutter,level2,attic_stutter_level2.mp4,LEFT,stutter,level0,attic_stutter_level0.mp4,stutter,level2,attic_stutter_level2.mp4,2.0083,240.0
Jorge,591,454,720,INTER-DISTORTION,marbles,motion_noise,level2,marbles_motion_noise_level2.mp4,noise_colors,level2,marbles_noise_colors_level2.mp4,LEFT,motion_noise,level2,marbles_motion_noise_level2.mp4,noise_colors,level2,marbles_noise_colors_level2.mp4,3.4708,239.99
Jorge,592,231,720,INTER-DISTORTION,bistro_interior,noise_colors,level1,bistro_interior_noise_colors_level1.mp4,stutter,level1,bistro_interior_stutter_level1.mp4,RIGHT,stutter,level1,bistro_interior_stutter_level1.mp4,noise_colors,level1,bistro_interior_noise_colors_level1.mp4,1.7333,239.99
Jorge,593,365,720,INTER-DISTORTION,landscape,restir,level1,landscape_restir_level1.mp4,judder,level1,landscape_judder_level1.mp4,RIGHT,judder,level1,landscape_judder_level1.mp4,restir,level1,landscape_restir_level1.mp4,2.025,240.18
Jorge,594,708,720,INTER-DISTORTION,zeroday,temporal-resolution-multiplexing,level2,zeroday_temporal-resolution-multiplexing_level2.mp4,motion_resolution,level2,zeroday_motion_resolution_level2.mp4,LEFT,temporal-resolution-multiplexing,level2,zeroday_temporal-resolution-multiplexing_level2.mp4,motion_resolution,level2,zeroday_motion_resolution_level2.mp4,3.2125,240.02
Jorge,595,147,720,INTER-DISTORTION,bistro_exterior,motion_resolution,level1,bistro_exterior_motion_resolution_level1.mp4,temporal-resolution-multiplexing,level1,bistro_exterior_temporal-resolution-multiplexing_level1.mp4,RIGHT,temporal-resolution-multiplexing,level1,bistro_exterior_temporal-resolution-multiplexing_level1.mp4,motion_resolution,level1,bistro_exterior_motion_resolution_level1.mp4,3.6417,240.0
Jorge,596,526,720,INTER-DISTORTION,pink_room,restir,level2,pink_room_restir_level2.mp4,judder,level2,pink_room_judder_level2.mp4,LEFT,restir,level2,pink_room_restir_level2.mp4,judder,level2,pink_room_judder_level2.mp4,3.2708,240.01
Jorge,597,360,720,INTER-DISTORTION,landscape,judder,level2,landscape_judder_level2.mp4,motion_noise,level2,landscape_motion_noise_level2.mp4,LEFT,judder,level2,landscape_judder_level2.mp4,motion_noise,level2,landscape_motion_noise_level2.mp4,4.4125,240.02
Jorge,598,592,720,INTER-DISTORTION,subway,dlss_rr,level2,subway_dlss_rr_level2.mp4,noise_colors,level2,subway_noise_colors_level2.mp4,LEFT,dlss_rr,level2,subway_dlss_rr_level2.mp4,noise_colors,level2,subway_noise_colors_level2.mp4,2.9083,239.99
Jorge,599,240,720,INTER-DISTORTION,bistro_interior,stutter,level2,bistro_interior_stutter_level2.mp4,temporal-resolution-multiplexing,level2,bistro_interior_temporal-resolution-multiplexing_level2.mp4,RIGHT,temporal-resolution-multiplexing,level2,bistro_interior_temporal-resolution-multiplexing_level2.mp4,stutter,level2,bistro_interior_stutter_level2.mp4,3.1792,240.01
Jorge,600,585,720,INTER-DISTORTION,subway,dlss_rr,level1,subway_dlss_rr_level1.mp4,judder,level1,subway_judder_level1.mp4,RIGHT,judder,level1,subway_judder_level1.mp4,dlss_rr,level1,subway_dlss_rr_level1.mp4,2.1708,240.01
Jorge,601,37,720,INTER-DISTORTION,attic,dlss_rr,level1,attic_dlss_rr_level1.mp4,temporal-resolution-multiplexing,level1,attic_temporal-resolution-multiplexing_level1.mp4,LEFT,dlss_rr,level1,attic_dlss_rr_level1.mp4,temporal-resolution-multiplexing,level1,attic_temporal-resolution-multiplexing_level1.mp4,1.9667,239.97
Jorge,602,395,720,INTER-DISTORTION,landscape,restir,level1,landscape_restir_level1.mp4,stutter,level1,landscape_stutter_level1.mp4,RIGHT,stutter,level1,landscape_stutter_level1.mp4,restir,level1,landscape_restir_level1.mp4,7.5708,240.0
Jorge,603,189,720,INTER-DISTORTION,bistro_interior,dlss_rr,level1,bistro_interior_dlss_rr_level1.mp4,motion_resolution,level1,bistro_interior_motion_resolution_level1.mp4,LEFT,dlss_rr,level1,bistro_interior_dlss_rr_level1.mp4,motion_resolution,level1,bistro_interior_motion_resolution_level1.mp4,2.3875,240.01
Jorge,604,232,720,INTER-DISTORTION,bistro_interior,noise_colors,level2,bistro_interior_noise_colors_level2.mp4,stutter,level2,bistro_interior_stutter_level2.mp4,LEFT,noise_colors,level2,bistro_interior_noise_colors_level2.mp4,stutter,level2,bistro_interior_stutter_level2.mp4,1.6167,240.0
Jorge,605,76,720,INTER-DISTORTION,attic,stutter,level2,attic_stutter_level2.mp4,restir,level2,attic_restir_level2.mp4,RIGHT,restir,level2,attic_restir_level2.mp4,stutter,level2,attic_stutter_level2.mp4,3.05,240.0
Jorge,606,151,720,INTER-DISTORTION,bistro_exterior,noise_colors,level1,bistro_exterior_noise_colors_level1.mp4,stutter,level1,bistro_exterior_stutter_level1.mp4,RIGHT,stutter,level1,bistro_exterior_stutter_level1.mp4,noise_colors,level1,bistro_exterior_noise_colors_level1.mp4,4.975,240.03
Jorge,607,279,720,INTER-DISTORTION,classroom,motion_noise,level1,classroom_motion_noise_level1.mp4,judder,level1,classroom_judder_level1.mp4,RIGHT,judder,level1,classroom_judder_level1.mp4,motion_noise,level1,classroom_motion_noise_level1.mp4,3.6417,239.99
Jorge,608,642,720,INTRA-DISTORTION,zeroday,dlss_rr,level2,zeroday_dlss_rr_level2.mp4,dlss_rr,level1,zeroday_dlss_rr_level1.mp4,RIGHT,dlss_rr,level1,zeroday_dlss_rr_level1.mp4,dlss_rr,level2,zeroday_dlss_rr_level2.mp4,4.7292,240.0
Jorge,609,98,720,INTRA-DISTORTION,bistro_exterior,restir,level2,bistro_exterior_restir_level2.mp4,restir,level0,bistro_exterior_restir_level0.mp4,RIGHT,restir,level0,bistro_exterior_restir_level0.mp4,restir,level2,bistro_exterior_restir_level2.mp4,2.9542,240.0
Jorge,610,345,720,INTER-DISTORTION,landscape,judder,level1,landscape_judder_level1.mp4,dlss_rr,level1,landscape_dlss_rr_level1.mp4,LEFT,judder,level1,landscape_judder_level1.mp4,dlss_rr,level1,landscape_dlss_rr_level1.mp4,3.3,240.0
Jorge,611,22,720,INTRA-DISTORTION,attic,temporal-resolution-multiplexing,level1,attic_temporal-resolution-multiplexing_level1.mp4,temporal-resolution-multiplexing,level0,attic_temporal-resolution-multiplexing_level0.mp4,RIGHT,temporal-resolution-multiplexing,level0,attic_temporal-resolution-multiplexing_level0.mp4,temporal-resolution-multiplexing,level1,attic_temporal-resolution-multiplexing_level1.mp4,2.1417,240.02
Jorge,612,180,720,INTRA-DISTORTION,bistro_interior,stutter,level2,bistro_interior_stutter_level2.mp4,stutter,level1,bistro_interior_stutter_level1.mp4,RIGHT,stutter,level1,bistro_interior_stutter_level1.mp4,stutter,level2,bistro_interior_stutter_level2.mp4,1.4208,239.99
Jorge,613,106,720,INTER-DISTORTION,bistro_exterior,dlss_rr,level2,bistro_exterior_dlss_rr_level2.mp4,judder,level2,bistro_exterior_judder_level2.mp4,RIGHT,judder,level2,bistro_exterior_judder_level2.mp4,dlss_rr,level2,bistro_exterior_dlss_rr_level2.mp4,6.6,240.0
Jorge,614,469,720,INTER-DISTORTION,marbles,noise_colors,level1,marbles_noise_colors_level1.mp4,restir,level1,marbles_restir_level1.mp4,RIGHT,restir,level1,marbles_restir_level1.mp4,noise_colors,level1,marbles_noise_colors_level1.mp4,1.45,239.99
Jorge,615,297,720,INTER-DISTORTION,classroom,motion_noise,level1,classroom_motion_noise_level1.mp4,stutter,level1,classroom_stutter_level1.mp4,RIGHT,stutter,level1,classroom_stutter_level1.mp4,motion_noise,level1,classroom_motion_noise_level1.mp4,3.2792,240.0
Jorge,616,152,720,INTER-DISTORTION,bistro_exterior,noise_colors,level2,bistro_exterior_noise_colors_level2.mp4,stutter,level2,bistro_exterior_stutter_level2.mp4,LEFT,noise_colors,level2,bistro_exterior_noise_colors_level2.mp4,stutter,level2,bistro_exterior_stutter_level2.mp4,4.6458,240.0
Jorge,617,623,720,INTER-DISTORTION,subway,motion_resolution,level1,subway_motion_resolution_level1.mp4,restir,level1,subway_restir_level1.mp4,LEFT,motion_resolution,level1,subway_motion_resolution_level1.mp4,restir,level1,subway_restir_level1.mp4,3.2292,240.0
Jorge,618,53,720,INTER-DISTORTION,attic,noise_colors,level1,attic_noise_colors_level1.mp4,motion_noise,level1,attic_motion_noise_level1.mp4,RIGHT,motion_noise,level1,attic_motion_noise_level1.mp4,noise_colors,level1,attic_noise_colors_level1.mp4,3.4583,240.0
Jorge,619,417,720,INTRA-DISTORTION,marbles,restir,level2,marbles_restir_level2.mp4,restir,level1,marbles_restir_level1.mp4,RIGHT,restir,level1,marbles_restir_level1.mp4,restir,level2,marbles_restir_level2.mp4,2.6083,240.0
Jorge,620,503,720,INTRA-DISTORTION,pink_room,temporal-resolution-multiplexing,level2,pink_room_temporal-resolution-multiplexing_level2.mp4,temporal-resolution-multiplexing,level1,pink_room_temporal-resolution-multiplexing_level1.mp4,RIGHT,temporal-resolution-multiplexing,level1,pink_room_temporal-resolution-multiplexing_level1.mp4,temporal-resolution-multiplexing,level2,pink_room_temporal-resolution-multiplexing_level2.mp4,2.8917,240.05
Jorge,621,612,720,INTER-DISTORTION,subway,motion_noise,level2,subway_motion_noise_level2.mp4,motion_resolution,level2,subway_motion_resolution_level2.mp4,LEFT,motion_noise,level2,subway_motion_noise_level2.mp4,motion_resolution,level2,subway_motion_resolution_level2.mp4,3.6375,240.0
Jorge,622,565,720,INTRA-DISTORTION,subway,judder,level2,subway_judder_level2.mp4,judder,level1,subway_judder_level1.mp4,RIGHT,judder,level1,subway_judder_level1.mp4,judder,level2,subway_judder_level2.mp4,3.2792,240.0
Jorge,623,451,720,INTER-DISTORTION,marbles,motion_noise,level1,marbles_motion_noise_level1.mp4,motion_resolution,level1,marbles_motion_resolution_level1.mp4,LEFT,motion_noise,level1,marbles_motion_noise_level1.mp4,motion_resolution,level1,marbles_motion_resolution_level1.mp4,2.8265,239.82
Jorge,624,74,720,INTER-DISTORTION,attic,noise_colors,level2,attic_noise_colors_level2.mp4,temporal-resolution-multiplexing,level2,attic_temporal-resolution-multiplexing_level2.mp4,LEFT,noise_colors,level2,attic_noise_colors_level2.mp4,temporal-resolution-multiplexing,level2,attic_temporal-resolution-multiplexing_level2.mp4,2.5083,239.99
Jorge,625,692,720,INTER-DISTORTION,zeroday,motion_resolution,level2,zeroday_motion_resolution_level2.mp4,motion_noise,level2,zeroday_motion_noise_level2.mp4,RIGHT,motion_noise,level2,zeroday_motion_noise_level2.mp4,motion_resolution,level2,zeroday_motion_resolution_level2.mp4,1.5667,240.02
Jorge,626,262,720,INTRA-DISTORTION,classroom,temporal-resolution-multiplexing,level1,classroom_temporal-resolution-multiplexing_level1.mp4,temporal-resolution-multiplexing,level0,classroom_temporal-resolution-multiplexing_level0.mp4,RIGHT,temporal-resolution-multiplexing,level0,classroom_temporal-resolution-multiplexing_level0.mp4,temporal-resolution-multiplexing,level1,classroom_temporal-resolution-multiplexing_level1.mp4,2.3792,240.02
Jorge,627,405,720,INTRA-DISTORTION,marbles,judder,level2,marbles_judder_level2.mp4,judder,level1,marbles_judder_level1.mp4,RIGHT,judder,level1,marbles_judder_level1.mp4,judder,level2,marbles_judder_level2.mp4,4.5875,239.98
Jorge,628,217,720,INTER-DISTORTION,bistro_interior,stutter,level1,bistro_interior_stutter_level1.mp4,motion_noise,level1,bistro_interior_motion_noise_level1.mp4,RIGHT,motion_noise,level1,bistro_interior_motion_noise_level1.mp4,stutter,level1,bistro_interior_stutter_level1.mp4,1.9,239.99
Jorge,629,93,720,INTRA-DISTORTION,bistro_exterior,noise_colors,level1,bistro_exterior_noise_colors_level1.mp4,noise_colors,level0,bistro_exterior_noise_colors_level0.mp4,RIGHT,noise_colors,level0,bistro_exterior_noise_colors_level0.mp4,noise_colors,level1,bistro_exterior_noise_colors_level1.mp4,5.0375,239.99
Jorge,630,112,720,INTER-DISTORTION,bistro_exterior,noise_colors,level2,bistro_exterior_noise_colors_level2.mp4,dlss_rr,level2,bistro_exterior_dlss_rr_level2.mp4,RIGHT,dlss_rr,level2,bistro_exterior_dlss_rr_level2.mp4,noise_colors,level2,bistro_exterior_noise_colors_level2.mp4,6.0875,240.01
Jorge,631,358,720,INTER-DISTORTION,landscape,dlss_rr,level2,landscape_dlss_rr_level2.mp4,temporal-resolution-multiplexing,level2,landscape_temporal-resolution-multiplexing_level2.mp4,LEFT,dlss_rr,level2,landscape_dlss_rr_level2.mp4,temporal-resolution-multiplexing,level2,landscape_temporal-resolution-multiplexing_level2.mp4,2.2583,239.96
Jorge,632,412,720,INTRA-DISTORTION,marbles,motion_resolution,level0,marbles_motion_resolution_level0.mp4,motion_resolution,level2,marbles_motion_resolution_level2.mp4,LEFT,motion_resolution,level0,marbles_motion_resolution_level0.mp4,motion_resolution,level2,marbles_motion_resolution_level2.mp4,1.5167,240.05
Jorge,633,590,720,INTER-DISTORTION,subway,motion_resolution,level2,subway_motion_resolution_level2.mp4,dlss_rr,level2,subway_dlss_rr_level2.mp4,LEFT,motion_resolution,level2,subway_motion_resolution_level2.mp4,dlss_rr,level2,subway_dlss_rr_level2.mp4,1.7125,239.97
Jorge,634,109,720,INTER-DISTORTION,bistro_exterior,dlss_rr,level1,bistro_exterior_dlss_rr_level1.mp4,motion_resolution,level1,bistro_exterior_motion_resolution_level1.mp4,LEFT,dlss_rr,level1,bistro_exterior_dlss_rr_level1.mp4,motion_resolution,level1,bistro_exterior_motion_resolution_level1.mp4,3.3625,240.0
Jorge,635,688,720,INTER-DISTORTION,zeroday,judder,level2,zeroday_judder_level2.mp4,stutter,level2,zeroday_stutter_level2.mp4,LEFT,judder,level2,zeroday_judder_level2.mp4,stutter,level2,zeroday_stutter_level2.mp4,3.1543,239.93
Jorge,636,288,720,INTER-DISTORTION,classroom,stutter,level2,classroom_stutter_level2.mp4,judder,level2,classroom_judder_level2.mp4,RIGHT,judder,level2,classroom_judder_level2.mp4,stutter,level2,classroom_stutter_level2.mp4,2.85,240.0
Jorge,637,61,720,INTER-DISTORTION,attic,noise_colors,level1,attic_noise_colors_level1.mp4,motion_resolution,level1,attic_motion_resolution_level1.mp4,LEFT,noise_colors,level1,attic_noise_colors_level1.mp4,motion_resolution,level1,attic_motion_resolution_level1.mp4,2.375,240.0
Jorge,638,30,720,INTER-DISTORTION,attic,motion_resolution,level2,attic_motion_resolution_level2.mp4,dlss_rr,level2,attic_dlss_rr_level2.mp4,LEFT,motion_resolution,level2,attic_motion_resolution_level2.mp4,dlss_rr,level2,attic_dlss_rr_level2.mp4,8.3417,240.0
Jorge,639,381,720,INTER-DISTORTION,landscape,noise_colors,level1,landscape_noise_colors_level1.mp4,motion_resolution,level1,landscape_motion_resolution_level1.mp4,RIGHT,motion_resolution,level1,landscape_motion_resolution_level1.mp4,noise_colors,level1,landscape_noise_colors_level1.mp4,2.1,240.02
Jorge,640,711,720,INTER-DISTORTION,zeroday,stutter,level1,zeroday_stutter_level1.mp4,noise_colors,level1,zeroday_noise_colors_level1.mp4,LEFT,stutter,level1,zeroday_stutter_level1.mp4,noise_colors,level1,zeroday_noise_colors_level1.mp4,3.139,239.9
Jorge,641,307,720,INTER-DISTORTION,classroom,motion_resolution,level1,classroom_motion_resolution_level1.mp4,temporal-resolution-multiplexing,level1,classroom_temporal-resolution-multiplexing_level1.mp4,RIGHT,temporal-resolution-multiplexing,level1,classroom_temporal-resolution-multiplexing_level1.mp4,motion_resolution,level1,classroom_motion_resolution_level1.mp4,4.4958,240.03
Jorge,642,586,720,INTER-DISTORTION,subway,judder,level2,subway_judder_level2.mp4,dlss_rr,level2,subway_dlss_rr_level2.mp4,LEFT,judder,level2,subway_judder_level2.mp4,dlss_rr,level2,subway_dlss_rr_level2.mp4,1.8542,240.11
Jorge,643,497,720,INTRA-DISTORTION,pink_room,restir,level2,pink_room_restir_level2.mp4,restir,level1,pink_room_restir_level1.mp4,RIGHT,restir,level1,pink_room_restir_level1.mp4,restir,level2,pink_room_restir_level2.mp4,4.4083,239.99
Jorge,644,247,720,INTRA-DISTORTION,classroom,motion_noise,level0,classroom_motion_noise_level0.mp4,motion_noise,level1,classroom_motion_noise_level1.mp4,LEFT,motion_noise,level0,classroom_motion_noise_level0.mp4,motion_noise,level1,classroom_motion_noise_level1.mp4,2.375,239.99
Jorge,645,406,720,INTRA-DISTORTION,marbles,judder,level0,marbles_judder_level0.mp4,judder,level2,marbles_judder_level2.mp4,LEFT,judder,level0,marbles_judder_level0.mp4,judder,level2,marbles_judder_level2.mp4,4.7042,240.07
Jorge,646,421,720,INTRA-DISTORTION,marbles,stutter,level2,marbles_stutter_level2.mp4,stutter,level0,marbles_stutter_level0.mp4,RIGHT,stutter,level0,marbles_stutter_level0.mp4,stutter,level2,marbles_stutter_level2.mp4,1.1917,240.0
Jorge,647,541,720,INTER-DISTORTION,pink_room,noise_colors,level1,pink_room_noise_colors_level1.mp4,motion_resolution,level1,pink_room_motion_resolution_level1.mp4,LEFT,noise_colors,level1,pink_room_noise_colors_level1.mp4,motion_resolution,level1,pink_room_motion_resolution_level1.mp4,3.1292,240.0
Jorge,648,246,720,INTRA-DISTORTION,classroom,judder,level2,classroom_judder_level2.mp4,judder,level0,classroom_judder_level0.mp4,RIGHT,judder,level0,classroom_judder_level0.mp4,judder,level2,classroom_judder_level2.mp4,4.325,239.99
Jorge,649,665,720,INTER-DISTORTION,zeroday,judder,level1,zeroday_judder_level1.mp4,dlss_rr,level1,zeroday_dlss_rr_level1.mp4,LEFT,judder,level1,zeroday_judder_level1.mp4,dlss_rr,level1,zeroday_dlss_rr_level1.mp4,6.4792,240.0
Jorge,650,58,720,INTER-DISTORTION,attic,stutter,level2,attic_stutter_level2.mp4,motion_noise,level2,attic_motion_noise_level2.mp4,RIGHT,motion_noise,level2,attic_motion_noise_level2.mp4,stutter,level2,attic_stutter_level2.mp4,2.3375,240.04
Jorge,651,256,720,INTRA-DISTORTION,classroom,restir,level0,classroom_restir_level0.mp4,restir,level1,classroom_restir_level1.mp4,LEFT,restir,level0,classroom_restir_level0.mp4,restir,level1,classroom_restir_level1.mp4,2.0042,239.98
Jorge,652,514,720,INTER-DISTORTION,pink_room,dlss_rr,level2,pink_room_dlss_rr_level2.mp4,restir,level2,pink_room_restir_level2.mp4,LEFT,dlss_rr,level2,pink_room_dlss_rr_level2.mp4,restir,level2,pink_room_restir_level2.mp4,7.2,240.0
Jorge,653,372,720,INTER-DISTORTION,landscape,motion_resolution,level2,landscape_motion_resolution_level2.mp4,motion_noise,level2,landscape_motion_noise_level2.mp4,RIGHT,motion_noise,level2,landscape_motion_noise_level2.mp4,motion_resolution,level2,landscape_motion_resolution_level2.mp4,3.0333,239.99
Jorge,654,73,720,INTER-DISTORTION,attic,temporal-resolution-multiplexing,level1,attic_temporal-resolution-multiplexing_level1.mp4,noise_colors,level1,attic_noise_colors_level1.mp4,RIGHT,noise_colors,level1,attic_noise_colors_level1.mp4,temporal-resolution-multiplexing,level1,attic_temporal-resolution-multiplexing_level1.mp4,2.2792,239.99
Jorge,655,397,720,INTER-DISTORTION,landscape,restir,level1,landscape_restir_level1.mp4,temporal-resolution-multiplexing,level1,landscape_temporal-resolution-multiplexing_level1.mp4,LEFT,restir,level1,landscape_restir_level1.mp4,temporal-resolution-multiplexing,level1,landscape_temporal-resolution-multiplexing_level1.mp4,2.025,240.01
Jorge,656,521,720,INTER-DISTORTION,pink_room,motion_resolution,level1,pink_room_motion_resolution_level1.mp4,judder,level1,pink_room_judder_level1.mp4,RIGHT,judder,level1,pink_room_judder_level1.mp4,motion_resolution,level1,pink_room_motion_resolution_level1.mp4,2.35,240.02
Jorge,657,549,720,INTER-DISTORTION,pink_room,noise_colors,level1,pink_room_noise_colors_level1.mp4,restir,level1,pink_room_restir_level1.mp4,LEFT,noise_colors,level1,pink_room_noise_colors_level1.mp4,restir,level1,pink_room_restir_level1.mp4,3.3333,240.0
Jorge,658,545,720,INTER-DISTORTION,pink_room,motion_resolution,level1,pink_room_motion_resolution_level1.mp4,stutter,level1,pink_room_stutter_level1.mp4,RIGHT,stutter,level1,pink_room_stutter_level1.mp4,motion_resolution,level1,pink_room_motion_resolution_level1.mp4,1.9875,240.0
Jorge,659,107,720,INTER-DISTORTION,bistro_exterior,dlss_rr,level1,bistro_exterior_dlss_rr_level1.mp4,motion_noise,level1,bistro_exterior_motion_noise_level1.mp4,RIGHT,motion_noise,level1,bistro_exterior_motion_noise_level1.mp4,dlss_rr,level1,bistro_exterior_dlss_rr_level1.mp4,4.4125,240.0
Jorge,660,632,720,INTER-DISTORTION,subway,stutter,level2,subway_stutter_level2.mp4,noise_colors,level2,subway_noise_colors_level2.mp4,LEFT,stutter,level2,subway_stutter_level2.mp4,noise_colors,level2,subway_noise_colors_level2.mp4,2.9054,239.83
Jorge,661,258,720,INTRA-DISTORTION,classroom,restir,level0,classroom_restir_level0.mp4,restir,level2,classroom_restir_level2.mp4,LEFT,restir,level0,classroom_restir_level0.mp4,restir,level2,classroom_restir_level2.mp4,1.4833,240.0
Jorge,662,248,720,INTRA-DISTORTION,classroom,motion_noise,level1,classroom_motion_noise_level1.mp4,motion_noise,level2,classroom_motion_noise_level2.mp4,LEFT,motion_noise,level1,classroom_motion_noise_level1.mp4,motion_noise,level2,classroom_motion_noise_level2.mp4,1.6833,239.98
Jorge,663,475,720,INTER-DISTORTION,marbles,restir,level1,marbles_restir_level1.mp4,stutter,level1,marbles_stutter_level1.mp4,RIGHT,stutter,level1,marbles_stutter_level1.mp4,restir,level1,marbles_restir_level1.mp4,2.3208,239.99
Jorge,664,675,720,INTER-DISTORTION,zeroday,dlss_rr,level1,zeroday_dlss_rr_level1.mp4,stutter,level1,zeroday_stutter_level1.mp4,RIGHT,stutter,level1,zeroday_stutter_level1.mp4,dlss_rr,level1,zeroday_dlss_rr_level1.mp4,2.4708,240.02
Jorge,665,613,720,INTER-DISTORTION,subway,noise_colors,level1,subway_noise_colors_level1.mp4,motion_noise,level1,subway_motion_noise_level1.mp4,RIGHT,motion_noise,level1,subway_motion_noise_level1.mp4,noise_colors,level1,subway_noise_colors_level1.mp4,2.1292,239.99
Jorge,666,118,720,INTER-DISTORTION,bistro_exterior,temporal-resolution-multiplexing,level2,bistro_exterior_temporal-resolution-multiplexing_level2.mp4,dlss_rr,level2,bistro_exterior_dlss_rr_level2.mp4,RIGHT,dlss_rr,level2,bistro_exterior_dlss_rr_level2.mp4,temporal-resolution-multiplexing,level2,bistro_exterior_temporal-resolution-multiplexing_level2.mp4,3.275,240.0
Jorge,667,359,720,INTER-DISTORTION,landscape,motion_noise,level1,landscape_motion_noise_level1.mp4,judder,level1,landscape_judder_level1.mp4,RIGHT,judder,level1,landscape_judder_level1.mp4,motion_noise,level1,landscape_motion_noise_level1.mp4,4.3917,240.0
Jorge,668,353,720,INTER-DISTORTION,landscape,dlss_rr,level1,landscape_dlss_rr_level1.mp4,restir,level1,landscape_restir_level1.mp4,RIGHT,restir,level1,landscape_restir_level1.mp4,dlss_rr,level1,landscape_dlss_rr_level1.mp4,2.1292,240.26
Jorge,669,116,720,INTER-DISTORTION,bistro_exterior,dlss_rr,level2,bistro_exterior_dlss_rr_level2.mp4,stutter,level2,bistro_exterior_stutter_level2.mp4,RIGHT,stutter,level2,bistro_exterior_stutter_level2.mp4,dlss_rr,level2,bistro_exterior_dlss_rr_level2.mp4,4.7489,239.81
Jorge,670,313,720,INTER-DISTORTION,classroom,noise_colors,level1,classroom_noise_colors_level1.mp4,temporal-resolution-multiplexing,level1,classroom_temporal-resolution-multiplexing_level1.mp4,RIGHT,temporal-resolution-multiplexing,level1,classroom_temporal-resolution-multiplexing_level1.mp4,noise_colors,level1,classroom_noise_colors_level1.mp4,4.2917,239.99
Jorge,671,648,720,INTRA-DISTORTION,zeroday,motion_noise,level1,zeroday_motion_noise_level1.mp4,motion_noise,level2,zeroday_motion_noise_level2.mp4,RIGHT,motion_noise,level2,zeroday_motion_noise_level2.mp4,motion_noise,level1,zeroday_motion_noise_level1.mp4,2.9292,240.01
Jorge,672,517,720,INTER-DISTORTION,pink_room,temporal-resolution-multiplexing,level1,pink_room_temporal-resolution-multiplexing_level1.mp4,dlss_rr,level1,pink_room_dlss_rr_level1.mp4,LEFT,temporal-resolution-multiplexing,level1,pink_room_temporal-resolution-multiplexing_level1.mp4,dlss_rr,level1,pink_room_dlss_rr_level1.mp4,2.7917,239.99
Jorge,673,233,720,INTER-DISTORTION,bistro_interior,noise_colors,level1,bistro_interior_noise_colors_level1.mp4,temporal-resolution-multiplexing,level1,bistro_interior_temporal-resolution-multiplexing_level1.mp4,RIGHT,temporal-resolution-multiplexing,level1,bistro_interior_temporal-resolution-multiplexing_level1.mp4,noise_colors,level1,bistro_interior_noise_colors_level1.mp4,3.0292,239.99
Jorge,674,294,720,INTER-DISTORTION,classroom,noise_colors,level2,classroom_noise_colors_level2.mp4,motion_noise,level2,classroom_motion_noise_level2.mp4,RIGHT,motion_noise,level2,classroom_motion_noise_level2.mp4,noise_colors,level2,classroom_noise_colors_level2.mp4,6.4417,240.0
Jorge,675,524,720,INTER-DISTORTION,pink_room,noise_colors,level2,pink_room_noise_colors_level2.mp4,judder,level2,pink_room_judder_level2.mp4,LEFT,noise_colors,level2,pink_room_noise_colors_level2.mp4,judder,level2,pink_room_judder_level2.mp4,3.4542,240.01
Jorge,676,302,720,INTER-DISTORTION,classroom,noise_colors,level2,classroom_noise_colors_level2.mp4,motion_resolution,level2,classroom_motion_resolution_level2.mp4,LEFT,noise_colors,level2,classroom_noise_colors_level2.mp4,motion_resolution,level2,classroom_motion_resolution_level2.mp4,1.8833,239.99
Jorge,677,184,720,INTRA-DISTORTION,bistro_interior,temporal-resolution-multiplexing,level0,bistro_interior_temporal-resolution-multiplexing_level0.mp4,temporal-resolution-multiplexing,level2,bistro_interior_temporal-resolution-multiplexing_level2.mp4,LEFT,temporal-resolution-multiplexing,level0,bistro_interior_temporal-resolution-multiplexing_level0.mp4,temporal-resolution-multiplexing,level2,bistro_interior_temporal-resolution-multiplexing_level2.mp4,2.1292,239.99
Jorge,678,255,720,INTRA-DISTORTION,classroom,noise_colors,level0,classroom_noise_colors_level0.mp4,noise_colors,level2,classroom_noise_colors_level2.mp4,LEFT,noise_colors,level0,classroom_noise_colors_level0.mp4,noise_colors,level2,classroom_noise_colors_level2.mp4,1.975,239.99
Jorge,679,14,720,INTRA-DISTORTION,attic,noise_colors,level2,attic_noise_colors_level2.mp4,noise_colors,level1,attic_noise_colors_level1.mp4,RIGHT,noise_colors,level1,attic_noise_colors_level1.mp4,noise_colors,level2,attic_noise_colors_level2.mp4,2.8917,240.0
Jorge,680,653,720,INTRA-DISTORTION,zeroday,noise_colors,level0,zeroday_noise_colors_level0.mp4,noise_colors,level1,zeroday_noise_colors_level1.mp4,LEFT,noise_colors,level0,zeroday_noise_colors_level0.mp4,noise_colors,level1,zeroday_noise_colors_level1.mp4,3.725,240.02
Jorge,681,300,720,INTER-DISTORTION,classroom,motion_noise,level2,classroom_motion_noise_level2.mp4,temporal-resolution-multiplexing,level2,classroom_temporal-resolution-multiplexing_level2.mp4,LEFT,motion_noise,level2,classroom_motion_noise_level2.mp4,temporal-resolution-multiplexing,level2,classroom_temporal-resolution-multiplexing_level2.mp4,2.4208,240.0
Jorge,682,273,720,INTER-DISTORTION,classroom,dlss_rr,level1,classroom_dlss_rr_level1.mp4,restir,level1,classroom_restir_level1.mp4,LEFT,dlss_rr,level1,classroom_dlss_rr_level1.mp4,restir,level1,classroom_restir_level1.mp4,2.6833,240.21
Jorge,683,515,720,INTER-DISTORTION,pink_room,dlss_rr,level1,pink_room_dlss_rr_level1.mp4,stutter,level1,pink_room_stutter_level1.mp4,RIGHT,stutter,level1,pink_room_stutter_level1.mp4,dlss_rr,level1,pink_room_dlss_rr_level1.mp4,3.0792,240.0
Jorge,684,634,720,INTER-DISTORTION,subway,temporal-resolution-multiplexing,level2,subway_temporal-resolution-multiplexing_level2.mp4,noise_colors,level2,subway_noise_colors_level2.mp4,RIGHT,noise_colors,level2,subway_noise_colors_level2.mp4,temporal-resolution-multiplexing,level2,subway_temporal-resolution-multiplexing_level2.mp4,4.025,240.01
Jorge,685,494,720,INTRA-DISTORTION,pink_room,noise_colors,level1,pink_room_noise_colors_level1.mp4,noise_colors,level2,pink_room_noise_colors_level2.mp4,RIGHT,noise_colors,level2,pink_room_noise_colors_level2.mp4,noise_colors,level1,pink_room_noise_colors_level1.mp4,4.9042,240.0
Jorge,686,371,720,INTER-DISTORTION,landscape,motion_noise,level1,landscape_motion_noise_level1.mp4,motion_resolution,level1,landscape_motion_resolution_level1.mp4,LEFT,motion_noise,level1,landscape_motion_noise_level1.mp4,motion_resolution,level1,landscape_motion_resolution_level1.mp4,3.1125,239.98
Jorge,687,470,720,INTER-DISTORTION,marbles,noise_colors,level2,marbles_noise_colors_level2.mp4,restir,level2,marbles_restir_level2.mp4,LEFT,noise_colors,level2,marbles_noise_colors_level2.mp4,restir,level2,marbles_restir_level2.mp4,5.3167,240.0
Jorge,688,626,720,INTER-DISTORTION,subway,stutter,level2,subway_stutter_level2.mp4,motion_resolution,level2,subway_motion_resolution_level2.mp4,LEFT,stutter,level2,subway_stutter_level2.mp4,motion_resolution,level2,subway_motion_resolution_level2.mp4,2.2417,239.99
Jorge,689,195,720,INTER-DISTORTION,bistro_interior,dlss_rr,level1,bistro_interior_dlss_rr_level1.mp4,stutter,level1,bistro_interior_stutter_level1.mp4,RIGHT,stutter,level1,bistro_interior_stutter_level1.mp4,dlss_rr,level1,bistro_interior_dlss_rr_level1.mp4,1.6167,240.03
Jorge,690,608,720,INTER-DISTORTION,subway,judder,level2,subway_judder_level2.mp4,stutter,level2,subway_stutter_level2.mp4,LEFT,judder,level2,subway_judder_level2.mp4,stutter,level2,subway_stutter_level2.mp4,1.9542,239.99
Jorge,691,333,720,INTRA-DISTORTION,landscape,noise_colors,level0,landscape_noise_colors_level0.mp4,noise_colors,level1,landscape_noise_colors_level1.mp4,LEFT,noise_colors,level0,landscape_noise_colors_level0.mp4,noise_colors,level1,landscape_noise_colors_level1.mp4,3.0917,239.99
Jorge,692,674,720,INTER-DISTORTION,zeroday,restir,level2,zeroday_restir_level2.mp4,dlss_rr,level2,zeroday_dlss_rr_level2.mp4,RIGHT,dlss_rr,level2,zeroday_dlss_rr_level2.mp4,restir,level2,zeroday_restir_level2.mp4,1.0792,239.95
Jorge,693,390,720,INTER-DISTORTION,landscape,restir,level2,landscape_restir_level2.mp4,noise_colors,level2,landscape_noise_colors_level2.mp4,RIGHT,noise_colors,level2,landscape_noise_colors_level2.mp4,restir,level2,landscape_restir_level2.mp4,4.6667,239.99
Jorge,694,686,720,INTER-DISTORTION,zeroday,judder,level2,zeroday_judder_level2.mp4,restir,level2,zeroday_restir_level2.mp4,LEFT,judder,level2,zeroday_judder_level2.mp4,restir,level2,zeroday_restir_level2.mp4,1.6958,239.98
Jorge,695,81,720,INTRA-DISTORTION,bistro_exterior,dlss_rr,level1,bistro_exterior_dlss_rr_level1.mp4,dlss_rr,level0,bistro_exterior_dlss_rr_level0.mp4,RIGHT,dlss_rr,level0,bistro_exterior_dlss_rr_level0.mp4,dlss_rr,level1,bistro_exterior_dlss_rr_level1.mp4,5.2333,240.0
Jorge,696,714,720,INTER-DISTORTION,zeroday,noise_colors,level2,zeroday_noise_colors_level2.mp4,temporal-resolution-multiplexing,level2,zeroday_temporal-resolution-multiplexing_level2.mp4,LEFT,noise_colors,level2,zeroday_noise_colors_level2.mp4,temporal-resolution-multiplexing,level2,zeroday_temporal-resolution-multiplexing_level2.mp4,2.325,239.98
Jorge,697,677,720,INTER-DISTORTION,zeroday,dlss_rr,level1,zeroday_dlss_rr_level1.mp4,temporal-resolution-multiplexing,level1,zeroday_temporal-resolution-multiplexing_level1.mp4,LEFT,dlss_rr,level1,zeroday_dlss_rr_level1.mp4,temporal-resolution-multiplexing,level1,zeroday_temporal-resolution-multiplexing_level1.mp4,6.7417,240.0
Jorge,698,498,720,INTRA-DISTORTION,pink_room,restir,level2,pink_room_restir_level2.mp4,restir,level0,pink_room_restir_level0.mp4,RIGHT,restir,level0,pink_room_restir_level0.mp4,restir,level2,pink_room_restir_level2.mp4,3.6583,239.99
Jorge,699,287,720,INTER-DISTORTION,classroom,judder,level1,classroom_judder_level1.mp4,stutter,level1,classroom_stutter_level1.mp4,LEFT,judder,level1,classroom_judder_level1.mp4,stutter,level1,classroom_stutter_level1.mp4,2.6667,240.0
Jorge,700,593,720,INTER-DISTORTION,subway,restir,level1,subway_restir_level1.mp4,dlss_rr,level1,subway_dlss_rr_level1.mp4,RIGHT,dlss_rr,level1,subway_dlss_rr_level1.mp4,restir,level1,subway_restir_level1.mp4,1.4542,239.99
Jorge,701,422,720,INTRA-DISTORTION,marbles,temporal-resolution-multiplexing,level0,marbles_temporal-resolution-multiplexing_level0.mp4,temporal-resolution-multiplexing,level1,marbles_temporal-resolution-multiplexing_level1.mp4,LEFT,temporal-resolution-multiplexing,level0,marbles_temporal-resolution-multiplexing_level0.mp4,temporal-resolution-multiplexing,level1,marbles_temporal-resolution-multiplexing_level1.mp4,2.1833,240.0
Jorge,702,91,720,INTRA-DISTORTION,bistro_exterior,motion_resolution,level1,bistro_exterior_motion_resolution_level1.mp4,motion_resolution,level2,bistro_exterior_motion_resolution_level2.mp4,LEFT,motion_resolution,level1,bistro_exterior_motion_resolution_level1.mp4,motion_resolution,level2,bistro_exterior_motion_resolution_level2.mp4,2.6792,239.98
Jorge,703,317,720,INTER-DISTORTION,classroom,temporal-resolution-multiplexing,level1,classroom_temporal-resolution-multiplexing_level1.mp4,restir,level1,classroom_restir_level1.mp4,LEFT,temporal-resolution-multiplexing,level1,classroom_temporal-resolution-multiplexing_level1.mp4,restir,level1,classroom_restir_level1.mp4,2.6833,240.0
Jorge,704,529,720,INTER-DISTORTION,pink_room,temporal-resolution-multiplexing,level1,pink_room_temporal-resolution-multiplexing_level1.mp4,judder,level1,pink_room_judder_level1.mp4,RIGHT,judder,level1,pink_room_judder_level1.mp4,temporal-resolution-multiplexing,level1,pink_room_temporal-resolution-multiplexing_level1.mp4,4.6792,240.0
Jorge,705,720,720,INTER-DISTORTION,zeroday,temporal-resolution-multiplexing,level2,zeroday_temporal-resolution-multiplexing_level2.mp4,stutter,level2,zeroday_stutter_level2.mp4,RIGHT,stutter,level2,zeroday_stutter_level2.mp4,temporal-resolution-multiplexing,level2,zeroday_temporal-resolution-multiplexing_level2.mp4,1.9218,239.82
Jorge,706,400,720,INTER-DISTORTION,landscape,temporal-resolution-multiplexing,level2,landscape_temporal-resolution-multiplexing_level2.mp4,stutter,level2,landscape_stutter_level2.mp4,RIGHT,stutter,level2,landscape_stutter_level2.mp4,temporal-resolution-multiplexing,level2,landscape_temporal-resolution-multiplexing_level2.mp4,1.5792,239.99
Jorge,707,92,720,INTRA-DISTORTION,bistro_exterior,motion_resolution,level0,bistro_exterior_motion_resolution_level0.mp4,motion_resolution,level2,bistro_exterior_motion_resolution_level2.mp4,LEFT,motion_resolution,level0,bistro_exterior_motion_resolution_level0.mp4,motion_resolution,level2,bistro_exterior_motion_resolution_level2.mp4,1.7125,240.04
Jorge,708,639,720,INTER-DISTORTION,subway,temporal-resolution-multiplexing,level1,subway_temporal-resolution-multiplexing_level1.mp4,stutter,level1,subway_stutter_level1.mp4,RIGHT,stutter,level1,subway_stutter_level1.mp4,temporal-resolution-multiplexing,level1,subway_temporal-resolution-multiplexing_level1.mp4,3.3208,240.01
Jorge,709,667,720,INTER-DISTORTION,zeroday,dlss_rr,level1,zeroday_dlss_rr_level1.mp4,motion_noise,level1,zeroday_motion_noise_level1.mp4,RIGHT,motion_noise,level1,zeroday_motion_noise_level1.mp4,dlss_rr,level1,zeroday_dlss_rr_level1.mp4,2.1292,240.0
Jorge,710,580,720,INTRA-DISTORTION,subway,stutter,level1,subway_stutter_level1.mp4,stutter,level2,subway_stutter_level2.mp4,LEFT,stutter,level1,subway_stutter_level1.mp4,stutter,level2,subway_stutter_level2.mp4,2.1875,240.23
Jorge,711,244,720,INTRA-DISTORTION,classroom,judder,level0,classroom_judder_level0.mp4,judder,level1,classroom_judder_level1.mp4,RIGHT,judder,level1,classroom_judder_level1.mp4,judder,level0,classroom_judder_level0.mp4,2.675,239.99
Jorge,712,314,720,INTER-DISTORTION,classroom,temporal-resolution-multiplexing,level2,classroom_temporal-resolution-multiplexing_level2.mp4,noise_colors,level2,classroom_noise_colors_level2.mp4,RIGHT,noise_colors,level2,classroom_noise_colors_level2.mp4,temporal-resolution-multiplexing,level2,classroom_temporal-resolution-multiplexing_level2.mp4,2.275,239.98
Jorge,713,227,720,INTER-DISTORTION,bistro_interior,motion_resolution,level1,bistro_interior_motion_resolution_level1.mp4,temporal-resolution-multiplexing,level1,bistro_interior_temporal-resolution-multiplexing_level1.mp4,RIGHT,temporal-resolution-multiplexing,level1,bistro_interior_temporal-resolution-multiplexing_level1.mp4,motion_resolution,level1,bistro_interior_motion_resolution_level1.mp4,1.4292,240.03
Jorge,714,448,720,INTER-DISTORTION,marbles,stutter,level2,marbles_stutter_level2.mp4,judder,level2,marbles_judder_level2.mp4,RIGHT,judder,level2,marbles_judder_level2.mp4,stutter,level2,marbles_stutter_level2.mp4,3.65,239.99
Jorge,715,620,720,INTER-DISTORTION,subway,motion_noise,level2,subway_motion_noise_level2.mp4,temporal-resolution-multiplexing,level2,subway_temporal-resolution-multiplexing_level2.mp4,LEFT,motion_noise,level2,subway_motion_noise_level2.mp4,temporal-resolution-multiplexing,level2,subway_temporal-resolution-multiplexing_level2.mp4,2.1792,239.98
Jorge,716,295,720,INTER-DISTORTION,classroom,restir,level1,classroom_restir_level1.mp4,motion_noise,level1,classroom_motion_noise_level1.mp4,RIGHT,motion_noise,level1,classroom_motion_noise_level1.mp4,restir,level1,classroom_restir_level1.mp4,1.8083,240.02
Jorge,717,694,720,INTER-DISTORTION,zeroday,motion_noise,level2,zeroday_motion_noise_level2.mp4,noise_colors,level2,zeroday_noise_colors_level2.mp4,RIGHT,noise_colors,level2,zeroday_noise_colors_level2.mp4,motion_noise,level2,zeroday_motion_noise_level2.mp4,2.9625,240.0
Jorge,718,72,720,INTER-DISTORTION,attic,stutter,level2,attic_stutter_level2.mp4,noise_colors,level2,attic_noise_colors_level2.mp4,RIGHT,noise_colors,level2,attic_noise_colors_level2.mp4,stutter,level2,attic_stutter_level2.mp4,2.0,239.98
Jorge,719,432,720,INTER-DISTORTION,marbles,dlss_rr,level2,marbles_dlss_rr_level2.mp4,noise_colors,level2,marbles_noise_colors_level2.mp4,RIGHT,noise_colors,level2,marbles_noise_colors_level2.mp4,dlss_rr,level2,marbles_dlss_rr_level2.mp4,2.8333,239.99
Jorge,720,478,720,INTER-DISTORTION,marbles,temporal-resolution-multiplexing,level2,marbles_temporal-resolution-multiplexing_level2.mp4,restir,level2,marbles_restir_level2.mp4,RIGHT,restir,level2,marbles_restir_level2.mp4,temporal-resolution-multiplexing,level2,marbles_temporal-resolution-multiplexing_level2.mp4,2.9042,240.0
